<?xml version="1.0" encoding="UTF-8"?>
<GenRun Id="accelerator_bd_axi_timer_0_1_synth_1" LaunchPart="xc7z020clg484-1" LaunchTime="1508216876">
  <File Type="VDS-TIMING-PB" Name="accelerator_bd_axi_timer_0_1_timing_summary_synth.pb"/>
  <File Type="VDS-TIMINGSUMMARY" Name="accelerator_bd_axi_timer_0_1_timing_summary_synth.rpt"/>
  <File Type="PA-TCL" Name="accelerator_bd_axi_timer_0_1.tcl"/>
  <File Type="RDS-PROPCONSTRS" Name="accelerator_bd_axi_timer_0_1_drc_synth.rpt"/>
  <File Type="RDS-RDS" Name="accelerator_bd_axi_timer_0_1.vds"/>
  <File Type="RDS-UTIL" Name="accelerator_bd_axi_timer_0_1_utilization_synth.rpt"/>
  <File Type="RDS-UTIL-PB" Name="accelerator_bd_axi_timer_0_1_utilization_synth.pb"/>
  <File Type="RDS-DCP" Name="accelerator_bd_axi_timer_0_1.dcp"/>
  <FileSet Name="sources" Type="BlockSrcs" RelSrcDir="$PSRCDIR/accelerator_bd_axi_timer_0_1">
    <File Path="$PSRCDIR/sources_1/bd/accelerator_bd/ip/accelerator_bd_axi_timer_0_1/accelerator_bd_axi_timer_0_1.xci">
      <FileInfo>
        <Attr Name="UsedIn" Val="synthesis"/>
        <Attr Name="UsedIn" Val="implementation"/>
        <Attr Name="UsedIn" Val="simulation"/>
      </FileInfo>
    </File>
    <Config>
      <Option Name="TopModule" Val="accelerator_bd_axi_timer_0_1"/>
      <Option Name="UseBlackboxStub" Val="1"/>
    </Config>
  </FileSet>
  <FileSet Name="constrs_in" Type="BlockSrcs" RelSrcDir="$PSRCDIR/accelerator_bd_axi_timer_0_1">
    <File Path="$PSRCDIR/sources_1/bd/accelerator_bd/ip/accelerator_bd_axi_timer_0_1/accelerator_bd_axi_timer_0_1.xci">
      <FileInfo>
        <Attr Name="UsedIn" Val="synthesis"/>
        <Attr Name="UsedIn" Val="implementation"/>
        <Attr Name="UsedIn" Val="simulation"/>
      </FileInfo>
    </File>
    <Config>
      <Option Name="TopModule" Val="accelerator_bd_axi_timer_0_1"/>
      <Option Name="UseBlackboxStub" Val="1"/>
    </Config>
  </FileSet>
  <Strategy Version="1" Minor="2">
    <StratHandle Name="Vivado Synthesis Defaults" Flow="Vivado Synthesis 2017"/>
    <Step Id="synth_design"/>
  </Strategy>
</GenRun>
