<profile>

<section name = "Vivado HLS Report for 'avgpool'" level="0">
<item name = "Date">Mon Dec 10 14:57:25 2018
</item>
<item name = "Version">2017.2 (Build 1909853 on Thu Jun 15 18:55:24 MDT 2017)</item>
<item name = "Project">accelerator_hls</item>
<item name = "Solution">naive</item>
<item name = "Product family">zynq</item>
<item name = "Target device">xc7z020clg484-1</item>
</section>

<section name = "Performance Estimates" level="0">
<item name = "Timing (ns)">
<section name = "" level="1">
<item name = "Summary"><table name="" hasTotal="0">
<keys size="4">Clock, Target, Estimated, Uncertainty</keys>
<column name="ap_clk">10.00, 7.26, 1.25</column>
</table>
</item>
</section>
</item>
<item name = "Latency (clock cycles)">
<section name = "" level="1">
<item name = "Summary"><table name="" hasTotal="0">
<keys size="6">, min, max, min, max, Type</keys>
<column name="">64513, 64513, 64513, 64513, none</column>
</table>
</item>
<item name = "Detail">
<section name = "" level="1">
<item name = "Instance"><table name="" hasTotal="0">
<keys size="7">Instance, Module, min, max, min, max, Type</keys>
</table>
</item>
<item name = "Loop"><table name="" hasTotal="0">
<keys size="8">Loop Name, min, max, Latency, achieved, target, Count, Pipelined</keys>
<column name="- Loop 1">64512, 64512, 126, -, -, 512, no</column>
<column name=" + Loop 1.1">120, 120, 30, -, -, 4, no</column>
<column name="  ++ Loop 1.1.1">28, 28, 7, -, -, 4, no</column>
</table>
</item>
</section>
</item>
</section>
</item>
</section>

<section name = "Utilization Estimates" level="0">
<item name = "Summary"><table name="" hasTotal="1">
<keys size="5">Name, BRAM_18K, DSP48E, FF, LUT</keys>
<column name="DSP">-, -, -, -</column>
<column name="Expression">-, -, 157, 81</column>
<column name="FIFO">-, -, -, -</column>
<column name="Instance">-, 5, 348, 711</column>
<column name="Memory">-, -, -, -</column>
<column name="Multiplexer">-, -, -, 110</column>
<column name="Register">-, -, 207, -</column>
<specialColumn name="Available">280, 220, 106400, 53200</specialColumn>
<specialColumn name="Utilization (%)">0, 2, ~0, 1</specialColumn>
</table>
</item>
<item name = "Detail">
<section name = "" level="1">
<item name = "Instance"><table name="" hasTotal="1">
<keys size="6">Instance, Module, BRAM_18K, DSP48E, FF, LUT</keys>
<column name="ShuffleNetV2_faddbkb_x_U167">ShuffleNetV2_faddbkb, 0, 2, 205, 390</column>
<column name="ShuffleNetV2_fmulcud_x_U168">ShuffleNetV2_fmulcud, 0, 3, 143, 321</column>
</table>
</item>
<item name = "DSP48"><table name="" hasTotal="0">
<keys size="3">Instance, Module, Expression</keys>
</table>
</item>
<item name = "Memory"><table name="" hasTotal="1">
<keys size="9">Memory, Module, BRAM_18K, FF, LUT, Words, Bits, Banks, W*Bits*Banks</keys>
</table>
</item>
<item name = "FIFO"><table name="" hasTotal="1">
<keys size="7">Name, BRAM_18K, FF, LUT, Depth, Bits, Size:D*B</keys>
</table>
</item>
<item name = "Expression"><table name="" hasTotal="1">
<keys size="7">Variable Name, Operation, DSP48E, FF, LUT, Bitwidth P0, Bitwidth P1</keys>
<column name="co_18_fu_132_p2">+, 0, 35, 15, 10, 1</column>
<column name="h_18_fu_160_p2">+, 0, 14, 9, 3, 1</column>
<column name="tmp_178_fu_170_p2">+, 0, 44, 18, 13, 13</column>
<column name="tmp_179_fu_199_p2">+, 0, 50, 20, 15, 15</column>
<column name="w_18_fu_189_p2">+, 0, 14, 9, 3, 1</column>
<column name="exitcond1_fu_154_p2">icmp, 0, 0, 2, 3, 4</column>
<column name="exitcond2_fu_126_p2">icmp, 0, 0, 6, 10, 11</column>
<column name="exitcond_fu_183_p2">icmp, 0, 0, 2, 3, 4</column>
</table>
</item>
<item name = "Multiplexer"><table name="" hasTotal="1">
<keys size="5">Name, LUT, Input Size, Bits, Total Bits</keys>
<column name="ap_NS_fsm">65, 15, 1, 15</column>
<column name="co_reg_58">9, 2, 10, 20</column>
<column name="h_reg_81">9, 2, 3, 6</column>
<column name="sum_1_reg_92">9, 2, 32, 64</column>
<column name="sum_reg_69">9, 2, 32, 64</column>
<column name="w_reg_104">9, 2, 3, 6</column>
</table>
</item>
<item name = "Register"><table name="" hasTotal="1">
<keys size="5">Name, FF, LUT, Bits, Const Bits</keys>
<column name="ap_CS_fsm">14, 0, 14, 0</column>
<column name="co_18_reg_212">10, 0, 10, 0</column>
<column name="co_reg_58">10, 0, 10, 0</column>
<column name="conv_last_output_loa_reg_253">32, 0, 32, 0</column>
<column name="h_18_reg_230">3, 0, 3, 0</column>
<column name="h_reg_81">3, 0, 3, 0</column>
<column name="sum_1_reg_92">32, 0, 32, 0</column>
<column name="sum_reg_69">32, 0, 32, 0</column>
<column name="tmp_292_cast_reg_222">10, 0, 13, 3</column>
<column name="tmp_295_cast_reg_235">13, 0, 15, 2</column>
<column name="tmp_reg_217">10, 0, 64, 54</column>
<column name="tmp_s_reg_263">32, 0, 32, 0</column>
<column name="w_18_reg_243">3, 0, 3, 0</column>
<column name="w_reg_104">3, 0, 3, 0</column>
</table>
</item>
</section>
</item>
</section>

<section name = "Interface" level="0">
<item name = "Summary"><table name="" hasTotal="0">
<keys size="6">RTL Ports, Dir, Bits, Protocol, Source Object, C Type</keys>
<column name="ap_clk">in, 1, ap_ctrl_hs, avgpool, return value</column>
<column name="ap_rst">in, 1, ap_ctrl_hs, avgpool, return value</column>
<column name="ap_start">in, 1, ap_ctrl_hs, avgpool, return value</column>
<column name="ap_done">out, 1, ap_ctrl_hs, avgpool, return value</column>
<column name="ap_idle">out, 1, ap_ctrl_hs, avgpool, return value</column>
<column name="ap_ready">out, 1, ap_ctrl_hs, avgpool, return value</column>
<column name="output_r_address0">out, 9, ap_memory, output_r, array</column>
<column name="output_r_ce0">out, 1, ap_memory, output_r, array</column>
<column name="output_r_we0">out, 1, ap_memory, output_r, array</column>
<column name="output_r_d0">out, 32, ap_memory, output_r, array</column>
<column name="conv_last_output_address0">out, 13, ap_memory, conv_last_output, array</column>
<column name="conv_last_output_ce0">out, 1, ap_memory, conv_last_output, array</column>
<column name="conv_last_output_q0">in, 32, ap_memory, conv_last_output, array</column>
</table>
</item>
</section>
</profile>
