<stg><name>avgpool</name>


<trans_list>

<trans id="62" from="1" to="2">
<condition id="27">
<or_exp><and_exp></and_exp></or_exp>
</condition>
</trans>

<trans id="63" from="2" to="3">
<condition id="29">
<or_exp><and_exp><literal name="exitcond2" val="0"/>
</and_exp></or_exp>
</condition>
</trans>

<trans id="64" from="3" to="11">
<condition id="30">
<or_exp><and_exp><literal name="exitcond1" val="1"/>
</and_exp></or_exp>
</condition>
</trans>

<trans id="65" from="3" to="4">
<condition id="32">
<or_exp><and_exp><literal name="exitcond1" val="0"/>
</and_exp></or_exp>
</condition>
</trans>

<trans id="66" from="4" to="5">
<condition id="33">
<or_exp><and_exp><literal name="exitcond" val="0"/>
</and_exp></or_exp>
</condition>
</trans>

<trans id="74" from="4" to="3">
<condition id="43">
<or_exp><and_exp><literal name="exitcond" val="1"/>
</and_exp></or_exp>
</condition>
</trans>

<trans id="68" from="5" to="6">
<condition id="35">
<or_exp><and_exp></and_exp></or_exp>
</condition>
</trans>

<trans id="69" from="6" to="7">
<condition id="36">
<or_exp><and_exp></and_exp></or_exp>
</condition>
</trans>

<trans id="70" from="7" to="8">
<condition id="37">
<or_exp><and_exp></and_exp></or_exp>
</condition>
</trans>

<trans id="71" from="8" to="9">
<condition id="38">
<or_exp><and_exp></and_exp></or_exp>
</condition>
</trans>

<trans id="72" from="9" to="10">
<condition id="39">
<or_exp><and_exp></and_exp></or_exp>
</condition>
</trans>

<trans id="73" from="10" to="4">
<condition id="41">
<or_exp><and_exp></and_exp></or_exp>
</condition>
</trans>

<trans id="76" from="11" to="12">
<condition id="45">
<or_exp><and_exp></and_exp></or_exp>
</condition>
</trans>

<trans id="77" from="12" to="13">
<condition id="46">
<or_exp><and_exp></and_exp></or_exp>
</condition>
</trans>

<trans id="78" from="13" to="14">
<condition id="47">
<or_exp><and_exp></and_exp></or_exp>
</condition>
</trans>

<trans id="79" from="14" to="2">
<condition id="49">
<or_exp><and_exp></and_exp></or_exp>
</condition>
</trans>
</trans_list>



<state_list>

<state id="1" st_id="1">

<operation id="15" st_id="1" stage="1" lat="1">
<core>NULL</core>
<MemPortIdVec></MemPortIdVec>
<condition id="0">
<or_exp><and_exp></and_exp></or_exp>
</condition>

<Node id="3" bw="0" op_0_bw="0">
<![CDATA[
:0  br label %1

]]></Node>
<StgValue><ssdm name=""/></StgValue>
</operation>
</state>

<state id="2" st_id="2">

<operation id="16" st_id="2" stage="1" lat="1">
<core>NULL</core>
<MemPortIdVec></MemPortIdVec>
<condition id="1">
<or_exp><and_exp></and_exp></or_exp>
</condition>

<Node id="5" bw="10" op_0_bw="10" op_1_bw="0">
<![CDATA[
:0  %co = phi i10 [ 0, %0 ], [ %co_18, %3 ]

]]></Node>
<StgValue><ssdm name="co"/></StgValue>
</operation>

<operation id="17" st_id="2" stage="1" lat="1">
<core>Cmp</core>
<MemPortIdVec></MemPortIdVec>
<condition id="1">
<or_exp><and_exp></and_exp></or_exp>
</condition>

<Node id="6" bw="1" op_0_bw="10" op_1_bw="10">
<![CDATA[
:1  %exitcond2 = icmp eq i10 %co, -512

]]></Node>
<StgValue><ssdm name="exitcond2"/></StgValue>
</operation>

<operation id="18" st_id="2" stage="1" lat="1">
<core>NULL</core>
<MemPortIdVec></MemPortIdVec>
<condition id="1">
<or_exp><and_exp></and_exp></or_exp>
</condition>

<Node id="7" bw="32" op_0_bw="32" op_1_bw="64" op_2_bw="64" op_3_bw="64">
<![CDATA[
:2  %empty = call i32 (...)* @_ssdm_op_SpecLoopTripCount(i64 512, i64 512, i64 512)

]]></Node>
<StgValue><ssdm name="empty"/></StgValue>
</operation>

<operation id="19" st_id="2" stage="1" lat="1">
<core>AddSub</core>
<MemPortIdVec></MemPortIdVec>
<condition id="1">
<or_exp><and_exp></and_exp></or_exp>
</condition>

<Node id="8" bw="10" op_0_bw="10" op_1_bw="10">
<![CDATA[
:3  %co_18 = add i10 %co, 1

]]></Node>
<StgValue><ssdm name="co_18"/></StgValue>
</operation>

<operation id="20" st_id="2" stage="1" lat="1">
<core>NULL</core>
<MemPortIdVec></MemPortIdVec>
<condition id="1">
<or_exp><and_exp></and_exp></or_exp>
</condition>

<Node id="9" bw="0" op_0_bw="1" op_1_bw="0" op_2_bw="0">
<![CDATA[
:4  br i1 %exitcond2, label %4, label %.preheader3.preheader

]]></Node>
<StgValue><ssdm name=""/></StgValue>
</operation>

<operation id="21" st_id="2" stage="1" lat="1">
<core>NULL</core>
<MemPortIdVec></MemPortIdVec>
<condition id="3">
<or_exp><and_exp><literal name="exitcond2" val="0"/>
</and_exp></or_exp>
</condition>

<Node id="11" bw="64" op_0_bw="10">
<![CDATA[
.preheader3.preheader:0  %tmp = zext i10 %co to i64

]]></Node>
<StgValue><ssdm name="tmp"/></StgValue>
</operation>

<operation id="22" st_id="2" stage="1" lat="1">
<core>NULL</core>
<MemPortIdVec></MemPortIdVec>
<condition id="3">
<or_exp><and_exp><literal name="exitcond2" val="0"/>
</and_exp></or_exp>
</condition>

<Node id="12" bw="12" op_0_bw="12" op_1_bw="10" op_2_bw="2">
<![CDATA[
.preheader3.preheader:1  %tmp_177 = call i12 @_ssdm_op_BitConcatenate.i12.i10.i2(i10 %co, i2 0)

]]></Node>
<StgValue><ssdm name="tmp_177"/></StgValue>
</operation>

<operation id="23" st_id="2" stage="1" lat="1">
<core>NULL</core>
<MemPortIdVec></MemPortIdVec>
<condition id="3">
<or_exp><and_exp><literal name="exitcond2" val="0"/>
</and_exp></or_exp>
</condition>

<Node id="13" bw="13" op_0_bw="12">
<![CDATA[
.preheader3.preheader:2  %tmp_292_cast = zext i12 %tmp_177 to i13

]]></Node>
<StgValue><ssdm name="tmp_292_cast"/></StgValue>
</operation>

<operation id="24" st_id="2" stage="1" lat="1">
<core>NULL</core>
<MemPortIdVec></MemPortIdVec>
<condition id="3">
<or_exp><and_exp><literal name="exitcond2" val="0"/>
</and_exp></or_exp>
</condition>

<Node id="14" bw="0" op_0_bw="0">
<![CDATA[
.preheader3.preheader:3  br label %.preheader3

]]></Node>
<StgValue><ssdm name=""/></StgValue>
</operation>

<operation id="25" st_id="2" stage="1" lat="1">
<core>NULL</core>
<MemPortIdVec></MemPortIdVec>
<condition id="5">
<or_exp><and_exp><literal name="exitcond2" val="1"/>
</and_exp></or_exp>
</condition>

<Node id="50" bw="0">
<![CDATA[
:0  ret void

]]></Node>
<StgValue><ssdm name=""/></StgValue>
</operation>
</state>

<state id="3" st_id="3">

<operation id="26" st_id="3" stage="1" lat="1">
<core>NULL</core>
<MemPortIdVec></MemPortIdVec>
<condition id="6">
<or_exp><and_exp></and_exp></or_exp>
</condition>

<Node id="16" bw="32" op_0_bw="32" op_1_bw="0">
<![CDATA[
.preheader3:0  %sum = phi float [ 0.000000e+00, %.preheader3.preheader ], [ %sum_1, %.preheader3.loopexit ]

]]></Node>
<StgValue><ssdm name="sum"/></StgValue>
</operation>

<operation id="27" st_id="3" stage="1" lat="1">
<core>NULL</core>
<MemPortIdVec></MemPortIdVec>
<condition id="6">
<or_exp><and_exp></and_exp></or_exp>
</condition>

<Node id="17" bw="3" op_0_bw="3" op_1_bw="0">
<![CDATA[
.preheader3:1  %h = phi i3 [ 0, %.preheader3.preheader ], [ %h_18, %.preheader3.loopexit ]

]]></Node>
<StgValue><ssdm name="h"/></StgValue>
</operation>

<operation id="28" st_id="3" stage="1" lat="1">
<core>Cmp</core>
<MemPortIdVec></MemPortIdVec>
<condition id="6">
<or_exp><and_exp></and_exp></or_exp>
</condition>

<Node id="18" bw="1" op_0_bw="3" op_1_bw="3">
<![CDATA[
.preheader3:2  %exitcond1 = icmp eq i3 %h, -4

]]></Node>
<StgValue><ssdm name="exitcond1"/></StgValue>
</operation>

<operation id="29" st_id="3" stage="1" lat="1">
<core>NULL</core>
<MemPortIdVec></MemPortIdVec>
<condition id="6">
<or_exp><and_exp></and_exp></or_exp>
</condition>

<Node id="19" bw="32" op_0_bw="32" op_1_bw="64" op_2_bw="64" op_3_bw="64">
<![CDATA[
.preheader3:3  %empty_78 = call i32 (...)* @_ssdm_op_SpecLoopTripCount(i64 4, i64 4, i64 4)

]]></Node>
<StgValue><ssdm name="empty_78"/></StgValue>
</operation>

<operation id="30" st_id="3" stage="1" lat="1">
<core>AddSub</core>
<MemPortIdVec></MemPortIdVec>
<condition id="6">
<or_exp><and_exp></and_exp></or_exp>
</condition>

<Node id="20" bw="3" op_0_bw="3" op_1_bw="3">
<![CDATA[
.preheader3:4  %h_18 = add i3 %h, 1

]]></Node>
<StgValue><ssdm name="h_18"/></StgValue>
</operation>

<operation id="31" st_id="3" stage="1" lat="1">
<core>NULL</core>
<MemPortIdVec></MemPortIdVec>
<condition id="6">
<or_exp><and_exp></and_exp></or_exp>
</condition>

<Node id="21" bw="0" op_0_bw="1" op_1_bw="0" op_2_bw="0">
<![CDATA[
.preheader3:5  br i1 %exitcond1, label %3, label %.preheader.preheader

]]></Node>
<StgValue><ssdm name=""/></StgValue>
</operation>

<operation id="32" st_id="3" stage="1" lat="1">
<core>NULL</core>
<MemPortIdVec></MemPortIdVec>
<condition id="8">
<or_exp><and_exp><literal name="exitcond1" val="0"/>
</and_exp></or_exp>
</condition>

<Node id="23" bw="13" op_0_bw="3">
<![CDATA[
.preheader.preheader:0  %tmp_117_cast = zext i3 %h to i13

]]></Node>
<StgValue><ssdm name="tmp_117_cast"/></StgValue>
</operation>

<operation id="33" st_id="3" stage="1" lat="1">
<core>AddSub</core>
<MemPortIdVec></MemPortIdVec>
<condition id="8">
<or_exp><and_exp><literal name="exitcond1" val="0"/>
</and_exp></or_exp>
</condition>

<Node id="24" bw="13" op_0_bw="13" op_1_bw="13">
<![CDATA[
.preheader.preheader:1  %tmp_178 = add i13 %tmp_117_cast, %tmp_292_cast

]]></Node>
<StgValue><ssdm name="tmp_178"/></StgValue>
</operation>

<operation id="34" st_id="3" stage="1" lat="1">
<core>NULL</core>
<MemPortIdVec></MemPortIdVec>
<condition id="8">
<or_exp><and_exp><literal name="exitcond1" val="0"/>
</and_exp></or_exp>
</condition>

<Node id="25" bw="15" op_0_bw="15" op_1_bw="13" op_2_bw="2">
<![CDATA[
.preheader.preheader:2  %tmp_295_cast = call i15 @_ssdm_op_BitConcatenate.i15.i13.i2(i13 %tmp_178, i2 0)

]]></Node>
<StgValue><ssdm name="tmp_295_cast"/></StgValue>
</operation>

<operation id="35" st_id="3" stage="1" lat="1">
<core>NULL</core>
<MemPortIdVec></MemPortIdVec>
<condition id="8">
<or_exp><and_exp><literal name="exitcond1" val="0"/>
</and_exp></or_exp>
</condition>

<Node id="26" bw="0" op_0_bw="0">
<![CDATA[
.preheader.preheader:3  br label %.preheader

]]></Node>
<StgValue><ssdm name=""/></StgValue>
</operation>

<operation id="36" st_id="3" stage="4" lat="4">
<core>FMul</core>
<MemPortIdVec></MemPortIdVec>
<condition id="10">
<or_exp><and_exp><literal name="exitcond1" val="1"/>
</and_exp></or_exp>
</condition>

<Node id="45" bw="32" op_0_bw="32" op_1_bw="32">
<![CDATA[
:0  %tmp_s = fmul float %sum, 6.250000e-02

]]></Node>
<StgValue><ssdm name="tmp_s"/></StgValue>
</operation>
</state>

<state id="4" st_id="4">

<operation id="37" st_id="4" stage="1" lat="1">
<core>NULL</core>
<MemPortIdVec></MemPortIdVec>
<condition id="11">
<or_exp><and_exp></and_exp></or_exp>
</condition>

<Node id="28" bw="32" op_0_bw="32" op_1_bw="0">
<![CDATA[
.preheader:0  %sum_1 = phi float [ %sum_16, %2 ], [ %sum, %.preheader.preheader ]

]]></Node>
<StgValue><ssdm name="sum_1"/></StgValue>
</operation>

<operation id="38" st_id="4" stage="1" lat="1">
<core>NULL</core>
<MemPortIdVec></MemPortIdVec>
<condition id="11">
<or_exp><and_exp></and_exp></or_exp>
</condition>

<Node id="29" bw="3" op_0_bw="3" op_1_bw="0">
<![CDATA[
.preheader:1  %w = phi i3 [ %w_18, %2 ], [ 0, %.preheader.preheader ]

]]></Node>
<StgValue><ssdm name="w"/></StgValue>
</operation>

<operation id="39" st_id="4" stage="1" lat="1">
<core>Cmp</core>
<MemPortIdVec></MemPortIdVec>
<condition id="11">
<or_exp><and_exp></and_exp></or_exp>
</condition>

<Node id="30" bw="1" op_0_bw="3" op_1_bw="3">
<![CDATA[
.preheader:2  %exitcond = icmp eq i3 %w, -4

]]></Node>
<StgValue><ssdm name="exitcond"/></StgValue>
</operation>

<operation id="40" st_id="4" stage="1" lat="1">
<core>NULL</core>
<MemPortIdVec></MemPortIdVec>
<condition id="11">
<or_exp><and_exp></and_exp></or_exp>
</condition>

<Node id="31" bw="32" op_0_bw="32" op_1_bw="64" op_2_bw="64" op_3_bw="64">
<![CDATA[
.preheader:3  %empty_79 = call i32 (...)* @_ssdm_op_SpecLoopTripCount(i64 4, i64 4, i64 4)

]]></Node>
<StgValue><ssdm name="empty_79"/></StgValue>
</operation>

<operation id="41" st_id="4" stage="1" lat="1">
<core>AddSub</core>
<MemPortIdVec></MemPortIdVec>
<condition id="11">
<or_exp><and_exp></and_exp></or_exp>
</condition>

<Node id="32" bw="3" op_0_bw="3" op_1_bw="3">
<![CDATA[
.preheader:4  %w_18 = add i3 %w, 1

]]></Node>
<StgValue><ssdm name="w_18"/></StgValue>
</operation>

<operation id="42" st_id="4" stage="1" lat="1">
<core>NULL</core>
<MemPortIdVec></MemPortIdVec>
<condition id="11">
<or_exp><and_exp></and_exp></or_exp>
</condition>

<Node id="33" bw="0" op_0_bw="1" op_1_bw="0" op_2_bw="0">
<![CDATA[
.preheader:5  br i1 %exitcond, label %.preheader3.loopexit, label %2

]]></Node>
<StgValue><ssdm name=""/></StgValue>
</operation>

<operation id="43" st_id="4" stage="1" lat="1">
<core>NULL</core>
<MemPortIdVec></MemPortIdVec>
<condition id="13">
<or_exp><and_exp><literal name="exitcond" val="0"/>
</and_exp></or_exp>
</condition>

<Node id="35" bw="15" op_0_bw="3">
<![CDATA[
:0  %tmp_118_cast = zext i3 %w to i15

]]></Node>
<StgValue><ssdm name="tmp_118_cast"/></StgValue>
</operation>

<operation id="44" st_id="4" stage="1" lat="1">
<core>AddSub</core>
<MemPortIdVec></MemPortIdVec>
<condition id="13">
<or_exp><and_exp><literal name="exitcond" val="0"/>
</and_exp></or_exp>
</condition>

<Node id="36" bw="15" op_0_bw="15" op_1_bw="15">
<![CDATA[
:1  %tmp_179 = add i15 %tmp_295_cast, %tmp_118_cast

]]></Node>
<StgValue><ssdm name="tmp_179"/></StgValue>
</operation>

<operation id="45" st_id="4" stage="1" lat="1">
<core>NULL</core>
<MemPortIdVec></MemPortIdVec>
<condition id="13">
<or_exp><and_exp><literal name="exitcond" val="0"/>
</and_exp></or_exp>
</condition>

<Node id="37" bw="64" op_0_bw="15">
<![CDATA[
:2  %tmp_296_cast = zext i15 %tmp_179 to i64

]]></Node>
<StgValue><ssdm name="tmp_296_cast"/></StgValue>
</operation>

<operation id="46" st_id="4" stage="1" lat="1">
<core>NULL</core>
<MemPortIdVec></MemPortIdVec>
<condition id="13">
<or_exp><and_exp><literal name="exitcond" val="0"/>
</and_exp></or_exp>
</condition>

<Node id="38" bw="13" op_0_bw="32" op_1_bw="64" op_2_bw="64">
<![CDATA[
:3  %conv_last_output_add = getelementptr [8192 x float]* @conv_last_output, i64 0, i64 %tmp_296_cast

]]></Node>
<StgValue><ssdm name="conv_last_output_add"/></StgValue>
</operation>

<operation id="47" st_id="4" stage="2" lat="2">
<core>RAM</core>
<MemPortIdVec>0 </MemPortIdVec>
<condition id="13">
<or_exp><and_exp><literal name="exitcond" val="0"/>
</and_exp></or_exp>
</condition>

<Node id="39" bw="32" op_0_bw="13">
<![CDATA[
:4  %conv_last_output_loa = load float* %conv_last_output_add, align 4

]]></Node>
<StgValue><ssdm name="conv_last_output_loa"/></StgValue>
</operation>

<operation id="48" st_id="4" stage="1" lat="1">
<core>NULL</core>
<MemPortIdVec></MemPortIdVec>
<condition id="15">
<or_exp><and_exp><literal name="exitcond" val="1"/>
</and_exp></or_exp>
</condition>

<Node id="43" bw="0" op_0_bw="0">
<![CDATA[
.preheader3.loopexit:0  br label %.preheader3

]]></Node>
<StgValue><ssdm name=""/></StgValue>
</operation>
</state>

<state id="5" st_id="5">

<operation id="49" st_id="5" stage="1" lat="2">
<core>RAM</core>
<MemPortIdVec>0 </MemPortIdVec>
<condition id="16">
<or_exp><and_exp></and_exp></or_exp>
</condition>

<Node id="39" bw="32" op_0_bw="13">
<![CDATA[
:4  %conv_last_output_loa = load float* %conv_last_output_add, align 4

]]></Node>
<StgValue><ssdm name="conv_last_output_loa"/></StgValue>
</operation>
</state>

<state id="6" st_id="6">

<operation id="50" st_id="6" stage="5" lat="5">
<core>FAddSub</core>
<MemPortIdVec></MemPortIdVec>
<condition id="17">
<or_exp><and_exp></and_exp></or_exp>
</condition>

<Node id="40" bw="32" op_0_bw="32" op_1_bw="32">
<![CDATA[
:5  %sum_16 = fadd float %sum_1, %conv_last_output_loa

]]></Node>
<StgValue><ssdm name="sum_16"/></StgValue>
</operation>
</state>

<state id="7" st_id="7">

<operation id="51" st_id="7" stage="4" lat="5">
<core>FAddSub</core>
<MemPortIdVec></MemPortIdVec>
<condition id="18">
<or_exp><and_exp></and_exp></or_exp>
</condition>

<Node id="40" bw="32" op_0_bw="32" op_1_bw="32">
<![CDATA[
:5  %sum_16 = fadd float %sum_1, %conv_last_output_loa

]]></Node>
<StgValue><ssdm name="sum_16"/></StgValue>
</operation>
</state>

<state id="8" st_id="8">

<operation id="52" st_id="8" stage="3" lat="5">
<core>FAddSub</core>
<MemPortIdVec></MemPortIdVec>
<condition id="19">
<or_exp><and_exp></and_exp></or_exp>
</condition>

<Node id="40" bw="32" op_0_bw="32" op_1_bw="32">
<![CDATA[
:5  %sum_16 = fadd float %sum_1, %conv_last_output_loa

]]></Node>
<StgValue><ssdm name="sum_16"/></StgValue>
</operation>
</state>

<state id="9" st_id="9">

<operation id="53" st_id="9" stage="2" lat="5">
<core>FAddSub</core>
<MemPortIdVec></MemPortIdVec>
<condition id="20">
<or_exp><and_exp></and_exp></or_exp>
</condition>

<Node id="40" bw="32" op_0_bw="32" op_1_bw="32">
<![CDATA[
:5  %sum_16 = fadd float %sum_1, %conv_last_output_loa

]]></Node>
<StgValue><ssdm name="sum_16"/></StgValue>
</operation>
</state>

<state id="10" st_id="10">

<operation id="54" st_id="10" stage="1" lat="5">
<core>FAddSub</core>
<MemPortIdVec></MemPortIdVec>
<condition id="21">
<or_exp><and_exp></and_exp></or_exp>
</condition>

<Node id="40" bw="32" op_0_bw="32" op_1_bw="32">
<![CDATA[
:5  %sum_16 = fadd float %sum_1, %conv_last_output_loa

]]></Node>
<StgValue><ssdm name="sum_16"/></StgValue>
</operation>

<operation id="55" st_id="10" stage="1" lat="1">
<core>NULL</core>
<MemPortIdVec></MemPortIdVec>
<condition id="21">
<or_exp><and_exp></and_exp></or_exp>
</condition>

<Node id="41" bw="0" op_0_bw="0">
<![CDATA[
:6  br label %.preheader

]]></Node>
<StgValue><ssdm name=""/></StgValue>
</operation>
</state>

<state id="11" st_id="11">

<operation id="56" st_id="11" stage="3" lat="4">
<core>FMul</core>
<MemPortIdVec></MemPortIdVec>
<condition id="22">
<or_exp><and_exp></and_exp></or_exp>
</condition>

<Node id="45" bw="32" op_0_bw="32" op_1_bw="32">
<![CDATA[
:0  %tmp_s = fmul float %sum, 6.250000e-02

]]></Node>
<StgValue><ssdm name="tmp_s"/></StgValue>
</operation>
</state>

<state id="12" st_id="12">

<operation id="57" st_id="12" stage="2" lat="4">
<core>FMul</core>
<MemPortIdVec></MemPortIdVec>
<condition id="23">
<or_exp><and_exp></and_exp></or_exp>
</condition>

<Node id="45" bw="32" op_0_bw="32" op_1_bw="32">
<![CDATA[
:0  %tmp_s = fmul float %sum, 6.250000e-02

]]></Node>
<StgValue><ssdm name="tmp_s"/></StgValue>
</operation>
</state>

<state id="13" st_id="13">

<operation id="58" st_id="13" stage="1" lat="4">
<core>FMul</core>
<MemPortIdVec></MemPortIdVec>
<condition id="24">
<or_exp><and_exp></and_exp></or_exp>
</condition>

<Node id="45" bw="32" op_0_bw="32" op_1_bw="32">
<![CDATA[
:0  %tmp_s = fmul float %sum, 6.250000e-02

]]></Node>
<StgValue><ssdm name="tmp_s"/></StgValue>
</operation>
</state>

<state id="14" st_id="14">

<operation id="59" st_id="14" stage="1" lat="1">
<core>NULL</core>
<MemPortIdVec></MemPortIdVec>
<condition id="25">
<or_exp><and_exp></and_exp></or_exp>
</condition>

<Node id="46" bw="9" op_0_bw="32" op_1_bw="64" op_2_bw="64">
<![CDATA[
:1  %output_addr = getelementptr [512 x float]* %output_r, i64 0, i64 %tmp

]]></Node>
<StgValue><ssdm name="output_addr"/></StgValue>
</operation>

<operation id="60" st_id="14" stage="1" lat="1">
<core>RAM</core>
<MemPortIdVec>0 </MemPortIdVec>
<condition id="25">
<or_exp><and_exp></and_exp></or_exp>
</condition>

<Node id="47" bw="0" op_0_bw="32" op_1_bw="9">
<![CDATA[
:2  store float %tmp_s, float* %output_addr, align 4

]]></Node>
<StgValue><ssdm name=""/></StgValue>
</operation>

<operation id="61" st_id="14" stage="1" lat="1">
<core>NULL</core>
<MemPortIdVec></MemPortIdVec>
<condition id="25">
<or_exp><and_exp></and_exp></or_exp>
</condition>

<Node id="48" bw="0" op_0_bw="0">
<![CDATA[
:3  br label %1

]]></Node>
<StgValue><ssdm name=""/></StgValue>
</operation>
</state>
</state_list>


<ports>
<port id="80" name="output_r" dir="1" iftype="1">
<core>RAM</core><StgValue><ssdm name="output_r"/><MemPortTyVec>0 3 </MemPortTyVec>
</StgValue>
</port>
<port id="81" name="conv_last_output" dir="0" iftype="1">
<core>RAM</core><StgValue><ssdm name="conv_last_output"/><MemPortTyVec>1 3 </MemPortTyVec>
</StgValue>
</port>
</ports>


<dataflows>
<dataflow id="83" from="StgValue_82" to="co" fromId="82" toId="16">
<condition id="64">
<or_exp><and_exp></and_exp></or_exp>
</condition>
</dataflow>
<dataflow id="84" from="StgValue_15" to="co" fromId="15" toId="16">
</dataflow>
<dataflow id="85" from="co_18" to="co" fromId="19" toId="16">
<BackEdge/>
<condition id="65">
<or_exp><and_exp></and_exp></or_exp>
</condition>
</dataflow>
<dataflow id="86" from="StgValue_61" to="co" fromId="61" toId="16">
<BackEdge/>
</dataflow>
<dataflow id="87" from="co" to="exitcond2" fromId="16" toId="17">
</dataflow>
<dataflow id="89" from="StgValue_88" to="exitcond2" fromId="88" toId="17">
</dataflow>
<dataflow id="91" from="_ssdm_op_SpecLoopTripCount" to="empty" fromId="90" toId="18">
</dataflow>
<dataflow id="93" from="StgValue_92" to="empty" fromId="92" toId="18">
</dataflow>
<dataflow id="94" from="StgValue_92" to="empty" fromId="92" toId="18">
</dataflow>
<dataflow id="95" from="StgValue_92" to="empty" fromId="92" toId="18">
</dataflow>
<dataflow id="96" from="co" to="co_18" fromId="16" toId="19">
</dataflow>
<dataflow id="98" from="StgValue_97" to="co_18" fromId="97" toId="19">
</dataflow>
<dataflow id="99" from="exitcond2" to="StgValue_20" fromId="17" toId="20">
</dataflow>
<dataflow id="100" from="co" to="tmp" fromId="16" toId="21">
</dataflow>
<dataflow id="102" from="_ssdm_op_BitConcatenate.i12.i10.i2" to="tmp_177" fromId="101" toId="22">
</dataflow>
<dataflow id="103" from="co" to="tmp_177" fromId="16" toId="22">
</dataflow>
<dataflow id="105" from="StgValue_104" to="tmp_177" fromId="104" toId="22">
</dataflow>
<dataflow id="106" from="tmp_177" to="tmp_292_cast" fromId="22" toId="23">
</dataflow>
<dataflow id="108" from="StgValue_107" to="sum" fromId="107" toId="26">
<condition id="66">
<or_exp><and_exp><literal name="exitcond2" val="0"/>
</and_exp></or_exp>
</condition>
</dataflow>
<dataflow id="109" from="StgValue_24" to="sum" fromId="24" toId="26">
</dataflow>
<dataflow id="110" from="sum_1" to="sum" fromId="37" toId="26">
<BackEdge/>
<condition id="67">
<or_exp><and_exp><literal name="exitcond" val="1"/>
</and_exp></or_exp>
</condition>
</dataflow>
<dataflow id="111" from="StgValue_48" to="sum" fromId="48" toId="26">
<BackEdge/>
</dataflow>
<dataflow id="113" from="StgValue_112" to="h" fromId="112" toId="27">
<condition id="68">
<or_exp><and_exp><literal name="exitcond2" val="0"/>
</and_exp></or_exp>
</condition>
</dataflow>
<dataflow id="114" from="StgValue_24" to="h" fromId="24" toId="27">
</dataflow>
<dataflow id="115" from="h_18" to="h" fromId="30" toId="27">
<BackEdge/>
<condition id="69">
<or_exp><and_exp><literal name="exitcond" val="1"/>
</and_exp></or_exp>
</condition>
</dataflow>
<dataflow id="116" from="StgValue_48" to="h" fromId="48" toId="27">
<BackEdge/>
</dataflow>
<dataflow id="117" from="h" to="exitcond1" fromId="27" toId="28">
</dataflow>
<dataflow id="119" from="StgValue_118" to="exitcond1" fromId="118" toId="28">
</dataflow>
<dataflow id="120" from="_ssdm_op_SpecLoopTripCount" to="empty_78" fromId="90" toId="29">
</dataflow>
<dataflow id="122" from="StgValue_121" to="empty_78" fromId="121" toId="29">
</dataflow>
<dataflow id="123" from="StgValue_121" to="empty_78" fromId="121" toId="29">
</dataflow>
<dataflow id="124" from="StgValue_121" to="empty_78" fromId="121" toId="29">
</dataflow>
<dataflow id="125" from="h" to="h_18" fromId="27" toId="30">
</dataflow>
<dataflow id="127" from="StgValue_126" to="h_18" fromId="126" toId="30">
</dataflow>
<dataflow id="128" from="exitcond1" to="StgValue_31" fromId="28" toId="31">
</dataflow>
<dataflow id="129" from="h" to="tmp_117_cast" fromId="27" toId="32">
</dataflow>
<dataflow id="130" from="tmp_117_cast" to="tmp_178" fromId="32" toId="33">
</dataflow>
<dataflow id="131" from="tmp_292_cast" to="tmp_178" fromId="23" toId="33">
</dataflow>
<dataflow id="133" from="_ssdm_op_BitConcatenate.i15.i13.i2" to="tmp_295_cast" fromId="132" toId="34">
</dataflow>
<dataflow id="134" from="tmp_178" to="tmp_295_cast" fromId="33" toId="34">
</dataflow>
<dataflow id="135" from="StgValue_104" to="tmp_295_cast" fromId="104" toId="34">
</dataflow>
<dataflow id="136" from="sum" to="tmp_s" fromId="26" toId="36">
</dataflow>
<dataflow id="138" from="StgValue_137" to="tmp_s" fromId="137" toId="36">
</dataflow>
<dataflow id="139" from="sum_16" to="sum_1" fromId="54" toId="37">
<BackEdge/>
<condition id="70">
<or_exp><and_exp></and_exp></or_exp>
</condition>
</dataflow>
<dataflow id="140" from="StgValue_55" to="sum_1" fromId="55" toId="37">
<BackEdge/>
</dataflow>
<dataflow id="141" from="sum" to="sum_1" fromId="26" toId="37">
<condition id="71">
<or_exp><and_exp><literal name="exitcond1" val="0"/>
</and_exp></or_exp>
</condition>
</dataflow>
<dataflow id="142" from="StgValue_35" to="sum_1" fromId="35" toId="37">
</dataflow>
<dataflow id="143" from="w_18" to="w" fromId="41" toId="38">
<BackEdge/>
<condition id="72">
<or_exp><and_exp></and_exp></or_exp>
</condition>
</dataflow>
<dataflow id="144" from="StgValue_55" to="w" fromId="55" toId="38">
<BackEdge/>
</dataflow>
<dataflow id="145" from="StgValue_112" to="w" fromId="112" toId="38">
<condition id="73">
<or_exp><and_exp><literal name="exitcond1" val="0"/>
</and_exp></or_exp>
</condition>
</dataflow>
<dataflow id="146" from="StgValue_35" to="w" fromId="35" toId="38">
</dataflow>
<dataflow id="147" from="w" to="exitcond" fromId="38" toId="39">
</dataflow>
<dataflow id="148" from="StgValue_118" to="exitcond" fromId="118" toId="39">
</dataflow>
<dataflow id="149" from="_ssdm_op_SpecLoopTripCount" to="empty_79" fromId="90" toId="40">
</dataflow>
<dataflow id="150" from="StgValue_121" to="empty_79" fromId="121" toId="40">
</dataflow>
<dataflow id="151" from="StgValue_121" to="empty_79" fromId="121" toId="40">
</dataflow>
<dataflow id="152" from="StgValue_121" to="empty_79" fromId="121" toId="40">
</dataflow>
<dataflow id="153" from="w" to="w_18" fromId="38" toId="41">
</dataflow>
<dataflow id="154" from="StgValue_126" to="w_18" fromId="126" toId="41">
</dataflow>
<dataflow id="155" from="exitcond" to="StgValue_42" fromId="39" toId="42">
</dataflow>
<dataflow id="156" from="w" to="tmp_118_cast" fromId="38" toId="43">
</dataflow>
<dataflow id="157" from="tmp_295_cast" to="tmp_179" fromId="34" toId="44">
</dataflow>
<dataflow id="158" from="tmp_118_cast" to="tmp_179" fromId="43" toId="44">
</dataflow>
<dataflow id="159" from="tmp_179" to="tmp_296_cast" fromId="44" toId="45">
</dataflow>
<dataflow id="160" from="conv_last_output" to="conv_last_output_add" fromId="81" toId="46">
</dataflow>
<dataflow id="162" from="StgValue_161" to="conv_last_output_add" fromId="161" toId="46">
</dataflow>
<dataflow id="163" from="tmp_296_cast" to="conv_last_output_add" fromId="45" toId="46">
</dataflow>
<dataflow id="164" from="conv_last_output_add" to="conv_last_output_loa" fromId="46" toId="47">
</dataflow>
<dataflow id="165" from="conv_last_output_add" to="conv_last_output_loa" fromId="46" toId="49">
</dataflow>
<dataflow id="166" from="sum_1" to="sum_16" fromId="37" toId="50">
</dataflow>
<dataflow id="167" from="conv_last_output_loa" to="sum_16" fromId="49" toId="50">
</dataflow>
<dataflow id="168" from="sum_1" to="sum_16" fromId="37" toId="51">
</dataflow>
<dataflow id="169" from="conv_last_output_loa" to="sum_16" fromId="49" toId="51">
</dataflow>
<dataflow id="170" from="sum_1" to="sum_16" fromId="37" toId="52">
</dataflow>
<dataflow id="171" from="conv_last_output_loa" to="sum_16" fromId="49" toId="52">
</dataflow>
<dataflow id="172" from="sum_1" to="sum_16" fromId="37" toId="53">
</dataflow>
<dataflow id="173" from="conv_last_output_loa" to="sum_16" fromId="49" toId="53">
</dataflow>
<dataflow id="174" from="sum_1" to="sum_16" fromId="37" toId="54">
</dataflow>
<dataflow id="175" from="conv_last_output_loa" to="sum_16" fromId="49" toId="54">
</dataflow>
<dataflow id="176" from="sum" to="tmp_s" fromId="26" toId="56">
</dataflow>
<dataflow id="177" from="StgValue_137" to="tmp_s" fromId="137" toId="56">
</dataflow>
<dataflow id="178" from="sum" to="tmp_s" fromId="26" toId="57">
</dataflow>
<dataflow id="179" from="StgValue_137" to="tmp_s" fromId="137" toId="57">
</dataflow>
<dataflow id="180" from="sum" to="tmp_s" fromId="26" toId="58">
</dataflow>
<dataflow id="181" from="StgValue_137" to="tmp_s" fromId="137" toId="58">
</dataflow>
<dataflow id="182" from="output_r" to="output_addr" fromId="80" toId="59">
</dataflow>
<dataflow id="183" from="StgValue_161" to="output_addr" fromId="161" toId="59">
</dataflow>
<dataflow id="184" from="tmp" to="output_addr" fromId="21" toId="59">
</dataflow>
<dataflow id="185" from="tmp_s" to="StgValue_60" fromId="58" toId="60">
</dataflow>
<dataflow id="186" from="output_addr" to="StgValue_60" fromId="59" toId="60">
</dataflow>
<dataflow id="187" from="exitcond2" to="StgValue_2" fromId="17" toId="2">
</dataflow>
<dataflow id="188" from="exitcond1" to="StgValue_3" fromId="28" toId="3">
</dataflow>
<dataflow id="189" from="exitcond" to="StgValue_4" fromId="39" toId="4">
</dataflow>
</dataflows>


</stg>
