<profile>

<section name = "Vivado HLS Report for 'conv1'" level="0">
<item name = "Date">Mon Dec 10 14:57:20 2018
</item>
<item name = "Version">2017.2 (Build 1909853 on Thu Jun 15 18:55:24 MDT 2017)</item>
<item name = "Project">accelerator_hls</item>
<item name = "Solution">naive</item>
<item name = "Product family">zynq</item>
<item name = "Target device">xc7z020clg484-1</item>
</section>

<section name = "Performance Estimates" level="0">
<item name = "Timing (ns)">
<section name = "" level="1">
<item name = "Summary"><table name="" hasTotal="0">
<keys size="4">Clock, Target, Estimated, Uncertainty</keys>
<column name="ap_clk">10.00, 8.53, 1.25</column>
</table>
</item>
</section>
</item>
<item name = "Latency (clock cycles)">
<section name = "" level="1">
<item name = "Summary"><table name="" hasTotal="0">
<keys size="6">, min, max, min, max, Type</keys>
<column name="">8799793, 8799793, 8799793, 8799793, none</column>
</table>
</item>
<item name = "Detail">
<section name = "" level="1">
<item name = "Instance"><table name="" hasTotal="0">
<keys size="7">Instance, Module, min, max, min, max, Type</keys>
</table>
</item>
<item name = "Loop"><table name="" hasTotal="0">
<keys size="8">Loop Name, min, max, Latency, achieved, target, Count, Pipelined</keys>
<column name="- Loop 1">8799792, 8799792, 366658, -, -, 24, no</column>
<column name=" + Loop 1.1">366656, 366656, 11458, -, -, 32, no</column>
<column name="  ++ Loop 1.1.1">11456, 11456, 358, -, -, 32, no</column>
<column name="   +++ Loop 1.1.1.1">348, 348, 116, -, -, 3, no</column>
<column name="    ++++ Loop 1.1.1.1.1">114, 114, 38, -, -, 3, no</column>
<column name="     +++++ Loop 1.1.1.1.1.1">36, 36, 12, -, -, 3, no</column>
</table>
</item>
</section>
</item>
</section>
</item>
</section>

<section name = "Utilization Estimates" level="0">
<item name = "Summary"><table name="" hasTotal="1">
<keys size="5">Name, BRAM_18K, DSP48E, FF, LUT</keys>
<column name="DSP">-, -, -, -</column>
<column name="Expression">-, -, 905, 493</column>
<column name="FIFO">-, -, -, -</column>
<column name="Instance">-, 5, 414, 950</column>
<column name="Memory">-, -, -, -</column>
<column name="Multiplexer">-, -, -, 236</column>
<column name="Register">-, -, 506, -</column>
<specialColumn name="Available">280, 220, 106400, 53200</specialColumn>
<specialColumn name="Utilization (%)">0, 2, 1, 3</specialColumn>
</table>
</item>
<item name = "Detail">
<section name = "" level="1">
<item name = "Instance"><table name="" hasTotal="1">
<keys size="6">Instance, Module, BRAM_18K, DSP48E, FF, LUT</keys>
<column name="ShuffleNetV2_faddbkb_U1">ShuffleNetV2_faddbkb, 0, 2, 205, 390</column>
<column name="ShuffleNetV2_fcmpdEe_U3">ShuffleNetV2_fcmpdEe, 0, 0, 66, 239</column>
<column name="ShuffleNetV2_fmulcud_U2">ShuffleNetV2_fmulcud, 0, 3, 143, 321</column>
</table>
</item>
<item name = "DSP48"><table name="" hasTotal="0">
<keys size="3">Instance, Module, Expression</keys>
</table>
</item>
<item name = "Memory"><table name="" hasTotal="1">
<keys size="9">Memory, Module, BRAM_18K, FF, LUT, Words, Bits, Banks, W*Bits*Banks</keys>
</table>
</item>
<item name = "FIFO"><table name="" hasTotal="1">
<keys size="7">Name, BRAM_18K, FF, LUT, Depth, Bits, Size:D*B</keys>
</table>
</item>
<item name = "Expression"><table name="" hasTotal="1">
<keys size="7">Variable Name, Operation, DSP48E, FF, LUT, Bitwidth P0, Bitwidth P1</keys>
<column name="ci_8_fu_350_p2">+, 0, 11, 8, 2, 1</column>
<column name="co_17_fu_240_p2">+, 0, 20, 10, 5, 1</column>
<column name="h_17_fu_299_p2">+, 0, 23, 11, 6, 1</column>
<column name="m_7_fu_418_p2">+, 0, 11, 8, 2, 1</column>
<column name="n_7_fu_529_p2">+, 0, 11, 8, 2, 1</column>
<column name="tmp1_fu_471_p2">+, 0, 11, 8, 2, 2</column>
<column name="tmp2_fu_544_p2">+, 0, 11, 8, 2, 2</column>
<column name="tmp_109_fu_481_p2">+, 0, 26, 12, 7, 7</column>
<column name="tmp_112_fu_554_p2">+, 0, 26, 12, 7, 7</column>
<column name="tmp_167_fu_309_p2">+, 0, 38, 16, 11, 11</column>
<column name="tmp_168_fu_403_p2">+, 0, 53, 21, 16, 16</column>
<column name="tmp_170_fu_372_p2">+, 0, 32, 14, 9, 9</column>
<column name="tmp_172_fu_428_p2">+, 0, 197, 69, 64, 64</column>
<column name="tmp_174_fu_490_p2">+, 0, 29, 13, 8, 8</column>
<column name="tmp_175_fu_539_p2">+, 0, 38, 16, 11, 11</column>
<column name="tmp_176_fu_579_p2">+, 0, 44, 18, 13, 13</column>
<column name="w_17_fu_332_p2">+, 0, 23, 11, 6, 1</column>
<column name="tmp_103_fu_338_p2">-, 0, 23, 11, 1, 6</column>
<column name="tmp_107_fu_455_p2">-, 0, 14, 9, 1, 3</column>
<column name="tmp_165_fu_267_p2">-, 0, 29, 13, 8, 8</column>
<column name="tmp_171_fu_393_p2">-, 0, 197, 69, 64, 64</column>
<column name="tmp_173_fu_449_p2">-, 0, 38, 16, 11, 11</column>
<column name="sel_tmp2_fu_605_p2">and, 0, 0, 2, 1, 1</column>
<column name="tmp3_fu_597_p2">and, 0, 0, 2, 1, 1</column>
<column name="tmp4_fu_601_p2">and, 0, 0, 2, 1, 1</column>
<column name="tmp_40_fu_654_p2">and, 0, 0, 2, 1, 1</column>
<column name="exitcond1_fu_412_p2">icmp, 0, 0, 1, 2, 2</column>
<column name="exitcond2_fu_344_p2">icmp, 0, 0, 1, 2, 2</column>
<column name="exitcond3_fu_326_p2">icmp, 0, 0, 4, 6, 7</column>
<column name="exitcond4_fu_293_p2">icmp, 0, 0, 4, 6, 7</column>
<column name="exitcond5_fu_234_p2">icmp, 0, 0, 2, 5, 5</column>
<column name="exitcond_fu_523_p2">icmp, 0, 0, 1, 2, 2</column>
<column name="icmp5_fu_569_p2">icmp, 0, 0, 1, 2, 1</column>
<column name="icmp_fu_513_p2">icmp, 0, 0, 1, 2, 1</column>
<column name="notlhs1_fu_636_p2">icmp, 0, 0, 4, 8, 2</column>
<column name="notlhs_fu_584_p2">icmp, 0, 0, 3, 6, 6</column>
<column name="notrhs1_fu_642_p2">icmp, 0, 0, 13, 23, 1</column>
<column name="tmp_108_fu_465_p2">icmp, 0, 0, 3, 6, 6</column>
<column name="tmp_38_fu_648_p2">or, 0, 0, 2, 1, 1</column>
<column name="conv1_output_d0">select, 0, 0, 32, 1, 32</column>
<column name="tmp_115_fu_611_p3">select, 0, 0, 32, 1, 32</column>
</table>
</item>
<item name = "Multiplexer"><table name="" hasTotal="1">
<keys size="5">Name, LUT, Input Size, Bits, Total Bits</keys>
<column name="ap_NS_fsm">125, 27, 1, 27</column>
<column name="ci_reg_162">9, 2, 2, 4</column>
<column name="co_reg_115">9, 2, 5, 10</column>
<column name="grp_fu_219_p0">15, 3, 32, 96</column>
<column name="grp_fu_219_p1">15, 3, 32, 96</column>
<column name="h_reg_126">9, 2, 6, 12</column>
<column name="m_reg_185">9, 2, 2, 4</column>
<column name="n_reg_208">9, 2, 2, 4</column>
<column name="sum_1_reg_173">9, 2, 32, 64</column>
<column name="sum_2_reg_196">9, 2, 32, 64</column>
<column name="sum_reg_150">9, 2, 32, 64</column>
<column name="w_reg_138">9, 2, 6, 12</column>
</table>
</item>
<item name = "Register"><table name="" hasTotal="1">
<keys size="5">Name, FF, LUT, Bits, Const Bits</keys>
<column name="ap_CS_fsm">26, 0, 26, 0</column>
<column name="bias_addr_reg_689">5, 0, 5, 0</column>
<column name="bias_load_reg_839">32, 0, 32, 0</column>
<column name="ci_8_reg_733">2, 0, 2, 0</column>
<column name="ci_reg_162">2, 0, 2, 0</column>
<column name="co_17_reg_674">5, 0, 5, 0</column>
<column name="co_reg_115">5, 0, 5, 0</column>
<column name="h_17_reg_702">6, 0, 6, 0</column>
<column name="h_cast_reg_694">6, 0, 7, 1</column>
<column name="h_reg_126">6, 0, 6, 0</column>
<column name="icmp5_reg_794">1, 0, 1, 0</column>
<column name="icmp_reg_776">1, 0, 1, 0</column>
<column name="m_7_reg_756">2, 0, 2, 0</column>
<column name="m_reg_185">2, 0, 2, 0</column>
<column name="n_7_reg_784">2, 0, 2, 0</column>
<column name="n_reg_208">2, 0, 2, 0</column>
<column name="notlhs_reg_804">1, 0, 1, 0</column>
<column name="result_reg_844">32, 0, 32, 0</column>
<column name="sum_1_reg_173">32, 0, 32, 0</column>
<column name="sum_2_reg_196">32, 0, 32, 0</column>
<column name="sum_reg_150">32, 0, 32, 0</column>
<column name="tmp_103_reg_725">6, 0, 6, 0</column>
<column name="tmp_108_reg_766">1, 0, 1, 0</column>
<column name="tmp_115_reg_824">32, 0, 32, 0</column>
<column name="tmp_116_reg_829">32, 0, 32, 0</column>
<column name="tmp_168_reg_748">16, 0, 16, 0</column>
<column name="tmp_171_reg_743">64, 0, 64, 0</column>
<column name="tmp_173_reg_761">11, 0, 11, 0</column>
<column name="tmp_175_reg_789">11, 0, 11, 0</column>
<column name="tmp_176_reg_799">13, 0, 13, 0</column>
<column name="tmp_271_cast_reg_679">9, 0, 9, 0</column>
<column name="tmp_273_cast_reg_684">5, 0, 11, 6</column>
<column name="tmp_276_cast_reg_707">11, 0, 16, 5</column>
<column name="tmp_279_cast_reg_738">2, 0, 8, 6</column>
<column name="tmp_288_cast_reg_771">8, 0, 13, 5</column>
<column name="tmp_39_reg_851">1, 0, 1, 0</column>
<column name="w_17_reg_720">6, 0, 6, 0</column>
<column name="w_cast_reg_712">6, 0, 7, 1</column>
<column name="w_reg_138">6, 0, 6, 0</column>
<column name="weight_load_reg_819">32, 0, 32, 0</column>
</table>
</item>
</section>
</item>
</section>

<section name = "Interface" level="0">
<item name = "Summary"><table name="" hasTotal="0">
<keys size="6">RTL Ports, Dir, Bits, Protocol, Source Object, C Type</keys>
<column name="ap_clk">in, 1, ap_ctrl_hs, conv1, return value</column>
<column name="ap_rst">in, 1, ap_ctrl_hs, conv1, return value</column>
<column name="ap_start">in, 1, ap_ctrl_hs, conv1, return value</column>
<column name="ap_done">out, 1, ap_ctrl_hs, conv1, return value</column>
<column name="ap_idle">out, 1, ap_ctrl_hs, conv1, return value</column>
<column name="ap_ready">out, 1, ap_ctrl_hs, conv1, return value</column>
<column name="input_r_address0">out, 12, ap_memory, input_r, array</column>
<column name="input_r_ce0">out, 1, ap_memory, input_r, array</column>
<column name="input_r_q0">in, 32, ap_memory, input_r, array</column>
<column name="weight_address0">out, 10, ap_memory, weight, array</column>
<column name="weight_ce0">out, 1, ap_memory, weight, array</column>
<column name="weight_q0">in, 32, ap_memory, weight, array</column>
<column name="bias_address0">out, 5, ap_memory, bias, array</column>
<column name="bias_ce0">out, 1, ap_memory, bias, array</column>
<column name="bias_q0">in, 32, ap_memory, bias, array</column>
<column name="conv1_output_address0">out, 15, ap_memory, conv1_output, array</column>
<column name="conv1_output_ce0">out, 1, ap_memory, conv1_output, array</column>
<column name="conv1_output_we0">out, 1, ap_memory, conv1_output, array</column>
<column name="conv1_output_d0">out, 32, ap_memory, conv1_output, array</column>
</table>
</item>
</section>
</profile>
