<stg><name>conv1</name>


<trans_list>

<trans id="167" from="1" to="2">
<condition id="51">
<or_exp><and_exp></and_exp></or_exp>
</condition>
</trans>

<trans id="168" from="2" to="3">
<condition id="53">
<or_exp><and_exp><literal name="exitcond5" val="0"/>
</and_exp></or_exp>
</condition>
</trans>

<trans id="169" from="3" to="4">
<condition id="55">
<or_exp><and_exp><literal name="exitcond4" val="0"/>
</and_exp></or_exp>
</condition>
</trans>

<trans id="199" from="3" to="2">
<condition id="94">
<or_exp><and_exp><literal name="exitcond4" val="1"/>
</and_exp></or_exp>
</condition>
</trans>

<trans id="170" from="4" to="5">
<condition id="57">
<or_exp><and_exp><literal name="exitcond3" val="0"/>
</and_exp></or_exp>
</condition>
</trans>

<trans id="198" from="4" to="3">
<condition id="92">
<or_exp><and_exp><literal name="exitcond3" val="1"/>
</and_exp></or_exp>
</condition>
</trans>

<trans id="171" from="5" to="19">
<condition id="58">
<or_exp><and_exp><literal name="exitcond2" val="1"/>
</and_exp></or_exp>
</condition>
</trans>

<trans id="172" from="5" to="6">
<condition id="60">
<or_exp><and_exp><literal name="exitcond2" val="0"/>
</and_exp></or_exp>
</condition>
</trans>

<trans id="173" from="6" to="7">
<condition id="62">
<or_exp><and_exp><literal name="exitcond1" val="0"/>
</and_exp></or_exp>
</condition>
</trans>

<trans id="188" from="6" to="5">
<condition id="80">
<or_exp><and_exp><literal name="exitcond1" val="1"/>
</and_exp></or_exp>
</condition>
</trans>

<trans id="174" from="7" to="8">
<condition id="63">
<or_exp><and_exp><literal name="exitcond" val="0"/>
</and_exp></or_exp>
</condition>
</trans>

<trans id="187" from="7" to="6">
<condition id="78">
<or_exp><and_exp><literal name="exitcond" val="1"/>
</and_exp></or_exp>
</condition>
</trans>

<trans id="176" from="8" to="9">
<condition id="65">
<or_exp><and_exp></and_exp></or_exp>
</condition>
</trans>

<trans id="177" from="9" to="10">
<condition id="66">
<or_exp><and_exp></and_exp></or_exp>
</condition>
</trans>

<trans id="178" from="10" to="11">
<condition id="67">
<or_exp><and_exp></and_exp></or_exp>
</condition>
</trans>

<trans id="179" from="11" to="12">
<condition id="68">
<or_exp><and_exp></and_exp></or_exp>
</condition>
</trans>

<trans id="180" from="12" to="13">
<condition id="69">
<or_exp><and_exp></and_exp></or_exp>
</condition>
</trans>

<trans id="181" from="13" to="14">
<condition id="70">
<or_exp><and_exp></and_exp></or_exp>
</condition>
</trans>

<trans id="182" from="14" to="15">
<condition id="71">
<or_exp><and_exp></and_exp></or_exp>
</condition>
</trans>

<trans id="183" from="15" to="16">
<condition id="72">
<or_exp><and_exp></and_exp></or_exp>
</condition>
</trans>

<trans id="184" from="16" to="17">
<condition id="73">
<or_exp><and_exp></and_exp></or_exp>
</condition>
</trans>

<trans id="185" from="17" to="18">
<condition id="74">
<or_exp><and_exp></and_exp></or_exp>
</condition>
</trans>

<trans id="186" from="18" to="7">
<condition id="76">
<or_exp><and_exp></and_exp></or_exp>
</condition>
</trans>

<trans id="190" from="19" to="20">
<condition id="82">
<or_exp><and_exp></and_exp></or_exp>
</condition>
</trans>

<trans id="191" from="20" to="21">
<condition id="83">
<or_exp><and_exp></and_exp></or_exp>
</condition>
</trans>

<trans id="192" from="21" to="22">
<condition id="84">
<or_exp><and_exp></and_exp></or_exp>
</condition>
</trans>

<trans id="193" from="22" to="23">
<condition id="85">
<or_exp><and_exp></and_exp></or_exp>
</condition>
</trans>

<trans id="194" from="23" to="24">
<condition id="86">
<or_exp><and_exp></and_exp></or_exp>
</condition>
</trans>

<trans id="195" from="24" to="25">
<condition id="87">
<or_exp><and_exp></and_exp></or_exp>
</condition>
</trans>

<trans id="196" from="25" to="26">
<condition id="88">
<or_exp><and_exp></and_exp></or_exp>
</condition>
</trans>

<trans id="197" from="26" to="4">
<condition id="90">
<or_exp><and_exp></and_exp></or_exp>
</condition>
</trans>
</trans_list>



<state_list>

<state id="1" st_id="1">

<operation id="27" st_id="1" stage="1" lat="1">
<core>NULL</core>
<MemPortIdVec></MemPortIdVec>
<condition id="0">
<or_exp><and_exp></and_exp></or_exp>
</condition>

<Node id="5" bw="0" op_0_bw="0">
<![CDATA[
:0  br label %.loopexit

]]></Node>
<StgValue><ssdm name=""/></StgValue>
</operation>
</state>

<state id="2" st_id="2">

<operation id="28" st_id="2" stage="1" lat="1">
<core>NULL</core>
<MemPortIdVec></MemPortIdVec>
<condition id="1">
<or_exp><and_exp></and_exp></or_exp>
</condition>

<Node id="7" bw="5" op_0_bw="5" op_1_bw="0">
<![CDATA[
.loopexit:0  %co = phi i5 [ 0, %0 ], [ %co_17, %.loopexit.loopexit ]

]]></Node>
<StgValue><ssdm name="co"/></StgValue>
</operation>

<operation id="29" st_id="2" stage="1" lat="1">
<core>Cmp</core>
<MemPortIdVec></MemPortIdVec>
<condition id="1">
<or_exp><and_exp></and_exp></or_exp>
</condition>

<Node id="8" bw="1" op_0_bw="5" op_1_bw="5">
<![CDATA[
.loopexit:1  %exitcond5 = icmp eq i5 %co, -8

]]></Node>
<StgValue><ssdm name="exitcond5"/></StgValue>
</operation>

<operation id="30" st_id="2" stage="1" lat="1">
<core>NULL</core>
<MemPortIdVec></MemPortIdVec>
<condition id="1">
<or_exp><and_exp></and_exp></or_exp>
</condition>

<Node id="9" bw="32" op_0_bw="32" op_1_bw="64" op_2_bw="64" op_3_bw="64">
<![CDATA[
.loopexit:2  %empty = call i32 (...)* @_ssdm_op_SpecLoopTripCount(i64 24, i64 24, i64 24)

]]></Node>
<StgValue><ssdm name="empty"/></StgValue>
</operation>

<operation id="31" st_id="2" stage="1" lat="1">
<core>AddSub</core>
<MemPortIdVec></MemPortIdVec>
<condition id="1">
<or_exp><and_exp></and_exp></or_exp>
</condition>

<Node id="10" bw="5" op_0_bw="5" op_1_bw="5">
<![CDATA[
.loopexit:3  %co_17 = add i5 %co, 1

]]></Node>
<StgValue><ssdm name="co_17"/></StgValue>
</operation>

<operation id="32" st_id="2" stage="1" lat="1">
<core>NULL</core>
<MemPortIdVec></MemPortIdVec>
<condition id="1">
<or_exp><and_exp></and_exp></or_exp>
</condition>

<Node id="11" bw="0" op_0_bw="1" op_1_bw="0" op_2_bw="0">
<![CDATA[
.loopexit:4  br i1 %exitcond5, label %2, label %.preheader9.preheader

]]></Node>
<StgValue><ssdm name=""/></StgValue>
</operation>

<operation id="33" st_id="2" stage="1" lat="1">
<core>NULL</core>
<MemPortIdVec></MemPortIdVec>
<condition id="3">
<or_exp><and_exp><literal name="exitcond5" val="0"/>
</and_exp></or_exp>
</condition>

<Node id="13" bw="64" op_0_bw="5">
<![CDATA[
.preheader9.preheader:0  %tmp = zext i5 %co to i64

]]></Node>
<StgValue><ssdm name="tmp"/></StgValue>
</operation>

<operation id="34" st_id="2" stage="1" lat="1">
<core>NULL</core>
<MemPortIdVec></MemPortIdVec>
<condition id="3">
<or_exp><and_exp><literal name="exitcond5" val="0"/>
</and_exp></or_exp>
</condition>

<Node id="14" bw="8" op_0_bw="5">
<![CDATA[
.preheader9.preheader:1  %tmp_cast = zext i5 %co to i8

]]></Node>
<StgValue><ssdm name="tmp_cast"/></StgValue>
</operation>

<operation id="35" st_id="2" stage="1" lat="1">
<core>NULL</core>
<MemPortIdVec></MemPortIdVec>
<condition id="3">
<or_exp><and_exp><literal name="exitcond5" val="0"/>
</and_exp></or_exp>
</condition>

<Node id="15" bw="7" op_0_bw="7" op_1_bw="5" op_2_bw="2">
<![CDATA[
.preheader9.preheader:2  %tmp_s = call i7 @_ssdm_op_BitConcatenate.i7.i5.i2(i5 %co, i2 0)

]]></Node>
<StgValue><ssdm name="tmp_s"/></StgValue>
</operation>

<operation id="36" st_id="2" stage="1" lat="1">
<core>NULL</core>
<MemPortIdVec></MemPortIdVec>
<condition id="3">
<or_exp><and_exp><literal name="exitcond5" val="0"/>
</and_exp></or_exp>
</condition>

<Node id="16" bw="8" op_0_bw="7">
<![CDATA[
.preheader9.preheader:3  %p_shl_cast = zext i7 %tmp_s to i8

]]></Node>
<StgValue><ssdm name="p_shl_cast"/></StgValue>
</operation>

<operation id="37" st_id="2" stage="1" lat="1">
<core>AddSub</core>
<MemPortIdVec></MemPortIdVec>
<condition id="3">
<or_exp><and_exp><literal name="exitcond5" val="0"/>
</and_exp></or_exp>
</condition>

<Node id="17" bw="8" op_0_bw="8" op_1_bw="8">
<![CDATA[
.preheader9.preheader:4  %tmp_165 = sub i8 %p_shl_cast, %tmp_cast

]]></Node>
<StgValue><ssdm name="tmp_165"/></StgValue>
</operation>

<operation id="38" st_id="2" stage="1" lat="1">
<core>NULL</core>
<MemPortIdVec></MemPortIdVec>
<condition id="3">
<or_exp><and_exp><literal name="exitcond5" val="0"/>
</and_exp></or_exp>
</condition>

<Node id="18" bw="9" op_0_bw="8">
<![CDATA[
.preheader9.preheader:5  %tmp_271_cast = sext i8 %tmp_165 to i9

]]></Node>
<StgValue><ssdm name="tmp_271_cast"/></StgValue>
</operation>

<operation id="39" st_id="2" stage="1" lat="1">
<core>NULL</core>
<MemPortIdVec></MemPortIdVec>
<condition id="3">
<or_exp><and_exp><literal name="exitcond5" val="0"/>
</and_exp></or_exp>
</condition>

<Node id="19" bw="10" op_0_bw="10" op_1_bw="5" op_2_bw="5">
<![CDATA[
.preheader9.preheader:6  %tmp_166 = call i10 @_ssdm_op_BitConcatenate.i10.i5.i5(i5 %co, i5 0)

]]></Node>
<StgValue><ssdm name="tmp_166"/></StgValue>
</operation>

<operation id="40" st_id="2" stage="1" lat="1">
<core>NULL</core>
<MemPortIdVec></MemPortIdVec>
<condition id="3">
<or_exp><and_exp><literal name="exitcond5" val="0"/>
</and_exp></or_exp>
</condition>

<Node id="20" bw="11" op_0_bw="10">
<![CDATA[
.preheader9.preheader:7  %tmp_273_cast = zext i10 %tmp_166 to i11

]]></Node>
<StgValue><ssdm name="tmp_273_cast"/></StgValue>
</operation>

<operation id="41" st_id="2" stage="1" lat="1">
<core>NULL</core>
<MemPortIdVec></MemPortIdVec>
<condition id="3">
<or_exp><and_exp><literal name="exitcond5" val="0"/>
</and_exp></or_exp>
</condition>

<Node id="21" bw="5" op_0_bw="32" op_1_bw="64" op_2_bw="64">
<![CDATA[
.preheader9.preheader:8  %bias_addr = getelementptr [24 x float]* %bias, i64 0, i64 %tmp

]]></Node>
<StgValue><ssdm name="bias_addr"/></StgValue>
</operation>

<operation id="42" st_id="2" stage="1" lat="1">
<core>NULL</core>
<MemPortIdVec></MemPortIdVec>
<condition id="3">
<or_exp><and_exp><literal name="exitcond5" val="0"/>
</and_exp></or_exp>
</condition>

<Node id="22" bw="0" op_0_bw="0">
<![CDATA[
.preheader9.preheader:9  br label %.preheader9

]]></Node>
<StgValue><ssdm name=""/></StgValue>
</operation>

<operation id="43" st_id="2" stage="1" lat="1">
<core>NULL</core>
<MemPortIdVec></MemPortIdVec>
<condition id="5">
<or_exp><and_exp><literal name="exitcond5" val="1"/>
</and_exp></or_exp>
</condition>

<Node id="148" bw="0">
<![CDATA[
:0  ret void

]]></Node>
<StgValue><ssdm name=""/></StgValue>
</operation>
</state>

<state id="3" st_id="3">

<operation id="44" st_id="3" stage="1" lat="1">
<core>NULL</core>
<MemPortIdVec></MemPortIdVec>
<condition id="6">
<or_exp><and_exp></and_exp></or_exp>
</condition>

<Node id="24" bw="6" op_0_bw="6" op_1_bw="0">
<![CDATA[
.preheader9:0  %h = phi i6 [ 0, %.preheader9.preheader ], [ %h_17, %.preheader9.loopexit ]

]]></Node>
<StgValue><ssdm name="h"/></StgValue>
</operation>

<operation id="45" st_id="3" stage="1" lat="1">
<core>NULL</core>
<MemPortIdVec></MemPortIdVec>
<condition id="6">
<or_exp><and_exp></and_exp></or_exp>
</condition>

<Node id="25" bw="7" op_0_bw="6">
<![CDATA[
.preheader9:1  %h_cast = zext i6 %h to i7

]]></Node>
<StgValue><ssdm name="h_cast"/></StgValue>
</operation>

<operation id="46" st_id="3" stage="1" lat="1">
<core>Cmp</core>
<MemPortIdVec></MemPortIdVec>
<condition id="6">
<or_exp><and_exp></and_exp></or_exp>
</condition>

<Node id="26" bw="1" op_0_bw="6" op_1_bw="6">
<![CDATA[
.preheader9:2  %exitcond4 = icmp eq i6 %h, -32

]]></Node>
<StgValue><ssdm name="exitcond4"/></StgValue>
</operation>

<operation id="47" st_id="3" stage="1" lat="1">
<core>NULL</core>
<MemPortIdVec></MemPortIdVec>
<condition id="6">
<or_exp><and_exp></and_exp></or_exp>
</condition>

<Node id="27" bw="32" op_0_bw="32" op_1_bw="64" op_2_bw="64" op_3_bw="64">
<![CDATA[
.preheader9:3  %empty_72 = call i32 (...)* @_ssdm_op_SpecLoopTripCount(i64 32, i64 32, i64 32)

]]></Node>
<StgValue><ssdm name="empty_72"/></StgValue>
</operation>

<operation id="48" st_id="3" stage="1" lat="1">
<core>AddSub</core>
<MemPortIdVec></MemPortIdVec>
<condition id="6">
<or_exp><and_exp></and_exp></or_exp>
</condition>

<Node id="28" bw="6" op_0_bw="6" op_1_bw="6">
<![CDATA[
.preheader9:4  %h_17 = add i6 %h, 1

]]></Node>
<StgValue><ssdm name="h_17"/></StgValue>
</operation>

<operation id="49" st_id="3" stage="1" lat="1">
<core>NULL</core>
<MemPortIdVec></MemPortIdVec>
<condition id="6">
<or_exp><and_exp></and_exp></or_exp>
</condition>

<Node id="29" bw="0" op_0_bw="1" op_1_bw="0" op_2_bw="0">
<![CDATA[
.preheader9:5  br i1 %exitcond4, label %.loopexit.loopexit, label %.preheader8.preheader

]]></Node>
<StgValue><ssdm name=""/></StgValue>
</operation>

<operation id="50" st_id="3" stage="1" lat="1">
<core>NULL</core>
<MemPortIdVec></MemPortIdVec>
<condition id="8">
<or_exp><and_exp><literal name="exitcond4" val="0"/>
</and_exp></or_exp>
</condition>

<Node id="31" bw="11" op_0_bw="6">
<![CDATA[
.preheader8.preheader:0  %tmp_cast_73 = zext i6 %h to i11

]]></Node>
<StgValue><ssdm name="tmp_cast_73"/></StgValue>
</operation>

<operation id="51" st_id="3" stage="1" lat="1">
<core>AddSub</core>
<MemPortIdVec></MemPortIdVec>
<condition id="8">
<or_exp><and_exp><literal name="exitcond4" val="0"/>
</and_exp></or_exp>
</condition>

<Node id="32" bw="11" op_0_bw="11" op_1_bw="11">
<![CDATA[
.preheader8.preheader:1  %tmp_167 = add i11 %tmp_cast_73, %tmp_273_cast

]]></Node>
<StgValue><ssdm name="tmp_167"/></StgValue>
</operation>

<operation id="52" st_id="3" stage="1" lat="1">
<core>NULL</core>
<MemPortIdVec></MemPortIdVec>
<condition id="8">
<or_exp><and_exp><literal name="exitcond4" val="0"/>
</and_exp></or_exp>
</condition>

<Node id="33" bw="16" op_0_bw="16" op_1_bw="11" op_2_bw="5">
<![CDATA[
.preheader8.preheader:2  %tmp_276_cast = call i16 @_ssdm_op_BitConcatenate.i16.i11.i5(i11 %tmp_167, i5 0)

]]></Node>
<StgValue><ssdm name="tmp_276_cast"/></StgValue>
</operation>

<operation id="53" st_id="3" stage="1" lat="1">
<core>NULL</core>
<MemPortIdVec></MemPortIdVec>
<condition id="8">
<or_exp><and_exp><literal name="exitcond4" val="0"/>
</and_exp></or_exp>
</condition>

<Node id="34" bw="0" op_0_bw="0">
<![CDATA[
.preheader8.preheader:3  br label %.preheader8

]]></Node>
<StgValue><ssdm name=""/></StgValue>
</operation>

<operation id="54" st_id="3" stage="1" lat="1">
<core>NULL</core>
<MemPortIdVec></MemPortIdVec>
<condition id="10">
<or_exp><and_exp><literal name="exitcond4" val="1"/>
</and_exp></or_exp>
</condition>

<Node id="146" bw="0" op_0_bw="0">
<![CDATA[
.loopexit.loopexit:0  br label %.loopexit

]]></Node>
<StgValue><ssdm name=""/></StgValue>
</operation>
</state>

<state id="4" st_id="4">

<operation id="55" st_id="4" stage="1" lat="1">
<core>NULL</core>
<MemPortIdVec></MemPortIdVec>
<condition id="11">
<or_exp><and_exp></and_exp></or_exp>
</condition>

<Node id="36" bw="6" op_0_bw="6" op_1_bw="0">
<![CDATA[
.preheader8:0  %w = phi i6 [ %w_17, %1 ], [ 0, %.preheader8.preheader ]

]]></Node>
<StgValue><ssdm name="w"/></StgValue>
</operation>

<operation id="56" st_id="4" stage="1" lat="1">
<core>NULL</core>
<MemPortIdVec></MemPortIdVec>
<condition id="11">
<or_exp><and_exp></and_exp></or_exp>
</condition>

<Node id="37" bw="7" op_0_bw="6">
<![CDATA[
.preheader8:1  %w_cast = zext i6 %w to i7

]]></Node>
<StgValue><ssdm name="w_cast"/></StgValue>
</operation>

<operation id="57" st_id="4" stage="1" lat="1">
<core>Cmp</core>
<MemPortIdVec></MemPortIdVec>
<condition id="11">
<or_exp><and_exp></and_exp></or_exp>
</condition>

<Node id="38" bw="1" op_0_bw="6" op_1_bw="6">
<![CDATA[
.preheader8:2  %exitcond3 = icmp eq i6 %w, -32

]]></Node>
<StgValue><ssdm name="exitcond3"/></StgValue>
</operation>

<operation id="58" st_id="4" stage="1" lat="1">
<core>NULL</core>
<MemPortIdVec></MemPortIdVec>
<condition id="11">
<or_exp><and_exp></and_exp></or_exp>
</condition>

<Node id="39" bw="32" op_0_bw="32" op_1_bw="64" op_2_bw="64" op_3_bw="64">
<![CDATA[
.preheader8:3  %empty_74 = call i32 (...)* @_ssdm_op_SpecLoopTripCount(i64 32, i64 32, i64 32)

]]></Node>
<StgValue><ssdm name="empty_74"/></StgValue>
</operation>

<operation id="59" st_id="4" stage="1" lat="1">
<core>AddSub</core>
<MemPortIdVec></MemPortIdVec>
<condition id="11">
<or_exp><and_exp></and_exp></or_exp>
</condition>

<Node id="40" bw="6" op_0_bw="6" op_1_bw="6">
<![CDATA[
.preheader8:4  %w_17 = add i6 %w, 1

]]></Node>
<StgValue><ssdm name="w_17"/></StgValue>
</operation>

<operation id="60" st_id="4" stage="1" lat="1">
<core>NULL</core>
<MemPortIdVec></MemPortIdVec>
<condition id="11">
<or_exp><and_exp></and_exp></or_exp>
</condition>

<Node id="41" bw="0" op_0_bw="1" op_1_bw="0" op_2_bw="0">
<![CDATA[
.preheader8:5  br i1 %exitcond3, label %.preheader9.loopexit, label %.preheader7.preheader

]]></Node>
<StgValue><ssdm name=""/></StgValue>
</operation>

<operation id="61" st_id="4" stage="1" lat="1">
<core>AddSub</core>
<MemPortIdVec></MemPortIdVec>
<condition id="13">
<or_exp><and_exp><literal name="exitcond3" val="0"/>
</and_exp></or_exp>
</condition>

<Node id="43" bw="6" op_0_bw="6" op_1_bw="6">
<![CDATA[
.preheader7.preheader:0  %tmp_103 = sub i6 0, %w

]]></Node>
<StgValue><ssdm name="tmp_103"/></StgValue>
</operation>

<operation id="62" st_id="4" stage="1" lat="1">
<core>NULL</core>
<MemPortIdVec></MemPortIdVec>
<condition id="13">
<or_exp><and_exp><literal name="exitcond3" val="0"/>
</and_exp></or_exp>
</condition>

<Node id="44" bw="0" op_0_bw="0">
<![CDATA[
.preheader7.preheader:1  br label %.preheader7

]]></Node>
<StgValue><ssdm name=""/></StgValue>
</operation>

<operation id="63" st_id="4" stage="1" lat="1">
<core>NULL</core>
<MemPortIdVec></MemPortIdVec>
<condition id="15">
<or_exp><and_exp><literal name="exitcond3" val="1"/>
</and_exp></or_exp>
</condition>

<Node id="144" bw="0" op_0_bw="0">
<![CDATA[
.preheader9.loopexit:0  br label %.preheader9

]]></Node>
<StgValue><ssdm name=""/></StgValue>
</operation>
</state>

<state id="5" st_id="5">

<operation id="64" st_id="5" stage="1" lat="1">
<core>NULL</core>
<MemPortIdVec></MemPortIdVec>
<condition id="16">
<or_exp><and_exp></and_exp></or_exp>
</condition>

<Node id="46" bw="32" op_0_bw="32" op_1_bw="0">
<![CDATA[
.preheader7:0  %sum = phi float [ 0.000000e+00, %.preheader7.preheader ], [ %sum_1, %.preheader7.loopexit ]

]]></Node>
<StgValue><ssdm name="sum"/></StgValue>
</operation>

<operation id="65" st_id="5" stage="1" lat="1">
<core>NULL</core>
<MemPortIdVec></MemPortIdVec>
<condition id="16">
<or_exp><and_exp></and_exp></or_exp>
</condition>

<Node id="47" bw="2" op_0_bw="2" op_1_bw="0">
<![CDATA[
.preheader7:1  %ci = phi i2 [ 0, %.preheader7.preheader ], [ %ci_8, %.preheader7.loopexit ]

]]></Node>
<StgValue><ssdm name="ci"/></StgValue>
</operation>

<operation id="66" st_id="5" stage="1" lat="1">
<core>Cmp</core>
<MemPortIdVec></MemPortIdVec>
<condition id="16">
<or_exp><and_exp></and_exp></or_exp>
</condition>

<Node id="48" bw="1" op_0_bw="2" op_1_bw="2">
<![CDATA[
.preheader7:2  %exitcond2 = icmp eq i2 %ci, -1

]]></Node>
<StgValue><ssdm name="exitcond2"/></StgValue>
</operation>

<operation id="67" st_id="5" stage="1" lat="1">
<core>NULL</core>
<MemPortIdVec></MemPortIdVec>
<condition id="16">
<or_exp><and_exp></and_exp></or_exp>
</condition>

<Node id="49" bw="32" op_0_bw="32" op_1_bw="64" op_2_bw="64" op_3_bw="64">
<![CDATA[
.preheader7:3  %empty_75 = call i32 (...)* @_ssdm_op_SpecLoopTripCount(i64 3, i64 3, i64 3)

]]></Node>
<StgValue><ssdm name="empty_75"/></StgValue>
</operation>

<operation id="68" st_id="5" stage="1" lat="1">
<core>AddSub</core>
<MemPortIdVec></MemPortIdVec>
<condition id="16">
<or_exp><and_exp></and_exp></or_exp>
</condition>

<Node id="50" bw="2" op_0_bw="2" op_1_bw="2">
<![CDATA[
.preheader7:4  %ci_8 = add i2 %ci, 1

]]></Node>
<StgValue><ssdm name="ci_8"/></StgValue>
</operation>

<operation id="69" st_id="5" stage="1" lat="1">
<core>NULL</core>
<MemPortIdVec></MemPortIdVec>
<condition id="16">
<or_exp><and_exp></and_exp></or_exp>
</condition>

<Node id="51" bw="0" op_0_bw="1" op_1_bw="0" op_2_bw="0">
<![CDATA[
.preheader7:5  br i1 %exitcond2, label %1, label %.preheader6.preheader

]]></Node>
<StgValue><ssdm name=""/></StgValue>
</operation>

<operation id="70" st_id="5" stage="1" lat="1">
<core>NULL</core>
<MemPortIdVec></MemPortIdVec>
<condition id="18">
<or_exp><and_exp><literal name="exitcond2" val="0"/>
</and_exp></or_exp>
</condition>

<Node id="53" bw="9" op_0_bw="2">
<![CDATA[
.preheader6.preheader:0  %tmp_105_cast = zext i2 %ci to i9

]]></Node>
<StgValue><ssdm name="tmp_105_cast"/></StgValue>
</operation>

<operation id="71" st_id="5" stage="1" lat="1">
<core>NULL</core>
<MemPortIdVec></MemPortIdVec>
<condition id="18">
<or_exp><and_exp><literal name="exitcond2" val="0"/>
</and_exp></or_exp>
</condition>

<Node id="54" bw="7" op_0_bw="7" op_1_bw="2" op_2_bw="5">
<![CDATA[
.preheader6.preheader:1  %tmp_169 = call i7 @_ssdm_op_BitConcatenate.i7.i2.i5(i2 %ci, i5 0)

]]></Node>
<StgValue><ssdm name="tmp_169"/></StgValue>
</operation>

<operation id="72" st_id="5" stage="1" lat="1">
<core>NULL</core>
<MemPortIdVec></MemPortIdVec>
<condition id="18">
<or_exp><and_exp><literal name="exitcond2" val="0"/>
</and_exp></or_exp>
</condition>

<Node id="55" bw="8" op_0_bw="7">
<![CDATA[
.preheader6.preheader:2  %tmp_279_cast = zext i7 %tmp_169 to i8

]]></Node>
<StgValue><ssdm name="tmp_279_cast"/></StgValue>
</operation>

<operation id="73" st_id="5" stage="1" lat="1">
<core>AddSub</core>
<MemPortIdVec></MemPortIdVec>
<condition id="18">
<or_exp><and_exp><literal name="exitcond2" val="0"/>
</and_exp></or_exp>
</condition>

<Node id="56" bw="9" op_0_bw="9" op_1_bw="9">
<![CDATA[
.preheader6.preheader:3  %tmp_170 = add i9 %tmp_105_cast, %tmp_271_cast

]]></Node>
<StgValue><ssdm name="tmp_170"/></StgValue>
</operation>

<operation id="74" st_id="5" stage="1" lat="1">
<core>NULL</core>
<MemPortIdVec></MemPortIdVec>
<condition id="18">
<or_exp><and_exp><literal name="exitcond2" val="0"/>
</and_exp></or_exp>
</condition>

<Node id="57" bw="64" op_0_bw="9">
<![CDATA[
.preheader6.preheader:4  %tmp_280_cast = sext i9 %tmp_170 to i64

]]></Node>
<StgValue><ssdm name="tmp_280_cast"/></StgValue>
</operation>

<operation id="75" st_id="5" stage="1" lat="1">
<core>NULL</core>
<MemPortIdVec></MemPortIdVec>
<condition id="18">
<or_exp><and_exp><literal name="exitcond2" val="0"/>
</and_exp></or_exp>
</condition>

<Node id="58" bw="11" op_0_bw="11" op_1_bw="9" op_2_bw="2">
<![CDATA[
.preheader6.preheader:5  %tmp_99 = call i11 @_ssdm_op_BitConcatenate.i11.i9.i2(i9 %tmp_170, i2 0)

]]></Node>
<StgValue><ssdm name="tmp_99"/></StgValue>
</operation>

<operation id="76" st_id="5" stage="1" lat="1">
<core>NULL</core>
<MemPortIdVec></MemPortIdVec>
<condition id="18">
<or_exp><and_exp><literal name="exitcond2" val="0"/>
</and_exp></or_exp>
</condition>

<Node id="59" bw="64" op_0_bw="11">
<![CDATA[
.preheader6.preheader:6  %p_shl1 = sext i11 %tmp_99 to i64

]]></Node>
<StgValue><ssdm name="p_shl1"/></StgValue>
</operation>

<operation id="77" st_id="5" stage="1" lat="1">
<core>AddSub</core>
<MemPortIdVec></MemPortIdVec>
<condition id="18">
<or_exp><and_exp><literal name="exitcond2" val="0"/>
</and_exp></or_exp>
</condition>

<Node id="60" bw="64" op_0_bw="64" op_1_bw="64">
<![CDATA[
.preheader6.preheader:7  %tmp_171 = sub i64 %p_shl1, %tmp_280_cast

]]></Node>
<StgValue><ssdm name="tmp_171"/></StgValue>
</operation>

<operation id="78" st_id="5" stage="1" lat="1">
<core>NULL</core>
<MemPortIdVec></MemPortIdVec>
<condition id="18">
<or_exp><and_exp><literal name="exitcond2" val="0"/>
</and_exp></or_exp>
</condition>

<Node id="61" bw="0" op_0_bw="0">
<![CDATA[
.preheader6.preheader:8  br label %.preheader6

]]></Node>
<StgValue><ssdm name=""/></StgValue>
</operation>

<operation id="79" st_id="5" stage="2" lat="2">
<core>RAM</core>
<MemPortIdVec>0 </MemPortIdVec>
<condition id="20">
<or_exp><and_exp><literal name="exitcond2" val="1"/>
</and_exp></or_exp>
</condition>

<Node id="126" bw="32" op_0_bw="5">
<![CDATA[
:0  %bias_load = load float* %bias_addr, align 4

]]></Node>
<StgValue><ssdm name="bias_load"/></StgValue>
</operation>

<operation id="80" st_id="5" stage="1" lat="1">
<core>NULL</core>
<MemPortIdVec></MemPortIdVec>
<condition id="20">
<or_exp><and_exp><literal name="exitcond2" val="1"/>
</and_exp></or_exp>
</condition>

<Node id="137" bw="16" op_0_bw="6">
<![CDATA[
:11  %tmp_104_cast = zext i6 %w to i16

]]></Node>
<StgValue><ssdm name="tmp_104_cast"/></StgValue>
</operation>

<operation id="81" st_id="5" stage="1" lat="1">
<core>AddSub</core>
<MemPortIdVec></MemPortIdVec>
<condition id="20">
<or_exp><and_exp><literal name="exitcond2" val="1"/>
</and_exp></or_exp>
</condition>

<Node id="138" bw="16" op_0_bw="16" op_1_bw="16">
<![CDATA[
:12  %tmp_168 = add i16 %tmp_276_cast, %tmp_104_cast

]]></Node>
<StgValue><ssdm name="tmp_168"/></StgValue>
</operation>
</state>

<state id="6" st_id="6">

<operation id="82" st_id="6" stage="1" lat="1">
<core>NULL</core>
<MemPortIdVec></MemPortIdVec>
<condition id="21">
<or_exp><and_exp></and_exp></or_exp>
</condition>

<Node id="63" bw="32" op_0_bw="32" op_1_bw="0">
<![CDATA[
.preheader6:0  %sum_1 = phi float [ %sum, %.preheader6.preheader ], [ %sum_2, %.preheader6.loopexit ]

]]></Node>
<StgValue><ssdm name="sum_1"/></StgValue>
</operation>

<operation id="83" st_id="6" stage="1" lat="1">
<core>NULL</core>
<MemPortIdVec></MemPortIdVec>
<condition id="21">
<or_exp><and_exp></and_exp></or_exp>
</condition>

<Node id="64" bw="2" op_0_bw="2" op_1_bw="0">
<![CDATA[
.preheader6:1  %m = phi i2 [ 0, %.preheader6.preheader ], [ %m_7, %.preheader6.loopexit ]

]]></Node>
<StgValue><ssdm name="m"/></StgValue>
</operation>

<operation id="84" st_id="6" stage="1" lat="1">
<core>NULL</core>
<MemPortIdVec></MemPortIdVec>
<condition id="21">
<or_exp><and_exp></and_exp></or_exp>
</condition>

<Node id="65" bw="3" op_0_bw="2">
<![CDATA[
.preheader6:2  %m_cast8_cast = zext i2 %m to i3

]]></Node>
<StgValue><ssdm name="m_cast8_cast"/></StgValue>
</operation>

<operation id="85" st_id="6" stage="1" lat="1">
<core>Cmp</core>
<MemPortIdVec></MemPortIdVec>
<condition id="21">
<or_exp><and_exp></and_exp></or_exp>
</condition>

<Node id="66" bw="1" op_0_bw="2" op_1_bw="2">
<![CDATA[
.preheader6:3  %exitcond1 = icmp eq i2 %m, -1

]]></Node>
<StgValue><ssdm name="exitcond1"/></StgValue>
</operation>

<operation id="86" st_id="6" stage="1" lat="1">
<core>NULL</core>
<MemPortIdVec></MemPortIdVec>
<condition id="21">
<or_exp><and_exp></and_exp></or_exp>
</condition>

<Node id="67" bw="32" op_0_bw="32" op_1_bw="64" op_2_bw="64" op_3_bw="64">
<![CDATA[
.preheader6:4  %empty_76 = call i32 (...)* @_ssdm_op_SpecLoopTripCount(i64 3, i64 3, i64 3)

]]></Node>
<StgValue><ssdm name="empty_76"/></StgValue>
</operation>

<operation id="87" st_id="6" stage="1" lat="1">
<core>AddSub</core>
<MemPortIdVec></MemPortIdVec>
<condition id="21">
<or_exp><and_exp></and_exp></or_exp>
</condition>

<Node id="68" bw="2" op_0_bw="2" op_1_bw="2">
<![CDATA[
.preheader6:5  %m_7 = add i2 %m, 1

]]></Node>
<StgValue><ssdm name="m_7"/></StgValue>
</operation>

<operation id="88" st_id="6" stage="1" lat="1">
<core>NULL</core>
<MemPortIdVec></MemPortIdVec>
<condition id="21">
<or_exp><and_exp></and_exp></or_exp>
</condition>

<Node id="69" bw="0" op_0_bw="1" op_1_bw="0" op_2_bw="0">
<![CDATA[
.preheader6:6  br i1 %exitcond1, label %.preheader7.loopexit, label %.preheader.preheader

]]></Node>
<StgValue><ssdm name=""/></StgValue>
</operation>

<operation id="89" st_id="6" stage="1" lat="1">
<core>NULL</core>
<MemPortIdVec></MemPortIdVec>
<condition id="23">
<or_exp><and_exp><literal name="exitcond1" val="0"/>
</and_exp></or_exp>
</condition>

<Node id="71" bw="64" op_0_bw="2">
<![CDATA[
.preheader.preheader:0  %tmp_106 = zext i2 %m to i64

]]></Node>
<StgValue><ssdm name="tmp_106"/></StgValue>
</operation>

<operation id="90" st_id="6" stage="1" lat="1">
<core>AddSub</core>
<MemPortIdVec></MemPortIdVec>
<condition id="23">
<or_exp><and_exp><literal name="exitcond1" val="0"/>
</and_exp></or_exp>
</condition>

<Node id="72" bw="64" op_0_bw="64" op_1_bw="64">
<![CDATA[
.preheader.preheader:1  %tmp_172 = add i64 %tmp_106, %tmp_171

]]></Node>
<StgValue><ssdm name="tmp_172"/></StgValue>
</operation>

<operation id="91" st_id="6" stage="1" lat="1">
<core>NULL</core>
<MemPortIdVec></MemPortIdVec>
<condition id="23">
<or_exp><and_exp><literal name="exitcond1" val="0"/>
</and_exp></or_exp>
</condition>

<Node id="73" bw="11" op_0_bw="64">
<![CDATA[
.preheader.preheader:2  %tmp_100 = trunc i64 %tmp_172 to i11

]]></Node>
<StgValue><ssdm name="tmp_100"/></StgValue>
</operation>

<operation id="92" st_id="6" stage="1" lat="1">
<core>NULL</core>
<MemPortIdVec></MemPortIdVec>
<condition id="23">
<or_exp><and_exp><literal name="exitcond1" val="0"/>
</and_exp></or_exp>
</condition>

<Node id="74" bw="9" op_0_bw="64">
<![CDATA[
.preheader.preheader:3  %tmp_101 = trunc i64 %tmp_172 to i9

]]></Node>
<StgValue><ssdm name="tmp_101"/></StgValue>
</operation>

<operation id="93" st_id="6" stage="1" lat="1">
<core>NULL</core>
<MemPortIdVec></MemPortIdVec>
<condition id="23">
<or_exp><and_exp><literal name="exitcond1" val="0"/>
</and_exp></or_exp>
</condition>

<Node id="75" bw="11" op_0_bw="11" op_1_bw="9" op_2_bw="2">
<![CDATA[
.preheader.preheader:4  %p_shl2_cast = call i11 @_ssdm_op_BitConcatenate.i11.i9.i2(i9 %tmp_101, i2 0)

]]></Node>
<StgValue><ssdm name="p_shl2_cast"/></StgValue>
</operation>

<operation id="94" st_id="6" stage="1" lat="1">
<core>AddSub</core>
<MemPortIdVec></MemPortIdVec>
<condition id="23">
<or_exp><and_exp><literal name="exitcond1" val="0"/>
</and_exp></or_exp>
</condition>

<Node id="76" bw="11" op_0_bw="11" op_1_bw="11">
<![CDATA[
.preheader.preheader:5  %tmp_173 = sub i11 %p_shl2_cast, %tmp_100

]]></Node>
<StgValue><ssdm name="tmp_173"/></StgValue>
</operation>

<operation id="95" st_id="6" stage="1" lat="1">
<core>AddSub</core>
<MemPortIdVec></MemPortIdVec>
<condition id="23">
<or_exp><and_exp><literal name="exitcond1" val="0"/>
</and_exp></or_exp>
</condition>

<Node id="77" bw="3" op_0_bw="3" op_1_bw="3">
<![CDATA[
.preheader.preheader:6  %tmp_107 = sub i3 0, %m_cast8_cast

]]></Node>
<StgValue><ssdm name="tmp_107"/></StgValue>
</operation>

<operation id="96" st_id="6" stage="1" lat="1">
<core>NULL</core>
<MemPortIdVec></MemPortIdVec>
<condition id="23">
<or_exp><and_exp><literal name="exitcond1" val="0"/>
</and_exp></or_exp>
</condition>

<Node id="78" bw="6" op_0_bw="3">
<![CDATA[
.preheader.preheader:7  %tmp_107_cast = sext i3 %tmp_107 to i6

]]></Node>
<StgValue><ssdm name="tmp_107_cast"/></StgValue>
</operation>

<operation id="97" st_id="6" stage="1" lat="1">
<core>Cmp</core>
<MemPortIdVec></MemPortIdVec>
<condition id="23">
<or_exp><and_exp><literal name="exitcond1" val="0"/>
</and_exp></or_exp>
</condition>

<Node id="79" bw="1" op_0_bw="6" op_1_bw="6">
<![CDATA[
.preheader.preheader:8  %tmp_108 = icmp ne i6 %h, %tmp_107_cast

]]></Node>
<StgValue><ssdm name="tmp_108"/></StgValue>
</operation>

<operation id="98" st_id="6" stage="1" lat="1">
<core>AddSub</core>
<MemPortIdVec></MemPortIdVec>
<condition id="23">
<or_exp><and_exp><literal name="exitcond1" val="0"/>
</and_exp></or_exp>
</condition>

<Node id="80" bw="2" op_0_bw="2" op_1_bw="2">
<![CDATA[
.preheader.preheader:9  %tmp1 = add i2 -1, %m

]]></Node>
<StgValue><ssdm name="tmp1"/></StgValue>
</operation>

<operation id="99" st_id="6" stage="1" lat="1">
<core>NULL</core>
<MemPortIdVec></MemPortIdVec>
<condition id="23">
<or_exp><and_exp><literal name="exitcond1" val="0"/>
</and_exp></or_exp>
</condition>

<Node id="81" bw="7" op_0_bw="2">
<![CDATA[
.preheader.preheader:10  %tmp1_cast = sext i2 %tmp1 to i7

]]></Node>
<StgValue><ssdm name="tmp1_cast"/></StgValue>
</operation>

<operation id="100" st_id="6" stage="1" lat="1">
<core>AddSub</core>
<MemPortIdVec></MemPortIdVec>
<condition id="23">
<or_exp><and_exp><literal name="exitcond1" val="0"/>
</and_exp></or_exp>
</condition>

<Node id="82" bw="7" op_0_bw="7" op_1_bw="7">
<![CDATA[
.preheader.preheader:11  %tmp_109 = add i7 %tmp1_cast, %h_cast

]]></Node>
<StgValue><ssdm name="tmp_109"/></StgValue>
</operation>

<operation id="101" st_id="6" stage="1" lat="1">
<core>NULL</core>
<MemPortIdVec></MemPortIdVec>
<condition id="23">
<or_exp><and_exp><literal name="exitcond1" val="0"/>
</and_exp></or_exp>
</condition>

<Node id="83" bw="8" op_0_bw="7">
<![CDATA[
.preheader.preheader:12  %tmp_110_cast = sext i7 %tmp_109 to i8

]]></Node>
<StgValue><ssdm name="tmp_110_cast"/></StgValue>
</operation>

<operation id="102" st_id="6" stage="1" lat="1">
<core>AddSub</core>
<MemPortIdVec></MemPortIdVec>
<condition id="23">
<or_exp><and_exp><literal name="exitcond1" val="0"/>
</and_exp></or_exp>
</condition>

<Node id="84" bw="8" op_0_bw="8" op_1_bw="8">
<![CDATA[
.preheader.preheader:13  %tmp_174 = add i8 %tmp_110_cast, %tmp_279_cast

]]></Node>
<StgValue><ssdm name="tmp_174"/></StgValue>
</operation>

<operation id="103" st_id="6" stage="1" lat="1">
<core>NULL</core>
<MemPortIdVec></MemPortIdVec>
<condition id="23">
<or_exp><and_exp><literal name="exitcond1" val="0"/>
</and_exp></or_exp>
</condition>

<Node id="85" bw="13" op_0_bw="13" op_1_bw="8" op_2_bw="5">
<![CDATA[
.preheader.preheader:14  %tmp_288_cast = call i13 @_ssdm_op_BitConcatenate.i13.i8.i5(i8 %tmp_174, i5 0)

]]></Node>
<StgValue><ssdm name="tmp_288_cast"/></StgValue>
</operation>

<operation id="104" st_id="6" stage="1" lat="1">
<core>NULL</core>
<MemPortIdVec></MemPortIdVec>
<condition id="23">
<or_exp><and_exp><literal name="exitcond1" val="0"/>
</and_exp></or_exp>
</condition>

<Node id="86" bw="2" op_0_bw="2" op_1_bw="7" op_2_bw="32" op_3_bw="32">
<![CDATA[
.preheader.preheader:15  %tmp_102 = call i2 @_ssdm_op_PartSelect.i2.i7.i32.i32(i7 %tmp_109, i32 5, i32 6)

]]></Node>
<StgValue><ssdm name="tmp_102"/></StgValue>
</operation>

<operation id="105" st_id="6" stage="1" lat="1">
<core>Cmp</core>
<MemPortIdVec></MemPortIdVec>
<condition id="23">
<or_exp><and_exp><literal name="exitcond1" val="0"/>
</and_exp></or_exp>
</condition>

<Node id="87" bw="1" op_0_bw="2" op_1_bw="2">
<![CDATA[
.preheader.preheader:16  %icmp = icmp ne i2 %tmp_102, 1

]]></Node>
<StgValue><ssdm name="icmp"/></StgValue>
</operation>

<operation id="106" st_id="6" stage="1" lat="1">
<core>NULL</core>
<MemPortIdVec></MemPortIdVec>
<condition id="23">
<or_exp><and_exp><literal name="exitcond1" val="0"/>
</and_exp></or_exp>
</condition>

<Node id="88" bw="0" op_0_bw="0">
<![CDATA[
.preheader.preheader:17  br label %.preheader

]]></Node>
<StgValue><ssdm name=""/></StgValue>
</operation>

<operation id="107" st_id="6" stage="1" lat="1">
<core>NULL</core>
<MemPortIdVec></MemPortIdVec>
<condition id="25">
<or_exp><and_exp><literal name="exitcond1" val="1"/>
</and_exp></or_exp>
</condition>

<Node id="124" bw="0" op_0_bw="0">
<![CDATA[
.preheader7.loopexit:0  br label %.preheader7

]]></Node>
<StgValue><ssdm name=""/></StgValue>
</operation>
</state>

<state id="7" st_id="7">

<operation id="108" st_id="7" stage="1" lat="1">
<core>NULL</core>
<MemPortIdVec></MemPortIdVec>
<condition id="26">
<or_exp><and_exp></and_exp></or_exp>
</condition>

<Node id="90" bw="32" op_0_bw="32" op_1_bw="0">
<![CDATA[
.preheader:0  %sum_2 = phi float [ %sum_15, %_ifconv ], [ %sum_1, %.preheader.preheader ]

]]></Node>
<StgValue><ssdm name="sum_2"/></StgValue>
</operation>

<operation id="109" st_id="7" stage="1" lat="1">
<core>NULL</core>
<MemPortIdVec></MemPortIdVec>
<condition id="26">
<or_exp><and_exp></and_exp></or_exp>
</condition>

<Node id="91" bw="2" op_0_bw="2" op_1_bw="0">
<![CDATA[
.preheader:1  %n = phi i2 [ %n_7, %_ifconv ], [ 0, %.preheader.preheader ]

]]></Node>
<StgValue><ssdm name="n"/></StgValue>
</operation>

<operation id="110" st_id="7" stage="1" lat="1">
<core>NULL</core>
<MemPortIdVec></MemPortIdVec>
<condition id="26">
<or_exp><and_exp></and_exp></or_exp>
</condition>

<Node id="92" bw="6" op_0_bw="2">
<![CDATA[
.preheader:2  %n_cast6 = zext i2 %n to i6

]]></Node>
<StgValue><ssdm name="n_cast6"/></StgValue>
</operation>

<operation id="111" st_id="7" stage="1" lat="1">
<core>Cmp</core>
<MemPortIdVec></MemPortIdVec>
<condition id="26">
<or_exp><and_exp></and_exp></or_exp>
</condition>

<Node id="93" bw="1" op_0_bw="2" op_1_bw="2">
<![CDATA[
.preheader:3  %exitcond = icmp eq i2 %n, -1

]]></Node>
<StgValue><ssdm name="exitcond"/></StgValue>
</operation>

<operation id="112" st_id="7" stage="1" lat="1">
<core>NULL</core>
<MemPortIdVec></MemPortIdVec>
<condition id="26">
<or_exp><and_exp></and_exp></or_exp>
</condition>

<Node id="94" bw="32" op_0_bw="32" op_1_bw="64" op_2_bw="64" op_3_bw="64">
<![CDATA[
.preheader:4  %empty_77 = call i32 (...)* @_ssdm_op_SpecLoopTripCount(i64 3, i64 3, i64 3)

]]></Node>
<StgValue><ssdm name="empty_77"/></StgValue>
</operation>

<operation id="113" st_id="7" stage="1" lat="1">
<core>AddSub</core>
<MemPortIdVec></MemPortIdVec>
<condition id="26">
<or_exp><and_exp></and_exp></or_exp>
</condition>

<Node id="95" bw="2" op_0_bw="2" op_1_bw="2">
<![CDATA[
.preheader:5  %n_7 = add i2 %n, 1

]]></Node>
<StgValue><ssdm name="n_7"/></StgValue>
</operation>

<operation id="114" st_id="7" stage="1" lat="1">
<core>NULL</core>
<MemPortIdVec></MemPortIdVec>
<condition id="26">
<or_exp><and_exp></and_exp></or_exp>
</condition>

<Node id="96" bw="0" op_0_bw="1" op_1_bw="0" op_2_bw="0">
<![CDATA[
.preheader:6  br i1 %exitcond, label %.preheader6.loopexit, label %_ifconv

]]></Node>
<StgValue><ssdm name=""/></StgValue>
</operation>

<operation id="115" st_id="7" stage="1" lat="1">
<core>NULL</core>
<MemPortIdVec></MemPortIdVec>
<condition id="28">
<or_exp><and_exp><literal name="exitcond" val="0"/>
</and_exp></or_exp>
</condition>

<Node id="98" bw="11" op_0_bw="2">
<![CDATA[
_ifconv:0  %tmp_111_cast = zext i2 %n to i11

]]></Node>
<StgValue><ssdm name="tmp_111_cast"/></StgValue>
</operation>

<operation id="116" st_id="7" stage="1" lat="1">
<core>AddSub</core>
<MemPortIdVec></MemPortIdVec>
<condition id="28">
<or_exp><and_exp><literal name="exitcond" val="0"/>
</and_exp></or_exp>
</condition>

<Node id="99" bw="11" op_0_bw="11" op_1_bw="11">
<![CDATA[
_ifconv:1  %tmp_175 = add i11 %tmp_173, %tmp_111_cast

]]></Node>
<StgValue><ssdm name="tmp_175"/></StgValue>
</operation>

<operation id="117" st_id="7" stage="1" lat="1">
<core>AddSub</core>
<MemPortIdVec></MemPortIdVec>
<condition id="28">
<or_exp><and_exp><literal name="exitcond" val="0"/>
</and_exp></or_exp>
</condition>

<Node id="103" bw="2" op_0_bw="2" op_1_bw="2">
<![CDATA[
_ifconv:5  %tmp2 = add i2 %n, -1

]]></Node>
<StgValue><ssdm name="tmp2"/></StgValue>
</operation>

<operation id="118" st_id="7" stage="1" lat="1">
<core>NULL</core>
<MemPortIdVec></MemPortIdVec>
<condition id="28">
<or_exp><and_exp><literal name="exitcond" val="0"/>
</and_exp></or_exp>
</condition>

<Node id="104" bw="7" op_0_bw="2">
<![CDATA[
_ifconv:6  %tmp2_cast = sext i2 %tmp2 to i7

]]></Node>
<StgValue><ssdm name="tmp2_cast"/></StgValue>
</operation>

<operation id="119" st_id="7" stage="1" lat="1">
<core>AddSub</core>
<MemPortIdVec></MemPortIdVec>
<condition id="28">
<or_exp><and_exp><literal name="exitcond" val="0"/>
</and_exp></or_exp>
</condition>

<Node id="105" bw="7" op_0_bw="7" op_1_bw="7">
<![CDATA[
_ifconv:7  %tmp_112 = add i7 %w_cast, %tmp2_cast

]]></Node>
<StgValue><ssdm name="tmp_112"/></StgValue>
</operation>

<operation id="120" st_id="7" stage="1" lat="1">
<core>NULL</core>
<MemPortIdVec></MemPortIdVec>
<condition id="28">
<or_exp><and_exp><literal name="exitcond" val="0"/>
</and_exp></or_exp>
</condition>

<Node id="106" bw="2" op_0_bw="2" op_1_bw="7" op_2_bw="32" op_3_bw="32">
<![CDATA[
_ifconv:8  %tmp_104 = call i2 @_ssdm_op_PartSelect.i2.i7.i32.i32(i7 %tmp_112, i32 5, i32 6)

]]></Node>
<StgValue><ssdm name="tmp_104"/></StgValue>
</operation>

<operation id="121" st_id="7" stage="1" lat="1">
<core>Cmp</core>
<MemPortIdVec></MemPortIdVec>
<condition id="28">
<or_exp><and_exp><literal name="exitcond" val="0"/>
</and_exp></or_exp>
</condition>

<Node id="107" bw="1" op_0_bw="2" op_1_bw="2">
<![CDATA[
_ifconv:9  %icmp5 = icmp ne i2 %tmp_104, 1

]]></Node>
<StgValue><ssdm name="icmp5"/></StgValue>
</operation>

<operation id="122" st_id="7" stage="1" lat="1">
<core>NULL</core>
<MemPortIdVec></MemPortIdVec>
<condition id="28">
<or_exp><and_exp><literal name="exitcond" val="0"/>
</and_exp></or_exp>
</condition>

<Node id="108" bw="13" op_0_bw="7">
<![CDATA[
_ifconv:10  %tmp_114_cast = sext i7 %tmp_112 to i13

]]></Node>
<StgValue><ssdm name="tmp_114_cast"/></StgValue>
</operation>

<operation id="123" st_id="7" stage="1" lat="1">
<core>AddSub</core>
<MemPortIdVec></MemPortIdVec>
<condition id="28">
<or_exp><and_exp><literal name="exitcond" val="0"/>
</and_exp></or_exp>
</condition>

<Node id="109" bw="13" op_0_bw="13" op_1_bw="13">
<![CDATA[
_ifconv:11  %tmp_176 = add i13 %tmp_288_cast, %tmp_114_cast

]]></Node>
<StgValue><ssdm name="tmp_176"/></StgValue>
</operation>

<operation id="124" st_id="7" stage="1" lat="1">
<core>Cmp</core>
<MemPortIdVec></MemPortIdVec>
<condition id="28">
<or_exp><and_exp><literal name="exitcond" val="0"/>
</and_exp></or_exp>
</condition>

<Node id="113" bw="1" op_0_bw="6" op_1_bw="6">
<![CDATA[
_ifconv:15  %notlhs = icmp ne i6 %n_cast6, %tmp_103

]]></Node>
<StgValue><ssdm name="notlhs"/></StgValue>
</operation>

<operation id="125" st_id="7" stage="1" lat="1">
<core>NULL</core>
<MemPortIdVec></MemPortIdVec>
<condition id="30">
<or_exp><and_exp><literal name="exitcond" val="1"/>
</and_exp></or_exp>
</condition>

<Node id="122" bw="0" op_0_bw="0">
<![CDATA[
.preheader6.loopexit:0  br label %.preheader6

]]></Node>
<StgValue><ssdm name=""/></StgValue>
</operation>
</state>

<state id="8" st_id="8">

<operation id="126" st_id="8" stage="1" lat="1">
<core>NULL</core>
<MemPortIdVec></MemPortIdVec>
<condition id="31">
<or_exp><and_exp></and_exp></or_exp>
</condition>

<Node id="100" bw="64" op_0_bw="11">
<![CDATA[
_ifconv:2  %tmp_289_cast = zext i11 %tmp_175 to i64

]]></Node>
<StgValue><ssdm name="tmp_289_cast"/></StgValue>
</operation>

<operation id="127" st_id="8" stage="1" lat="1">
<core>NULL</core>
<MemPortIdVec></MemPortIdVec>
<condition id="31">
<or_exp><and_exp></and_exp></or_exp>
</condition>

<Node id="101" bw="10" op_0_bw="32" op_1_bw="64" op_2_bw="64">
<![CDATA[
_ifconv:3  %weight_addr = getelementptr [648 x float]* %weight, i64 0, i64 %tmp_289_cast

]]></Node>
<StgValue><ssdm name="weight_addr"/></StgValue>
</operation>

<operation id="128" st_id="8" stage="2" lat="2">
<core>RAM</core>
<MemPortIdVec>0 </MemPortIdVec>
<condition id="31">
<or_exp><and_exp></and_exp></or_exp>
</condition>

<Node id="102" bw="32" op_0_bw="10">
<![CDATA[
_ifconv:4  %weight_load = load float* %weight_addr, align 4

]]></Node>
<StgValue><ssdm name="weight_load"/></StgValue>
</operation>

<operation id="129" st_id="8" stage="1" lat="1">
<core>NULL</core>
<MemPortIdVec></MemPortIdVec>
<condition id="31">
<or_exp><and_exp></and_exp></or_exp>
</condition>

<Node id="110" bw="64" op_0_bw="13">
<![CDATA[
_ifconv:12  %tmp_290_cast = zext i13 %tmp_176 to i64

]]></Node>
<StgValue><ssdm name="tmp_290_cast"/></StgValue>
</operation>

<operation id="130" st_id="8" stage="1" lat="1">
<core>NULL</core>
<MemPortIdVec></MemPortIdVec>
<condition id="31">
<or_exp><and_exp></and_exp></or_exp>
</condition>

<Node id="111" bw="12" op_0_bw="32" op_1_bw="64" op_2_bw="64">
<![CDATA[
_ifconv:13  %input_addr = getelementptr [3072 x float]* %input_r, i64 0, i64 %tmp_290_cast

]]></Node>
<StgValue><ssdm name="input_addr"/></StgValue>
</operation>

<operation id="131" st_id="8" stage="2" lat="2">
<core>RAM</core>
<MemPortIdVec>0 </MemPortIdVec>
<condition id="31">
<or_exp><and_exp></and_exp></or_exp>
</condition>

<Node id="112" bw="32" op_0_bw="12">
<![CDATA[
_ifconv:14  %input_load = load float* %input_addr, align 4

]]></Node>
<StgValue><ssdm name="input_load"/></StgValue>
</operation>
</state>

<state id="9" st_id="9">

<operation id="132" st_id="9" stage="1" lat="2">
<core>RAM</core>
<MemPortIdVec>0 </MemPortIdVec>
<condition id="32">
<or_exp><and_exp></and_exp></or_exp>
</condition>

<Node id="102" bw="32" op_0_bw="10">
<![CDATA[
_ifconv:4  %weight_load = load float* %weight_addr, align 4

]]></Node>
<StgValue><ssdm name="weight_load"/></StgValue>
</operation>

<operation id="133" st_id="9" stage="1" lat="2">
<core>RAM</core>
<MemPortIdVec>0 </MemPortIdVec>
<condition id="32">
<or_exp><and_exp></and_exp></or_exp>
</condition>

<Node id="112" bw="32" op_0_bw="12">
<![CDATA[
_ifconv:14  %input_load = load float* %input_addr, align 4

]]></Node>
<StgValue><ssdm name="input_load"/></StgValue>
</operation>

<operation id="134" st_id="9" stage="1" lat="1">
<core>LogicGate</core>
<MemPortIdVec></MemPortIdVec>
<condition id="32">
<or_exp><and_exp></and_exp></or_exp>
</condition>

<Node id="114" bw="1" op_0_bw="1" op_1_bw="1">
<![CDATA[
_ifconv:16  %tmp3 = and i1 %icmp, %notlhs

]]></Node>
<StgValue><ssdm name="tmp3"/></StgValue>
</operation>

<operation id="135" st_id="9" stage="1" lat="1">
<core>LogicGate</core>
<MemPortIdVec></MemPortIdVec>
<condition id="32">
<or_exp><and_exp></and_exp></or_exp>
</condition>

<Node id="115" bw="1" op_0_bw="1" op_1_bw="1">
<![CDATA[
_ifconv:17  %tmp4 = and i1 %tmp_108, %icmp5

]]></Node>
<StgValue><ssdm name="tmp4"/></StgValue>
</operation>

<operation id="136" st_id="9" stage="1" lat="1">
<core>LogicGate</core>
<MemPortIdVec></MemPortIdVec>
<condition id="32">
<or_exp><and_exp></and_exp></or_exp>
</condition>

<Node id="116" bw="1" op_0_bw="1" op_1_bw="1">
<![CDATA[
_ifconv:18  %sel_tmp2 = and i1 %tmp4, %tmp3

]]></Node>
<StgValue><ssdm name="sel_tmp2"/></StgValue>
</operation>

<operation id="137" st_id="9" stage="1" lat="1">
<core>Sel</core>
<MemPortIdVec></MemPortIdVec>
<condition id="32">
<or_exp><and_exp></and_exp></or_exp>
</condition>

<Node id="117" bw="32" op_0_bw="1" op_1_bw="32" op_2_bw="32">
<![CDATA[
_ifconv:19  %tmp_115 = select i1 %sel_tmp2, float %input_load, float 0.000000e+00

]]></Node>
<StgValue><ssdm name="tmp_115"/></StgValue>
</operation>
</state>

<state id="10" st_id="10">

<operation id="138" st_id="10" stage="4" lat="4">
<core>FMul</core>
<MemPortIdVec></MemPortIdVec>
<condition id="33">
<or_exp><and_exp></and_exp></or_exp>
</condition>

<Node id="118" bw="32" op_0_bw="32" op_1_bw="32">
<![CDATA[
_ifconv:20  %tmp_116 = fmul float %weight_load, %tmp_115

]]></Node>
<StgValue><ssdm name="tmp_116"/></StgValue>
</operation>
</state>

<state id="11" st_id="11">

<operation id="139" st_id="11" stage="3" lat="4">
<core>FMul</core>
<MemPortIdVec></MemPortIdVec>
<condition id="34">
<or_exp><and_exp></and_exp></or_exp>
</condition>

<Node id="118" bw="32" op_0_bw="32" op_1_bw="32">
<![CDATA[
_ifconv:20  %tmp_116 = fmul float %weight_load, %tmp_115

]]></Node>
<StgValue><ssdm name="tmp_116"/></StgValue>
</operation>
</state>

<state id="12" st_id="12">

<operation id="140" st_id="12" stage="2" lat="4">
<core>FMul</core>
<MemPortIdVec></MemPortIdVec>
<condition id="35">
<or_exp><and_exp></and_exp></or_exp>
</condition>

<Node id="118" bw="32" op_0_bw="32" op_1_bw="32">
<![CDATA[
_ifconv:20  %tmp_116 = fmul float %weight_load, %tmp_115

]]></Node>
<StgValue><ssdm name="tmp_116"/></StgValue>
</operation>
</state>

<state id="13" st_id="13">

<operation id="141" st_id="13" stage="1" lat="4">
<core>FMul</core>
<MemPortIdVec></MemPortIdVec>
<condition id="36">
<or_exp><and_exp></and_exp></or_exp>
</condition>

<Node id="118" bw="32" op_0_bw="32" op_1_bw="32">
<![CDATA[
_ifconv:20  %tmp_116 = fmul float %weight_load, %tmp_115

]]></Node>
<StgValue><ssdm name="tmp_116"/></StgValue>
</operation>
</state>

<state id="14" st_id="14">

<operation id="142" st_id="14" stage="5" lat="5">
<core>FAddSub</core>
<MemPortIdVec></MemPortIdVec>
<condition id="37">
<or_exp><and_exp></and_exp></or_exp>
</condition>

<Node id="119" bw="32" op_0_bw="32" op_1_bw="32">
<![CDATA[
_ifconv:21  %sum_15 = fadd float %sum_2, %tmp_116

]]></Node>
<StgValue><ssdm name="sum_15"/></StgValue>
</operation>
</state>

<state id="15" st_id="15">

<operation id="143" st_id="15" stage="4" lat="5">
<core>FAddSub</core>
<MemPortIdVec></MemPortIdVec>
<condition id="38">
<or_exp><and_exp></and_exp></or_exp>
</condition>

<Node id="119" bw="32" op_0_bw="32" op_1_bw="32">
<![CDATA[
_ifconv:21  %sum_15 = fadd float %sum_2, %tmp_116

]]></Node>
<StgValue><ssdm name="sum_15"/></StgValue>
</operation>
</state>

<state id="16" st_id="16">

<operation id="144" st_id="16" stage="3" lat="5">
<core>FAddSub</core>
<MemPortIdVec></MemPortIdVec>
<condition id="39">
<or_exp><and_exp></and_exp></or_exp>
</condition>

<Node id="119" bw="32" op_0_bw="32" op_1_bw="32">
<![CDATA[
_ifconv:21  %sum_15 = fadd float %sum_2, %tmp_116

]]></Node>
<StgValue><ssdm name="sum_15"/></StgValue>
</operation>
</state>

<state id="17" st_id="17">

<operation id="145" st_id="17" stage="2" lat="5">
<core>FAddSub</core>
<MemPortIdVec></MemPortIdVec>
<condition id="40">
<or_exp><and_exp></and_exp></or_exp>
</condition>

<Node id="119" bw="32" op_0_bw="32" op_1_bw="32">
<![CDATA[
_ifconv:21  %sum_15 = fadd float %sum_2, %tmp_116

]]></Node>
<StgValue><ssdm name="sum_15"/></StgValue>
</operation>
</state>

<state id="18" st_id="18">

<operation id="146" st_id="18" stage="1" lat="5">
<core>FAddSub</core>
<MemPortIdVec></MemPortIdVec>
<condition id="41">
<or_exp><and_exp></and_exp></or_exp>
</condition>

<Node id="119" bw="32" op_0_bw="32" op_1_bw="32">
<![CDATA[
_ifconv:21  %sum_15 = fadd float %sum_2, %tmp_116

]]></Node>
<StgValue><ssdm name="sum_15"/></StgValue>
</operation>

<operation id="147" st_id="18" stage="1" lat="1">
<core>NULL</core>
<MemPortIdVec></MemPortIdVec>
<condition id="41">
<or_exp><and_exp></and_exp></or_exp>
</condition>

<Node id="120" bw="0" op_0_bw="0">
<![CDATA[
_ifconv:22  br label %.preheader

]]></Node>
<StgValue><ssdm name=""/></StgValue>
</operation>
</state>

<state id="19" st_id="19">

<operation id="148" st_id="19" stage="1" lat="2">
<core>RAM</core>
<MemPortIdVec>0 </MemPortIdVec>
<condition id="42">
<or_exp><and_exp></and_exp></or_exp>
</condition>

<Node id="126" bw="32" op_0_bw="5">
<![CDATA[
:0  %bias_load = load float* %bias_addr, align 4

]]></Node>
<StgValue><ssdm name="bias_load"/></StgValue>
</operation>
</state>

<state id="20" st_id="20">

<operation id="149" st_id="20" stage="5" lat="5">
<core>FAddSub</core>
<MemPortIdVec></MemPortIdVec>
<condition id="43">
<or_exp><and_exp></and_exp></or_exp>
</condition>

<Node id="127" bw="32" op_0_bw="32" op_1_bw="32">
<![CDATA[
:1  %result = fadd float %sum, %bias_load

]]></Node>
<StgValue><ssdm name="result"/></StgValue>
</operation>
</state>

<state id="21" st_id="21">

<operation id="150" st_id="21" stage="4" lat="5">
<core>FAddSub</core>
<MemPortIdVec></MemPortIdVec>
<condition id="44">
<or_exp><and_exp></and_exp></or_exp>
</condition>

<Node id="127" bw="32" op_0_bw="32" op_1_bw="32">
<![CDATA[
:1  %result = fadd float %sum, %bias_load

]]></Node>
<StgValue><ssdm name="result"/></StgValue>
</operation>
</state>

<state id="22" st_id="22">

<operation id="151" st_id="22" stage="3" lat="5">
<core>FAddSub</core>
<MemPortIdVec></MemPortIdVec>
<condition id="45">
<or_exp><and_exp></and_exp></or_exp>
</condition>

<Node id="127" bw="32" op_0_bw="32" op_1_bw="32">
<![CDATA[
:1  %result = fadd float %sum, %bias_load

]]></Node>
<StgValue><ssdm name="result"/></StgValue>
</operation>
</state>

<state id="23" st_id="23">

<operation id="152" st_id="23" stage="2" lat="5">
<core>FAddSub</core>
<MemPortIdVec></MemPortIdVec>
<condition id="46">
<or_exp><and_exp></and_exp></or_exp>
</condition>

<Node id="127" bw="32" op_0_bw="32" op_1_bw="32">
<![CDATA[
:1  %result = fadd float %sum, %bias_load

]]></Node>
<StgValue><ssdm name="result"/></StgValue>
</operation>
</state>

<state id="24" st_id="24">

<operation id="153" st_id="24" stage="1" lat="5">
<core>FAddSub</core>
<MemPortIdVec></MemPortIdVec>
<condition id="47">
<or_exp><and_exp></and_exp></or_exp>
</condition>

<Node id="127" bw="32" op_0_bw="32" op_1_bw="32">
<![CDATA[
:1  %result = fadd float %sum, %bias_load

]]></Node>
<StgValue><ssdm name="result"/></StgValue>
</operation>
</state>

<state id="25" st_id="25">

<operation id="154" st_id="25" stage="1" lat="1">
<core>FCmp</core>
<MemPortIdVec></MemPortIdVec>
<condition id="48">
<or_exp><and_exp></and_exp></or_exp>
</condition>

<Node id="134" bw="1" op_0_bw="32" op_1_bw="32">
<![CDATA[
:8  %tmp_39 = fcmp ogt float %result, 0.000000e+00

]]></Node>
<StgValue><ssdm name="tmp_39"/></StgValue>
</operation>
</state>

<state id="26" st_id="26">

<operation id="155" st_id="26" stage="1" lat="1">
<core>NULL</core>
<MemPortIdVec></MemPortIdVec>
<condition id="49">
<or_exp><and_exp></and_exp></or_exp>
</condition>

<Node id="128" bw="32" op_0_bw="32">
<![CDATA[
:2  %result_to_int = bitcast float %result to i32

]]></Node>
<StgValue><ssdm name="result_to_int"/></StgValue>
</operation>

<operation id="156" st_id="26" stage="1" lat="1">
<core>NULL</core>
<MemPortIdVec></MemPortIdVec>
<condition id="49">
<or_exp><and_exp></and_exp></or_exp>
</condition>

<Node id="129" bw="8" op_0_bw="8" op_1_bw="32" op_2_bw="32" op_3_bw="32">
<![CDATA[
:3  %tmp_36 = call i8 @_ssdm_op_PartSelect.i8.i32.i32.i32(i32 %result_to_int, i32 23, i32 30)

]]></Node>
<StgValue><ssdm name="tmp_36"/></StgValue>
</operation>

<operation id="157" st_id="26" stage="1" lat="1">
<core>NULL</core>
<MemPortIdVec></MemPortIdVec>
<condition id="49">
<or_exp><and_exp></and_exp></or_exp>
</condition>

<Node id="130" bw="23" op_0_bw="32">
<![CDATA[
:4  %tmp_98 = trunc i32 %result_to_int to i23

]]></Node>
<StgValue><ssdm name="tmp_98"/></StgValue>
</operation>

<operation id="158" st_id="26" stage="1" lat="1">
<core>Cmp</core>
<MemPortIdVec></MemPortIdVec>
<condition id="49">
<or_exp><and_exp></and_exp></or_exp>
</condition>

<Node id="131" bw="1" op_0_bw="8" op_1_bw="8">
<![CDATA[
:5  %notlhs1 = icmp ne i8 %tmp_36, -1

]]></Node>
<StgValue><ssdm name="notlhs1"/></StgValue>
</operation>

<operation id="159" st_id="26" stage="1" lat="1">
<core>Cmp</core>
<MemPortIdVec></MemPortIdVec>
<condition id="49">
<or_exp><and_exp></and_exp></or_exp>
</condition>

<Node id="132" bw="1" op_0_bw="23" op_1_bw="23">
<![CDATA[
:6  %notrhs1 = icmp eq i23 %tmp_98, 0

]]></Node>
<StgValue><ssdm name="notrhs1"/></StgValue>
</operation>

<operation id="160" st_id="26" stage="1" lat="1">
<core>LogicGate</core>
<MemPortIdVec></MemPortIdVec>
<condition id="49">
<or_exp><and_exp></and_exp></or_exp>
</condition>

<Node id="133" bw="1" op_0_bw="1" op_1_bw="1">
<![CDATA[
:7  %tmp_38 = or i1 %notrhs1, %notlhs1

]]></Node>
<StgValue><ssdm name="tmp_38"/></StgValue>
</operation>

<operation id="161" st_id="26" stage="1" lat="1">
<core>LogicGate</core>
<MemPortIdVec></MemPortIdVec>
<condition id="49">
<or_exp><and_exp></and_exp></or_exp>
</condition>

<Node id="135" bw="1" op_0_bw="1" op_1_bw="1">
<![CDATA[
:9  %tmp_40 = and i1 %tmp_38, %tmp_39

]]></Node>
<StgValue><ssdm name="tmp_40"/></StgValue>
</operation>

<operation id="162" st_id="26" stage="1" lat="1">
<core>Sel</core>
<MemPortIdVec></MemPortIdVec>
<condition id="49">
<or_exp><and_exp></and_exp></or_exp>
</condition>

<Node id="136" bw="32" op_0_bw="1" op_1_bw="32" op_2_bw="32">
<![CDATA[
:10  %result_8 = select i1 %tmp_40, float %result, float 0.000000e+00

]]></Node>
<StgValue><ssdm name="result_8"/></StgValue>
</operation>

<operation id="163" st_id="26" stage="1" lat="1">
<core>NULL</core>
<MemPortIdVec></MemPortIdVec>
<condition id="49">
<or_exp><and_exp></and_exp></or_exp>
</condition>

<Node id="139" bw="64" op_0_bw="16">
<![CDATA[
:13  %tmp_277_cast = zext i16 %tmp_168 to i64

]]></Node>
<StgValue><ssdm name="tmp_277_cast"/></StgValue>
</operation>

<operation id="164" st_id="26" stage="1" lat="1">
<core>NULL</core>
<MemPortIdVec></MemPortIdVec>
<condition id="49">
<or_exp><and_exp></and_exp></or_exp>
</condition>

<Node id="140" bw="15" op_0_bw="32" op_1_bw="64" op_2_bw="64">
<![CDATA[
:14  %conv1_output_addr = getelementptr [24576 x float]* @conv1_output, i64 0, i64 %tmp_277_cast

]]></Node>
<StgValue><ssdm name="conv1_output_addr"/></StgValue>
</operation>

<operation id="165" st_id="26" stage="1" lat="1">
<core>RAM</core>
<MemPortIdVec>0 </MemPortIdVec>
<condition id="49">
<or_exp><and_exp></and_exp></or_exp>
</condition>

<Node id="141" bw="0" op_0_bw="32" op_1_bw="15">
<![CDATA[
:15  store float %result_8, float* %conv1_output_addr, align 4

]]></Node>
<StgValue><ssdm name=""/></StgValue>
</operation>

<operation id="166" st_id="26" stage="1" lat="1">
<core>NULL</core>
<MemPortIdVec></MemPortIdVec>
<condition id="49">
<or_exp><and_exp></and_exp></or_exp>
</condition>

<Node id="142" bw="0" op_0_bw="0">
<![CDATA[
:16  br label %.preheader8

]]></Node>
<StgValue><ssdm name=""/></StgValue>
</operation>
</state>
</state_list>


<ports>
<port id="200" name="input_r" dir="0" iftype="1">
<core>RAM</core><StgValue><ssdm name="input_r"/><MemPortTyVec>1 3 </MemPortTyVec>
</StgValue>
</port>
<port id="201" name="weight" dir="0" iftype="1">
<core>RAM</core><StgValue><ssdm name="weight"/><MemPortTyVec>1 3 </MemPortTyVec>
</StgValue>
</port>
<port id="202" name="bias" dir="0" iftype="1">
<core>RAM</core><StgValue><ssdm name="bias"/><MemPortTyVec>1 3 </MemPortTyVec>
</StgValue>
</port>
<port id="203" name="conv1_output" dir="1" iftype="1">
<core>RAM</core><StgValue><ssdm name="conv1_output"/><MemPortTyVec>0 3 </MemPortTyVec>
</StgValue>
</port>
</ports>


<dataflows>
<dataflow id="205" from="StgValue_204" to="co" fromId="204" toId="28">
<condition id="121">
<or_exp><and_exp></and_exp></or_exp>
</condition>
</dataflow>
<dataflow id="206" from="StgValue_27" to="co" fromId="27" toId="28">
</dataflow>
<dataflow id="207" from="co_17" to="co" fromId="31" toId="28">
<BackEdge/>
<condition id="122">
<or_exp><and_exp><literal name="exitcond4" val="1"/>
</and_exp></or_exp>
</condition>
</dataflow>
<dataflow id="208" from="StgValue_54" to="co" fromId="54" toId="28">
<BackEdge/>
</dataflow>
<dataflow id="209" from="co" to="exitcond5" fromId="28" toId="29">
</dataflow>
<dataflow id="211" from="StgValue_210" to="exitcond5" fromId="210" toId="29">
</dataflow>
<dataflow id="213" from="_ssdm_op_SpecLoopTripCount" to="empty" fromId="212" toId="30">
</dataflow>
<dataflow id="215" from="StgValue_214" to="empty" fromId="214" toId="30">
</dataflow>
<dataflow id="216" from="StgValue_214" to="empty" fromId="214" toId="30">
</dataflow>
<dataflow id="217" from="StgValue_214" to="empty" fromId="214" toId="30">
</dataflow>
<dataflow id="218" from="co" to="co_17" fromId="28" toId="31">
</dataflow>
<dataflow id="220" from="StgValue_219" to="co_17" fromId="219" toId="31">
</dataflow>
<dataflow id="221" from="exitcond5" to="StgValue_32" fromId="29" toId="32">
</dataflow>
<dataflow id="222" from="co" to="tmp" fromId="28" toId="33">
</dataflow>
<dataflow id="223" from="co" to="tmp_cast" fromId="28" toId="34">
</dataflow>
<dataflow id="225" from="_ssdm_op_BitConcatenate.i7.i5.i2" to="tmp_s" fromId="224" toId="35">
</dataflow>
<dataflow id="226" from="co" to="tmp_s" fromId="28" toId="35">
</dataflow>
<dataflow id="228" from="StgValue_227" to="tmp_s" fromId="227" toId="35">
</dataflow>
<dataflow id="229" from="tmp_s" to="p_shl_cast" fromId="35" toId="36">
</dataflow>
<dataflow id="230" from="p_shl_cast" to="tmp_165" fromId="36" toId="37">
</dataflow>
<dataflow id="231" from="tmp_cast" to="tmp_165" fromId="34" toId="37">
</dataflow>
<dataflow id="232" from="tmp_165" to="tmp_271_cast" fromId="37" toId="38">
</dataflow>
<dataflow id="234" from="_ssdm_op_BitConcatenate.i10.i5.i5" to="tmp_166" fromId="233" toId="39">
</dataflow>
<dataflow id="235" from="co" to="tmp_166" fromId="28" toId="39">
</dataflow>
<dataflow id="236" from="StgValue_204" to="tmp_166" fromId="204" toId="39">
</dataflow>
<dataflow id="237" from="tmp_166" to="tmp_273_cast" fromId="39" toId="40">
</dataflow>
<dataflow id="238" from="bias" to="bias_addr" fromId="202" toId="41">
</dataflow>
<dataflow id="240" from="StgValue_239" to="bias_addr" fromId="239" toId="41">
</dataflow>
<dataflow id="241" from="tmp" to="bias_addr" fromId="33" toId="41">
</dataflow>
<dataflow id="243" from="StgValue_242" to="h" fromId="242" toId="44">
<condition id="123">
<or_exp><and_exp><literal name="exitcond5" val="0"/>
</and_exp></or_exp>
</condition>
</dataflow>
<dataflow id="244" from="StgValue_42" to="h" fromId="42" toId="44">
</dataflow>
<dataflow id="245" from="h_17" to="h" fromId="48" toId="44">
<BackEdge/>
<condition id="124">
<or_exp><and_exp><literal name="exitcond3" val="1"/>
</and_exp></or_exp>
</condition>
</dataflow>
<dataflow id="246" from="StgValue_63" to="h" fromId="63" toId="44">
<BackEdge/>
</dataflow>
<dataflow id="247" from="h" to="h_cast" fromId="44" toId="45">
</dataflow>
<dataflow id="248" from="h" to="exitcond4" fromId="44" toId="46">
</dataflow>
<dataflow id="250" from="StgValue_249" to="exitcond4" fromId="249" toId="46">
</dataflow>
<dataflow id="251" from="_ssdm_op_SpecLoopTripCount" to="empty_72" fromId="212" toId="47">
</dataflow>
<dataflow id="253" from="StgValue_252" to="empty_72" fromId="252" toId="47">
</dataflow>
<dataflow id="254" from="StgValue_252" to="empty_72" fromId="252" toId="47">
</dataflow>
<dataflow id="255" from="StgValue_252" to="empty_72" fromId="252" toId="47">
</dataflow>
<dataflow id="256" from="h" to="h_17" fromId="44" toId="48">
</dataflow>
<dataflow id="258" from="StgValue_257" to="h_17" fromId="257" toId="48">
</dataflow>
<dataflow id="259" from="exitcond4" to="StgValue_49" fromId="46" toId="49">
</dataflow>
<dataflow id="260" from="h" to="tmp_cast_73" fromId="44" toId="50">
</dataflow>
<dataflow id="261" from="tmp_cast_73" to="tmp_167" fromId="50" toId="51">
</dataflow>
<dataflow id="262" from="tmp_273_cast" to="tmp_167" fromId="40" toId="51">
</dataflow>
<dataflow id="264" from="_ssdm_op_BitConcatenate.i16.i11.i5" to="tmp_276_cast" fromId="263" toId="52">
</dataflow>
<dataflow id="265" from="tmp_167" to="tmp_276_cast" fromId="51" toId="52">
</dataflow>
<dataflow id="266" from="StgValue_204" to="tmp_276_cast" fromId="204" toId="52">
</dataflow>
<dataflow id="267" from="w_17" to="w" fromId="59" toId="55">
<BackEdge/>
<condition id="125">
<or_exp><and_exp></and_exp></or_exp>
</condition>
</dataflow>
<dataflow id="268" from="StgValue_166" to="w" fromId="166" toId="55">
<BackEdge/>
</dataflow>
<dataflow id="269" from="StgValue_242" to="w" fromId="242" toId="55">
<condition id="126">
<or_exp><and_exp><literal name="exitcond4" val="0"/>
</and_exp></or_exp>
</condition>
</dataflow>
<dataflow id="270" from="StgValue_53" to="w" fromId="53" toId="55">
</dataflow>
<dataflow id="271" from="w" to="w_cast" fromId="55" toId="56">
</dataflow>
<dataflow id="272" from="w" to="exitcond3" fromId="55" toId="57">
</dataflow>
<dataflow id="273" from="StgValue_249" to="exitcond3" fromId="249" toId="57">
</dataflow>
<dataflow id="274" from="_ssdm_op_SpecLoopTripCount" to="empty_74" fromId="212" toId="58">
</dataflow>
<dataflow id="275" from="StgValue_252" to="empty_74" fromId="252" toId="58">
</dataflow>
<dataflow id="276" from="StgValue_252" to="empty_74" fromId="252" toId="58">
</dataflow>
<dataflow id="277" from="StgValue_252" to="empty_74" fromId="252" toId="58">
</dataflow>
<dataflow id="278" from="w" to="w_17" fromId="55" toId="59">
</dataflow>
<dataflow id="279" from="StgValue_257" to="w_17" fromId="257" toId="59">
</dataflow>
<dataflow id="280" from="exitcond3" to="StgValue_60" fromId="57" toId="60">
</dataflow>
<dataflow id="281" from="StgValue_242" to="tmp_103" fromId="242" toId="61">
</dataflow>
<dataflow id="282" from="w" to="tmp_103" fromId="55" toId="61">
</dataflow>
<dataflow id="284" from="StgValue_283" to="sum" fromId="283" toId="64">
<condition id="127">
<or_exp><and_exp><literal name="exitcond3" val="0"/>
</and_exp></or_exp>
</condition>
</dataflow>
<dataflow id="285" from="StgValue_62" to="sum" fromId="62" toId="64">
</dataflow>
<dataflow id="286" from="sum_1" to="sum" fromId="82" toId="64">
<BackEdge/>
<condition id="128">
<or_exp><and_exp><literal name="exitcond1" val="1"/>
</and_exp></or_exp>
</condition>
</dataflow>
<dataflow id="287" from="StgValue_107" to="sum" fromId="107" toId="64">
<BackEdge/>
</dataflow>
<dataflow id="288" from="StgValue_227" to="ci" fromId="227" toId="65">
<condition id="129">
<or_exp><and_exp><literal name="exitcond3" val="0"/>
</and_exp></or_exp>
</condition>
</dataflow>
<dataflow id="289" from="StgValue_62" to="ci" fromId="62" toId="65">
</dataflow>
<dataflow id="290" from="ci_8" to="ci" fromId="68" toId="65">
<BackEdge/>
<condition id="130">
<or_exp><and_exp><literal name="exitcond1" val="1"/>
</and_exp></or_exp>
</condition>
</dataflow>
<dataflow id="291" from="StgValue_107" to="ci" fromId="107" toId="65">
<BackEdge/>
</dataflow>
<dataflow id="292" from="ci" to="exitcond2" fromId="65" toId="66">
</dataflow>
<dataflow id="294" from="StgValue_293" to="exitcond2" fromId="293" toId="66">
</dataflow>
<dataflow id="295" from="_ssdm_op_SpecLoopTripCount" to="empty_75" fromId="212" toId="67">
</dataflow>
<dataflow id="297" from="StgValue_296" to="empty_75" fromId="296" toId="67">
</dataflow>
<dataflow id="298" from="StgValue_296" to="empty_75" fromId="296" toId="67">
</dataflow>
<dataflow id="299" from="StgValue_296" to="empty_75" fromId="296" toId="67">
</dataflow>
<dataflow id="300" from="ci" to="ci_8" fromId="65" toId="68">
</dataflow>
<dataflow id="302" from="StgValue_301" to="ci_8" fromId="301" toId="68">
</dataflow>
<dataflow id="303" from="exitcond2" to="StgValue_69" fromId="66" toId="69">
</dataflow>
<dataflow id="304" from="ci" to="tmp_105_cast" fromId="65" toId="70">
</dataflow>
<dataflow id="306" from="_ssdm_op_BitConcatenate.i7.i2.i5" to="tmp_169" fromId="305" toId="71">
</dataflow>
<dataflow id="307" from="ci" to="tmp_169" fromId="65" toId="71">
</dataflow>
<dataflow id="308" from="StgValue_204" to="tmp_169" fromId="204" toId="71">
</dataflow>
<dataflow id="309" from="tmp_169" to="tmp_279_cast" fromId="71" toId="72">
</dataflow>
<dataflow id="310" from="tmp_105_cast" to="tmp_170" fromId="70" toId="73">
</dataflow>
<dataflow id="311" from="tmp_271_cast" to="tmp_170" fromId="38" toId="73">
</dataflow>
<dataflow id="312" from="tmp_170" to="tmp_280_cast" fromId="73" toId="74">
</dataflow>
<dataflow id="314" from="_ssdm_op_BitConcatenate.i11.i9.i2" to="tmp_99" fromId="313" toId="75">
</dataflow>
<dataflow id="315" from="tmp_170" to="tmp_99" fromId="73" toId="75">
</dataflow>
<dataflow id="316" from="StgValue_227" to="tmp_99" fromId="227" toId="75">
</dataflow>
<dataflow id="317" from="tmp_99" to="p_shl1" fromId="75" toId="76">
</dataflow>
<dataflow id="318" from="p_shl1" to="tmp_171" fromId="76" toId="77">
</dataflow>
<dataflow id="319" from="tmp_280_cast" to="tmp_171" fromId="74" toId="77">
</dataflow>
<dataflow id="320" from="bias_addr" to="bias_load" fromId="41" toId="79">
</dataflow>
<dataflow id="321" from="w" to="tmp_104_cast" fromId="55" toId="80">
</dataflow>
<dataflow id="322" from="tmp_276_cast" to="tmp_168" fromId="52" toId="81">
</dataflow>
<dataflow id="323" from="tmp_104_cast" to="tmp_168" fromId="80" toId="81">
</dataflow>
<dataflow id="324" from="sum" to="sum_1" fromId="64" toId="82">
<condition id="131">
<or_exp><and_exp><literal name="exitcond2" val="0"/>
</and_exp></or_exp>
</condition>
</dataflow>
<dataflow id="325" from="StgValue_78" to="sum_1" fromId="78" toId="82">
</dataflow>
<dataflow id="326" from="sum_2" to="sum_1" fromId="108" toId="82">
<BackEdge/>
<condition id="132">
<or_exp><and_exp><literal name="exitcond" val="1"/>
</and_exp></or_exp>
</condition>
</dataflow>
<dataflow id="327" from="StgValue_125" to="sum_1" fromId="125" toId="82">
<BackEdge/>
</dataflow>
<dataflow id="328" from="StgValue_227" to="m" fromId="227" toId="83">
<condition id="133">
<or_exp><and_exp><literal name="exitcond2" val="0"/>
</and_exp></or_exp>
</condition>
</dataflow>
<dataflow id="329" from="StgValue_78" to="m" fromId="78" toId="83">
</dataflow>
<dataflow id="330" from="m_7" to="m" fromId="87" toId="83">
<BackEdge/>
<condition id="134">
<or_exp><and_exp><literal name="exitcond" val="1"/>
</and_exp></or_exp>
</condition>
</dataflow>
<dataflow id="331" from="StgValue_125" to="m" fromId="125" toId="83">
<BackEdge/>
</dataflow>
<dataflow id="332" from="m" to="m_cast8_cast" fromId="83" toId="84">
</dataflow>
<dataflow id="333" from="m" to="exitcond1" fromId="83" toId="85">
</dataflow>
<dataflow id="334" from="StgValue_293" to="exitcond1" fromId="293" toId="85">
</dataflow>
<dataflow id="335" from="_ssdm_op_SpecLoopTripCount" to="empty_76" fromId="212" toId="86">
</dataflow>
<dataflow id="336" from="StgValue_296" to="empty_76" fromId="296" toId="86">
</dataflow>
<dataflow id="337" from="StgValue_296" to="empty_76" fromId="296" toId="86">
</dataflow>
<dataflow id="338" from="StgValue_296" to="empty_76" fromId="296" toId="86">
</dataflow>
<dataflow id="339" from="m" to="m_7" fromId="83" toId="87">
</dataflow>
<dataflow id="340" from="StgValue_301" to="m_7" fromId="301" toId="87">
</dataflow>
<dataflow id="341" from="exitcond1" to="StgValue_88" fromId="85" toId="88">
</dataflow>
<dataflow id="342" from="m" to="tmp_106" fromId="83" toId="89">
</dataflow>
<dataflow id="343" from="tmp_106" to="tmp_172" fromId="89" toId="90">
</dataflow>
<dataflow id="344" from="tmp_171" to="tmp_172" fromId="77" toId="90">
</dataflow>
<dataflow id="345" from="tmp_172" to="tmp_100" fromId="90" toId="91">
</dataflow>
<dataflow id="346" from="tmp_172" to="tmp_101" fromId="90" toId="92">
</dataflow>
<dataflow id="347" from="_ssdm_op_BitConcatenate.i11.i9.i2" to="p_shl2_cast" fromId="313" toId="93">
</dataflow>
<dataflow id="348" from="tmp_101" to="p_shl2_cast" fromId="92" toId="93">
</dataflow>
<dataflow id="349" from="StgValue_227" to="p_shl2_cast" fromId="227" toId="93">
</dataflow>
<dataflow id="350" from="p_shl2_cast" to="tmp_173" fromId="93" toId="94">
</dataflow>
<dataflow id="351" from="tmp_100" to="tmp_173" fromId="91" toId="94">
</dataflow>
<dataflow id="353" from="StgValue_352" to="tmp_107" fromId="352" toId="95">
</dataflow>
<dataflow id="354" from="m_cast8_cast" to="tmp_107" fromId="84" toId="95">
</dataflow>
<dataflow id="355" from="tmp_107" to="tmp_107_cast" fromId="95" toId="96">
</dataflow>
<dataflow id="356" from="h" to="tmp_108" fromId="44" toId="97">
</dataflow>
<dataflow id="357" from="tmp_107_cast" to="tmp_108" fromId="96" toId="97">
</dataflow>
<dataflow id="358" from="StgValue_293" to="tmp1" fromId="293" toId="98">
</dataflow>
<dataflow id="359" from="m" to="tmp1" fromId="83" toId="98">
</dataflow>
<dataflow id="360" from="tmp1" to="tmp1_cast" fromId="98" toId="99">
</dataflow>
<dataflow id="361" from="tmp1_cast" to="tmp_109" fromId="99" toId="100">
</dataflow>
<dataflow id="362" from="h_cast" to="tmp_109" fromId="45" toId="100">
</dataflow>
<dataflow id="363" from="tmp_109" to="tmp_110_cast" fromId="100" toId="101">
</dataflow>
<dataflow id="364" from="tmp_110_cast" to="tmp_174" fromId="101" toId="102">
</dataflow>
<dataflow id="365" from="tmp_279_cast" to="tmp_174" fromId="72" toId="102">
</dataflow>
<dataflow id="367" from="_ssdm_op_BitConcatenate.i13.i8.i5" to="tmp_288_cast" fromId="366" toId="103">
</dataflow>
<dataflow id="368" from="tmp_174" to="tmp_288_cast" fromId="102" toId="103">
</dataflow>
<dataflow id="369" from="StgValue_204" to="tmp_288_cast" fromId="204" toId="103">
</dataflow>
<dataflow id="371" from="_ssdm_op_PartSelect.i2.i7.i32.i32" to="tmp_102" fromId="370" toId="104">
</dataflow>
<dataflow id="372" from="tmp_109" to="tmp_102" fromId="100" toId="104">
</dataflow>
<dataflow id="374" from="StgValue_373" to="tmp_102" fromId="373" toId="104">
</dataflow>
<dataflow id="376" from="StgValue_375" to="tmp_102" fromId="375" toId="104">
</dataflow>
<dataflow id="377" from="tmp_102" to="icmp" fromId="104" toId="105">
</dataflow>
<dataflow id="378" from="StgValue_301" to="icmp" fromId="301" toId="105">
</dataflow>
<dataflow id="379" from="sum_15" to="sum_2" fromId="146" toId="108">
<BackEdge/>
<condition id="135">
<or_exp><and_exp></and_exp></or_exp>
</condition>
</dataflow>
<dataflow id="380" from="StgValue_147" to="sum_2" fromId="147" toId="108">
<BackEdge/>
</dataflow>
<dataflow id="381" from="sum_1" to="sum_2" fromId="82" toId="108">
<condition id="136">
<or_exp><and_exp><literal name="exitcond1" val="0"/>
</and_exp></or_exp>
</condition>
</dataflow>
<dataflow id="382" from="StgValue_106" to="sum_2" fromId="106" toId="108">
</dataflow>
<dataflow id="383" from="n_7" to="n" fromId="113" toId="109">
<BackEdge/>
<condition id="137">
<or_exp><and_exp></and_exp></or_exp>
</condition>
</dataflow>
<dataflow id="384" from="StgValue_147" to="n" fromId="147" toId="109">
<BackEdge/>
</dataflow>
<dataflow id="385" from="StgValue_227" to="n" fromId="227" toId="109">
<condition id="138">
<or_exp><and_exp><literal name="exitcond1" val="0"/>
</and_exp></or_exp>
</condition>
</dataflow>
<dataflow id="386" from="StgValue_106" to="n" fromId="106" toId="109">
</dataflow>
<dataflow id="387" from="n" to="n_cast6" fromId="109" toId="110">
</dataflow>
<dataflow id="388" from="n" to="exitcond" fromId="109" toId="111">
</dataflow>
<dataflow id="389" from="StgValue_293" to="exitcond" fromId="293" toId="111">
</dataflow>
<dataflow id="390" from="_ssdm_op_SpecLoopTripCount" to="empty_77" fromId="212" toId="112">
</dataflow>
<dataflow id="391" from="StgValue_296" to="empty_77" fromId="296" toId="112">
</dataflow>
<dataflow id="392" from="StgValue_296" to="empty_77" fromId="296" toId="112">
</dataflow>
<dataflow id="393" from="StgValue_296" to="empty_77" fromId="296" toId="112">
</dataflow>
<dataflow id="394" from="n" to="n_7" fromId="109" toId="113">
</dataflow>
<dataflow id="395" from="StgValue_301" to="n_7" fromId="301" toId="113">
</dataflow>
<dataflow id="396" from="exitcond" to="StgValue_114" fromId="111" toId="114">
</dataflow>
<dataflow id="397" from="n" to="tmp_111_cast" fromId="109" toId="115">
</dataflow>
<dataflow id="398" from="tmp_173" to="tmp_175" fromId="94" toId="116">
</dataflow>
<dataflow id="399" from="tmp_111_cast" to="tmp_175" fromId="115" toId="116">
</dataflow>
<dataflow id="400" from="n" to="tmp2" fromId="109" toId="117">
</dataflow>
<dataflow id="401" from="StgValue_293" to="tmp2" fromId="293" toId="117">
</dataflow>
<dataflow id="402" from="tmp2" to="tmp2_cast" fromId="117" toId="118">
</dataflow>
<dataflow id="403" from="w_cast" to="tmp_112" fromId="56" toId="119">
</dataflow>
<dataflow id="404" from="tmp2_cast" to="tmp_112" fromId="118" toId="119">
</dataflow>
<dataflow id="405" from="_ssdm_op_PartSelect.i2.i7.i32.i32" to="tmp_104" fromId="370" toId="120">
</dataflow>
<dataflow id="406" from="tmp_112" to="tmp_104" fromId="119" toId="120">
</dataflow>
<dataflow id="407" from="StgValue_373" to="tmp_104" fromId="373" toId="120">
</dataflow>
<dataflow id="408" from="StgValue_375" to="tmp_104" fromId="375" toId="120">
</dataflow>
<dataflow id="409" from="tmp_104" to="icmp5" fromId="120" toId="121">
</dataflow>
<dataflow id="410" from="StgValue_301" to="icmp5" fromId="301" toId="121">
</dataflow>
<dataflow id="411" from="tmp_112" to="tmp_114_cast" fromId="119" toId="122">
</dataflow>
<dataflow id="412" from="tmp_288_cast" to="tmp_176" fromId="103" toId="123">
</dataflow>
<dataflow id="413" from="tmp_114_cast" to="tmp_176" fromId="122" toId="123">
</dataflow>
<dataflow id="414" from="n_cast6" to="notlhs" fromId="110" toId="124">
</dataflow>
<dataflow id="415" from="tmp_103" to="notlhs" fromId="61" toId="124">
</dataflow>
<dataflow id="416" from="tmp_175" to="tmp_289_cast" fromId="116" toId="126">
</dataflow>
<dataflow id="417" from="weight" to="weight_addr" fromId="201" toId="127">
</dataflow>
<dataflow id="418" from="StgValue_239" to="weight_addr" fromId="239" toId="127">
</dataflow>
<dataflow id="419" from="tmp_289_cast" to="weight_addr" fromId="126" toId="127">
</dataflow>
<dataflow id="420" from="weight_addr" to="weight_load" fromId="127" toId="128">
</dataflow>
<dataflow id="421" from="tmp_176" to="tmp_290_cast" fromId="123" toId="129">
</dataflow>
<dataflow id="422" from="input_r" to="input_addr" fromId="200" toId="130">
</dataflow>
<dataflow id="423" from="StgValue_239" to="input_addr" fromId="239" toId="130">
</dataflow>
<dataflow id="424" from="tmp_290_cast" to="input_addr" fromId="129" toId="130">
</dataflow>
<dataflow id="425" from="input_addr" to="input_load" fromId="130" toId="131">
</dataflow>
<dataflow id="426" from="weight_addr" to="weight_load" fromId="127" toId="132">
</dataflow>
<dataflow id="427" from="input_addr" to="input_load" fromId="130" toId="133">
</dataflow>
<dataflow id="428" from="icmp" to="tmp3" fromId="105" toId="134">
</dataflow>
<dataflow id="429" from="notlhs" to="tmp3" fromId="124" toId="134">
</dataflow>
<dataflow id="430" from="tmp_108" to="tmp4" fromId="97" toId="135">
</dataflow>
<dataflow id="431" from="icmp5" to="tmp4" fromId="121" toId="135">
</dataflow>
<dataflow id="432" from="tmp4" to="sel_tmp2" fromId="135" toId="136">
</dataflow>
<dataflow id="433" from="tmp3" to="sel_tmp2" fromId="134" toId="136">
</dataflow>
<dataflow id="434" from="sel_tmp2" to="tmp_115" fromId="136" toId="137">
</dataflow>
<dataflow id="435" from="input_load" to="tmp_115" fromId="133" toId="137">
</dataflow>
<dataflow id="436" from="StgValue_283" to="tmp_115" fromId="283" toId="137">
</dataflow>
<dataflow id="437" from="weight_load" to="tmp_116" fromId="132" toId="138">
</dataflow>
<dataflow id="438" from="tmp_115" to="tmp_116" fromId="137" toId="138">
</dataflow>
<dataflow id="439" from="weight_load" to="tmp_116" fromId="132" toId="139">
</dataflow>
<dataflow id="440" from="tmp_115" to="tmp_116" fromId="137" toId="139">
</dataflow>
<dataflow id="441" from="weight_load" to="tmp_116" fromId="132" toId="140">
</dataflow>
<dataflow id="442" from="tmp_115" to="tmp_116" fromId="137" toId="140">
</dataflow>
<dataflow id="443" from="weight_load" to="tmp_116" fromId="132" toId="141">
</dataflow>
<dataflow id="444" from="tmp_115" to="tmp_116" fromId="137" toId="141">
</dataflow>
<dataflow id="445" from="sum_2" to="sum_15" fromId="108" toId="142">
</dataflow>
<dataflow id="446" from="tmp_116" to="sum_15" fromId="141" toId="142">
</dataflow>
<dataflow id="447" from="sum_2" to="sum_15" fromId="108" toId="143">
</dataflow>
<dataflow id="448" from="tmp_116" to="sum_15" fromId="141" toId="143">
</dataflow>
<dataflow id="449" from="sum_2" to="sum_15" fromId="108" toId="144">
</dataflow>
<dataflow id="450" from="tmp_116" to="sum_15" fromId="141" toId="144">
</dataflow>
<dataflow id="451" from="sum_2" to="sum_15" fromId="108" toId="145">
</dataflow>
<dataflow id="452" from="tmp_116" to="sum_15" fromId="141" toId="145">
</dataflow>
<dataflow id="453" from="sum_2" to="sum_15" fromId="108" toId="146">
</dataflow>
<dataflow id="454" from="tmp_116" to="sum_15" fromId="141" toId="146">
</dataflow>
<dataflow id="455" from="bias_addr" to="bias_load" fromId="41" toId="148">
</dataflow>
<dataflow id="456" from="sum" to="result" fromId="64" toId="149">
</dataflow>
<dataflow id="457" from="bias_load" to="result" fromId="148" toId="149">
</dataflow>
<dataflow id="458" from="sum" to="result" fromId="64" toId="150">
</dataflow>
<dataflow id="459" from="bias_load" to="result" fromId="148" toId="150">
</dataflow>
<dataflow id="460" from="sum" to="result" fromId="64" toId="151">
</dataflow>
<dataflow id="461" from="bias_load" to="result" fromId="148" toId="151">
</dataflow>
<dataflow id="462" from="sum" to="result" fromId="64" toId="152">
</dataflow>
<dataflow id="463" from="bias_load" to="result" fromId="148" toId="152">
</dataflow>
<dataflow id="464" from="sum" to="result" fromId="64" toId="153">
</dataflow>
<dataflow id="465" from="bias_load" to="result" fromId="148" toId="153">
</dataflow>
<dataflow id="466" from="result" to="tmp_39" fromId="153" toId="154">
</dataflow>
<dataflow id="467" from="StgValue_283" to="tmp_39" fromId="283" toId="154">
</dataflow>
<dataflow id="468" from="result" to="result_to_int" fromId="153" toId="155">
</dataflow>
<dataflow id="470" from="_ssdm_op_PartSelect.i8.i32.i32.i32" to="tmp_36" fromId="469" toId="156">
</dataflow>
<dataflow id="471" from="result_to_int" to="tmp_36" fromId="155" toId="156">
</dataflow>
<dataflow id="473" from="StgValue_472" to="tmp_36" fromId="472" toId="156">
</dataflow>
<dataflow id="475" from="StgValue_474" to="tmp_36" fromId="474" toId="156">
</dataflow>
<dataflow id="476" from="result_to_int" to="tmp_98" fromId="155" toId="157">
</dataflow>
<dataflow id="477" from="tmp_36" to="notlhs1" fromId="156" toId="158">
</dataflow>
<dataflow id="479" from="StgValue_478" to="notlhs1" fromId="478" toId="158">
</dataflow>
<dataflow id="480" from="tmp_98" to="notrhs1" fromId="157" toId="159">
</dataflow>
<dataflow id="482" from="StgValue_481" to="notrhs1" fromId="481" toId="159">
</dataflow>
<dataflow id="483" from="notrhs1" to="tmp_38" fromId="159" toId="160">
</dataflow>
<dataflow id="484" from="notlhs1" to="tmp_38" fromId="158" toId="160">
</dataflow>
<dataflow id="485" from="tmp_38" to="tmp_40" fromId="160" toId="161">
</dataflow>
<dataflow id="486" from="tmp_39" to="tmp_40" fromId="154" toId="161">
</dataflow>
<dataflow id="487" from="tmp_40" to="result_8" fromId="161" toId="162">
</dataflow>
<dataflow id="488" from="result" to="result_8" fromId="153" toId="162">
</dataflow>
<dataflow id="489" from="StgValue_283" to="result_8" fromId="283" toId="162">
</dataflow>
<dataflow id="490" from="tmp_168" to="tmp_277_cast" fromId="81" toId="163">
</dataflow>
<dataflow id="491" from="conv1_output" to="conv1_output_addr" fromId="203" toId="164">
</dataflow>
<dataflow id="492" from="StgValue_239" to="conv1_output_addr" fromId="239" toId="164">
</dataflow>
<dataflow id="493" from="tmp_277_cast" to="conv1_output_addr" fromId="163" toId="164">
</dataflow>
<dataflow id="494" from="result_8" to="StgValue_165" fromId="162" toId="165">
</dataflow>
<dataflow id="495" from="conv1_output_addr" to="StgValue_165" fromId="164" toId="165">
</dataflow>
<dataflow id="496" from="exitcond5" to="StgValue_2" fromId="29" toId="2">
</dataflow>
<dataflow id="497" from="exitcond4" to="StgValue_3" fromId="46" toId="3">
</dataflow>
<dataflow id="498" from="exitcond3" to="StgValue_4" fromId="57" toId="4">
</dataflow>
<dataflow id="499" from="exitcond2" to="StgValue_5" fromId="66" toId="5">
</dataflow>
<dataflow id="500" from="exitcond1" to="StgValue_6" fromId="85" toId="6">
</dataflow>
<dataflow id="501" from="exitcond" to="StgValue_7" fromId="111" toId="7">
</dataflow>
</dataflows>


</stg>
