<stg><name>conv1</name>


<trans_list>

<trans id="167" from="1" to="2">
<condition id="51">
<or_exp><and_exp></and_exp></or_exp>
</condition>
</trans>

<trans id="168" from="2" to="3">
<condition id="53">
<or_exp><and_exp><literal name="exitcond5" val="0"/>
</and_exp></or_exp>
</condition>
</trans>

<trans id="169" from="3" to="4">
<condition id="55">
<or_exp><and_exp><literal name="exitcond4" val="0"/>
</and_exp></or_exp>
</condition>
</trans>

<trans id="199" from="3" to="2">
<condition id="94">
<or_exp><and_exp><literal name="exitcond4" val="1"/>
</and_exp></or_exp>
</condition>
</trans>

<trans id="170" from="4" to="5">
<condition id="57">
<or_exp><and_exp><literal name="exitcond3" val="0"/>
</and_exp></or_exp>
</condition>
</trans>

<trans id="198" from="4" to="3">
<condition id="92">
<or_exp><and_exp><literal name="exitcond3" val="1"/>
</and_exp></or_exp>
</condition>
</trans>

<trans id="171" from="5" to="19">
<condition id="58">
<or_exp><and_exp><literal name="exitcond2" val="1"/>
</and_exp></or_exp>
</condition>
</trans>

<trans id="172" from="5" to="6">
<condition id="60">
<or_exp><and_exp><literal name="exitcond2" val="0"/>
</and_exp></or_exp>
</condition>
</trans>

<trans id="173" from="6" to="7">
<condition id="62">
<or_exp><and_exp><literal name="exitcond1" val="0"/>
</and_exp></or_exp>
</condition>
</trans>

<trans id="188" from="6" to="5">
<condition id="80">
<or_exp><and_exp><literal name="exitcond1" val="1"/>
</and_exp></or_exp>
</condition>
</trans>

<trans id="174" from="7" to="8">
<condition id="63">
<or_exp><and_exp><literal name="exitcond" val="0"/>
</and_exp></or_exp>
</condition>
</trans>

<trans id="187" from="7" to="6">
<condition id="78">
<or_exp><and_exp><literal name="exitcond" val="1"/>
</and_exp></or_exp>
</condition>
</trans>

<trans id="176" from="8" to="9">
<condition id="65">
<or_exp><and_exp></and_exp></or_exp>
</condition>
</trans>

<trans id="177" from="9" to="10">
<condition id="66">
<or_exp><and_exp></and_exp></or_exp>
</condition>
</trans>

<trans id="178" from="10" to="11">
<condition id="67">
<or_exp><and_exp></and_exp></or_exp>
</condition>
</trans>

<trans id="179" from="11" to="12">
<condition id="68">
<or_exp><and_exp></and_exp></or_exp>
</condition>
</trans>

<trans id="180" from="12" to="13">
<condition id="69">
<or_exp><and_exp></and_exp></or_exp>
</condition>
</trans>

<trans id="181" from="13" to="14">
<condition id="70">
<or_exp><and_exp></and_exp></or_exp>
</condition>
</trans>

<trans id="182" from="14" to="15">
<condition id="71">
<or_exp><and_exp></and_exp></or_exp>
</condition>
</trans>

<trans id="183" from="15" to="16">
<condition id="72">
<or_exp><and_exp></and_exp></or_exp>
</condition>
</trans>

<trans id="184" from="16" to="17">
<condition id="73">
<or_exp><and_exp></and_exp></or_exp>
</condition>
</trans>

<trans id="185" from="17" to="18">
<condition id="74">
<or_exp><and_exp></and_exp></or_exp>
</condition>
</trans>

<trans id="186" from="18" to="7">
<condition id="76">
<or_exp><and_exp></and_exp></or_exp>
</condition>
</trans>

<trans id="190" from="19" to="20">
<condition id="82">
<or_exp><and_exp></and_exp></or_exp>
</condition>
</trans>

<trans id="191" from="20" to="21">
<condition id="83">
<or_exp><and_exp></and_exp></or_exp>
</condition>
</trans>

<trans id="192" from="21" to="22">
<condition id="84">
<or_exp><and_exp></and_exp></or_exp>
</condition>
</trans>

<trans id="193" from="22" to="23">
<condition id="85">
<or_exp><and_exp></and_exp></or_exp>
</condition>
</trans>

<trans id="194" from="23" to="24">
<condition id="86">
<or_exp><and_exp></and_exp></or_exp>
</condition>
</trans>

<trans id="195" from="24" to="25">
<condition id="87">
<or_exp><and_exp></and_exp></or_exp>
</condition>
</trans>

<trans id="196" from="25" to="26">
<condition id="88">
<or_exp><and_exp></and_exp></or_exp>
</condition>
</trans>

<trans id="197" from="26" to="4">
<condition id="90">
<or_exp><and_exp></and_exp></or_exp>
</condition>
</trans>
</trans_list>



<state_list>

<state id="1" st_id="1">

<operation id="27" st_id="1" stage="1" lat="1">
<core>NULL</core>
<MemPortIdVec></MemPortIdVec>
<condition id="0">
<or_exp><and_exp></and_exp></or_exp>
</condition>

<Node id="5" bw="0" op_0_bw="0">
<![CDATA[
:0  br label %.loopexit

]]></Node>
<StgValue><ssdm name=""/></StgValue>
</operation>
</state>

<state id="2" st_id="2">

<operation id="28" st_id="2" stage="1" lat="1">
<core>NULL</core>
<MemPortIdVec></MemPortIdVec>
<condition id="1">
<or_exp><and_exp></and_exp></or_exp>
</condition>

<Node id="7" bw="5" op_0_bw="5" op_1_bw="0">
<![CDATA[
.loopexit:0  %co = phi i5 [ 0, %0 ], [ %co_17, %.loopexit.loopexit ]

]]></Node>
<StgValue><ssdm name="co"/></StgValue>
</operation>

<operation id="29" st_id="2" stage="1" lat="1">
<core>Cmp</core>
<MemPortIdVec></MemPortIdVec>
<condition id="1">
<or_exp><and_exp></and_exp></or_exp>
</condition>

<Node id="8" bw="1" op_0_bw="5" op_1_bw="5">
<![CDATA[
.loopexit:1  %exitcond5 = icmp eq i5 %co, -8

]]></Node>
<StgValue><ssdm name="exitcond5"/></StgValue>
</operation>

<operation id="30" st_id="2" stage="1" lat="1">
<core>NULL</core>
<MemPortIdVec></MemPortIdVec>
<condition id="1">
<or_exp><and_exp></and_exp></or_exp>
</condition>

<Node id="9" bw="32" op_0_bw="32" op_1_bw="64" op_2_bw="64" op_3_bw="64">
<![CDATA[
.loopexit:2  %empty = call i32 (...)* @_ssdm_op_SpecLoopTripCount(i64 24, i64 24, i64 24)

]]></Node>
<StgValue><ssdm name="empty"/></StgValue>
</operation>

<operation id="31" st_id="2" stage="1" lat="1">
<core>AddSub</core>
<MemPortIdVec></MemPortIdVec>
<condition id="1">
<or_exp><and_exp></and_exp></or_exp>
</condition>

<Node id="10" bw="5" op_0_bw="5" op_1_bw="5">
<![CDATA[
.loopexit:3  %co_17 = add i5 %co, 1

]]></Node>
<StgValue><ssdm name="co_17"/></StgValue>
</operation>

<operation id="32" st_id="2" stage="1" lat="1">
<core>NULL</core>
<MemPortIdVec></MemPortIdVec>
<condition id="1">
<or_exp><and_exp></and_exp></or_exp>
</condition>

<Node id="11" bw="0" op_0_bw="1" op_1_bw="0" op_2_bw="0">
<![CDATA[
.loopexit:4  br i1 %exitcond5, label %2, label %.preheader9.preheader

]]></Node>
<StgValue><ssdm name=""/></StgValue>
</operation>

<operation id="33" st_id="2" stage="1" lat="1">
<core>NULL</core>
<MemPortIdVec></MemPortIdVec>
<condition id="3">
<or_exp><and_exp><literal name="exitcond5" val="0"/>
</and_exp></or_exp>
</condition>

<Node id="13" bw="64" op_0_bw="5">
<![CDATA[
.preheader9.preheader:0  %tmp = zext i5 %co to i64

]]></Node>
<StgValue><ssdm name="tmp"/></StgValue>
</operation>

<operation id="34" st_id="2" stage="1" lat="1">
<core>NULL</core>
<MemPortIdVec></MemPortIdVec>
<condition id="3">
<or_exp><and_exp><literal name="exitcond5" val="0"/>
</and_exp></or_exp>
</condition>

<Node id="14" bw="8" op_0_bw="5">
<![CDATA[
.preheader9.preheader:1  %tmp_cast = zext i5 %co to i8

]]></Node>
<StgValue><ssdm name="tmp_cast"/></StgValue>
</operation>

<operation id="35" st_id="2" stage="1" lat="1">
<core>NULL</core>
<MemPortIdVec></MemPortIdVec>
<condition id="3">
<or_exp><and_exp><literal name="exitcond5" val="0"/>
</and_exp></or_exp>
</condition>

<Node id="15" bw="7" op_0_bw="7" op_1_bw="5" op_2_bw="2">
<![CDATA[
.preheader9.preheader:2  %tmp_s = call i7 @_ssdm_op_BitConcatenate.i7.i5.i2(i5 %co, i2 0)

]]></Node>
<StgValue><ssdm name="tmp_s"/></StgValue>
</operation>

<operation id="36" st_id="2" stage="1" lat="1">
<core>NULL</core>
<MemPortIdVec></MemPortIdVec>
<condition id="3">
<or_exp><and_exp><literal name="exitcond5" val="0"/>
</and_exp></or_exp>
</condition>

<Node id="16" bw="8" op_0_bw="7">
<![CDATA[
.preheader9.preheader:3  %p_shl_cast = zext i7 %tmp_s to i8

]]></Node>
<StgValue><ssdm name="p_shl_cast"/></StgValue>
</operation>

<operation id="37" st_id="2" stage="1" lat="1">
<core>AddSub</core>
<MemPortIdVec></MemPortIdVec>
<condition id="3">
<or_exp><and_exp><literal name="exitcond5" val="0"/>
</and_exp></or_exp>
</condition>

<Node id="17" bw="8" op_0_bw="8" op_1_bw="8">
<![CDATA[
.preheader9.preheader:4  %tmp_165 = sub i8 %p_shl_cast, %tmp_cast

]]></Node>
<StgValue><ssdm name="tmp_165"/></StgValue>
</operation>

<operation id="38" st_id="2" stage="1" lat="1">
<core>NULL</core>
<MemPortIdVec></MemPortIdVec>
<condition id="3">
<or_exp><and_exp><literal name="exitcond5" val="0"/>
</and_exp></or_exp>
</condition>

<Node id="18" bw="9" op_0_bw="8">
<![CDATA[
.preheader9.preheader:5  %tmp_271_cast = sext i8 %tmp_165 to i9

]]></Node>
<StgValue><ssdm name="tmp_271_cast"/></StgValue>
</operation>

<operation id="39" st_id="2" stage="1" lat="1">
<core>NULL</core>
<MemPortIdVec></MemPortIdVec>
<condition id="3">
<or_exp><and_exp><literal name="exitcond5" val="0"/>
</and_exp></or_exp>
</condition>

<Node id="19" bw="10" op_0_bw="10" op_1_bw="5" op_2_bw="5">
<![CDATA[
.preheader9.preheader:6  %tmp_166 = call i10 @_ssdm_op_BitConcatenate.i10.i5.i5(i5 %co, i5 0)

]]></Node>
<StgValue><ssdm name="tmp_166"/></StgValue>
</operation>

<operation id="40" st_id="2" stage="1" lat="1">
<core>NULL</core>
<MemPortIdVec></MemPortIdVec>
<condition id="3">
<or_exp><and_exp><literal name="exitcond5" val="0"/>
</and_exp></or_exp>
</condition>

<Node id="20" bw="11" op_0_bw="10">
<![CDATA[
.preheader9.preheader:7  %tmp_273_cast = zext i10 %tmp_166 to i11

]]></Node>
<StgValue><ssdm name="tmp_273_cast"/></StgValue>
</operation>

<operation id="41" st_id="2" stage="1" lat="1">
<core>NULL</core>
<MemPortIdVec></MemPortIdVec>
<condition id="3">
<or_exp><and_exp><literal name="exitcond5" val="0"/>
</and_exp></or_exp>
</condition>

<Node id="21" bw="5" op_0_bw="32" op_1_bw="64" op_2_bw="64">
<![CDATA[
.preheader9.preheader:8  %bias_addr = getelementptr [24 x float]* %bias, i64 0, i64 %tmp

]]></Node>
<StgValue><ssdm name="bias_addr"/></StgValue>
</operation>

<operation id="42" st_id="2" stage="1" lat="1">
<core>NULL</core>
<MemPortIdVec></MemPortIdVec>
<condition id="3">
<or_exp><and_exp><literal name="exitcond5" val="0"/>
</and_exp></or_exp>
</condition>

<Node id="22" bw="0" op_0_bw="0">
<![CDATA[
.preheader9.preheader:9  br label %.preheader9

]]></Node>
<StgValue><ssdm name=""/></StgValue>
</operation>

<operation id="43" st_id="2" stage="1" lat="1">
<core>NULL</core>
<MemPortIdVec></MemPortIdVec>
<condition id="5">
<or_exp><and_exp><literal name="exitcond5" val="1"/>
</and_exp></or_exp>
</condition>

<Node id="148" bw="0">
<![CDATA[
:0  ret void

]]></Node>
<StgValue><ssdm name=""/></StgValue>
</operation>
</state>

<state id="3" st_id="3">

<operation id="44" st_id="3" stage="1" lat="1">
<core>NULL</core>
<MemPortIdVec></MemPortIdVec>
<condition id="6">
<or_exp><and_exp></and_exp></or_exp>
</condition>

<Node id="24" bw="6" op_0_bw="6" op_1_bw="0">
<![CDATA[
.preheader9:0  %h = phi i6 [ 0, %.preheader9.preheader ], [ %h_17, %.preheader9.loopexit ]

]]></Node>
<StgValue><ssdm name="h"/></StgValue>
</operation>

<operation id="45" st_id="3" stage="1" lat="1">
<core>NULL</core>
<MemPortIdVec></MemPortIdVec>
<condition id="6">
<or_exp><and_exp></and_exp></or_exp>
</condition>

<Node id="25" bw="7" op_0_bw="6">
<![CDATA[
.preheader9:1  %h_cast = zext i6 %h to i7

]]></Node>
<StgValue><ssdm name="h_cast"/></StgValue>
</operation>

<operation id="46" st_id="3" stage="1" lat="1">
<core>Cmp</core>
<MemPortIdVec></MemPortIdVec>
<condition id="6">
<or_exp><and_exp></and_exp></or_exp>
</condition>

<Node id="26" bw="1" op_0_bw="6" op_1_bw="6">
<![CDATA[
.preheader9:2  %exitcond4 = icmp eq i6 %h, -32

]]></Node>
<StgValue><ssdm name="exitcond4"/></StgValue>
</operation>

<operation id="47" st_id="3" stage="1" lat="1">
<core>NULL</core>
<MemPortIdVec></MemPortIdVec>
<condition id="6">
<or_exp><and_exp></and_exp></or_exp>
</condition>

<Node id="27" bw="32" op_0_bw="32" op_1_bw="64" op_2_bw="64" op_3_bw="64">
<![CDATA[
.preheader9:3  %empty_72 = call i32 (...)* @_ssdm_op_SpecLoopTripCount(i64 32, i64 32, i64 32)

]]></Node>
<StgValue><ssdm name="empty_72"/></StgValue>
</operation>

<operation id="48" st_id="3" stage="1" lat="1">
<core>AddSub</core>
<MemPortIdVec></MemPortIdVec>
<condition id="6">
<or_exp><and_exp></and_exp></or_exp>
</condition>

<Node id="28" bw="6" op_0_bw="6" op_1_bw="6">
<![CDATA[
.preheader9:4  %h_17 = add i6 %h, 1

]]></Node>
<StgValue><ssdm name="h_17"/></StgValue>
</operation>

<operation id="49" st_id="3" stage="1" lat="1">
<core>NULL</core>
<MemPortIdVec></MemPortIdVec>
<condition id="6">
<or_exp><and_exp></and_exp></or_exp>
</condition>

<Node id="29" bw="0" op_0_bw="1" op_1_bw="0" op_2_bw="0">
<![CDATA[
.preheader9:5  br i1 %exitcond4, label %.loopexit.loopexit, label %.preheader8.preheader

]]></Node>
<StgValue><ssdm name=""/></StgValue>
</operation>

<operation id="50" st_id="3" stage="1" lat="1">
<core>NULL</core>
<MemPortIdVec></MemPortIdVec>
<condition id="8">
<or_exp><and_exp><literal name="exitcond4" val="0"/>
</and_exp></or_exp>
</condition>

<Node id="31" bw="11" op_0_bw="6">
<![CDATA[
.preheader8.preheader:0  %tmp_cast_73 = zext i6 %h to i11

]]></Node>
<StgValue><ssdm name="tmp_cast_73"/></StgValue>
</operation>

<operation id="51" st_id="3" stage="1" lat="1">
<core>AddSub</core>
<MemPortIdVec></MemPortIdVec>
<condition id="8">
<or_exp><and_exp><literal name="exitcond4" val="0"/>
</and_exp></or_exp>
</condition>

<Node id="32" bw="11" op_0_bw="11" op_1_bw="11">
<![CDATA[
.preheader8.preheader:1  %tmp_167 = add i11 %tmp_cast_73, %tmp_273_cast

]]></Node>
<StgValue><ssdm name="tmp_167"/></StgValue>
</operation>

<operation id="52" st_id="3" stage="1" lat="1">
<core>NULL</core>
<MemPortIdVec></MemPortIdVec>
<condition id="8">
<or_exp><and_exp><literal name="exitcond4" val="0"/>
</and_exp></or_exp>
</condition>

<Node id="33" bw="16" op_0_bw="16" op_1_bw="11" op_2_bw="5">
<![CDATA[
.preheader8.preheader:2  %tmp_276_cast = call i16 @_ssdm_op_BitConcatenate.i16.i11.i5(i11 %tmp_167, i5 0)

]]></Node>
<StgValue><ssdm name="tmp_276_cast"/></StgValue>
</operation>

<operation id="53" st_id="3" stage="1" lat="1">
<core>NULL</core>
<MemPortIdVec></MemPortIdVec>
<condition id="8">
<or_exp><and_exp><literal name="exitcond4" val="0"/>
</and_exp></or_exp>
</condition>

<Node id="34" bw="0" op_0_bw="0">
<![CDATA[
.preheader8.preheader:3  br label %.preheader8

]]></Node>
<StgValue><ssdm name=""/></StgValue>
</operation>

<operation id="54" st_id="3" stage="1" lat="1">
<core>NULL</core>
<MemPortIdVec></MemPortIdVec>
<condition id="10">
<or_exp><and_exp><literal name="exitcond4" val="1"/>
</and_exp></or_exp>
</condition>

<Node id="146" bw="0" op_0_bw="0">
<![CDATA[
.loopexit.loopexit:0  br label %.loopexit

]]></Node>
<StgValue><ssdm name=""/></StgValue>
</operation>
</state>

<state id="4" st_id="4">

<operation id="55" st_id="4" stage="1" lat="1">
<core>NULL</core>
<MemPortIdVec></MemPortIdVec>
<condition id="11">
<or_exp><and_exp></and_exp></or_exp>
</condition>

<Node id="36" bw="6" op_0_bw="6" op_1_bw="0">
<![CDATA[
.preheader8:0  %w = phi i6 [ %w_17, %1 ], [ 0, %.preheader8.preheader ]

]]></Node>
<StgValue><ssdm name="w"/></StgValue>
</operation>

<operation id="56" st_id="4" stage="1" lat="1">
<core>NULL</core>
<MemPortIdVec></MemPortIdVec>
<condition id="11">
<or_exp><and_exp></and_exp></or_exp>
</condition>

<Node id="37" bw="7" op_0_bw="6">
<![CDATA[
.preheader8:1  %w_cast = zext i6 %w to i7

]]></Node>
<StgValue><ssdm name="w_cast"/></StgValue>
</operation>

<operation id="57" st_id="4" stage="1" lat="1">
<core>Cmp</core>
<MemPortIdVec></MemPortIdVec>
<condition id="11">
<or_exp><and_exp></and_exp></or_exp>
</condition>

<Node id="38" bw="1" op_0_bw="6" op_1_bw="6">
<![CDATA[
.preheader8:2  %exitcond3 = icmp eq i6 %w, -32

]]></Node>
<StgValue><ssdm name="exitcond3"/></StgValue>
</operation>

<operation id="58" st_id="4" stage="1" lat="1">
<core>NULL</core>
<MemPortIdVec></MemPortIdVec>
<condition id="11">
<or_exp><and_exp></and_exp></or_exp>
</condition>

<Node id="39" bw="32" op_0_bw="32" op_1_bw="64" op_2_bw="64" op_3_bw="64">
<![CDATA[
.preheader8:3  %empty_74 = call i32 (...)* @_ssdm_op_SpecLoopTripCount(i64 32, i64 32, i64 32)

]]></Node>
<StgValue><ssdm name="empty_74"/></StgValue>
</operation>

<operation id="59" st_id="4" stage="1" lat="1">
<core>AddSub</core>
<MemPortIdVec></MemPortIdVec>
<condition id="11">
<or_exp><and_exp></and_exp></or_exp>
</condition>

<Node id="40" bw="6" op_0_bw="6" op_1_bw="6">
<![CDATA[
.preheader8:4  %w_17 = add i6 %w, 1

]]></Node>
<StgValue><ssdm name="w_17"/></StgValue>
</operation>

<operation id="60" st_id="4" stage="1" lat="1">
<core>NULL</core>
<MemPortIdVec></MemPortIdVec>
<condition id="11">
<or_exp><and_exp></and_exp></or_exp>
</condition>

<Node id="41" bw="0" op_0_bw="1" op_1_bw="0" op_2_bw="0">
<![CDATA[
.preheader8:5  br i1 %exitcond3, label %.preheader9.loopexit, label %.preheader7.preheader

]]></Node>
<StgValue><ssdm name=""/></StgValue>
</operation>

<operation id="61" st_id="4" stage="1" lat="1">
<core>AddSub</core>
<MemPortIdVec></MemPortIdVec>
<condition id="13">
<or_exp><and_exp><literal name="exitcond3" val="0"/>
</and_exp></or_exp>
</condition>

<Node id="43" bw="6" op_0_bw="6" op_1_bw="6">
<![CDATA[
.preheader7.preheader:0  %tmp_103 = sub i6 0, %w

]]></Node>
<StgValue><ssdm name="tmp_103"/></StgValue>
</operation>

<operation id="62" st_id="4" stage="1" lat="1">
<core>NULL</core>
<MemPortIdVec></MemPortIdVec>
<condition id="13">
<or_exp><and_exp><literal name="exitcond3" val="0"/>
</and_exp></or_exp>
</condition>

<Node id="44" bw="0" op_0_bw="0">
<![CDATA[
.preheader7.preheader:1  br label %.preheader7

]]></Node>
<StgValue><ssdm name=""/></StgValue>
</operation>

<operation id="63" st_id="4" stage="1" lat="1">
<core>NULL</core>
<MemPortIdVec></MemPortIdVec>
<condition id="15">
<or_exp><and_exp><literal name="exitcond3" val="1"/>
</and_exp></or_exp>
</condition>

<Node id="144" bw="0" op_0_bw="0">
<![CDATA[
.preheader9.loopexit:0  br label %.preheader9

]]></Node>
<StgValue><ssdm name=""/></StgValue>
</operation>
</state>

<state id="5" st_id="5">

<operation id="64" st_id="5" stage="1" lat="1">
<core>NULL</core>
<MemPortIdVec></MemPortIdVec>
<condition id="16">
<or_exp><and_exp></and_exp></or_exp>
</condition>

<Node id="46" bw="32" op_0_bw="32" op_1_bw="0">
<![CDATA[
.preheader7:0  %sum = phi float [ 0.000000e+00, %.preheader7.preheader ], [ %sum_1, %.preheader7.loopexit ]

]]></Node>
<StgValue><ssdm name="sum"/></StgValue>
</operation>

<operation id="65" st_id="5" stage="1" lat="1">
<core>NULL</core>
<MemPortIdVec></MemPortIdVec>
<condition id="16">
<or_exp><and_exp></and_exp></or_exp>
</condition>

<Node id="47" bw="2" op_0_bw="2" op_1_bw="0">
<![CDATA[
.preheader7:1  %ci = phi i2 [ 0, %.preheader7.preheader ], [ %ci_8, %.preheader7.loopexit ]

]]></Node>
<StgValue><ssdm name="ci"/></StgValue>
</operation>

<operation id="66" st_id="5" stage="1" lat="1">
<core>Cmp</core>
<MemPortIdVec></MemPortIdVec>
<condition id="16">
<or_exp><and_exp></and_exp></or_exp>
</condition>

<Node id="48" bw="1" op_0_bw="2" op_1_bw="2">
<![CDATA[
.preheader7:2  %exitcond2 = icmp eq i2 %ci, -1

]]></Node>
<StgValue><ssdm name="exitcond2"/></StgValue>
</operation>

<operation id="67" st_id="5" stage="1" lat="1">
<core>NULL</core>
<MemPortIdVec></MemPortIdVec>
<condition id="16">
<or_exp><and_exp></and_exp></or_exp>
</condition>

<Node id="49" bw="32" op_0_bw="32" op_1_bw="64" op_2_bw="64" op_3_bw="64">
<![CDATA[
.preheader7:3  %empty_75 = call i32 (...)* @_ssdm_op_SpecLoopTripCount(i64 3, i64 3, i64 3)

]]></Node>
<StgValue><ssdm name="empty_75"/></StgValue>
</operation>

<operation id="68" st_id="5" stage="1" lat="1">
<core>AddSub</core>
<MemPortIdVec></MemPortIdVec>
<condition id="16">
<or_exp><and_exp></and_exp></or_exp>
</condition>

<Node id="50" bw="2" op_0_bw="2" op_1_bw="2">
<![CDATA[
.preheader7:4  %ci_8 = add i2 %ci, 1

]]></Node>
<StgValue><ssdm name="ci_8"/></StgValue>
</operation>

<operation id="69" st_id="5" stage="1" lat="1">
<core>NULL</core>
<MemPortIdVec></MemPortIdVec>
<condition id="16">
<or_exp><and_exp></and_exp></or_exp>
</condition>

<Node id="51" bw="0" op_0_bw="1" op_1_bw="0" op_2_bw="0">
<![CDATA[
.preheader7:5  br i1 %exitcond2, label %1, label %.preheader6.preheader

]]></Node>
<StgValue><ssdm name=""/></StgValue>
</operation>

<operation id="70" st_id="5" stage="1" lat="1">
<core>NULL</core>
<MemPortIdVec></MemPortIdVec>
<condition id="18">
<or_exp><and_exp><literal name="exitcond2" val="0"/>
</and_exp></or_exp>
</condition>

<Node id="53" bw="9" op_0_bw="2">
<![CDATA[
.preheader6.preheader:0  %tmp_105_cast = zext i2 %ci to i9

]]></Node>
<StgValue><ssdm name="tmp_105_cast"/></StgValue>
</operation>

<operation id="71" st_id="5" stage="1" lat="1">
<core>NULL</core>
<MemPortIdVec></MemPortIdVec>
<condition id="18">
<or_exp><and_exp><literal name="exitcond2" val="0"/>
</and_exp></or_exp>
</condition>

<Node id="54" bw="7" op_0_bw="7" op_1_bw="2" op_2_bw="5">
<![CDATA[
.preheader6.preheader:1  %tmp_169 = call i7 @_ssdm_op_BitConcatenate.i7.i2.i5(i2 %ci, i5 0)

]]></Node>
<StgValue><ssdm name="tmp_169"/></StgValue>
</operation>

<operation id="72" st_id="5" stage="1" lat="1">
<core>NULL</core>
<MemPortIdVec></MemPortIdVec>
<condition id="18">
<or_exp><and_exp><literal name="exitcond2" val="0"/>
</and_exp></or_exp>
</condition>

<Node id="55" bw="8" op_0_bw="7">
<![CDATA[
.preheader6.preheader:2  %tmp_279_cast = zext i7 %tmp_169 to i8

]]></Node>
<StgValue><ssdm name="tmp_279_cast"/></StgValue>
</operation>

<operation id="73" st_id="5" stage="1" lat="1">
<core>AddSub</core>
<MemPortIdVec></MemPortIdVec>
<condition id="18">
<or_exp><and_exp><literal name="exitcond2" val="0"/>
</and_exp></or_exp>
</condition>

<Node id="56" bw="9" op_0_bw="9" op_1_bw="9">
<![CDATA[
.preheader6.preheader:3  %tmp_170 = add i9 %tmp_105_cast, %tmp_271_cast

]]></Node>
<StgValue><ssdm name="tmp_170"/></StgValue>
</operation>

<operation id="74" st_id="5" stage="1" lat="1">
<core>NULL</core>
<MemPortIdVec></MemPortIdVec>
<condition id="18">
<or_exp><and_exp><literal name="exitcond2" val="0"/>
</and_exp></or_exp>
</condition>

<Node id="57" bw="64" op_0_bw="9">
<![CDATA[
.preheader6.preheader:4  %tmp_280_cast = sext i9 %tmp_170 to i64

]]></Node>
<StgValue><ssdm name="tmp_280_cast"/></StgValue>
</operation>

<operation id="75" st_id="5" stage="1" lat="1">
<core>NULL</core>
<MemPortIdVec></MemPortIdVec>
<condition id="18">
<or_exp><and_exp><literal name="exitcond2" val="0"/>
</and_exp></or_exp>
</condition>

<Node id="58" bw="11" op_0_bw="11" op_1_bw="9" op_2_bw="2">
<![CDATA[
.preheader6.preheader:5  %tmp_99 = call i11 @_ssdm_op_BitConcatenate.i11.i9.i2(i9 %tmp_170, i2 0)

]]></Node>
<StgValue><ssdm name="tmp_99"/></StgValue>
</operation>

<operation id="76" st_id="5" stage="1" lat="1">
<core>NULL</core>
<MemPortIdVec></MemPortIdVec>
<condition id="18">
<or_exp><and_exp><literal name="exitcond2" val="0"/>
</and_exp></or_exp>
</condition>

<Node id="59" bw="64" op_0_bw="11">
<![CDATA[
.preheader6.preheader:6  %p_shl1 = sext i11 %tmp_99 to i64

]]></Node>
<StgValue><ssdm name="p_shl1"/></StgValue>
</operation>

<operation id="77" st_id="5" stage="1" lat="1">
<core>AddSub</core>
<MemPortIdVec></MemPortIdVec>
<condition id="18">
<or_exp><and_exp><literal name="exitcond2" val="0"/>
</and_exp></or_exp>
</condition>

<Node id="60" bw="64" op_0_bw="64" op_1_bw="64">
<![CDATA[
.preheader6.preheader:7  %tmp_171 = sub i64 %p_shl1, %tmp_280_cast

]]></Node>
<StgValue><ssdm name="tmp_171"/></StgValue>
</operation>

<operation id="78" st_id="5" stage="1" lat="1">
<core>NULL</core>
<MemPortIdVec></MemPortIdVec>
<condition id="18">
<or_exp><and_exp><literal name="exitcond2" val="0"/>
</and_exp></or_exp>
</condition>

<Node id="61" bw="0" op_0_bw="0">
<![CDATA[
.preheader6.preheader:8  br label %.preheader6

]]></Node>
<StgValue><ssdm name=""/></StgValue>
</operation>

<operation id="79" st_id="5" stage="2" lat="2">
<core>RAM</core>
<MemPortIdVec></MemPortIdVec>
<condition id="20">
<or_exp><and_exp><literal name="exitcond2" val="1"/>
</and_exp></or_exp>
</condition>

<Node id="126" bw="32" op_0_bw="5">
<![CDATA[
:0  %bias_load = load float* %bias_addr, align 4

]]></Node>
<StgValue><ssdm name="bias_load"/></StgValue>
</operation>

<operation id="80" st_id="5" stage="1" lat="1">
<core>NULL</core>
<MemPortIdVec></MemPortIdVec>
<condition id="20">
<or_exp><and_exp><literal name="exitcond2" val="1"/>
</and_exp></or_exp>
</condition>

<Node id="137" bw="16" op_0_bw="6">
<![CDATA[
:11  %tmp_104_cast = zext i6 %w to i16

]]></Node>
<StgValue><ssdm name="tmp_104_cast"/></StgValue>
</operation>

<operation id="81" st_id="5" stage="1" lat="1">
<core>AddSub</core>
<MemPortIdVec></MemPortIdVec>
<condition id="20">
<or_exp><and_exp><literal name="exitcond2" val="1"/>
</and_exp></or_exp>
</condition>

<Node id="138" bw="16" op_0_bw="16" op_1_bw="16">
<![CDATA[
:12  %tmp_168 = add i16 %tmp_276_cast, %tmp_104_cast

]]></Node>
<StgValue><ssdm name="tmp_168"/></StgValue>
</operation>
</state>

<state id="6" st_id="6">

<operation id="82" st_id="6" stage="1" lat="1">
<core>NULL</core>
<MemPortIdVec></MemPortIdVec>
<condition id="21">
<or_exp><and_exp></and_exp></or_exp>
</condition>

<Node id="63" bw="32" op_0_bw="32" op_1_bw="0">
<![CDATA[
.preheader6:0  %sum_1 = phi float [ %sum, %.preheader6.preheader ], [ %sum_2, %.preheader6.loopexit ]

]]></Node>
<StgValue><ssdm name="sum_1"/></StgValue>
</operation>

<operation id="83" st_id="6" stage="1" lat="1">
<core>NULL</core>
<MemPortIdVec></MemPortIdVec>
<condition id="21">
<or_exp><and_exp></and_exp></or_exp>
</condition>

<Node id="64" bw="2" op_0_bw="2" op_1_bw="0">
<![CDATA[
.preheader6:1  %m = phi i2 [ 0, %.preheader6.preheader ], [ %m_7, %.preheader6.loopexit ]

]]></Node>
<StgValue><ssdm name="m"/></StgValue>
</operation>

<operation id="84" st_id="6" stage="1" lat="1">
<core>NULL</core>
<MemPortIdVec></MemPortIdVec>
<condition id="21">
<or_exp><and_exp></and_exp></or_exp>
</condition>

<Node id="65" bw="3" op_0_bw="2">
<![CDATA[
.preheader6:2  %m_cast8_cast = zext i2 %m to i3

]]></Node>
<StgValue><ssdm name="m_cast8_cast"/></StgValue>
</operation>

<operation id="85" st_id="6" stage="1" lat="1">
<core>Cmp</core>
<MemPortIdVec></MemPortIdVec>
<condition id="21">
<or_exp><and_exp></and_exp></or_exp>
</condition>

<Node id="66" bw="1" op_0_bw="2" op_1_bw="2">
<![CDATA[
.preheader6:3  %exitcond1 = icmp eq i2 %m, -1

]]></Node>
<StgValue><ssdm name="exitcond1"/></StgValue>
</operation>

<operation id="86" st_id="6" stage="1" lat="1">
<core>NULL</core>
<MemPortIdVec></MemPortIdVec>
<condition id="21">
<or_exp><and_exp></and_exp></or_exp>
</condition>

<Node id="67" bw="32" op_0_bw="32" op_1_bw="64" op_2_bw="64" op_3_bw="64">
<![CDATA[
.preheader6:4  %empty_76 = call i32 (...)* @_ssdm_op_SpecLoopTripCount(i64 3, i64 3, i64 3)

]]></Node>
<StgValue><ssdm name="empty_76"/></StgValue>
</operation>

<operation id="87" st_id="6" stage="1" lat="1">
<core>AddSub</core>
<MemPortIdVec></MemPortIdVec>
<condition id="21">
<or_exp><and_exp></and_exp></or_exp>
</condition>

<Node id="68" bw="2" op_0_bw="2" op_1_bw="2">
<![CDATA[
.preheader6:5  %m_7 = add i2 %m, 1

]]></Node>
<StgValue><ssdm name="m_7"/></StgValue>
</operation>

<operation id="88" st_id="6" stage="1" lat="1">
<core>NULL</core>
<MemPortIdVec></MemPortIdVec>
<condition id="21">
<or_exp><and_exp></and_exp></or_exp>
</condition>

<Node id="69" bw="0" op_0_bw="1" op_1_bw="0" op_2_bw="0">
<![CDATA[
.preheader6:6  br i1 %exitcond1, label %.preheader7.loopexit, label %.preheader.preheader

]]></Node>
<StgValue><ssdm name=""/></StgValue>
</operation>

<operation id="89" st_id="6" stage="1" lat="1">
<core>NULL</core>
<MemPortIdVec></MemPortIdVec>
<condition id="23">
<or_exp><and_exp><literal name="exitcond1" val="0"/>
</and_exp></or_exp>
</condition>

<Node id="71" bw="64" op_0_bw="2">
<![CDATA[
.preheader.preheader:0  %tmp_106 = zext i2 %m to i64

]]></Node>
<StgValue><ssdm name="tmp_106"/></StgValue>
</operation>

<operation id="90" st_id="6" stage="1" lat="1">
<core>AddSub</core>
<MemPortIdVec></MemPortIdVec>
<condition id="23">
<or_exp><and_exp><literal name="exitcond1" val="0"/>
</and_exp></or_exp>
</condition>

<Node id="72" bw="64" op_0_bw="64" op_1_bw="64">
<![CDATA[
.preheader.preheader:1  %tmp_172 = add i64 %tmp_106, %tmp_171

]]></Node>
<StgValue><ssdm name="tmp_172"/></StgValue>
</operation>

<operation id="91" st_id="6" stage="1" lat="1">
<core>NULL</core>
<MemPortIdVec></MemPortIdVec>
<condition id="23">
<or_exp><and_exp><literal name="exitcond1" val="0"/>
</and_exp></or_exp>
</condition>

<Node id="73" bw="11" op_0_bw="64">
<![CDATA[
.preheader.preheader:2  %tmp_100 = trunc i64 %tmp_172 to i11

]]></Node>
<StgValue><ssdm name="tmp_100"/></StgValue>
</operation>

<operation id="92" st_id="6" stage="1" lat="1">
<core>NULL</core>
<MemPortIdVec></MemPortIdVec>
<condition id="23">
<or_exp><and_exp><literal name="exitcond1" val="0"/>
</and_exp></or_exp>
</condition>

<Node id="74" bw="9" op_0_bw="64">
<![CDATA[
.preheader.preheader:3  %tmp_101 = trunc i64 %tmp_172 to i9

]]></Node>
<StgValue><ssdm name="tmp_101"/></StgValue>
</operation>

<operation id="93" st_id="6" stage="1" lat="1">
<core>NULL</core>
<MemPortIdVec></MemPortIdVec>
<condition id="23">
<or_exp><and_exp><literal name="exitcond1" val="0"/>
</and_exp></or_exp>
</condition>

<Node id="75" bw="11" op_0_bw="11" op_1_bw="9" op_2_bw="2">
<![CDATA[
.preheader.preheader:4  %p_shl2_cast = call i11 @_ssdm_op_BitConcatenate.i11.i9.i2(i9 %tmp_101, i2 0)

]]></Node>
<StgValue><ssdm name="p_shl2_cast"/></StgValue>
</operation>

<operation id="94" st_id="6" stage="1" lat="1">
<core>AddSub</core>
<MemPortIdVec></MemPortIdVec>
<condition id="23">
<or_exp><and_exp><literal name="exitcond1" val="0"/>
</and_exp></or_exp>
</condition>

<Node id="76" bw="11" op_0_bw="11" op_1_bw="11">
<![CDATA[
.preheader.preheader:5  %tmp_173 = sub i11 %p_shl2_cast, %tmp_100

]]></Node>
<StgValue><ssdm name="tmp_173"/></StgValue>
</operation>

<operation id="95" st_id="6" stage="1" lat="1">
<core>AddSub</core>
<MemPortIdVec></MemPortIdVec>
<condition id="23">
<or_exp><and_exp><literal name="exitcond1" val="0"/>
</and_exp></or_exp>
</condition>

<Node id="77" bw="3" op_0_bw="3" op_1_bw="3">
<![CDATA[
.preheader.preheader:6  %tmp_107 = sub i3 0, %m_cast8_cast

]]></Node>
<StgValue><ssdm name="tmp_107"/></StgValue>
</operation>

<operation id="96" st_id="6" stage="1" lat="1">
<core>NULL</core>
<MemPortIdVec></MemPortIdVec>
<condition id="23">
<or_exp><and_exp><literal name="exitcond1" val="0"/>
</and_exp></or_exp>
</condition>

<Node id="78" bw="6" op_0_bw="3">
<![CDATA[
.preheader.preheader:7  %tmp_107_cast = sext i3 %tmp_107 to i6

]]></Node>
<StgValue><ssdm name="tmp_107_cast"/></StgValue>
</operation>

<operation id="97" st_id="6" stage="1" lat="1">
<core>Cmp</core>
<MemPortIdVec></MemPortIdVec>
<condition id="23">
<or_exp><and_exp><literal name="exitcond1" val="0"/>
</and_exp></or_exp>
</condition>

<Node id="79" bw="1" op_0_bw="6" op_1_bw="6">
<![CDATA[
.preheader.preheader:8  %tmp_108 = icmp ne i6 %h, %tmp_107_cast

]]></Node>
<StgValue><ssdm name="tmp_108"/></StgValue>
</operation>

<operation id="98" st_id="6" stage="1" lat="1">
<core>AddSub</core>
<MemPortIdVec></MemPortIdVec>
<condition id="23">
<or_exp><and_exp><literal name="exitcond1" val="0"/>
</and_exp></or_exp>
</condition>

<Node id="80" bw="2" op_0_bw="2" op_1_bw="2">
<![CDATA[
.preheader.preheader:9  %tmp1 = add i2 -1, %m

]]></Node>
<StgValue><ssdm name="tmp1"/></StgValue>
</operation>

<operation id="99" st_id="6" stage="1" lat="1">
<core>NULL</core>
<MemPortIdVec></MemPortIdVec>
<condition id="23">
<or_exp><and_exp><literal name="exitcond1" val="0"/>
</and_exp></or_exp>
</condition>

<Node id="81" bw="7" op_0_bw="2">
<![CDATA[
.preheader.preheader:10  %tmp1_cast = sext i2 %tmp1 to i7

]]></Node>
<StgValue><ssdm name="tmp1_cast"/></StgValue>
</operation>

<operation id="100" st_id="6" stage="1" lat="1">
<core>AddSub</core>
<MemPortIdVec></MemPortIdVec>
<condition id="23">
<or_exp><and_exp><literal name="exitcond1" val="0"/>
</and_exp></or_exp>
</condition>

<Node id="82" bw="7" op_0_bw="7" op_1_bw="7">
<![CDATA[
.preheader.preheader:11  %tmp_109 = add i7 %tmp1_cast, %h_cast

]]></Node>
<StgValue><ssdm name="tmp_109"/></StgValue>
</operation>

<operation id="101" st_id="6" stage="1" lat="1">
<core>NULL</core>
<MemPortIdVec></MemPortIdVec>
<condition id="23">
<or_exp><and_exp><literal name="exitcond1" val="0"/>
</and_exp></or_exp>
</condition>

<Node id="83" bw="8" op_0_bw="7">
<![CDATA[
.preheader.preheader:12  %tmp_110_cast = sext i7 %tmp_109 to i8

]]></Node>
<StgValue><ssdm name="tmp_110_cast"/></StgValue>
</operation>

<operation id="102" st_id="6" stage="1" lat="1">
<core>AddSub</core>
<MemPortIdVec></MemPortIdVec>
<condition id="23">
<or_exp><and_exp><literal name="exitcond1" val="0"/>
</and_exp></or_exp>
</condition>

<Node id="84" bw="8" op_0_bw="8" op_1_bw="8">
<![CDATA[
.preheader.preheader:13  %tmp_174 = add i8 %tmp_110_cast, %tmp_279_cast

]]></Node>
<StgValue><ssdm name="tmp_174"/></StgValue>
</operation>

<operation id="103" st_id="6" stage="1" lat="1">
<core>NULL</core>
<MemPortIdVec></MemPortIdVec>
<condition id="23">
<or_exp><and_exp><literal name="exitcond1" val="0"/>
</and_exp></or_exp>
</condition>

<Node id="85" bw="13" op_0_bw="13" op_1_bw="8" op_2_bw="5">
<![CDATA[
.preheader.preheader:14  %tmp_288_cast = call i13 @_ssdm_op_BitConcatenate.i13.i8.i5(i8 %tmp_174, i5 0)

]]></Node>
<StgValue><ssdm name="tmp_288_cast"/></StgValue>
</operation>

<operation id="104" st_id="6" stage="1" lat="1">
<core>NULL</core>
<MemPortIdVec></MemPortIdVec>
<condition id="23">
<or_exp><and_exp><literal name="exitcond1" val="0"/>
</and_exp></or_exp>
</condition>

<Node id="86" bw="2" op_0_bw="2" op_1_bw="7" op_2_bw="32" op_3_bw="32">
<![CDATA[
.preheader.preheader:15  %tmp_102 = call i2 @_ssdm_op_PartSelect.i2.i7.i32.i32(i7 %tmp_109, i32 5, i32 6)

]]></Node>
<StgValue><ssdm name="tmp_102"/></StgValue>
</operation>

<operation id="105" st_id="6" stage="1" lat="1">
<core>Cmp</core>
<MemPortIdVec></MemPortIdVec>
<condition id="23">
<or_exp><and_exp><literal name="exitcond1" val="0"/>
</and_exp></or_exp>
</condition>

<Node id="87" bw="1" op_0_bw="2" op_1_bw="2">
<![CDATA[
.preheader.preheader:16  %icmp = icmp ne i2 %tmp_102, 1

]]></Node>
<StgValue><ssdm name="icmp"/></StgValue>
</operation>

<operation id="106" st_id="6" stage="1" lat="1">
<core>NULL</core>
<MemPortIdVec></MemPortIdVec>
<condition id="23">
<or_exp><and_exp><literal name="exitcond1" val="0"/>
</and_exp></or_exp>
</condition>

<Node id="88" bw="0" op_0_bw="0">
<![CDATA[
.preheader.preheader:17  br label %.preheader

]]></Node>
<StgValue><ssdm name=""/></StgValue>
</operation>

<operation id="107" st_id="6" stage="1" lat="1">
<core>NULL</core>
<MemPortIdVec></MemPortIdVec>
<condition id="25">
<or_exp><and_exp><literal name="exitcond1" val="1"/>
</and_exp></or_exp>
</condition>

<Node id="124" bw="0" op_0_bw="0">
<![CDATA[
.preheader7.loopexit:0  br label %.preheader7

]]></Node>
<StgValue><ssdm name=""/></StgValue>
</operation>
</state>

<state id="7" st_id="7">

<operation id="108" st_id="7" stage="1" lat="1">
<core>NULL</core>
<MemPortIdVec></MemPortIdVec>
<condition id="26">
<or_exp><and_exp></and_exp></or_exp>
</condition>

<Node id="90" bw="32" op_0_bw="32" op_1_bw="0">
<![CDATA[
.preheader:0  %sum_2 = phi float [ %sum_15, %_ifconv ], [ %sum_1, %.preheader.preheader ]

]]></Node>
<StgValue><ssdm name="sum_2"/></StgValue>
</operation>

<operation id="109" st_id="7" stage="1" lat="1">
<core>NULL</core>
<MemPortIdVec></MemPortIdVec>
<condition id="26">
<or_exp><and_exp></and_exp></or_exp>
</condition>

<Node id="91" bw="2" op_0_bw="2" op_1_bw="0">
<![CDATA[
.preheader:1  %n = phi i2 [ %n_7, %_ifconv ], [ 0, %.preheader.preheader ]

]]></Node>
<StgValue><ssdm name="n"/></StgValue>
</operation>

<operation id="110" st_id="7" stage="1" lat="1">
<core>NULL</core>
<MemPortIdVec></MemPortIdVec>
<condition id="26">
<or_exp><and_exp></and_exp></or_exp>
</condition>

<Node id="92" bw="6" op_0_bw="2">
<![CDATA[
.preheader:2  %n_cast6 = zext i2 %n to i6

]]></Node>
<StgValue><ssdm name="n_cast6"/></StgValue>
</operation>

<operation id="111" st_id="7" stage="1" lat="1">
<core>Cmp</core>
<MemPortIdVec></MemPortIdVec>
<condition id="26">
<or_exp><and_exp></and_exp></or_exp>
</condition>

<Node id="93" bw="1" op_0_bw="2" op_1_bw="2">
<![CDATA[
.preheader:3  %exitcond = icmp eq i2 %n, -1

]]></Node>
<StgValue><ssdm name="exitcond"/></StgValue>
</operation>

<operation id="112" st_id="7" stage="1" lat="1">
<core>NULL</core>
<MemPortIdVec></MemPortIdVec>
<condition id="26">
<or_exp><and_exp></and_exp></or_exp>
</condition>

<Node id="94" bw="32" op_0_bw="32" op_1_bw="64" op_2_bw="64" op_3_bw="64">
<![CDATA[
.preheader:4  %empty_77 = call i32 (...)* @_ssdm_op_SpecLoopTripCount(i64 3, i64 3, i64 3)

]]></Node>
<StgValue><ssdm name="empty_77"/></StgValue>
</operation>

<operation id="113" st_id="7" stage="1" lat="1">
<core>AddSub</core>
<MemPortIdVec></MemPortIdVec>
<condition id="26">
<or_exp><and_exp></and_exp></or_exp>
</condition>

<Node id="95" bw="2" op_0_bw="2" op_1_bw="2">
<![CDATA[
.preheader:5  %n_7 = add i2 %n, 1

]]></Node>
<StgValue><ssdm name="n_7"/></StgValue>
</operation>

<operation id="114" st_id="7" stage="1" lat="1">
<core>NULL</core>
<MemPortIdVec></MemPortIdVec>
<condition id="26">
<or_exp><and_exp></and_exp></or_exp>
</condition>

<Node id="96" bw="0" op_0_bw="1" op_1_bw="0" op_2_bw="0">
<![CDATA[
.preheader:6  br i1 %exitcond, label %.preheader6.loopexit, label %_ifconv

]]></Node>
<StgValue><ssdm name=""/></StgValue>
</operation>

<operation id="115" st_id="7" stage="1" lat="1">
<core>NULL</core>
<MemPortIdVec></MemPortIdVec>
<condition id="28">
<or_exp><and_exp><literal name="exitcond" val="0"/>
</and_exp></or_exp>
</condition>

<Node id="98" bw="11" op_0_bw="2">
<![CDATA[
_ifconv:0  %tmp_111_cast = zext i2 %n to i11

]]></Node>
<StgValue><ssdm name="tmp_111_cast"/></StgValue>
</operation>

<operation id="116" st_id="7" stage="1" lat="1">
<core>AddSub</core>
<MemPortIdVec></MemPortIdVec>
<condition id="28">
<or_exp><and_exp><literal name="exitcond" val="0"/>
</and_exp></or_exp>
</condition>

<Node id="99" bw="11" op_0_bw="11" op_1_bw="11">
<![CDATA[
_ifconv:1  %tmp_175 = add i11 %tmp_173, %tmp_111_cast

]]></Node>
<StgValue><ssdm name="tmp_175"/></StgValue>
</operation>

<operation id="117" st_id="7" stage="1" lat="1">
<core>AddSub</core>
<MemPortIdVec></MemPortIdVec>
<condition id="28">
<or_exp><and_exp><literal name="exitcond" val="0"/>
</and_exp></or_exp>
</condition>

<Node id="103" bw="2" op_0_bw="2" op_1_bw="2">
<![CDATA[
_ifconv:5  %tmp2 = add i2 %n, -1

]]></Node>
<StgValue><ssdm name="tmp2"/></StgValue>
</operation>

<operation id="118" st_id="7" stage="1" lat="1">
<core>NULL</core>
<MemPortIdVec></MemPortIdVec>
<condition id="28">
<or_exp><and_exp><literal name="exitcond" val="0"/>
</and_exp></or_exp>
</condition>

<Node id="104" bw="7" op_0_bw="2">
<![CDATA[
_ifconv:6  %tmp2_cast = sext i2 %tmp2 to i7

]]></Node>
<StgValue><ssdm name="tmp2_cast"/></StgValue>
</operation>

<operation id="119" st_id="7" stage="1" lat="1">
<core>AddSub</core>
<MemPortIdVec></MemPortIdVec>
<condition id="28">
<or_exp><and_exp><literal name="exitcond" val="0"/>
</and_exp></or_exp>
</condition>

<Node id="105" bw="7" op_0_bw="7" op_1_bw="7">
<![CDATA[
_ifconv:7  %tmp_112 = add i7 %w_cast, %tmp2_cast

]]></Node>
<StgValue><ssdm name="tmp_112"/></StgValue>
</operation>

<operation id="120" st_id="7" stage="1" lat="1">
<core>NULL</core>
<MemPortIdVec></MemPortIdVec>
<condition id="28">
<or_exp><and_exp><literal name="exitcond" val="0"/>
</and_exp></or_exp>
</condition>

<Node id="106" bw="2" op_0_bw="2" op_1_bw="7" op_2_bw="32" op_3_bw="32">
<![CDATA[
_ifconv:8  %tmp_104 = call i2 @_ssdm_op_PartSelect.i2.i7.i32.i32(i7 %tmp_112, i32 5, i32 6)

]]></Node>
<StgValue><ssdm name="tmp_104"/></StgValue>
</operation>

<operation id="121" st_id="7" stage="1" lat="1">
<core>Cmp</core>
<MemPortIdVec></MemPortIdVec>
<condition id="28">
<or_exp><and_exp><literal name="exitcond" val="0"/>
</and_exp></or_exp>
</condition>

<Node id="107" bw="1" op_0_bw="2" op_1_bw="2">
<![CDATA[
_ifconv:9  %icmp5 = icmp ne i2 %tmp_104, 1

]]></Node>
<StgValue><ssdm name="icmp5"/></StgValue>
</operation>

<operation id="122" st_id="7" stage="1" lat="1">
<core>NULL</core>
<MemPortIdVec></MemPortIdVec>
<condition id="28">
<or_exp><and_exp><literal name="exitcond" val="0"/>
</and_exp></or_exp>
</condition>

<Node id="108" bw="13" op_0_bw="7">
<![CDATA[
_ifconv:10  %tmp_114_cast = sext i7 %tmp_112 to i13

]]></Node>
<StgValue><ssdm name="tmp_114_cast"/></StgValue>
</operation>

<operation id="123" st_id="7" stage="1" lat="1">
<core>AddSub</core>
<MemPortIdVec></MemPortIdVec>
<condition id="28">
<or_exp><and_exp><literal name="exitcond" val="0"/>
</and_exp></or_exp>
</condition>

<Node id="109" bw="13" op_0_bw="13" op_1_bw="13">
<![CDATA[
_ifconv:11  %tmp_176 = add i13 %tmp_288_cast, %tmp_114_cast

]]></Node>
<StgValue><ssdm name="tmp_176"/></StgValue>
</operation>

<operation id="124" st_id="7" stage="1" lat="1">
<core>Cmp</core>
<MemPortIdVec></MemPortIdVec>
<condition id="28">
<or_exp><and_exp><literal name="exitcond" val="0"/>
</and_exp></or_exp>
</condition>

<Node id="113" bw="1" op_0_bw="6" op_1_bw="6">
<![CDATA[
_ifconv:15  %notlhs = icmp ne i6 %n_cast6, %tmp_103

]]></Node>
<StgValue><ssdm name="notlhs"/></StgValue>
</operation>

<operation id="125" st_id="7" stage="1" lat="1">
<core>NULL</core>
<MemPortIdVec></MemPortIdVec>
<condition id="30">
<or_exp><and_exp><literal name="exitcond" val="1"/>
</and_exp></or_exp>
</condition>

<Node id="122" bw="0" op_0_bw="0">
<![CDATA[
.preheader6.loopexit:0  br label %.preheader6

]]></Node>
<StgValue><ssdm name=""/></StgValue>
</operation>
</state>

<state id="8" st_id="8">

<operation id="126" st_id="8" stage="1" lat="1">
<core>NULL</core>
<MemPortIdVec></MemPortIdVec>
<condition id="31">
<or_exp><and_exp></and_exp></or_exp>
</condition>

<Node id="100" bw="64" op_0_bw="11">
<![CDATA[
_ifconv:2  %tmp_289_cast = zext i11 %tmp_175 to i64

]]></Node>
<StgValue><ssdm name="tmp_289_cast"/></StgValue>
</operation>

<operation id="127" st_id="8" stage="1" lat="1">
<core>NULL</core>
<MemPortIdVec></MemPortIdVec>
<condition id="31">
<or_exp><and_exp></and_exp></or_exp>
</condition>

<Node id="101" bw="10" op_0_bw="32" op_1_bw="64" op_2_bw="64">
<![CDATA[
_ifconv:3  %weight_addr = getelementptr [648 x float]* %weight, i64 0, i64 %tmp_289_cast

]]></Node>
<StgValue><ssdm name="weight_addr"/></StgValue>
</operation>

<operation id="128" st_id="8" stage="2" lat="2">
<core>RAM</core>
<MemPortIdVec></MemPortIdVec>
<condition id="31">
<or_exp><and_exp></and_exp></or_exp>
</condition>

<Node id="102" bw="32" op_0_bw="10">
<![CDATA[
_ifconv:4  %weight_load = load float* %weight_addr, align 4

]]></Node>
<StgValue><ssdm name="weight_load"/></StgValue>
</operation>

<operation id="129" st_id="8" stage="1" lat="1">
<core>NULL</core>
<MemPortIdVec></MemPortIdVec>
<condition id="31">
<or_exp><and_exp></and_exp></or_exp>
</condition>

<Node id="110" bw="64" op_0_bw="13">
<![CDATA[
_ifconv:12  %tmp_290_cast = zext i13 %tmp_176 to i64

]]></Node>
<StgValue><ssdm name="tmp_290_cast"/></StgValue>
</operation>

<operation id="130" st_id="8" stage="1" lat="1">
<core>NULL</core>
<MemPortIdVec></MemPortIdVec>
<condition id="31">
<or_exp><and_exp></and_exp></or_exp>
</condition>

<Node id="111" bw="12" op_0_bw="32" op_1_bw="64" op_2_bw="64">
<![CDATA[
_ifconv:13  %input_addr = getelementptr [3072 x float]* %input_r, i64 0, i64 %tmp_290_cast

]]></Node>
<StgValue><ssdm name="input_addr"/></StgValue>
</operation>

<operation id="131" st_id="8" stage="2" lat="2">
<core>RAM</core>
<MemPortIdVec></MemPortIdVec>
<condition id="31">
<or_exp><and_exp></and_exp></or_exp>
</condition>

<Node id="112" bw="32" op_0_bw="12">
<![CDATA[
_ifconv:14  %input_load = load float* %input_addr, align 4

]]></Node>
<StgValue><ssdm name="input_load"/></StgValue>
</operation>
</state>

<state id="9" st_id="9">

<operation id="132" st_id="9" stage="1" lat="2">
<core>RAM</core>
<MemPortIdVec></MemPortIdVec>
<condition id="32">
<or_exp><and_exp></and_exp></or_exp>
</condition>

<Node id="102" bw="32" op_0_bw="10">
<![CDATA[
_ifconv:4  %weight_load = load float* %weight_addr, align 4

]]></Node>
<StgValue><ssdm name="weight_load"/></StgValue>
</operation>

<operation id="133" st_id="9" stage="1" lat="2">
<core>RAM</core>
<MemPortIdVec></MemPortIdVec>
<condition id="32">
<or_exp><and_exp></and_exp></or_exp>
</condition>

<Node id="112" bw="32" op_0_bw="12">
<![CDATA[
_ifconv:14  %input_load = load float* %input_addr, align 4

]]></Node>
<StgValue><ssdm name="input_load"/></StgValue>
</operation>

<operation id="134" st_id="9" stage="1" lat="1">
<core>LogicGate</core>
<MemPortIdVec></MemPortIdVec>
<condition id="32">
<or_exp><and_exp></and_exp></or_exp>
</condition>

<Node id="114" bw="1" op_0_bw="1" op_1_bw="1">
<![CDATA[
_ifconv:16  %tmp3 = and i1 %icmp, %notlhs

]]></Node>
<StgValue><ssdm name="tmp3"/></StgValue>
</operation>

<operation id="135" st_id="9" stage="1" lat="1">
<core>LogicGate</core>
<MemPortIdVec></MemPortIdVec>
<condition id="32">
<or_exp><and_exp></and_exp></or_exp>
</condition>

<Node id="115" bw="1" op_0_bw="1" op_1_bw="1">
<![CDATA[
_ifconv:17  %tmp4 = and i1 %tmp_108, %icmp5

]]></Node>
<StgValue><ssdm name="tmp4"/></StgValue>
</operation>

<operation id="136" st_id="9" stage="1" lat="1">
<core>LogicGate</core>
<MemPortIdVec></MemPortIdVec>
<condition id="32">
<or_exp><and_exp></and_exp></or_exp>
</condition>

<Node id="116" bw="1" op_0_bw="1" op_1_bw="1">
<![CDATA[
_ifconv:18  %sel_tmp2 = and i1 %tmp4, %tmp3

]]></Node>
<StgValue><ssdm name="sel_tmp2"/></StgValue>
</operation>

<operation id="137" st_id="9" stage="1" lat="1">
<core>Sel</core>
<MemPortIdVec></MemPortIdVec>
<condition id="32">
<or_exp><and_exp></and_exp></or_exp>
</condition>

<Node id="117" bw="32" op_0_bw="1" op_1_bw="32" op_2_bw="32">
<![CDATA[
_ifconv:19  %tmp_115 = select i1 %sel_tmp2, float %input_load, float 0.000000e+00

]]></Node>
<StgValue><ssdm name="tmp_115"/></StgValue>
</operation>
</state>

<state id="10" st_id="10">

<operation id="138" st_id="10" stage="4" lat="4">
<core>FMul</core>
<MemPortIdVec></MemPortIdVec>
<condition id="33">
<or_exp><and_exp></and_exp></or_exp>
</condition>

<Node id="118" bw="32" op_0_bw="32" op_1_bw="32">
<![CDATA[
_ifconv:20  %tmp_116 = fmul float %weight_load, %tmp_115

]]></Node>
<StgValue><ssdm name="tmp_116"/></StgValue>
</operation>
</state>

<state id="11" st_id="11">

<operation id="139" st_id="11" stage="3" lat="4">
<core>FMul</core>
<MemPortIdVec></MemPortIdVec>
<condition id="34">
<or_exp><and_exp></and_exp></or_exp>
</condition>

<Node id="118" bw="32" op_0_bw="32" op_1_bw="32">
<![CDATA[
_ifconv:20  %tmp_116 = fmul float %weight_load, %tmp_115

]]></Node>
<StgValue><ssdm name="tmp_116"/></StgValue>
</operation>
</state>

<state id="12" st_id="12">

<operation id="140" st_id="12" stage="2" lat="4">
<core>FMul</core>
<MemPortIdVec></MemPortIdVec>
<condition id="35">
<or_exp><and_exp></and_exp></or_exp>
</condition>

<Node id="118" bw="32" op_0_bw="32" op_1_bw="32">
<![CDATA[
_ifconv:20  %tmp_116 = fmul float %weight_load, %tmp_115

]]></Node>
<StgValue><ssdm name="tmp_116"/></StgValue>
</operation>
</state>

<state id="13" st_id="13">

<operation id="141" st_id="13" stage="1" lat="4">
<core>FMul</core>
<MemPortIdVec></MemPortIdVec>
<condition id="36">
<or_exp><and_exp></and_exp></or_exp>
</condition>

<Node id="118" bw="32" op_0_bw="32" op_1_bw="32">
<![CDATA[
_ifconv:20  %tmp_116 = fmul float %weight_load, %tmp_115

]]></Node>
<StgValue><ssdm name="tmp_116"/></StgValue>
</operation>
</state>

<state id="14" st_id="14">

<operation id="142" st_id="14" stage="5" lat="5">
<core>FAddSub</core>
<MemPortIdVec></MemPortIdVec>
<condition id="37">
<or_exp><and_exp></and_exp></or_exp>
</condition>

<Node id="119" bw="32" op_0_bw="32" op_1_bw="32">
<![CDATA[
_ifconv:21  %sum_15 = fadd float %sum_2, %tmp_116

]]></Node>
<StgValue><ssdm name="sum_15"/></StgValue>
</operation>
</state>

<state id="15" st_id="15">

<operation id="143" st_id="15" stage="4" lat="5">
<core>FAddSub</core>
<MemPortIdVec></MemPortIdVec>
<condition id="38">
<or_exp><and_exp></and_exp></or_exp>
</condition>

<Node id="119" bw="32" op_0_bw="32" op_1_bw="32">
<![CDATA[
_ifconv:21  %sum_15 = fadd float %sum_2, %tmp_116

]]></Node>
<StgValue><ssdm name="sum_15"/></StgValue>
</operation>
</state>

<state id="16" st_id="16">

<operation id="144" st_id="16" stage="3" lat="5">
<core>FAddSub</core>
<MemPortIdVec></MemPortIdVec>
<condition id="39">
<or_exp><and_exp></and_exp></or_exp>
</condition>

<Node id="119" bw="32" op_0_bw="32" op_1_bw="32">
<![CDATA[
_ifconv:21  %sum_15 = fadd float %sum_2, %tmp_116

]]></Node>
<StgValue><ssdm name="sum_15"/></StgValue>
</operation>
</state>

<state id="17" st_id="17">

<operation id="145" st_id="17" stage="2" lat="5">
<core>FAddSub</core>
<MemPortIdVec></MemPortIdVec>
<condition id="40">
<or_exp><and_exp></and_exp></or_exp>
</condition>

<Node id="119" bw="32" op_0_bw="32" op_1_bw="32">
<![CDATA[
_ifconv:21  %sum_15 = fadd float %sum_2, %tmp_116

]]></Node>
<StgValue><ssdm name="sum_15"/></StgValue>
</operation>
</state>

<state id="18" st_id="18">

<operation id="146" st_id="18" stage="1" lat="5">
<core>FAddSub</core>
<MemPortIdVec></MemPortIdVec>
<condition id="41">
<or_exp><and_exp></and_exp></or_exp>
</condition>

<Node id="119" bw="32" op_0_bw="32" op_1_bw="32">
<![CDATA[
_ifconv:21  %sum_15 = fadd float %sum_2, %tmp_116

]]></Node>
<StgValue><ssdm name="sum_15"/></StgValue>
</operation>

<operation id="147" st_id="18" stage="1" lat="1">
<core>NULL</core>
<MemPortIdVec></MemPortIdVec>
<condition id="41">
<or_exp><and_exp></and_exp></or_exp>
</condition>

<Node id="120" bw="0" op_0_bw="0">
<![CDATA[
_ifconv:22  br label %.preheader

]]></Node>
<StgValue><ssdm name=""/></StgValue>
</operation>
</state>

<state id="19" st_id="19">

<operation id="148" st_id="19" stage="1" lat="2">
<core>RAM</core>
<MemPortIdVec></MemPortIdVec>
<condition id="42">
<or_exp><and_exp></and_exp></or_exp>
</condition>

<Node id="126" bw="32" op_0_bw="5">
<![CDATA[
:0  %bias_load = load float* %bias_addr, align 4

]]></Node>
<StgValue><ssdm name="bias_load"/></StgValue>
</operation>
</state>

<state id="20" st_id="20">

<operation id="149" st_id="20" stage="5" lat="5">
<core>FAddSub</core>
<MemPortIdVec></MemPortIdVec>
<condition id="43">
<or_exp><and_exp></and_exp></or_exp>
</condition>

<Node id="127" bw="32" op_0_bw="32" op_1_bw="32">
<![CDATA[
:1  %result = fadd float %sum, %bias_load

]]></Node>
<StgValue><ssdm name="result"/></StgValue>
</operation>
</state>

<state id="21" st_id="21">

<operation id="150" st_id="21" stage="4" lat="5">
<core>FAddSub</core>
<MemPortIdVec></MemPortIdVec>
<condition id="44">
<or_exp><and_exp></and_exp></or_exp>
</condition>

<Node id="127" bw="32" op_0_bw="32" op_1_bw="32">
<![CDATA[
:1  %result = fadd float %sum, %bias_load

]]></Node>
<StgValue><ssdm name="result"/></StgValue>
</operation>
</state>

<state id="22" st_id="22">

<operation id="151" st_id="22" stage="3" lat="5">
<core>FAddSub</core>
<MemPortIdVec></MemPortIdVec>
<condition id="45">
<or_exp><and_exp></and_exp></or_exp>
</condition>

<Node id="127" bw="32" op_0_bw="32" op_1_bw="32">
<![CDATA[
:1  %result = fadd float %sum, %bias_load

]]></Node>
<StgValue><ssdm name="result"/></StgValue>
</operation>
</state>

<state id="23" st_id="23">

<operation id="152" st_id="23" stage="2" lat="5">
<core>FAddSub</core>
<MemPortIdVec></MemPortIdVec>
<condition id="46">
<or_exp><and_exp></and_exp></or_exp>
</condition>

<Node id="127" bw="32" op_0_bw="32" op_1_bw="32">
<![CDATA[
:1  %result = fadd float %sum, %bias_load

]]></Node>
<StgValue><ssdm name="result"/></StgValue>
</operation>
</state>

<state id="24" st_id="24">

<operation id="153" st_id="24" stage="1" lat="5">
<core>FAddSub</core>
<MemPortIdVec></MemPortIdVec>
<condition id="47">
<or_exp><and_exp></and_exp></or_exp>
</condition>

<Node id="127" bw="32" op_0_bw="32" op_1_bw="32">
<![CDATA[
:1  %result = fadd float %sum, %bias_load

]]></Node>
<StgValue><ssdm name="result"/></StgValue>
</operation>
</state>

<state id="25" st_id="25">

<operation id="154" st_id="25" stage="1" lat="1">
<core>FCmp</core>
<MemPortIdVec></MemPortIdVec>
<condition id="48">
<or_exp><and_exp></and_exp></or_exp>
</condition>

<Node id="134" bw="1" op_0_bw="32" op_1_bw="32">
<![CDATA[
:8  %tmp_39 = fcmp ogt float %result, 0.000000e+00

]]></Node>
<StgValue><ssdm name="tmp_39"/></StgValue>
</operation>
</state>

<state id="26" st_id="26">

<operation id="155" st_id="26" stage="1" lat="1">
<core>NULL</core>
<MemPortIdVec></MemPortIdVec>
<condition id="49">
<or_exp><and_exp></and_exp></or_exp>
</condition>

<Node id="128" bw="32" op_0_bw="32">
<![CDATA[
:2  %result_to_int = bitcast float %result to i32

]]></Node>
<StgValue><ssdm name="result_to_int"/></StgValue>
</operation>

<operation id="156" st_id="26" stage="1" lat="1">
<core>NULL</core>
<MemPortIdVec></MemPortIdVec>
<condition id="49">
<or_exp><and_exp></and_exp></or_exp>
</condition>

<Node id="129" bw="8" op_0_bw="8" op_1_bw="32" op_2_bw="32" op_3_bw="32">
<![CDATA[
:3  %tmp_36 = call i8 @_ssdm_op_PartSelect.i8.i32.i32.i32(i32 %result_to_int, i32 23, i32 30)

]]></Node>
<StgValue><ssdm name="tmp_36"/></StgValue>
</operation>

<operation id="157" st_id="26" stage="1" lat="1">
<core>NULL</core>
<MemPortIdVec></MemPortIdVec>
<condition id="49">
<or_exp><and_exp></and_exp></or_exp>
</condition>

<Node id="130" bw="23" op_0_bw="32">
<![CDATA[
:4  %tmp_98 = trunc i32 %result_to_int to i23

]]></Node>
<StgValue><ssdm name="tmp_98"/></StgValue>
</operation>

<operation id="158" st_id="26" stage="1" lat="1">
<core>Cmp</core>
<MemPortIdVec></MemPortIdVec>
<condition id="49">
<or_exp><and_exp></and_exp></or_exp>
</condition>

<Node id="131" bw="1" op_0_bw="8" op_1_bw="8">
<![CDATA[
:5  %notlhs1 = icmp ne i8 %tmp_36, -1

]]></Node>
<StgValue><ssdm name="notlhs1"/></StgValue>
</operation>

<operation id="159" st_id="26" stage="1" lat="1">
<core>Cmp</core>
<MemPortIdVec></MemPortIdVec>
<condition id="49">
<or_exp><and_exp></and_exp></or_exp>
</condition>

<Node id="132" bw="1" op_0_bw="23" op_1_bw="23">
<![CDATA[
:6  %notrhs1 = icmp eq i23 %tmp_98, 0

]]></Node>
<StgValue><ssdm name="notrhs1"/></StgValue>
</operation>

<operation id="160" st_id="26" stage="1" lat="1">
<core>LogicGate</core>
<MemPortIdVec></MemPortIdVec>
<condition id="49">
<or_exp><and_exp></and_exp></or_exp>
</condition>

<Node id="133" bw="1" op_0_bw="1" op_1_bw="1">
<![CDATA[
:7  %tmp_38 = or i1 %notrhs1, %notlhs1

]]></Node>
<StgValue><ssdm name="tmp_38"/></StgValue>
</operation>

<operation id="161" st_id="26" stage="1" lat="1">
<core>LogicGate</core>
<MemPortIdVec></MemPortIdVec>
<condition id="49">
<or_exp><and_exp></and_exp></or_exp>
</condition>

<Node id="135" bw="1" op_0_bw="1" op_1_bw="1">
<![CDATA[
:9  %tmp_40 = and i1 %tmp_38, %tmp_39

]]></Node>
<StgValue><ssdm name="tmp_40"/></StgValue>
</operation>

<operation id="162" st_id="26" stage="1" lat="1">
<core>Sel</core>
<MemPortIdVec></MemPortIdVec>
<condition id="49">
<or_exp><and_exp></and_exp></or_exp>
</condition>

<Node id="136" bw="32" op_0_bw="1" op_1_bw="32" op_2_bw="32">
<![CDATA[
:10  %result_8 = select i1 %tmp_40, float %result, float 0.000000e+00

]]></Node>
<StgValue><ssdm name="result_8"/></StgValue>
</operation>

<operation id="163" st_id="26" stage="1" lat="1">
<core>NULL</core>
<MemPortIdVec></MemPortIdVec>
<condition id="49">
<or_exp><and_exp></and_exp></or_exp>
</condition>

<Node id="139" bw="64" op_0_bw="16">
<![CDATA[
:13  %tmp_277_cast = zext i16 %tmp_168 to i64

]]></Node>
<StgValue><ssdm name="tmp_277_cast"/></StgValue>
</operation>

<operation id="164" st_id="26" stage="1" lat="1">
<core>NULL</core>
<MemPortIdVec></MemPortIdVec>
<condition id="49">
<or_exp><and_exp></and_exp></or_exp>
</condition>

<Node id="140" bw="15" op_0_bw="32" op_1_bw="64" op_2_bw="64">
<![CDATA[
:14  %conv1_output_addr = getelementptr [24576 x float]* @conv1_output, i64 0, i64 %tmp_277_cast

]]></Node>
<StgValue><ssdm name="conv1_output_addr"/></StgValue>
</operation>

<operation id="165" st_id="26" stage="1" lat="1">
<core>RAM</core>
<MemPortIdVec></MemPortIdVec>
<condition id="49">
<or_exp><and_exp></and_exp></or_exp>
</condition>

<Node id="141" bw="0" op_0_bw="32" op_1_bw="15">
<![CDATA[
:15  store float %result_8, float* %conv1_output_addr, align 4

]]></Node>
<StgValue><ssdm name=""/></StgValue>
</operation>

<operation id="166" st_id="26" stage="1" lat="1">
<core>NULL</core>
<MemPortIdVec></MemPortIdVec>
<condition id="49">
<or_exp><and_exp></and_exp></or_exp>
</condition>

<Node id="142" bw="0" op_0_bw="0">
<![CDATA[
:16  br label %.preheader8

]]></Node>
<StgValue><ssdm name=""/></StgValue>
</operation>
</state>
</state_list>


<ports>
</ports>


<dataflows>
</dataflows>


</stg>
