<profile>

<section name = "Vivado HLS Report for 'conv1'" level="0">
<item name = "Date">Mon Dec 10 14:57:09 2018
</item>
<item name = "Version">2017.2 (Build 1909853 on Thu Jun 15 18:55:24 MDT 2017)</item>
<item name = "Project">accelerator_hls</item>
<item name = "Solution">naive</item>
<item name = "Product family">zynq</item>
<item name = "Target device">xc7z020clg484-1</item>
</section>

<section name = "Performance Estimates" level="0">
<item name = "Timing (ns)">
<section name = "" level="1">
<item name = "Summary"><table name="" hasTotal="0">
<keys size="4">Clock, Target, Estimated, Uncertainty</keys>
<column name="ap_clk">10.00, 8.53, 1.25</column>
</table>
</item>
</section>
</item>
<item name = "Latency (clock cycles)">
<section name = "" level="1">
<item name = "Summary"><table name="" hasTotal="0">
<keys size="6">, min, max, min, max, Type</keys>
<column name="">8799793, 8799793, 8799793, 8799793, none</column>
</table>
</item>
<item name = "Detail">
<section name = "" level="1">
<item name = "Instance"><table name="" hasTotal="0">
<keys size="7">Instance, Module, min, max, min, max, Type</keys>
</table>
</item>
<item name = "Loop"><table name="" hasTotal="0">
<keys size="8">Loop Name, min, max, Latency, achieved, target, Count, Pipelined</keys>
<column name="- Loop 1">8799792, 8799792, 366658, -, -, 24, no</column>
<column name=" + Loop 1.1">366656, 366656, 11458, -, -, 32, no</column>
<column name="  ++ Loop 1.1.1">11456, 11456, 358, -, -, 32, no</column>
<column name="   +++ Loop 1.1.1.1">348, 348, 116, -, -, 3, no</column>
<column name="    ++++ Loop 1.1.1.1.1">114, 114, 38, -, -, 3, no</column>
<column name="     +++++ Loop 1.1.1.1.1.1">36, 36, 12, -, -, 3, no</column>
</table>
</item>
</section>
</item>
</section>
</item>
</section>
</profile>
