<profile>

<section name = "Vivado HLS Report for 'conv_last'" level="0">
<item name = "Date">Mon Dec 10 14:57:25 2018
</item>
<item name = "Version">2017.2 (Build 1909853 on Thu Jun 15 18:55:24 MDT 2017)</item>
<item name = "Project">accelerator_hls</item>
<item name = "Solution">naive</item>
<item name = "Product family">zynq</item>
<item name = "Target device">xc7z020clg484-1</item>
</section>

<section name = "Performance Estimates" level="0">
<item name = "Timing (ns)">
<section name = "" level="1">
<item name = "Summary"><table name="" hasTotal="0">
<keys size="4">Clock, Target, Estimated, Uncertainty</keys>
<column name="ap_clk">10.00, 8.53, 1.25</column>
</table>
</item>
</section>
</item>
<item name = "Latency (clock cycles)">
<section name = "" level="1">
<item name = "Summary"><table name="" hasTotal="0">
<keys size="6">, min, max, min, max, Type</keys>
<column name="">17388545, 17388545, 17388545, 17388545, none</column>
</table>
</item>
<item name = "Detail">
<section name = "" level="1">
<item name = "Instance"><table name="" hasTotal="0">
<keys size="7">Instance, Module, min, max, min, max, Type</keys>
</table>
</item>
<item name = "Loop"><table name="" hasTotal="0">
<keys size="8">Loop Name, min, max, Latency, achieved, target, Count, Pipelined</keys>
<column name="- Loop 1">17388544, 17388544, 33962, -, -, 512, no</column>
<column name=" + Loop 1.1">33960, 33960, 8490, -, -, 4, no</column>
<column name="  ++ Loop 1.1.1">8488, 8488, 2122, -, -, 4, no</column>
<column name="   +++ Loop 1.1.1.1">2112, 2112, 11, -, -, 192, no</column>
</table>
</item>
</section>
</item>
</section>
</item>
</section>

<section name = "Utilization Estimates" level="0">
<item name = "Summary"><table name="" hasTotal="1">
<keys size="5">Name, BRAM_18K, DSP48E, FF, LUT</keys>
<column name="DSP">-, -, -, -</column>
<column name="Expression">-, -, 386, 231</column>
<column name="FIFO">-, -, -, -</column>
<column name="Instance">-, 5, 414, 950</column>
<column name="Memory">-, -, -, -</column>
<column name="Multiplexer">-, -, -, 173</column>
<column name="Register">-, -, 327, -</column>
<specialColumn name="Available">280, 220, 106400, 53200</specialColumn>
<specialColumn name="Utilization (%)">0, 2, 1, 2</specialColumn>
</table>
</item>
<item name = "Detail">
<section name = "" level="1">
<item name = "Instance"><table name="" hasTotal="1">
<keys size="6">Instance, Module, BRAM_18K, DSP48E, FF, LUT</keys>
<column name="ShuffleNetV2_faddbkb_x_U160">ShuffleNetV2_faddbkb, 0, 2, 205, 390</column>
<column name="ShuffleNetV2_fcmpdEe_x_U162">ShuffleNetV2_fcmpdEe, 0, 0, 66, 239</column>
<column name="ShuffleNetV2_fmulcud_x_U161">ShuffleNetV2_fmulcud, 0, 3, 143, 321</column>
</table>
</item>
<item name = "DSP48"><table name="" hasTotal="0">
<keys size="3">Instance, Module, Expression</keys>
</table>
</item>
<item name = "Memory"><table name="" hasTotal="1">
<keys size="9">Memory, Module, BRAM_18K, FF, LUT, Words, Bits, Banks, W*Bits*Banks</keys>
</table>
</item>
<item name = "FIFO"><table name="" hasTotal="1">
<keys size="7">Name, BRAM_18K, FF, LUT, Depth, Bits, Size:D*B</keys>
</table>
</item>
<item name = "Expression"><table name="" hasTotal="1">
<keys size="7">Variable Name, Operation, DSP48E, FF, LUT, Bitwidth P0, Bitwidth P1</keys>
<column name="ci_7_fu_304_p2">+, 0, 29, 13, 8, 1</column>
<column name="co_16_fu_186_p2">+, 0, 35, 15, 10, 1</column>
<column name="h_16_fu_241_p2">+, 0, 14, 9, 3, 1</column>
<column name="tmp_159_fu_255_p2">+, 0, 44, 18, 13, 13</column>
<column name="tmp_160_fu_288_p2">+, 0, 50, 20, 15, 15</column>
<column name="tmp_161_fu_314_p2">+, 0, 59, 23, 18, 18</column>
<column name="tmp_163_fu_336_p2">+, 0, 38, 16, 11, 11</column>
<column name="tmp_164_fu_349_p2">+, 0, 44, 18, 13, 13</column>
<column name="w_16_fu_274_p2">+, 0, 14, 9, 3, 1</column>
<column name="tmp_157_fu_217_p2">-, 0, 59, 23, 18, 18</column>
<column name="tmp_35_fu_394_p2">and, 0, 0, 2, 1, 1</column>
<column name="exitcond1_fu_268_p2">icmp, 0, 0, 2, 3, 4</column>
<column name="exitcond2_fu_235_p2">icmp, 0, 0, 2, 3, 4</column>
<column name="exitcond3_fu_180_p2">icmp, 0, 0, 6, 10, 11</column>
<column name="exitcond_fu_298_p2">icmp, 0, 0, 4, 8, 8</column>
<column name="notlhs_fu_376_p2">icmp, 0, 0, 4, 8, 2</column>
<column name="notrhs_fu_382_p2">icmp, 0, 0, 13, 23, 1</column>
<column name="tmp_33_fu_388_p2">or, 0, 0, 2, 1, 1</column>
<column name="output_r_d0">select, 0, 0, 32, 1, 32</column>
</table>
</item>
<item name = "Multiplexer"><table name="" hasTotal="1">
<keys size="5">Name, LUT, Input Size, Bits, Total Bits</keys>
<column name="ap_NS_fsm">113, 24, 1, 24</column>
<column name="ci_reg_155">9, 2, 8, 16</column>
<column name="co_reg_110">9, 2, 10, 20</column>
<column name="grp_fu_166_p1">15, 3, 32, 96</column>
<column name="h_reg_121">9, 2, 3, 6</column>
<column name="sum_reg_143">9, 2, 32, 64</column>
<column name="w_reg_132">9, 2, 3, 6</column>
</table>
</item>
<item name = "Register"><table name="" hasTotal="1">
<keys size="5">Name, FF, LUT, Bits, Const Bits</keys>
<column name="ap_CS_fsm">23, 0, 23, 0</column>
<column name="bias_addr_reg_425">9, 0, 9, 0</column>
<column name="bias_load_reg_504">32, 0, 32, 0</column>
<column name="ci_7_reg_469">8, 0, 8, 0</column>
<column name="ci_reg_155">8, 0, 8, 0</column>
<column name="co_16_reg_410">10, 0, 10, 0</column>
<column name="co_reg_110">10, 0, 10, 0</column>
<column name="h_16_reg_433">3, 0, 3, 0</column>
<column name="h_reg_121">3, 0, 3, 0</column>
<column name="output_addr_reg_461">13, 0, 13, 0</column>
<column name="result_reg_509">32, 0, 32, 0</column>
<column name="shuffleunit2_2_outpu_1_reg_489">32, 0, 32, 0</column>
<column name="sum_reg_143">32, 0, 32, 0</column>
<column name="tmp_100_cast2_reg_456">3, 0, 13, 10</column>
<column name="tmp_102_reg_494">32, 0, 32, 0</column>
<column name="tmp_157_reg_415">12, 0, 18, 6</column>
<column name="tmp_258_cast_reg_420">10, 0, 13, 3</column>
<column name="tmp_261_cast_reg_443">13, 0, 15, 2</column>
<column name="tmp_34_reg_516">1, 0, 1, 0</column>
<column name="tmp_cast3_reg_438">3, 0, 11, 8</column>
<column name="w_16_reg_451">3, 0, 3, 0</column>
<column name="w_reg_132">3, 0, 3, 0</column>
<column name="weight_load_reg_484">32, 0, 32, 0</column>
</table>
</item>
</section>
</item>
</section>

<section name = "Interface" level="0">
<item name = "Summary"><table name="" hasTotal="0">
<keys size="6">RTL Ports, Dir, Bits, Protocol, Source Object, C Type</keys>
<column name="ap_clk">in, 1, ap_ctrl_hs, conv_last, return value</column>
<column name="ap_rst">in, 1, ap_ctrl_hs, conv_last, return value</column>
<column name="ap_start">in, 1, ap_ctrl_hs, conv_last, return value</column>
<column name="ap_done">out, 1, ap_ctrl_hs, conv_last, return value</column>
<column name="ap_idle">out, 1, ap_ctrl_hs, conv_last, return value</column>
<column name="ap_ready">out, 1, ap_ctrl_hs, conv_last, return value</column>
<column name="weight_address0">out, 17, ap_memory, weight, array</column>
<column name="weight_ce0">out, 1, ap_memory, weight, array</column>
<column name="weight_q0">in, 32, ap_memory, weight, array</column>
<column name="bias_address0">out, 9, ap_memory, bias, array</column>
<column name="bias_ce0">out, 1, ap_memory, bias, array</column>
<column name="bias_q0">in, 32, ap_memory, bias, array</column>
<column name="output_r_address0">out, 13, ap_memory, output_r, array</column>
<column name="output_r_ce0">out, 1, ap_memory, output_r, array</column>
<column name="output_r_we0">out, 1, ap_memory, output_r, array</column>
<column name="output_r_d0">out, 32, ap_memory, output_r, array</column>
<column name="shuffleunit2_2_outpu_address0">out, 12, ap_memory, shuffleunit2_2_outpu, array</column>
<column name="shuffleunit2_2_outpu_ce0">out, 1, ap_memory, shuffleunit2_2_outpu, array</column>
<column name="shuffleunit2_2_outpu_q0">in, 32, ap_memory, shuffleunit2_2_outpu, array</column>
</table>
</item>
</section>
</profile>
