<stg><name>conv_last</name>


<trans_list>

<trans id="112" from="1" to="2">
<condition id="40">
<or_exp><and_exp></and_exp></or_exp>
</condition>
</trans>

<trans id="113" from="2" to="3">
<condition id="42">
<or_exp><and_exp><literal name="exitcond3" val="0"/>
</and_exp></or_exp>
</condition>
</trans>

<trans id="114" from="3" to="4">
<condition id="44">
<or_exp><and_exp><literal name="exitcond2" val="0"/>
</and_exp></or_exp>
</condition>
</trans>

<trans id="139" from="3" to="2">
<condition id="74">
<or_exp><and_exp><literal name="exitcond2" val="1"/>
</and_exp></or_exp>
</condition>
</trans>

<trans id="115" from="4" to="5">
<condition id="46">
<or_exp><and_exp><literal name="exitcond1" val="0"/>
</and_exp></or_exp>
</condition>
</trans>

<trans id="138" from="4" to="3">
<condition id="72">
<or_exp><and_exp><literal name="exitcond1" val="1"/>
</and_exp></or_exp>
</condition>
</trans>

<trans id="116" from="5" to="6">
<condition id="48">
<or_exp><and_exp><literal name="exitcond" val="0"/>
</and_exp></or_exp>
</condition>
</trans>

<trans id="117" from="5" to="16">
<condition id="47">
<or_exp><and_exp><literal name="exitcond" val="1"/>
</and_exp></or_exp>
</condition>
</trans>

<trans id="119" from="6" to="7">
<condition id="50">
<or_exp><and_exp></and_exp></or_exp>
</condition>
</trans>

<trans id="120" from="7" to="8">
<condition id="51">
<or_exp><and_exp></and_exp></or_exp>
</condition>
</trans>

<trans id="121" from="8" to="9">
<condition id="52">
<or_exp><and_exp></and_exp></or_exp>
</condition>
</trans>

<trans id="122" from="9" to="10">
<condition id="53">
<or_exp><and_exp></and_exp></or_exp>
</condition>
</trans>

<trans id="123" from="10" to="11">
<condition id="54">
<or_exp><and_exp></and_exp></or_exp>
</condition>
</trans>

<trans id="124" from="11" to="12">
<condition id="55">
<or_exp><and_exp></and_exp></or_exp>
</condition>
</trans>

<trans id="125" from="12" to="13">
<condition id="56">
<or_exp><and_exp></and_exp></or_exp>
</condition>
</trans>

<trans id="126" from="13" to="14">
<condition id="57">
<or_exp><and_exp></and_exp></or_exp>
</condition>
</trans>

<trans id="127" from="14" to="15">
<condition id="58">
<or_exp><and_exp></and_exp></or_exp>
</condition>
</trans>

<trans id="128" from="15" to="5">
<condition id="60">
<or_exp><and_exp></and_exp></or_exp>
</condition>
</trans>

<trans id="130" from="16" to="17">
<condition id="62">
<or_exp><and_exp></and_exp></or_exp>
</condition>
</trans>

<trans id="131" from="17" to="18">
<condition id="63">
<or_exp><and_exp></and_exp></or_exp>
</condition>
</trans>

<trans id="132" from="18" to="19">
<condition id="64">
<or_exp><and_exp></and_exp></or_exp>
</condition>
</trans>

<trans id="133" from="19" to="20">
<condition id="65">
<or_exp><and_exp></and_exp></or_exp>
</condition>
</trans>

<trans id="134" from="20" to="21">
<condition id="66">
<or_exp><and_exp></and_exp></or_exp>
</condition>
</trans>

<trans id="135" from="21" to="22">
<condition id="67">
<or_exp><and_exp></and_exp></or_exp>
</condition>
</trans>

<trans id="136" from="22" to="23">
<condition id="68">
<or_exp><and_exp></and_exp></or_exp>
</condition>
</trans>

<trans id="137" from="23" to="4">
<condition id="70">
<or_exp><and_exp></and_exp></or_exp>
</condition>
</trans>
</trans_list>



<state_list>

<state id="1" st_id="1">

<operation id="24" st_id="1" stage="1" lat="1">
<core>NULL</core>
<MemPortIdVec></MemPortIdVec>
<condition id="0">
<or_exp><and_exp></and_exp></or_exp>
</condition>

<Node id="5" bw="0" op_0_bw="0">
<![CDATA[
:0  br label %.loopexit

]]></Node>
<StgValue><ssdm name=""/></StgValue>
</operation>
</state>

<state id="2" st_id="2">

<operation id="25" st_id="2" stage="1" lat="1">
<core>NULL</core>
<MemPortIdVec></MemPortIdVec>
<condition id="1">
<or_exp><and_exp></and_exp></or_exp>
</condition>

<Node id="7" bw="10" op_0_bw="10" op_1_bw="0">
<![CDATA[
.loopexit:0  %co = phi i10 [ 0, %0 ], [ %co_16, %.loopexit.loopexit ]

]]></Node>
<StgValue><ssdm name="co"/></StgValue>
</operation>

<operation id="26" st_id="2" stage="1" lat="1">
<core>Cmp</core>
<MemPortIdVec></MemPortIdVec>
<condition id="1">
<or_exp><and_exp></and_exp></or_exp>
</condition>

<Node id="8" bw="1" op_0_bw="10" op_1_bw="10">
<![CDATA[
.loopexit:1  %exitcond3 = icmp eq i10 %co, -512

]]></Node>
<StgValue><ssdm name="exitcond3"/></StgValue>
</operation>

<operation id="27" st_id="2" stage="1" lat="1">
<core>NULL</core>
<MemPortIdVec></MemPortIdVec>
<condition id="1">
<or_exp><and_exp></and_exp></or_exp>
</condition>

<Node id="9" bw="32" op_0_bw="32" op_1_bw="64" op_2_bw="64" op_3_bw="64">
<![CDATA[
.loopexit:2  %empty = call i32 (...)* @_ssdm_op_SpecLoopTripCount(i64 512, i64 512, i64 512)

]]></Node>
<StgValue><ssdm name="empty"/></StgValue>
</operation>

<operation id="28" st_id="2" stage="1" lat="1">
<core>AddSub</core>
<MemPortIdVec></MemPortIdVec>
<condition id="1">
<or_exp><and_exp></and_exp></or_exp>
</condition>

<Node id="10" bw="10" op_0_bw="10" op_1_bw="10">
<![CDATA[
.loopexit:3  %co_16 = add i10 %co, 1

]]></Node>
<StgValue><ssdm name="co_16"/></StgValue>
</operation>

<operation id="29" st_id="2" stage="1" lat="1">
<core>NULL</core>
<MemPortIdVec></MemPortIdVec>
<condition id="1">
<or_exp><and_exp></and_exp></or_exp>
</condition>

<Node id="11" bw="0" op_0_bw="1" op_1_bw="0" op_2_bw="0">
<![CDATA[
.loopexit:4  br i1 %exitcond3, label %3, label %.preheader5.preheader

]]></Node>
<StgValue><ssdm name=""/></StgValue>
</operation>

<operation id="30" st_id="2" stage="1" lat="1">
<core>NULL</core>
<MemPortIdVec></MemPortIdVec>
<condition id="3">
<or_exp><and_exp><literal name="exitcond3" val="0"/>
</and_exp></or_exp>
</condition>

<Node id="13" bw="64" op_0_bw="10">
<![CDATA[
.preheader5.preheader:0  %tmp = zext i10 %co to i64

]]></Node>
<StgValue><ssdm name="tmp"/></StgValue>
</operation>

<operation id="31" st_id="2" stage="1" lat="1">
<core>NULL</core>
<MemPortIdVec></MemPortIdVec>
<condition id="3">
<or_exp><and_exp><literal name="exitcond3" val="0"/>
</and_exp></or_exp>
</condition>

<Node id="14" bw="18" op_0_bw="18" op_1_bw="10" op_2_bw="8">
<![CDATA[
.preheader5.preheader:1  %tmp_s = call i18 @_ssdm_op_BitConcatenate.i18.i10.i8(i10 %co, i8 0)

]]></Node>
<StgValue><ssdm name="tmp_s"/></StgValue>
</operation>

<operation id="32" st_id="2" stage="1" lat="1">
<core>NULL</core>
<MemPortIdVec></MemPortIdVec>
<condition id="3">
<or_exp><and_exp><literal name="exitcond3" val="0"/>
</and_exp></or_exp>
</condition>

<Node id="15" bw="16" op_0_bw="16" op_1_bw="10" op_2_bw="6">
<![CDATA[
.preheader5.preheader:2  %tmp_156 = call i16 @_ssdm_op_BitConcatenate.i16.i10.i6(i10 %co, i6 0)

]]></Node>
<StgValue><ssdm name="tmp_156"/></StgValue>
</operation>

<operation id="33" st_id="2" stage="1" lat="1">
<core>NULL</core>
<MemPortIdVec></MemPortIdVec>
<condition id="3">
<or_exp><and_exp><literal name="exitcond3" val="0"/>
</and_exp></or_exp>
</condition>

<Node id="16" bw="18" op_0_bw="16">
<![CDATA[
.preheader5.preheader:3  %p_shl1_cast = zext i16 %tmp_156 to i18

]]></Node>
<StgValue><ssdm name="p_shl1_cast"/></StgValue>
</operation>

<operation id="34" st_id="2" stage="1" lat="1">
<core>AddSub</core>
<MemPortIdVec></MemPortIdVec>
<condition id="3">
<or_exp><and_exp><literal name="exitcond3" val="0"/>
</and_exp></or_exp>
</condition>

<Node id="17" bw="18" op_0_bw="18" op_1_bw="18">
<![CDATA[
.preheader5.preheader:4  %tmp_157 = sub i18 %tmp_s, %p_shl1_cast

]]></Node>
<StgValue><ssdm name="tmp_157"/></StgValue>
</operation>

<operation id="35" st_id="2" stage="1" lat="1">
<core>NULL</core>
<MemPortIdVec></MemPortIdVec>
<condition id="3">
<or_exp><and_exp><literal name="exitcond3" val="0"/>
</and_exp></or_exp>
</condition>

<Node id="18" bw="12" op_0_bw="12" op_1_bw="10" op_2_bw="2">
<![CDATA[
.preheader5.preheader:5  %tmp_158 = call i12 @_ssdm_op_BitConcatenate.i12.i10.i2(i10 %co, i2 0)

]]></Node>
<StgValue><ssdm name="tmp_158"/></StgValue>
</operation>

<operation id="36" st_id="2" stage="1" lat="1">
<core>NULL</core>
<MemPortIdVec></MemPortIdVec>
<condition id="3">
<or_exp><and_exp><literal name="exitcond3" val="0"/>
</and_exp></or_exp>
</condition>

<Node id="19" bw="13" op_0_bw="12">
<![CDATA[
.preheader5.preheader:6  %tmp_258_cast = zext i12 %tmp_158 to i13

]]></Node>
<StgValue><ssdm name="tmp_258_cast"/></StgValue>
</operation>

<operation id="37" st_id="2" stage="1" lat="1">
<core>NULL</core>
<MemPortIdVec></MemPortIdVec>
<condition id="3">
<or_exp><and_exp><literal name="exitcond3" val="0"/>
</and_exp></or_exp>
</condition>

<Node id="20" bw="9" op_0_bw="32" op_1_bw="64" op_2_bw="64">
<![CDATA[
.preheader5.preheader:7  %bias_addr = getelementptr [512 x float]* %bias, i64 0, i64 %tmp

]]></Node>
<StgValue><ssdm name="bias_addr"/></StgValue>
</operation>

<operation id="38" st_id="2" stage="1" lat="1">
<core>NULL</core>
<MemPortIdVec></MemPortIdVec>
<condition id="3">
<or_exp><and_exp><literal name="exitcond3" val="0"/>
</and_exp></or_exp>
</condition>

<Node id="21" bw="0" op_0_bw="0">
<![CDATA[
.preheader5.preheader:8  br label %.preheader5

]]></Node>
<StgValue><ssdm name=""/></StgValue>
</operation>

<operation id="39" st_id="2" stage="1" lat="1">
<core>NULL</core>
<MemPortIdVec></MemPortIdVec>
<condition id="5">
<or_exp><and_exp><literal name="exitcond3" val="1"/>
</and_exp></or_exp>
</condition>

<Node id="90" bw="0">
<![CDATA[
:0  ret void

]]></Node>
<StgValue><ssdm name=""/></StgValue>
</operation>
</state>

<state id="3" st_id="3">

<operation id="40" st_id="3" stage="1" lat="1">
<core>NULL</core>
<MemPortIdVec></MemPortIdVec>
<condition id="6">
<or_exp><and_exp></and_exp></or_exp>
</condition>

<Node id="23" bw="3" op_0_bw="3" op_1_bw="0">
<![CDATA[
.preheader5:0  %h = phi i3 [ 0, %.preheader5.preheader ], [ %h_16, %.preheader5.loopexit ]

]]></Node>
<StgValue><ssdm name="h"/></StgValue>
</operation>

<operation id="41" st_id="3" stage="1" lat="1">
<core>Cmp</core>
<MemPortIdVec></MemPortIdVec>
<condition id="6">
<or_exp><and_exp></and_exp></or_exp>
</condition>

<Node id="24" bw="1" op_0_bw="3" op_1_bw="3">
<![CDATA[
.preheader5:1  %exitcond2 = icmp eq i3 %h, -4

]]></Node>
<StgValue><ssdm name="exitcond2"/></StgValue>
</operation>

<operation id="42" st_id="3" stage="1" lat="1">
<core>NULL</core>
<MemPortIdVec></MemPortIdVec>
<condition id="6">
<or_exp><and_exp></and_exp></or_exp>
</condition>

<Node id="25" bw="32" op_0_bw="32" op_1_bw="64" op_2_bw="64" op_3_bw="64">
<![CDATA[
.preheader5:2  %empty_69 = call i32 (...)* @_ssdm_op_SpecLoopTripCount(i64 4, i64 4, i64 4)

]]></Node>
<StgValue><ssdm name="empty_69"/></StgValue>
</operation>

<operation id="43" st_id="3" stage="1" lat="1">
<core>AddSub</core>
<MemPortIdVec></MemPortIdVec>
<condition id="6">
<or_exp><and_exp></and_exp></or_exp>
</condition>

<Node id="26" bw="3" op_0_bw="3" op_1_bw="3">
<![CDATA[
.preheader5:3  %h_16 = add i3 %h, 1

]]></Node>
<StgValue><ssdm name="h_16"/></StgValue>
</operation>

<operation id="44" st_id="3" stage="1" lat="1">
<core>NULL</core>
<MemPortIdVec></MemPortIdVec>
<condition id="6">
<or_exp><and_exp></and_exp></or_exp>
</condition>

<Node id="27" bw="0" op_0_bw="1" op_1_bw="0" op_2_bw="0">
<![CDATA[
.preheader5:4  br i1 %exitcond2, label %.loopexit.loopexit, label %.preheader4.preheader

]]></Node>
<StgValue><ssdm name=""/></StgValue>
</operation>

<operation id="45" st_id="3" stage="1" lat="1">
<core>NULL</core>
<MemPortIdVec></MemPortIdVec>
<condition id="8">
<or_exp><and_exp><literal name="exitcond2" val="0"/>
</and_exp></or_exp>
</condition>

<Node id="29" bw="11" op_0_bw="3">
<![CDATA[
.preheader4.preheader:0  %tmp_cast3 = zext i3 %h to i11

]]></Node>
<StgValue><ssdm name="tmp_cast3"/></StgValue>
</operation>

<operation id="46" st_id="3" stage="1" lat="1">
<core>NULL</core>
<MemPortIdVec></MemPortIdVec>
<condition id="8">
<or_exp><and_exp><literal name="exitcond2" val="0"/>
</and_exp></or_exp>
</condition>

<Node id="30" bw="13" op_0_bw="3">
<![CDATA[
.preheader4.preheader:1  %tmp_cast = zext i3 %h to i13

]]></Node>
<StgValue><ssdm name="tmp_cast"/></StgValue>
</operation>

<operation id="47" st_id="3" stage="1" lat="1">
<core>AddSub</core>
<MemPortIdVec></MemPortIdVec>
<condition id="8">
<or_exp><and_exp><literal name="exitcond2" val="0"/>
</and_exp></or_exp>
</condition>

<Node id="31" bw="13" op_0_bw="13" op_1_bw="13">
<![CDATA[
.preheader4.preheader:2  %tmp_159 = add i13 %tmp_cast, %tmp_258_cast

]]></Node>
<StgValue><ssdm name="tmp_159"/></StgValue>
</operation>

<operation id="48" st_id="3" stage="1" lat="1">
<core>NULL</core>
<MemPortIdVec></MemPortIdVec>
<condition id="8">
<or_exp><and_exp><literal name="exitcond2" val="0"/>
</and_exp></or_exp>
</condition>

<Node id="32" bw="15" op_0_bw="15" op_1_bw="13" op_2_bw="2">
<![CDATA[
.preheader4.preheader:3  %tmp_261_cast = call i15 @_ssdm_op_BitConcatenate.i15.i13.i2(i13 %tmp_159, i2 0)

]]></Node>
<StgValue><ssdm name="tmp_261_cast"/></StgValue>
</operation>

<operation id="49" st_id="3" stage="1" lat="1">
<core>NULL</core>
<MemPortIdVec></MemPortIdVec>
<condition id="8">
<or_exp><and_exp><literal name="exitcond2" val="0"/>
</and_exp></or_exp>
</condition>

<Node id="33" bw="0" op_0_bw="0">
<![CDATA[
.preheader4.preheader:4  br label %.preheader4

]]></Node>
<StgValue><ssdm name=""/></StgValue>
</operation>

<operation id="50" st_id="3" stage="1" lat="1">
<core>NULL</core>
<MemPortIdVec></MemPortIdVec>
<condition id="10">
<or_exp><and_exp><literal name="exitcond2" val="1"/>
</and_exp></or_exp>
</condition>

<Node id="88" bw="0" op_0_bw="0">
<![CDATA[
.loopexit.loopexit:0  br label %.loopexit

]]></Node>
<StgValue><ssdm name=""/></StgValue>
</operation>
</state>

<state id="4" st_id="4">

<operation id="51" st_id="4" stage="1" lat="1">
<core>NULL</core>
<MemPortIdVec></MemPortIdVec>
<condition id="11">
<or_exp><and_exp></and_exp></or_exp>
</condition>

<Node id="35" bw="3" op_0_bw="3" op_1_bw="0">
<![CDATA[
.preheader4:0  %w = phi i3 [ %w_16, %2 ], [ 0, %.preheader4.preheader ]

]]></Node>
<StgValue><ssdm name="w"/></StgValue>
</operation>

<operation id="52" st_id="4" stage="1" lat="1">
<core>Cmp</core>
<MemPortIdVec></MemPortIdVec>
<condition id="11">
<or_exp><and_exp></and_exp></or_exp>
</condition>

<Node id="36" bw="1" op_0_bw="3" op_1_bw="3">
<![CDATA[
.preheader4:1  %exitcond1 = icmp eq i3 %w, -4

]]></Node>
<StgValue><ssdm name="exitcond1"/></StgValue>
</operation>

<operation id="53" st_id="4" stage="1" lat="1">
<core>NULL</core>
<MemPortIdVec></MemPortIdVec>
<condition id="11">
<or_exp><and_exp></and_exp></or_exp>
</condition>

<Node id="37" bw="32" op_0_bw="32" op_1_bw="64" op_2_bw="64" op_3_bw="64">
<![CDATA[
.preheader4:2  %empty_70 = call i32 (...)* @_ssdm_op_SpecLoopTripCount(i64 4, i64 4, i64 4)

]]></Node>
<StgValue><ssdm name="empty_70"/></StgValue>
</operation>

<operation id="54" st_id="4" stage="1" lat="1">
<core>AddSub</core>
<MemPortIdVec></MemPortIdVec>
<condition id="11">
<or_exp><and_exp></and_exp></or_exp>
</condition>

<Node id="38" bw="3" op_0_bw="3" op_1_bw="3">
<![CDATA[
.preheader4:3  %w_16 = add i3 %w, 1

]]></Node>
<StgValue><ssdm name="w_16"/></StgValue>
</operation>

<operation id="55" st_id="4" stage="1" lat="1">
<core>NULL</core>
<MemPortIdVec></MemPortIdVec>
<condition id="11">
<or_exp><and_exp></and_exp></or_exp>
</condition>

<Node id="39" bw="0" op_0_bw="1" op_1_bw="0" op_2_bw="0">
<![CDATA[
.preheader4:4  br i1 %exitcond1, label %.preheader5.loopexit, label %.preheader.preheader

]]></Node>
<StgValue><ssdm name=""/></StgValue>
</operation>

<operation id="56" st_id="4" stage="1" lat="1">
<core>NULL</core>
<MemPortIdVec></MemPortIdVec>
<condition id="13">
<or_exp><and_exp><literal name="exitcond1" val="0"/>
</and_exp></or_exp>
</condition>

<Node id="41" bw="13" op_0_bw="3">
<![CDATA[
.preheader.preheader:0  %tmp_100_cast2 = zext i3 %w to i13

]]></Node>
<StgValue><ssdm name="tmp_100_cast2"/></StgValue>
</operation>

<operation id="57" st_id="4" stage="1" lat="1">
<core>NULL</core>
<MemPortIdVec></MemPortIdVec>
<condition id="13">
<or_exp><and_exp><literal name="exitcond1" val="0"/>
</and_exp></or_exp>
</condition>

<Node id="42" bw="15" op_0_bw="3">
<![CDATA[
.preheader.preheader:1  %tmp_100_cast = zext i3 %w to i15

]]></Node>
<StgValue><ssdm name="tmp_100_cast"/></StgValue>
</operation>

<operation id="58" st_id="4" stage="1" lat="1">
<core>AddSub</core>
<MemPortIdVec></MemPortIdVec>
<condition id="13">
<or_exp><and_exp><literal name="exitcond1" val="0"/>
</and_exp></or_exp>
</condition>

<Node id="43" bw="15" op_0_bw="15" op_1_bw="15">
<![CDATA[
.preheader.preheader:2  %tmp_160 = add i15 %tmp_261_cast, %tmp_100_cast

]]></Node>
<StgValue><ssdm name="tmp_160"/></StgValue>
</operation>

<operation id="59" st_id="4" stage="1" lat="1">
<core>NULL</core>
<MemPortIdVec></MemPortIdVec>
<condition id="13">
<or_exp><and_exp><literal name="exitcond1" val="0"/>
</and_exp></or_exp>
</condition>

<Node id="44" bw="64" op_0_bw="15">
<![CDATA[
.preheader.preheader:3  %tmp_262_cast = zext i15 %tmp_160 to i64

]]></Node>
<StgValue><ssdm name="tmp_262_cast"/></StgValue>
</operation>

<operation id="60" st_id="4" stage="1" lat="1">
<core>NULL</core>
<MemPortIdVec></MemPortIdVec>
<condition id="13">
<or_exp><and_exp><literal name="exitcond1" val="0"/>
</and_exp></or_exp>
</condition>

<Node id="45" bw="13" op_0_bw="32" op_1_bw="64" op_2_bw="64">
<![CDATA[
.preheader.preheader:4  %output_addr = getelementptr [8192 x float]* %output_r, i64 0, i64 %tmp_262_cast

]]></Node>
<StgValue><ssdm name="output_addr"/></StgValue>
</operation>

<operation id="61" st_id="4" stage="1" lat="1">
<core>NULL</core>
<MemPortIdVec></MemPortIdVec>
<condition id="13">
<or_exp><and_exp><literal name="exitcond1" val="0"/>
</and_exp></or_exp>
</condition>

<Node id="46" bw="0" op_0_bw="0">
<![CDATA[
.preheader.preheader:5  br label %.preheader

]]></Node>
<StgValue><ssdm name=""/></StgValue>
</operation>

<operation id="62" st_id="4" stage="1" lat="1">
<core>NULL</core>
<MemPortIdVec></MemPortIdVec>
<condition id="15">
<or_exp><and_exp><literal name="exitcond1" val="1"/>
</and_exp></or_exp>
</condition>

<Node id="86" bw="0" op_0_bw="0">
<![CDATA[
.preheader5.loopexit:0  br label %.preheader5

]]></Node>
<StgValue><ssdm name=""/></StgValue>
</operation>
</state>

<state id="5" st_id="5">

<operation id="63" st_id="5" stage="1" lat="1">
<core>NULL</core>
<MemPortIdVec></MemPortIdVec>
<condition id="16">
<or_exp><and_exp></and_exp></or_exp>
</condition>

<Node id="48" bw="32" op_0_bw="32" op_1_bw="0">
<![CDATA[
.preheader:0  %sum = phi float [ %sum_14, %1 ], [ 0.000000e+00, %.preheader.preheader ]

]]></Node>
<StgValue><ssdm name="sum"/></StgValue>
</operation>

<operation id="64" st_id="5" stage="1" lat="1">
<core>NULL</core>
<MemPortIdVec></MemPortIdVec>
<condition id="16">
<or_exp><and_exp></and_exp></or_exp>
</condition>

<Node id="49" bw="8" op_0_bw="8" op_1_bw="0">
<![CDATA[
.preheader:1  %ci = phi i8 [ %ci_7, %1 ], [ 0, %.preheader.preheader ]

]]></Node>
<StgValue><ssdm name="ci"/></StgValue>
</operation>

<operation id="65" st_id="5" stage="1" lat="1">
<core>Cmp</core>
<MemPortIdVec></MemPortIdVec>
<condition id="16">
<or_exp><and_exp></and_exp></or_exp>
</condition>

<Node id="50" bw="1" op_0_bw="8" op_1_bw="8">
<![CDATA[
.preheader:2  %exitcond = icmp eq i8 %ci, -64

]]></Node>
<StgValue><ssdm name="exitcond"/></StgValue>
</operation>

<operation id="66" st_id="5" stage="1" lat="1">
<core>NULL</core>
<MemPortIdVec></MemPortIdVec>
<condition id="16">
<or_exp><and_exp></and_exp></or_exp>
</condition>

<Node id="51" bw="32" op_0_bw="32" op_1_bw="64" op_2_bw="64" op_3_bw="64">
<![CDATA[
.preheader:3  %empty_71 = call i32 (...)* @_ssdm_op_SpecLoopTripCount(i64 192, i64 192, i64 192)

]]></Node>
<StgValue><ssdm name="empty_71"/></StgValue>
</operation>

<operation id="67" st_id="5" stage="1" lat="1">
<core>AddSub</core>
<MemPortIdVec></MemPortIdVec>
<condition id="16">
<or_exp><and_exp></and_exp></or_exp>
</condition>

<Node id="52" bw="8" op_0_bw="8" op_1_bw="8">
<![CDATA[
.preheader:4  %ci_7 = add i8 %ci, 1

]]></Node>
<StgValue><ssdm name="ci_7"/></StgValue>
</operation>

<operation id="68" st_id="5" stage="1" lat="1">
<core>NULL</core>
<MemPortIdVec></MemPortIdVec>
<condition id="16">
<or_exp><and_exp></and_exp></or_exp>
</condition>

<Node id="53" bw="0" op_0_bw="1" op_1_bw="0" op_2_bw="0">
<![CDATA[
.preheader:5  br i1 %exitcond, label %2, label %1

]]></Node>
<StgValue><ssdm name=""/></StgValue>
</operation>

<operation id="69" st_id="5" stage="1" lat="1">
<core>NULL</core>
<MemPortIdVec></MemPortIdVec>
<condition id="18">
<or_exp><and_exp><literal name="exitcond" val="0"/>
</and_exp></or_exp>
</condition>

<Node id="55" bw="18" op_0_bw="8">
<![CDATA[
:0  %tmp_101_cast = zext i8 %ci to i18

]]></Node>
<StgValue><ssdm name="tmp_101_cast"/></StgValue>
</operation>

<operation id="70" st_id="5" stage="1" lat="1">
<core>AddSub</core>
<MemPortIdVec></MemPortIdVec>
<condition id="18">
<or_exp><and_exp><literal name="exitcond" val="0"/>
</and_exp></or_exp>
</condition>

<Node id="56" bw="18" op_0_bw="18" op_1_bw="18">
<![CDATA[
:1  %tmp_161 = add i18 %tmp_101_cast, %tmp_157

]]></Node>
<StgValue><ssdm name="tmp_161"/></StgValue>
</operation>

<operation id="71" st_id="5" stage="1" lat="1">
<core>NULL</core>
<MemPortIdVec></MemPortIdVec>
<condition id="18">
<or_exp><and_exp><literal name="exitcond" val="0"/>
</and_exp></or_exp>
</condition>

<Node id="57" bw="64" op_0_bw="18">
<![CDATA[
:2  %tmp_263_cast = sext i18 %tmp_161 to i64

]]></Node>
<StgValue><ssdm name="tmp_263_cast"/></StgValue>
</operation>

<operation id="72" st_id="5" stage="1" lat="1">
<core>NULL</core>
<MemPortIdVec></MemPortIdVec>
<condition id="18">
<or_exp><and_exp><literal name="exitcond" val="0"/>
</and_exp></or_exp>
</condition>

<Node id="58" bw="17" op_0_bw="32" op_1_bw="64" op_2_bw="64">
<![CDATA[
:3  %weight_addr = getelementptr [98304 x float]* %weight, i64 0, i64 %tmp_263_cast

]]></Node>
<StgValue><ssdm name="weight_addr"/></StgValue>
</operation>

<operation id="73" st_id="5" stage="1" lat="1">
<core>NULL</core>
<MemPortIdVec></MemPortIdVec>
<condition id="18">
<or_exp><and_exp><literal name="exitcond" val="0"/>
</and_exp></or_exp>
</condition>

<Node id="59" bw="10" op_0_bw="10" op_1_bw="8" op_2_bw="2">
<![CDATA[
:4  %tmp_162 = call i10 @_ssdm_op_BitConcatenate.i10.i8.i2(i8 %ci, i2 0)

]]></Node>
<StgValue><ssdm name="tmp_162"/></StgValue>
</operation>

<operation id="74" st_id="5" stage="1" lat="1">
<core>NULL</core>
<MemPortIdVec></MemPortIdVec>
<condition id="18">
<or_exp><and_exp><literal name="exitcond" val="0"/>
</and_exp></or_exp>
</condition>

<Node id="60" bw="11" op_0_bw="10">
<![CDATA[
:5  %tmp_265_cast = zext i10 %tmp_162 to i11

]]></Node>
<StgValue><ssdm name="tmp_265_cast"/></StgValue>
</operation>

<operation id="75" st_id="5" stage="1" lat="1">
<core>AddSub</core>
<MemPortIdVec></MemPortIdVec>
<condition id="18">
<or_exp><and_exp><literal name="exitcond" val="0"/>
</and_exp></or_exp>
</condition>

<Node id="61" bw="11" op_0_bw="11" op_1_bw="11">
<![CDATA[
:6  %tmp_163 = add i11 %tmp_cast3, %tmp_265_cast

]]></Node>
<StgValue><ssdm name="tmp_163"/></StgValue>
</operation>

<operation id="76" st_id="5" stage="1" lat="1">
<core>NULL</core>
<MemPortIdVec></MemPortIdVec>
<condition id="18">
<or_exp><and_exp><literal name="exitcond" val="0"/>
</and_exp></or_exp>
</condition>

<Node id="62" bw="13" op_0_bw="13" op_1_bw="11" op_2_bw="2">
<![CDATA[
:7  %tmp_268_cast = call i13 @_ssdm_op_BitConcatenate.i13.i11.i2(i11 %tmp_163, i2 0)

]]></Node>
<StgValue><ssdm name="tmp_268_cast"/></StgValue>
</operation>

<operation id="77" st_id="5" stage="1" lat="1">
<core>AddSub</core>
<MemPortIdVec></MemPortIdVec>
<condition id="18">
<or_exp><and_exp><literal name="exitcond" val="0"/>
</and_exp></or_exp>
</condition>

<Node id="63" bw="13" op_0_bw="13" op_1_bw="13">
<![CDATA[
:8  %tmp_164 = add i13 %tmp_100_cast2, %tmp_268_cast

]]></Node>
<StgValue><ssdm name="tmp_164"/></StgValue>
</operation>

<operation id="78" st_id="5" stage="1" lat="1">
<core>NULL</core>
<MemPortIdVec></MemPortIdVec>
<condition id="18">
<or_exp><and_exp><literal name="exitcond" val="0"/>
</and_exp></or_exp>
</condition>

<Node id="64" bw="64" op_0_bw="13">
<![CDATA[
:9  %tmp_269_cast = zext i13 %tmp_164 to i64

]]></Node>
<StgValue><ssdm name="tmp_269_cast"/></StgValue>
</operation>

<operation id="79" st_id="5" stage="1" lat="1">
<core>NULL</core>
<MemPortIdVec></MemPortIdVec>
<condition id="18">
<or_exp><and_exp><literal name="exitcond" val="0"/>
</and_exp></or_exp>
</condition>

<Node id="65" bw="12" op_0_bw="32" op_1_bw="64" op_2_bw="64">
<![CDATA[
:10  %shuffleunit2_2_outpu = getelementptr [3072 x float]* @shuffleunit2_2_outpu, i64 0, i64 %tmp_269_cast

]]></Node>
<StgValue><ssdm name="shuffleunit2_2_outpu"/></StgValue>
</operation>

<operation id="80" st_id="5" stage="2" lat="2">
<core>RAM</core>
<MemPortIdVec>0 </MemPortIdVec>
<condition id="18">
<or_exp><and_exp><literal name="exitcond" val="0"/>
</and_exp></or_exp>
</condition>

<Node id="66" bw="32" op_0_bw="17">
<![CDATA[
:11  %weight_load = load float* %weight_addr, align 4

]]></Node>
<StgValue><ssdm name="weight_load"/></StgValue>
</operation>

<operation id="81" st_id="5" stage="2" lat="2">
<core>RAM</core>
<MemPortIdVec>0 </MemPortIdVec>
<condition id="18">
<or_exp><and_exp><literal name="exitcond" val="0"/>
</and_exp></or_exp>
</condition>

<Node id="67" bw="32" op_0_bw="12">
<![CDATA[
:12  %shuffleunit2_2_outpu_1 = load float* %shuffleunit2_2_outpu, align 4

]]></Node>
<StgValue><ssdm name="shuffleunit2_2_outpu_1"/></StgValue>
</operation>

<operation id="82" st_id="5" stage="2" lat="2">
<core>RAM</core>
<MemPortIdVec>0 </MemPortIdVec>
<condition id="20">
<or_exp><and_exp><literal name="exitcond" val="1"/>
</and_exp></or_exp>
</condition>

<Node id="72" bw="32" op_0_bw="9">
<![CDATA[
:0  %bias_load = load float* %bias_addr, align 4

]]></Node>
<StgValue><ssdm name="bias_load"/></StgValue>
</operation>
</state>

<state id="6" st_id="6">

<operation id="83" st_id="6" stage="1" lat="2">
<core>RAM</core>
<MemPortIdVec>0 </MemPortIdVec>
<condition id="21">
<or_exp><and_exp></and_exp></or_exp>
</condition>

<Node id="66" bw="32" op_0_bw="17">
<![CDATA[
:11  %weight_load = load float* %weight_addr, align 4

]]></Node>
<StgValue><ssdm name="weight_load"/></StgValue>
</operation>

<operation id="84" st_id="6" stage="1" lat="2">
<core>RAM</core>
<MemPortIdVec>0 </MemPortIdVec>
<condition id="21">
<or_exp><and_exp></and_exp></or_exp>
</condition>

<Node id="67" bw="32" op_0_bw="12">
<![CDATA[
:12  %shuffleunit2_2_outpu_1 = load float* %shuffleunit2_2_outpu, align 4

]]></Node>
<StgValue><ssdm name="shuffleunit2_2_outpu_1"/></StgValue>
</operation>
</state>

<state id="7" st_id="7">

<operation id="85" st_id="7" stage="4" lat="4">
<core>FMul</core>
<MemPortIdVec></MemPortIdVec>
<condition id="22">
<or_exp><and_exp></and_exp></or_exp>
</condition>

<Node id="68" bw="32" op_0_bw="32" op_1_bw="32">
<![CDATA[
:13  %tmp_102 = fmul float %weight_load, %shuffleunit2_2_outpu_1

]]></Node>
<StgValue><ssdm name="tmp_102"/></StgValue>
</operation>
</state>

<state id="8" st_id="8">

<operation id="86" st_id="8" stage="3" lat="4">
<core>FMul</core>
<MemPortIdVec></MemPortIdVec>
<condition id="23">
<or_exp><and_exp></and_exp></or_exp>
</condition>

<Node id="68" bw="32" op_0_bw="32" op_1_bw="32">
<![CDATA[
:13  %tmp_102 = fmul float %weight_load, %shuffleunit2_2_outpu_1

]]></Node>
<StgValue><ssdm name="tmp_102"/></StgValue>
</operation>
</state>

<state id="9" st_id="9">

<operation id="87" st_id="9" stage="2" lat="4">
<core>FMul</core>
<MemPortIdVec></MemPortIdVec>
<condition id="24">
<or_exp><and_exp></and_exp></or_exp>
</condition>

<Node id="68" bw="32" op_0_bw="32" op_1_bw="32">
<![CDATA[
:13  %tmp_102 = fmul float %weight_load, %shuffleunit2_2_outpu_1

]]></Node>
<StgValue><ssdm name="tmp_102"/></StgValue>
</operation>
</state>

<state id="10" st_id="10">

<operation id="88" st_id="10" stage="1" lat="4">
<core>FMul</core>
<MemPortIdVec></MemPortIdVec>
<condition id="25">
<or_exp><and_exp></and_exp></or_exp>
</condition>

<Node id="68" bw="32" op_0_bw="32" op_1_bw="32">
<![CDATA[
:13  %tmp_102 = fmul float %weight_load, %shuffleunit2_2_outpu_1

]]></Node>
<StgValue><ssdm name="tmp_102"/></StgValue>
</operation>
</state>

<state id="11" st_id="11">

<operation id="89" st_id="11" stage="5" lat="5">
<core>FAddSub</core>
<MemPortIdVec></MemPortIdVec>
<condition id="26">
<or_exp><and_exp></and_exp></or_exp>
</condition>

<Node id="69" bw="32" op_0_bw="32" op_1_bw="32">
<![CDATA[
:14  %sum_14 = fadd float %sum, %tmp_102

]]></Node>
<StgValue><ssdm name="sum_14"/></StgValue>
</operation>
</state>

<state id="12" st_id="12">

<operation id="90" st_id="12" stage="4" lat="5">
<core>FAddSub</core>
<MemPortIdVec></MemPortIdVec>
<condition id="27">
<or_exp><and_exp></and_exp></or_exp>
</condition>

<Node id="69" bw="32" op_0_bw="32" op_1_bw="32">
<![CDATA[
:14  %sum_14 = fadd float %sum, %tmp_102

]]></Node>
<StgValue><ssdm name="sum_14"/></StgValue>
</operation>
</state>

<state id="13" st_id="13">

<operation id="91" st_id="13" stage="3" lat="5">
<core>FAddSub</core>
<MemPortIdVec></MemPortIdVec>
<condition id="28">
<or_exp><and_exp></and_exp></or_exp>
</condition>

<Node id="69" bw="32" op_0_bw="32" op_1_bw="32">
<![CDATA[
:14  %sum_14 = fadd float %sum, %tmp_102

]]></Node>
<StgValue><ssdm name="sum_14"/></StgValue>
</operation>
</state>

<state id="14" st_id="14">

<operation id="92" st_id="14" stage="2" lat="5">
<core>FAddSub</core>
<MemPortIdVec></MemPortIdVec>
<condition id="29">
<or_exp><and_exp></and_exp></or_exp>
</condition>

<Node id="69" bw="32" op_0_bw="32" op_1_bw="32">
<![CDATA[
:14  %sum_14 = fadd float %sum, %tmp_102

]]></Node>
<StgValue><ssdm name="sum_14"/></StgValue>
</operation>
</state>

<state id="15" st_id="15">

<operation id="93" st_id="15" stage="1" lat="5">
<core>FAddSub</core>
<MemPortIdVec></MemPortIdVec>
<condition id="30">
<or_exp><and_exp></and_exp></or_exp>
</condition>

<Node id="69" bw="32" op_0_bw="32" op_1_bw="32">
<![CDATA[
:14  %sum_14 = fadd float %sum, %tmp_102

]]></Node>
<StgValue><ssdm name="sum_14"/></StgValue>
</operation>

<operation id="94" st_id="15" stage="1" lat="1">
<core>NULL</core>
<MemPortIdVec></MemPortIdVec>
<condition id="30">
<or_exp><and_exp></and_exp></or_exp>
</condition>

<Node id="70" bw="0" op_0_bw="0">
<![CDATA[
:15  br label %.preheader

]]></Node>
<StgValue><ssdm name=""/></StgValue>
</operation>
</state>

<state id="16" st_id="16">

<operation id="95" st_id="16" stage="1" lat="2">
<core>RAM</core>
<MemPortIdVec>0 </MemPortIdVec>
<condition id="31">
<or_exp><and_exp></and_exp></or_exp>
</condition>

<Node id="72" bw="32" op_0_bw="9">
<![CDATA[
:0  %bias_load = load float* %bias_addr, align 4

]]></Node>
<StgValue><ssdm name="bias_load"/></StgValue>
</operation>
</state>

<state id="17" st_id="17">

<operation id="96" st_id="17" stage="5" lat="5">
<core>FAddSub</core>
<MemPortIdVec></MemPortIdVec>
<condition id="32">
<or_exp><and_exp></and_exp></or_exp>
</condition>

<Node id="73" bw="32" op_0_bw="32" op_1_bw="32">
<![CDATA[
:1  %result = fadd float %sum, %bias_load

]]></Node>
<StgValue><ssdm name="result"/></StgValue>
</operation>
</state>

<state id="18" st_id="18">

<operation id="97" st_id="18" stage="4" lat="5">
<core>FAddSub</core>
<MemPortIdVec></MemPortIdVec>
<condition id="33">
<or_exp><and_exp></and_exp></or_exp>
</condition>

<Node id="73" bw="32" op_0_bw="32" op_1_bw="32">
<![CDATA[
:1  %result = fadd float %sum, %bias_load

]]></Node>
<StgValue><ssdm name="result"/></StgValue>
</operation>
</state>

<state id="19" st_id="19">

<operation id="98" st_id="19" stage="3" lat="5">
<core>FAddSub</core>
<MemPortIdVec></MemPortIdVec>
<condition id="34">
<or_exp><and_exp></and_exp></or_exp>
</condition>

<Node id="73" bw="32" op_0_bw="32" op_1_bw="32">
<![CDATA[
:1  %result = fadd float %sum, %bias_load

]]></Node>
<StgValue><ssdm name="result"/></StgValue>
</operation>
</state>

<state id="20" st_id="20">

<operation id="99" st_id="20" stage="2" lat="5">
<core>FAddSub</core>
<MemPortIdVec></MemPortIdVec>
<condition id="35">
<or_exp><and_exp></and_exp></or_exp>
</condition>

<Node id="73" bw="32" op_0_bw="32" op_1_bw="32">
<![CDATA[
:1  %result = fadd float %sum, %bias_load

]]></Node>
<StgValue><ssdm name="result"/></StgValue>
</operation>
</state>

<state id="21" st_id="21">

<operation id="100" st_id="21" stage="1" lat="5">
<core>FAddSub</core>
<MemPortIdVec></MemPortIdVec>
<condition id="36">
<or_exp><and_exp></and_exp></or_exp>
</condition>

<Node id="73" bw="32" op_0_bw="32" op_1_bw="32">
<![CDATA[
:1  %result = fadd float %sum, %bias_load

]]></Node>
<StgValue><ssdm name="result"/></StgValue>
</operation>
</state>

<state id="22" st_id="22">

<operation id="101" st_id="22" stage="1" lat="1">
<core>FCmp</core>
<MemPortIdVec></MemPortIdVec>
<condition id="37">
<or_exp><and_exp></and_exp></or_exp>
</condition>

<Node id="80" bw="1" op_0_bw="32" op_1_bw="32">
<![CDATA[
:8  %tmp_34 = fcmp ogt float %result, 0.000000e+00

]]></Node>
<StgValue><ssdm name="tmp_34"/></StgValue>
</operation>
</state>

<state id="23" st_id="23">

<operation id="102" st_id="23" stage="1" lat="1">
<core>NULL</core>
<MemPortIdVec></MemPortIdVec>
<condition id="38">
<or_exp><and_exp></and_exp></or_exp>
</condition>

<Node id="74" bw="32" op_0_bw="32">
<![CDATA[
:2  %result_to_int = bitcast float %result to i32

]]></Node>
<StgValue><ssdm name="result_to_int"/></StgValue>
</operation>

<operation id="103" st_id="23" stage="1" lat="1">
<core>NULL</core>
<MemPortIdVec></MemPortIdVec>
<condition id="38">
<or_exp><and_exp></and_exp></or_exp>
</condition>

<Node id="75" bw="8" op_0_bw="8" op_1_bw="32" op_2_bw="32" op_3_bw="32">
<![CDATA[
:3  %tmp_31 = call i8 @_ssdm_op_PartSelect.i8.i32.i32.i32(i32 %result_to_int, i32 23, i32 30)

]]></Node>
<StgValue><ssdm name="tmp_31"/></StgValue>
</operation>

<operation id="104" st_id="23" stage="1" lat="1">
<core>NULL</core>
<MemPortIdVec></MemPortIdVec>
<condition id="38">
<or_exp><and_exp></and_exp></or_exp>
</condition>

<Node id="76" bw="23" op_0_bw="32">
<![CDATA[
:4  %tmp_97 = trunc i32 %result_to_int to i23

]]></Node>
<StgValue><ssdm name="tmp_97"/></StgValue>
</operation>

<operation id="105" st_id="23" stage="1" lat="1">
<core>Cmp</core>
<MemPortIdVec></MemPortIdVec>
<condition id="38">
<or_exp><and_exp></and_exp></or_exp>
</condition>

<Node id="77" bw="1" op_0_bw="8" op_1_bw="8">
<![CDATA[
:5  %notlhs = icmp ne i8 %tmp_31, -1

]]></Node>
<StgValue><ssdm name="notlhs"/></StgValue>
</operation>

<operation id="106" st_id="23" stage="1" lat="1">
<core>Cmp</core>
<MemPortIdVec></MemPortIdVec>
<condition id="38">
<or_exp><and_exp></and_exp></or_exp>
</condition>

<Node id="78" bw="1" op_0_bw="23" op_1_bw="23">
<![CDATA[
:6  %notrhs = icmp eq i23 %tmp_97, 0

]]></Node>
<StgValue><ssdm name="notrhs"/></StgValue>
</operation>

<operation id="107" st_id="23" stage="1" lat="1">
<core>LogicGate</core>
<MemPortIdVec></MemPortIdVec>
<condition id="38">
<or_exp><and_exp></and_exp></or_exp>
</condition>

<Node id="79" bw="1" op_0_bw="1" op_1_bw="1">
<![CDATA[
:7  %tmp_33 = or i1 %notrhs, %notlhs

]]></Node>
<StgValue><ssdm name="tmp_33"/></StgValue>
</operation>

<operation id="108" st_id="23" stage="1" lat="1">
<core>LogicGate</core>
<MemPortIdVec></MemPortIdVec>
<condition id="38">
<or_exp><and_exp></and_exp></or_exp>
</condition>

<Node id="81" bw="1" op_0_bw="1" op_1_bw="1">
<![CDATA[
:9  %tmp_35 = and i1 %tmp_33, %tmp_34

]]></Node>
<StgValue><ssdm name="tmp_35"/></StgValue>
</operation>

<operation id="109" st_id="23" stage="1" lat="1">
<core>Sel</core>
<MemPortIdVec></MemPortIdVec>
<condition id="38">
<or_exp><and_exp></and_exp></or_exp>
</condition>

<Node id="82" bw="32" op_0_bw="1" op_1_bw="32" op_2_bw="32">
<![CDATA[
:10  %result_7 = select i1 %tmp_35, float %result, float 0.000000e+00

]]></Node>
<StgValue><ssdm name="result_7"/></StgValue>
</operation>

<operation id="110" st_id="23" stage="1" lat="1">
<core>RAM</core>
<MemPortIdVec>0 </MemPortIdVec>
<condition id="38">
<or_exp><and_exp></and_exp></or_exp>
</condition>

<Node id="83" bw="0" op_0_bw="32" op_1_bw="13">
<![CDATA[
:11  store float %result_7, float* %output_addr, align 4

]]></Node>
<StgValue><ssdm name=""/></StgValue>
</operation>

<operation id="111" st_id="23" stage="1" lat="1">
<core>NULL</core>
<MemPortIdVec></MemPortIdVec>
<condition id="38">
<or_exp><and_exp></and_exp></or_exp>
</condition>

<Node id="84" bw="0" op_0_bw="0">
<![CDATA[
:12  br label %.preheader4

]]></Node>
<StgValue><ssdm name=""/></StgValue>
</operation>
</state>
</state_list>


<ports>
<port id="140" name="weight" dir="0" iftype="1">
<core>RAM</core><StgValue><ssdm name="weight"/><MemPortTyVec>1 3 </MemPortTyVec>
</StgValue>
</port>
<port id="141" name="bias" dir="0" iftype="1">
<core>RAM</core><StgValue><ssdm name="bias"/><MemPortTyVec>1 3 </MemPortTyVec>
</StgValue>
</port>
<port id="142" name="output_r" dir="1" iftype="1">
<core>RAM</core><StgValue><ssdm name="output_r"/><MemPortTyVec>0 3 </MemPortTyVec>
</StgValue>
</port>
<port id="143" name="shuffleunit2_2_outpu" dir="0" iftype="1">
<core>RAM</core><StgValue><ssdm name="shuffleunit2_2_outpu"/><MemPortTyVec>1 3 </MemPortTyVec>
</StgValue>
</port>
</ports>


<dataflows>
<dataflow id="145" from="StgValue_144" to="co" fromId="144" toId="25">
<condition id="98">
<or_exp><and_exp></and_exp></or_exp>
</condition>
</dataflow>
<dataflow id="146" from="StgValue_24" to="co" fromId="24" toId="25">
</dataflow>
<dataflow id="147" from="co_16" to="co" fromId="28" toId="25">
<BackEdge/>
<condition id="99">
<or_exp><and_exp><literal name="exitcond2" val="1"/>
</and_exp></or_exp>
</condition>
</dataflow>
<dataflow id="148" from="StgValue_50" to="co" fromId="50" toId="25">
<BackEdge/>
</dataflow>
<dataflow id="149" from="co" to="exitcond3" fromId="25" toId="26">
</dataflow>
<dataflow id="151" from="StgValue_150" to="exitcond3" fromId="150" toId="26">
</dataflow>
<dataflow id="153" from="_ssdm_op_SpecLoopTripCount" to="empty" fromId="152" toId="27">
</dataflow>
<dataflow id="155" from="StgValue_154" to="empty" fromId="154" toId="27">
</dataflow>
<dataflow id="156" from="StgValue_154" to="empty" fromId="154" toId="27">
</dataflow>
<dataflow id="157" from="StgValue_154" to="empty" fromId="154" toId="27">
</dataflow>
<dataflow id="158" from="co" to="co_16" fromId="25" toId="28">
</dataflow>
<dataflow id="160" from="StgValue_159" to="co_16" fromId="159" toId="28">
</dataflow>
<dataflow id="161" from="exitcond3" to="StgValue_29" fromId="26" toId="29">
</dataflow>
<dataflow id="162" from="co" to="tmp" fromId="25" toId="30">
</dataflow>
<dataflow id="164" from="_ssdm_op_BitConcatenate.i18.i10.i8" to="tmp_s" fromId="163" toId="31">
</dataflow>
<dataflow id="165" from="co" to="tmp_s" fromId="25" toId="31">
</dataflow>
<dataflow id="167" from="StgValue_166" to="tmp_s" fromId="166" toId="31">
</dataflow>
<dataflow id="169" from="_ssdm_op_BitConcatenate.i16.i10.i6" to="tmp_156" fromId="168" toId="32">
</dataflow>
<dataflow id="170" from="co" to="tmp_156" fromId="25" toId="32">
</dataflow>
<dataflow id="172" from="StgValue_171" to="tmp_156" fromId="171" toId="32">
</dataflow>
<dataflow id="173" from="tmp_156" to="p_shl1_cast" fromId="32" toId="33">
</dataflow>
<dataflow id="174" from="tmp_s" to="tmp_157" fromId="31" toId="34">
</dataflow>
<dataflow id="175" from="p_shl1_cast" to="tmp_157" fromId="33" toId="34">
</dataflow>
<dataflow id="177" from="_ssdm_op_BitConcatenate.i12.i10.i2" to="tmp_158" fromId="176" toId="35">
</dataflow>
<dataflow id="178" from="co" to="tmp_158" fromId="25" toId="35">
</dataflow>
<dataflow id="180" from="StgValue_179" to="tmp_158" fromId="179" toId="35">
</dataflow>
<dataflow id="181" from="tmp_158" to="tmp_258_cast" fromId="35" toId="36">
</dataflow>
<dataflow id="182" from="bias" to="bias_addr" fromId="141" toId="37">
</dataflow>
<dataflow id="184" from="StgValue_183" to="bias_addr" fromId="183" toId="37">
</dataflow>
<dataflow id="185" from="tmp" to="bias_addr" fromId="30" toId="37">
</dataflow>
<dataflow id="187" from="StgValue_186" to="h" fromId="186" toId="40">
<condition id="100">
<or_exp><and_exp><literal name="exitcond3" val="0"/>
</and_exp></or_exp>
</condition>
</dataflow>
<dataflow id="188" from="StgValue_38" to="h" fromId="38" toId="40">
</dataflow>
<dataflow id="189" from="h_16" to="h" fromId="43" toId="40">
<BackEdge/>
<condition id="101">
<or_exp><and_exp><literal name="exitcond1" val="1"/>
</and_exp></or_exp>
</condition>
</dataflow>
<dataflow id="190" from="StgValue_62" to="h" fromId="62" toId="40">
<BackEdge/>
</dataflow>
<dataflow id="191" from="h" to="exitcond2" fromId="40" toId="41">
</dataflow>
<dataflow id="193" from="StgValue_192" to="exitcond2" fromId="192" toId="41">
</dataflow>
<dataflow id="194" from="_ssdm_op_SpecLoopTripCount" to="empty_69" fromId="152" toId="42">
</dataflow>
<dataflow id="196" from="StgValue_195" to="empty_69" fromId="195" toId="42">
</dataflow>
<dataflow id="197" from="StgValue_195" to="empty_69" fromId="195" toId="42">
</dataflow>
<dataflow id="198" from="StgValue_195" to="empty_69" fromId="195" toId="42">
</dataflow>
<dataflow id="199" from="h" to="h_16" fromId="40" toId="43">
</dataflow>
<dataflow id="201" from="StgValue_200" to="h_16" fromId="200" toId="43">
</dataflow>
<dataflow id="202" from="exitcond2" to="StgValue_44" fromId="41" toId="44">
</dataflow>
<dataflow id="203" from="h" to="tmp_cast3" fromId="40" toId="45">
</dataflow>
<dataflow id="204" from="h" to="tmp_cast" fromId="40" toId="46">
</dataflow>
<dataflow id="205" from="tmp_cast" to="tmp_159" fromId="46" toId="47">
</dataflow>
<dataflow id="206" from="tmp_258_cast" to="tmp_159" fromId="36" toId="47">
</dataflow>
<dataflow id="208" from="_ssdm_op_BitConcatenate.i15.i13.i2" to="tmp_261_cast" fromId="207" toId="48">
</dataflow>
<dataflow id="209" from="tmp_159" to="tmp_261_cast" fromId="47" toId="48">
</dataflow>
<dataflow id="210" from="StgValue_179" to="tmp_261_cast" fromId="179" toId="48">
</dataflow>
<dataflow id="211" from="w_16" to="w" fromId="54" toId="51">
<BackEdge/>
<condition id="102">
<or_exp><and_exp></and_exp></or_exp>
</condition>
</dataflow>
<dataflow id="212" from="StgValue_111" to="w" fromId="111" toId="51">
<BackEdge/>
</dataflow>
<dataflow id="213" from="StgValue_186" to="w" fromId="186" toId="51">
<condition id="103">
<or_exp><and_exp><literal name="exitcond2" val="0"/>
</and_exp></or_exp>
</condition>
</dataflow>
<dataflow id="214" from="StgValue_49" to="w" fromId="49" toId="51">
</dataflow>
<dataflow id="215" from="w" to="exitcond1" fromId="51" toId="52">
</dataflow>
<dataflow id="216" from="StgValue_192" to="exitcond1" fromId="192" toId="52">
</dataflow>
<dataflow id="217" from="_ssdm_op_SpecLoopTripCount" to="empty_70" fromId="152" toId="53">
</dataflow>
<dataflow id="218" from="StgValue_195" to="empty_70" fromId="195" toId="53">
</dataflow>
<dataflow id="219" from="StgValue_195" to="empty_70" fromId="195" toId="53">
</dataflow>
<dataflow id="220" from="StgValue_195" to="empty_70" fromId="195" toId="53">
</dataflow>
<dataflow id="221" from="w" to="w_16" fromId="51" toId="54">
</dataflow>
<dataflow id="222" from="StgValue_200" to="w_16" fromId="200" toId="54">
</dataflow>
<dataflow id="223" from="exitcond1" to="StgValue_55" fromId="52" toId="55">
</dataflow>
<dataflow id="224" from="w" to="tmp_100_cast2" fromId="51" toId="56">
</dataflow>
<dataflow id="225" from="w" to="tmp_100_cast" fromId="51" toId="57">
</dataflow>
<dataflow id="226" from="tmp_261_cast" to="tmp_160" fromId="48" toId="58">
</dataflow>
<dataflow id="227" from="tmp_100_cast" to="tmp_160" fromId="57" toId="58">
</dataflow>
<dataflow id="228" from="tmp_160" to="tmp_262_cast" fromId="58" toId="59">
</dataflow>
<dataflow id="229" from="output_r" to="output_addr" fromId="142" toId="60">
</dataflow>
<dataflow id="230" from="StgValue_183" to="output_addr" fromId="183" toId="60">
</dataflow>
<dataflow id="231" from="tmp_262_cast" to="output_addr" fromId="59" toId="60">
</dataflow>
<dataflow id="232" from="sum_14" to="sum" fromId="93" toId="63">
<BackEdge/>
<condition id="104">
<or_exp><and_exp></and_exp></or_exp>
</condition>
</dataflow>
<dataflow id="233" from="StgValue_94" to="sum" fromId="94" toId="63">
<BackEdge/>
</dataflow>
<dataflow id="235" from="StgValue_234" to="sum" fromId="234" toId="63">
<condition id="105">
<or_exp><and_exp><literal name="exitcond1" val="0"/>
</and_exp></or_exp>
</condition>
</dataflow>
<dataflow id="236" from="StgValue_61" to="sum" fromId="61" toId="63">
</dataflow>
<dataflow id="237" from="ci_7" to="ci" fromId="67" toId="64">
<BackEdge/>
<condition id="106">
<or_exp><and_exp></and_exp></or_exp>
</condition>
</dataflow>
<dataflow id="238" from="StgValue_94" to="ci" fromId="94" toId="64">
<BackEdge/>
</dataflow>
<dataflow id="239" from="StgValue_166" to="ci" fromId="166" toId="64">
<condition id="107">
<or_exp><and_exp><literal name="exitcond1" val="0"/>
</and_exp></or_exp>
</condition>
</dataflow>
<dataflow id="240" from="StgValue_61" to="ci" fromId="61" toId="64">
</dataflow>
<dataflow id="241" from="ci" to="exitcond" fromId="64" toId="65">
</dataflow>
<dataflow id="243" from="StgValue_242" to="exitcond" fromId="242" toId="65">
</dataflow>
<dataflow id="244" from="_ssdm_op_SpecLoopTripCount" to="empty_71" fromId="152" toId="66">
</dataflow>
<dataflow id="246" from="StgValue_245" to="empty_71" fromId="245" toId="66">
</dataflow>
<dataflow id="247" from="StgValue_245" to="empty_71" fromId="245" toId="66">
</dataflow>
<dataflow id="248" from="StgValue_245" to="empty_71" fromId="245" toId="66">
</dataflow>
<dataflow id="249" from="ci" to="ci_7" fromId="64" toId="67">
</dataflow>
<dataflow id="251" from="StgValue_250" to="ci_7" fromId="250" toId="67">
</dataflow>
<dataflow id="252" from="exitcond" to="StgValue_68" fromId="65" toId="68">
</dataflow>
<dataflow id="253" from="ci" to="tmp_101_cast" fromId="64" toId="69">
</dataflow>
<dataflow id="254" from="tmp_101_cast" to="tmp_161" fromId="69" toId="70">
</dataflow>
<dataflow id="255" from="tmp_157" to="tmp_161" fromId="34" toId="70">
</dataflow>
<dataflow id="256" from="tmp_161" to="tmp_263_cast" fromId="70" toId="71">
</dataflow>
<dataflow id="257" from="weight" to="weight_addr" fromId="140" toId="72">
</dataflow>
<dataflow id="258" from="StgValue_183" to="weight_addr" fromId="183" toId="72">
</dataflow>
<dataflow id="259" from="tmp_263_cast" to="weight_addr" fromId="71" toId="72">
</dataflow>
<dataflow id="261" from="_ssdm_op_BitConcatenate.i10.i8.i2" to="tmp_162" fromId="260" toId="73">
</dataflow>
<dataflow id="262" from="ci" to="tmp_162" fromId="64" toId="73">
</dataflow>
<dataflow id="263" from="StgValue_179" to="tmp_162" fromId="179" toId="73">
</dataflow>
<dataflow id="264" from="tmp_162" to="tmp_265_cast" fromId="73" toId="74">
</dataflow>
<dataflow id="265" from="tmp_cast3" to="tmp_163" fromId="45" toId="75">
</dataflow>
<dataflow id="266" from="tmp_265_cast" to="tmp_163" fromId="74" toId="75">
</dataflow>
<dataflow id="268" from="_ssdm_op_BitConcatenate.i13.i11.i2" to="tmp_268_cast" fromId="267" toId="76">
</dataflow>
<dataflow id="269" from="tmp_163" to="tmp_268_cast" fromId="75" toId="76">
</dataflow>
<dataflow id="270" from="StgValue_179" to="tmp_268_cast" fromId="179" toId="76">
</dataflow>
<dataflow id="271" from="tmp_100_cast2" to="tmp_164" fromId="56" toId="77">
</dataflow>
<dataflow id="272" from="tmp_268_cast" to="tmp_164" fromId="76" toId="77">
</dataflow>
<dataflow id="273" from="tmp_164" to="tmp_269_cast" fromId="77" toId="78">
</dataflow>
<dataflow id="274" from="shuffleunit2_2_outpu" to="shuffleunit2_2_outpu" fromId="143" toId="79">
</dataflow>
<dataflow id="275" from="StgValue_183" to="shuffleunit2_2_outpu" fromId="183" toId="79">
</dataflow>
<dataflow id="276" from="tmp_269_cast" to="shuffleunit2_2_outpu" fromId="78" toId="79">
</dataflow>
<dataflow id="277" from="weight_addr" to="weight_load" fromId="72" toId="80">
</dataflow>
<dataflow id="278" from="shuffleunit2_2_outpu" to="shuffleunit2_2_outpu_1" fromId="79" toId="81">
</dataflow>
<dataflow id="279" from="bias_addr" to="bias_load" fromId="37" toId="82">
</dataflow>
<dataflow id="280" from="weight_addr" to="weight_load" fromId="72" toId="83">
</dataflow>
<dataflow id="281" from="shuffleunit2_2_outpu" to="shuffleunit2_2_outpu_1" fromId="79" toId="84">
</dataflow>
<dataflow id="282" from="weight_load" to="tmp_102" fromId="83" toId="85">
</dataflow>
<dataflow id="283" from="shuffleunit2_2_outpu_1" to="tmp_102" fromId="84" toId="85">
</dataflow>
<dataflow id="284" from="weight_load" to="tmp_102" fromId="83" toId="86">
</dataflow>
<dataflow id="285" from="shuffleunit2_2_outpu_1" to="tmp_102" fromId="84" toId="86">
</dataflow>
<dataflow id="286" from="weight_load" to="tmp_102" fromId="83" toId="87">
</dataflow>
<dataflow id="287" from="shuffleunit2_2_outpu_1" to="tmp_102" fromId="84" toId="87">
</dataflow>
<dataflow id="288" from="weight_load" to="tmp_102" fromId="83" toId="88">
</dataflow>
<dataflow id="289" from="shuffleunit2_2_outpu_1" to="tmp_102" fromId="84" toId="88">
</dataflow>
<dataflow id="290" from="sum" to="sum_14" fromId="63" toId="89">
</dataflow>
<dataflow id="291" from="tmp_102" to="sum_14" fromId="88" toId="89">
</dataflow>
<dataflow id="292" from="sum" to="sum_14" fromId="63" toId="90">
</dataflow>
<dataflow id="293" from="tmp_102" to="sum_14" fromId="88" toId="90">
</dataflow>
<dataflow id="294" from="sum" to="sum_14" fromId="63" toId="91">
</dataflow>
<dataflow id="295" from="tmp_102" to="sum_14" fromId="88" toId="91">
</dataflow>
<dataflow id="296" from="sum" to="sum_14" fromId="63" toId="92">
</dataflow>
<dataflow id="297" from="tmp_102" to="sum_14" fromId="88" toId="92">
</dataflow>
<dataflow id="298" from="sum" to="sum_14" fromId="63" toId="93">
</dataflow>
<dataflow id="299" from="tmp_102" to="sum_14" fromId="88" toId="93">
</dataflow>
<dataflow id="300" from="bias_addr" to="bias_load" fromId="37" toId="95">
</dataflow>
<dataflow id="301" from="sum" to="result" fromId="63" toId="96">
</dataflow>
<dataflow id="302" from="bias_load" to="result" fromId="95" toId="96">
</dataflow>
<dataflow id="303" from="sum" to="result" fromId="63" toId="97">
</dataflow>
<dataflow id="304" from="bias_load" to="result" fromId="95" toId="97">
</dataflow>
<dataflow id="305" from="sum" to="result" fromId="63" toId="98">
</dataflow>
<dataflow id="306" from="bias_load" to="result" fromId="95" toId="98">
</dataflow>
<dataflow id="307" from="sum" to="result" fromId="63" toId="99">
</dataflow>
<dataflow id="308" from="bias_load" to="result" fromId="95" toId="99">
</dataflow>
<dataflow id="309" from="sum" to="result" fromId="63" toId="100">
</dataflow>
<dataflow id="310" from="bias_load" to="result" fromId="95" toId="100">
</dataflow>
<dataflow id="311" from="result" to="tmp_34" fromId="100" toId="101">
</dataflow>
<dataflow id="312" from="StgValue_234" to="tmp_34" fromId="234" toId="101">
</dataflow>
<dataflow id="313" from="result" to="result_to_int" fromId="100" toId="102">
</dataflow>
<dataflow id="315" from="_ssdm_op_PartSelect.i8.i32.i32.i32" to="tmp_31" fromId="314" toId="103">
</dataflow>
<dataflow id="316" from="result_to_int" to="tmp_31" fromId="102" toId="103">
</dataflow>
<dataflow id="318" from="StgValue_317" to="tmp_31" fromId="317" toId="103">
</dataflow>
<dataflow id="320" from="StgValue_319" to="tmp_31" fromId="319" toId="103">
</dataflow>
<dataflow id="321" from="result_to_int" to="tmp_97" fromId="102" toId="104">
</dataflow>
<dataflow id="322" from="tmp_31" to="notlhs" fromId="103" toId="105">
</dataflow>
<dataflow id="324" from="StgValue_323" to="notlhs" fromId="323" toId="105">
</dataflow>
<dataflow id="325" from="tmp_97" to="notrhs" fromId="104" toId="106">
</dataflow>
<dataflow id="327" from="StgValue_326" to="notrhs" fromId="326" toId="106">
</dataflow>
<dataflow id="328" from="notrhs" to="tmp_33" fromId="106" toId="107">
</dataflow>
<dataflow id="329" from="notlhs" to="tmp_33" fromId="105" toId="107">
</dataflow>
<dataflow id="330" from="tmp_33" to="tmp_35" fromId="107" toId="108">
</dataflow>
<dataflow id="331" from="tmp_34" to="tmp_35" fromId="101" toId="108">
</dataflow>
<dataflow id="332" from="tmp_35" to="result_7" fromId="108" toId="109">
</dataflow>
<dataflow id="333" from="result" to="result_7" fromId="100" toId="109">
</dataflow>
<dataflow id="334" from="StgValue_234" to="result_7" fromId="234" toId="109">
</dataflow>
<dataflow id="335" from="result_7" to="StgValue_110" fromId="109" toId="110">
</dataflow>
<dataflow id="336" from="output_addr" to="StgValue_110" fromId="60" toId="110">
</dataflow>
<dataflow id="337" from="exitcond3" to="StgValue_2" fromId="26" toId="2">
</dataflow>
<dataflow id="338" from="exitcond2" to="StgValue_3" fromId="41" toId="3">
</dataflow>
<dataflow id="339" from="exitcond1" to="StgValue_4" fromId="52" toId="4">
</dataflow>
<dataflow id="340" from="exitcond" to="StgValue_5" fromId="65" toId="5">
</dataflow>
</dataflows>


</stg>
