<profile>

<section name = "Vivado HLS Report for 'DownsampleUnit2'" level="0">
<item name = "Date">Mon Dec 10 14:57:13 2018
</item>
<item name = "Version">2017.2 (Build 1909853 on Thu Jun 15 18:55:24 MDT 2017)</item>
<item name = "Project">accelerator_hls</item>
<item name = "Solution">naive</item>
<item name = "Product family">zynq</item>
<item name = "Target device">xc7z020clg484-1</item>
</section>

<section name = "Performance Estimates" level="0">
<item name = "Timing (ns)">
<section name = "" level="1">
<item name = "Summary"><table name="" hasTotal="0">
<keys size="4">Clock, Target, Estimated, Uncertainty</keys>
<column name="ap_clk">10.00, 8.53, 1.25</column>
</table>
</item>
</section>
</item>
<item name = "Latency (clock cycles)">
<section name = "" level="1">
<item name = "Summary"><table name="" hasTotal="0">
<keys size="6">, min, max, min, max, Type</keys>
<column name="">10040942, 10040942, 10040942, 10040942, none</column>
</table>
</item>
<item name = "Detail">
<section name = "" level="1">
<item name = "Instance"><table name="" hasTotal="0">
<keys size="7">Instance, Module, min, max, min, max, Type</keys>
<column name="grp_subconv_1x1_8p20_fu_335">subconv_1x1_8p20, 6551233, 6551233, 6551233, 6551233, none</column>
<column name="grp_subconv_1x1_419_fu_346">subconv_1x1_419, 1638337, 1638337, 1638337, 1638337, none</column>
<column name="grp_subconv_3x3_8_stride_fu_358">subconv_3x3_8_stride, 189889, 189889, 189889, 189889, none</column>
<column name="grp_shuffle_9621_fu_371">shuffle_9621, 8065, 8065, 8065, 8065, none</column>
</table>
</item>
<item name = "Loop"><table name="" hasTotal="0">
<keys size="8">Loop Name, min, max, Latency, achieved, target, Count, Pipelined</keys>
<column name="- memset_conv1r_output">7007, 7007, 73, -, -, 96, no</column>
<column name=" + memset_conv1r_output">71, 71, 9, -, -, 8, no</column>
<column name="  ++ memset_conv1r_output">7, 7, 1, -, -, 8, no</column>
<column name="- memset_conv2r_ourput">2015, 2015, 21, -, -, 96, no</column>
<column name=" + memset_conv2r_ourput">19, 19, 5, -, -, 4, no</column>
<column name="  ++ memset_conv2r_ourput">3, 3, 1, -, -, 4, no</column>
<column name="- memset_conv3r_ourput">2015, 2015, 21, -, -, 96, no</column>
<column name=" + memset_conv3r_ourput">19, 19, 5, -, -, 4, no</column>
<column name="  ++ memset_conv3r_ourput">3, 3, 1, -, -, 4, no</column>
<column name="- memset_conv1l_output">2015, 2015, 21, -, -, 96, no</column>
<column name=" + memset_conv1l_output">19, 19, 5, -, -, 4, no</column>
<column name="  ++ memset_conv1l_output">3, 3, 1, -, -, 4, no</column>
<column name="- memset_conv2l_output">2015, 2015, 21, -, -, 96, no</column>
<column name=" + memset_conv2l_output">19, 19, 5, -, -, 4, no</column>
<column name="  ++ memset_conv2l_output">3, 3, 1, -, -, 4, no</column>
</table>
</item>
</section>
</item>
</section>
</item>
</section>
</profile>
