<profile>

<section name = "Vivado HLS Report for 'DownsampleUnit1'" level="0">
<item name = "Date">Mon Dec 10 14:57:23 2018
</item>
<item name = "Version">2017.2 (Build 1909853 on Thu Jun 15 18:55:24 MDT 2017)</item>
<item name = "Project">accelerator_hls</item>
<item name = "Solution">naive</item>
<item name = "Product family">zynq</item>
<item name = "Target device">xc7z020clg484-1</item>
</section>

<section name = "Performance Estimates" level="0">
<item name = "Timing (ns)">
<section name = "" level="1">
<item name = "Summary"><table name="" hasTotal="0">
<keys size="4">Clock, Target, Estimated, Uncertainty</keys>
<column name="ap_clk">10.00, 8.53, 1.25</column>
</table>
</item>
</section>
</item>
<item name = "Latency (clock cycles)">
<section name = "" level="1">
<item name = "Summary"><table name="" hasTotal="0">
<keys size="6">, min, max, min, max, Type</keys>
<column name="">10339646, 10339646, 10339646, 10339646, none</column>
</table>
</item>
<item name = "Detail">
<section name = "" level="1">
<item name = "Instance"><table name="" hasTotal="0">
<keys size="7">Instance, Module, min, max, min, max, Type</keys>
<column name="grp_subconv_1x1_16p16_fu_335">subconv_1x1_16p16, 6612577, 6612577, 6612577, 6612577, none</column>
<column name="grp_subconv_3x3_16_strid_fu_346">subconv_3x3_16_strid, 378721, 378721, 378721, 378721, none</column>
<column name="grp_subconv_1x1_89_fu_359">subconv_1x1_89, 1653601, 1653601, 1653601, 1653601, none</column>
<column name="grp_shuffle_4811_fu_371">shuffle_4811, 14017, 14017, 14017, 14017, none</column>
</table>
</item>
<item name = "Loop"><table name="" hasTotal="0">
<keys size="8">Loop Name, min, max, Latency, achieved, target, Count, Pipelined</keys>
<column name="- memset_conv1r_output">13103, 13103, 273, -, -, 48, no</column>
<column name=" + memset_conv1r_output">271, 271, 17, -, -, 16, no</column>
<column name="  ++ memset_conv1r_output">15, 15, 1, -, -, 16, no</column>
<column name="- memset_conv2r_ourput">3503, 3503, 73, -, -, 48, no</column>
<column name=" + memset_conv2r_ourput">71, 71, 9, -, -, 8, no</column>
<column name="  ++ memset_conv2r_ourput">7, 7, 1, -, -, 8, no</column>
<column name="- memset_conv3r_ourput">3503, 3503, 73, -, -, 48, no</column>
<column name=" + memset_conv3r_ourput">71, 71, 9, -, -, 8, no</column>
<column name="  ++ memset_conv3r_ourput">7, 7, 1, -, -, 8, no</column>
<column name="- memset_conv1l_output">3503, 3503, 73, -, -, 48, no</column>
<column name=" + memset_conv1l_output">71, 71, 9, -, -, 8, no</column>
<column name="  ++ memset_conv1l_output">7, 7, 1, -, -, 8, no</column>
<column name="- memset_conv2l_output">3503, 3503, 73, -, -, 48, no</column>
<column name=" + memset_conv2l_output">71, 71, 9, -, -, 8, no</column>
<column name="  ++ memset_conv2l_output">7, 7, 1, -, -, 8, no</column>
</table>
</item>
</section>
</item>
</section>
</item>
</section>

<section name = "Utilization Estimates" level="0">
<item name = "Summary"><table name="" hasTotal="1">
<keys size="5">Name, BRAM_18K, DSP48E, FF, LUT</keys>
<column name="DSP">-, -, -, -</column>
<column name="Expression">-, -, 261, 174</column>
<column name="FIFO">-, -, -, -</column>
<column name="Instance">-, 15, 3654, 4039</column>
<column name="Memory">64, -, 0, 0</column>
<column name="Multiplexer">-, -, -, 808</column>
<column name="Register">-, -, 137, -</column>
<specialColumn name="Available">280, 220, 106400, 53200</specialColumn>
<specialColumn name="Utilization (%)">22, 6, 3, 9</specialColumn>
</table>
</item>
<item name = "Detail">
<section name = "" level="1">
<item name = "Instance"><table name="" hasTotal="1">
<keys size="6">Instance, Module, BRAM_18K, DSP48E, FF, LUT</keys>
<column name="grp_shuffle_4811_fu_371">shuffle_4811, 0, 0, 307, 181</column>
<column name="grp_subconv_1x1_16p16_fu_335">subconv_1x1_16p16, 0, 5, 1080, 1338</column>
<column name="grp_subconv_1x1_89_fu_359">subconv_1x1_89, 0, 5, 1047, 1328</column>
<column name="grp_subconv_3x3_16_strid_fu_346">subconv_3x3_16_strid, 0, 5, 1220, 1192</column>
</table>
</item>
<item name = "DSP48"><table name="" hasTotal="0">
<keys size="3">Instance, Module, Expression</keys>
</table>
</item>
<item name = "Memory"><table name="" hasTotal="1">
<keys size="9">Memory, Module, BRAM_18K, FF, LUT, Words, Bits, Banks, W*Bits*Banks</keys>
<column name="conv1r_output_U">DownsampleUnit1_cocq, 32, 0, 0, 12288, 32, 1, 393216</column>
<column name="conv2r_ourput_0_U">DownsampleUnit1_cpcA, 8, 0, 0, 3072, 32, 1, 98304</column>
<column name="conv3r_ourput_0_U">DownsampleUnit1_cpcA, 8, 0, 0, 3072, 32, 1, 98304</column>
<column name="conv1l_output_0_U">DownsampleUnit1_cpcA, 8, 0, 0, 3072, 32, 1, 98304</column>
<column name="conv2l_output_0_U">DownsampleUnit1_cpcA, 8, 0, 0, 3072, 32, 1, 98304</column>
</table>
</item>
<item name = "FIFO"><table name="" hasTotal="1">
<keys size="7">Name, BRAM_18K, FF, LUT, Depth, Bits, Size:D*B</keys>
</table>
</item>
<item name = "Expression"><table name="" hasTotal="1">
<keys size="7">Variable Name, Operation, DSP48E, FF, LUT, Bitwidth P0, Bitwidth P1</keys>
<column name="indvarinc12_fu_391_p2">+, 0, 17, 9, 4, 1</column>
<column name="indvarinc19_fu_430_p2">+, 0, 23, 11, 6, 1</column>
<column name="indvarinc23_fu_436_p2">+, 0, 14, 9, 3, 1</column>
<column name="indvarinc28_fu_442_p2">+, 0, 14, 9, 3, 1</column>
<column name="indvarinc35_fu_481_p2">+, 0, 23, 11, 6, 1</column>
<column name="indvarinc39_fu_487_p2">+, 0, 14, 9, 3, 1</column>
<column name="indvarinc43_fu_532_p2">+, 0, 23, 11, 6, 1</column>
<column name="indvarinc44_fu_538_p2">+, 0, 14, 9, 3, 1</column>
<column name="indvarinc45_fu_544_p2">+, 0, 14, 9, 3, 1</column>
<column name="indvarinc46_fu_583_p2">+, 0, 23, 11, 6, 1</column>
<column name="indvarinc47_fu_589_p2">+, 0, 14, 9, 3, 1</column>
<column name="indvarinc48_fu_595_p2">+, 0, 14, 9, 3, 1</column>
<column name="indvarinc4_fu_379_p2">+, 0, 23, 11, 6, 1</column>
<column name="indvarinc8_fu_385_p2">+, 0, 17, 9, 4, 1</column>
<column name="indvarinc_fu_493_p2">+, 0, 14, 9, 3, 1</column>
<column name="tmp_409_fu_418_p2">icmp, 0, 0, 2, 4, 2</column>
<column name="tmp_410_fu_424_p2">icmp, 0, 0, 3, 6, 6</column>
<column name="tmp_411_fu_463_p2">icmp, 0, 0, 1, 3, 2</column>
<column name="tmp_412_fu_469_p2">icmp, 0, 0, 1, 3, 2</column>
<column name="tmp_413_fu_475_p2">icmp, 0, 0, 3, 6, 6</column>
<column name="tmp_414_fu_514_p2">icmp, 0, 0, 1, 3, 2</column>
<column name="tmp_415_fu_520_p2">icmp, 0, 0, 1, 3, 2</column>
<column name="tmp_416_fu_526_p2">icmp, 0, 0, 3, 6, 6</column>
<column name="tmp_417_fu_565_p2">icmp, 0, 0, 1, 3, 2</column>
<column name="tmp_418_fu_571_p2">icmp, 0, 0, 1, 3, 2</column>
<column name="tmp_419_fu_577_p2">icmp, 0, 0, 3, 6, 6</column>
<column name="tmp_420_fu_616_p2">icmp, 0, 0, 1, 3, 2</column>
<column name="tmp_421_fu_622_p2">icmp, 0, 0, 1, 3, 2</column>
<column name="tmp_422_fu_628_p2">icmp, 0, 0, 3, 6, 6</column>
<column name="tmp_s_fu_412_p2">icmp, 0, 0, 2, 4, 2</column>
<column name="ap_block_state21_on_subcall_done">or, 0, 0, 2, 1, 1</column>
</table>
</item>
<item name = "Multiplexer"><table name="" hasTotal="1">
<keys size="5">Name, LUT, Input Size, Bits, Total Bits</keys>
<column name="ap_NS_fsm">121, 26, 1, 26</column>
<column name="conv1l_bias_ce0">9, 2, 1, 2</column>
<column name="conv1l_output_0_address0">21, 4, 12, 48</column>
<column name="conv1l_output_0_ce0">21, 4, 1, 4</column>
<column name="conv1l_output_0_d0">15, 3, 32, 96</column>
<column name="conv1l_output_0_we0">15, 3, 1, 3</column>
<column name="conv1l_weight_ce0">9, 2, 1, 2</column>
<column name="conv1r_output_address0">21, 4, 14, 56</column>
<column name="conv1r_output_ce0">21, 4, 1, 4</column>
<column name="conv1r_output_d0">15, 3, 32, 96</column>
<column name="conv1r_output_we0">15, 3, 1, 3</column>
<column name="conv2l_bias_ce0">9, 2, 1, 2</column>
<column name="conv2l_output_0_address0">21, 4, 12, 48</column>
<column name="conv2l_output_0_ce0">21, 4, 1, 4</column>
<column name="conv2l_output_0_d0">15, 3, 32, 96</column>
<column name="conv2l_output_0_we0">15, 3, 1, 3</column>
<column name="conv2l_weight_ce0">9, 2, 1, 2</column>
<column name="conv2r_bias_ce0">9, 2, 1, 2</column>
<column name="conv2r_ourput_0_address0">21, 4, 12, 48</column>
<column name="conv2r_ourput_0_ce0">21, 4, 1, 4</column>
<column name="conv2r_ourput_0_d0">15, 3, 32, 96</column>
<column name="conv2r_ourput_0_we0">15, 3, 1, 3</column>
<column name="conv2r_weight_ce0">9, 2, 1, 2</column>
<column name="conv3r_bias_ce0">9, 2, 1, 2</column>
<column name="conv3r_ourput_0_address0">21, 4, 12, 48</column>
<column name="conv3r_ourput_0_ce0">21, 4, 1, 4</column>
<column name="conv3r_ourput_0_d0">15, 3, 32, 96</column>
<column name="conv3r_ourput_0_we0">15, 3, 1, 3</column>
<column name="conv3r_weight_ce0">9, 2, 1, 2</column>
<column name="grp_subconv_1x1_89_fu_359_bias_q0">15, 3, 32, 96</column>
<column name="grp_subconv_1x1_89_fu_359_input_0_q0">15, 3, 32, 96</column>
<column name="grp_subconv_1x1_89_fu_359_weight_q0">15, 3, 32, 96</column>
<column name="grp_subconv_3x3_16_strid_fu_346_bias_q0">15, 3, 32, 96</column>
<column name="grp_subconv_3x3_16_strid_fu_346_input_r_q0">15, 3, 32, 96</column>
<column name="grp_subconv_3x3_16_strid_fu_346_weight_q0">15, 3, 32, 96</column>
<column name="invdar11_reg_184">9, 2, 4, 8</column>
<column name="invdar18_reg_195">9, 2, 6, 12</column>
<column name="invdar22_reg_207">9, 2, 3, 6</column>
<column name="invdar27_reg_219">9, 2, 3, 6</column>
<column name="invdar34_reg_230">9, 2, 6, 12</column>
<column name="invdar38_reg_242">9, 2, 3, 6</column>
<column name="invdar3_reg_160">9, 2, 6, 12</column>
<column name="invdar42_reg_265">9, 2, 6, 12</column>
<column name="invdar43_reg_277">9, 2, 3, 6</column>
<column name="invdar44_reg_289">9, 2, 3, 6</column>
<column name="invdar45_reg_300">9, 2, 6, 12</column>
<column name="invdar46_reg_312">9, 2, 3, 6</column>
<column name="invdar47_reg_324">9, 2, 3, 6</column>
<column name="invdar7_reg_172">9, 2, 4, 8</column>
<column name="invdar_reg_254">9, 2, 3, 6</column>
<column name="shuffleunit0_2_outpu_address0">15, 3, 14, 42</column>
<column name="shuffleunit0_2_outpu_ce0">15, 3, 1, 3</column>
</table>
</item>
<item name = "Register"><table name="" hasTotal="1">
<keys size="5">Name, FF, LUT, Bits, Const Bits</keys>
<column name="ap_CS_fsm">25, 0, 25, 0</column>
<column name="ap_reg_grp_shuffle_4811_fu_371_ap_start">1, 0, 1, 0</column>
<column name="ap_reg_grp_subconv_1x1_16p16_fu_335_ap_start">1, 0, 1, 0</column>
<column name="ap_reg_grp_subconv_1x1_89_fu_359_ap_start">1, 0, 1, 0</column>
<column name="ap_reg_grp_subconv_3x3_16_strid_fu_346_ap_start">1, 0, 1, 0</column>
<column name="indvarinc19_reg_658">6, 0, 6, 0</column>
<column name="indvarinc23_reg_663">3, 0, 3, 0</column>
<column name="indvarinc35_reg_682">6, 0, 6, 0</column>
<column name="indvarinc39_reg_687">3, 0, 3, 0</column>
<column name="indvarinc43_reg_706">6, 0, 6, 0</column>
<column name="indvarinc44_reg_711">3, 0, 3, 0</column>
<column name="indvarinc46_reg_730">6, 0, 6, 0</column>
<column name="indvarinc47_reg_735">3, 0, 3, 0</column>
<column name="indvarinc4_reg_634">6, 0, 6, 0</column>
<column name="indvarinc8_reg_639">4, 0, 4, 0</column>
<column name="invdar11_reg_184">4, 0, 4, 0</column>
<column name="invdar18_reg_195">6, 0, 6, 0</column>
<column name="invdar22_reg_207">3, 0, 3, 0</column>
<column name="invdar27_reg_219">3, 0, 3, 0</column>
<column name="invdar34_reg_230">6, 0, 6, 0</column>
<column name="invdar38_reg_242">3, 0, 3, 0</column>
<column name="invdar3_reg_160">6, 0, 6, 0</column>
<column name="invdar42_reg_265">6, 0, 6, 0</column>
<column name="invdar43_reg_277">3, 0, 3, 0</column>
<column name="invdar44_reg_289">3, 0, 3, 0</column>
<column name="invdar45_reg_300">6, 0, 6, 0</column>
<column name="invdar46_reg_312">3, 0, 3, 0</column>
<column name="invdar47_reg_324">3, 0, 3, 0</column>
<column name="invdar7_reg_172">4, 0, 4, 0</column>
<column name="invdar_reg_254">3, 0, 3, 0</column>
</table>
</item>
</section>
</item>
</section>

<section name = "Interface" level="0">
<item name = "Summary"><table name="" hasTotal="0">
<keys size="6">RTL Ports, Dir, Bits, Protocol, Source Object, C Type</keys>
<column name="ap_clk">in, 1, ap_ctrl_hs, DownsampleUnit1, return value</column>
<column name="ap_rst">in, 1, ap_ctrl_hs, DownsampleUnit1, return value</column>
<column name="ap_start">in, 1, ap_ctrl_hs, DownsampleUnit1, return value</column>
<column name="ap_done">out, 1, ap_ctrl_hs, DownsampleUnit1, return value</column>
<column name="ap_idle">out, 1, ap_ctrl_hs, DownsampleUnit1, return value</column>
<column name="ap_ready">out, 1, ap_ctrl_hs, DownsampleUnit1, return value</column>
<column name="conv1r_weight_address0">out, 12, ap_memory, conv1r_weight, array</column>
<column name="conv1r_weight_ce0">out, 1, ap_memory, conv1r_weight, array</column>
<column name="conv1r_weight_q0">in, 32, ap_memory, conv1r_weight, array</column>
<column name="conv1r_bias_address0">out, 6, ap_memory, conv1r_bias, array</column>
<column name="conv1r_bias_ce0">out, 1, ap_memory, conv1r_bias, array</column>
<column name="conv1r_bias_q0">in, 32, ap_memory, conv1r_bias, array</column>
<column name="conv2r_weight_address0">out, 9, ap_memory, conv2r_weight, array</column>
<column name="conv2r_weight_ce0">out, 1, ap_memory, conv2r_weight, array</column>
<column name="conv2r_weight_q0">in, 32, ap_memory, conv2r_weight, array</column>
<column name="conv2r_bias_address0">out, 6, ap_memory, conv2r_bias, array</column>
<column name="conv2r_bias_ce0">out, 1, ap_memory, conv2r_bias, array</column>
<column name="conv2r_bias_q0">in, 32, ap_memory, conv2r_bias, array</column>
<column name="conv3r_weight_address0">out, 12, ap_memory, conv3r_weight, array</column>
<column name="conv3r_weight_ce0">out, 1, ap_memory, conv3r_weight, array</column>
<column name="conv3r_weight_q0">in, 32, ap_memory, conv3r_weight, array</column>
<column name="conv3r_bias_address0">out, 6, ap_memory, conv3r_bias, array</column>
<column name="conv3r_bias_ce0">out, 1, ap_memory, conv3r_bias, array</column>
<column name="conv3r_bias_q0">in, 32, ap_memory, conv3r_bias, array</column>
<column name="conv1l_weight_address0">out, 9, ap_memory, conv1l_weight, array</column>
<column name="conv1l_weight_ce0">out, 1, ap_memory, conv1l_weight, array</column>
<column name="conv1l_weight_q0">in, 32, ap_memory, conv1l_weight, array</column>
<column name="conv1l_bias_address0">out, 6, ap_memory, conv1l_bias, array</column>
<column name="conv1l_bias_ce0">out, 1, ap_memory, conv1l_bias, array</column>
<column name="conv1l_bias_q0">in, 32, ap_memory, conv1l_bias, array</column>
<column name="conv2l_weight_address0">out, 12, ap_memory, conv2l_weight, array</column>
<column name="conv2l_weight_ce0">out, 1, ap_memory, conv2l_weight, array</column>
<column name="conv2l_weight_q0">in, 32, ap_memory, conv2l_weight, array</column>
<column name="conv2l_bias_address0">out, 6, ap_memory, conv2l_bias, array</column>
<column name="conv2l_bias_ce0">out, 1, ap_memory, conv2l_bias, array</column>
<column name="conv2l_bias_q0">in, 32, ap_memory, conv2l_bias, array</column>
<column name="shuffleunit0_2_outpu_address0">out, 14, ap_memory, shuffleunit0_2_outpu, array</column>
<column name="shuffleunit0_2_outpu_ce0">out, 1, ap_memory, shuffleunit0_2_outpu, array</column>
<column name="shuffleunit0_2_outpu_q0">in, 32, ap_memory, shuffleunit0_2_outpu, array</column>
<column name="downsampleunit1_outp_address0">out, 13, ap_memory, downsampleunit1_outp, array</column>
<column name="downsampleunit1_outp_ce0">out, 1, ap_memory, downsampleunit1_outp, array</column>
<column name="downsampleunit1_outp_we0">out, 1, ap_memory, downsampleunit1_outp, array</column>
<column name="downsampleunit1_outp_d0">out, 32, ap_memory, downsampleunit1_outp, array</column>
</table>
</item>
</section>
</profile>
