<stg><name>DownsampleUnit0</name>


<trans_list>

<trans id="169" from="1" to="2">
<condition id="60">
<or_exp><and_exp></and_exp></or_exp>
</condition>
</trans>

<trans id="170" from="2" to="3">
<condition id="62">
<or_exp><and_exp></and_exp></or_exp>
</condition>
</trans>

<trans id="171" from="3" to="4">
<condition id="64">
<or_exp><and_exp></and_exp></or_exp>
</condition>
</trans>

<trans id="172" from="4" to="4">
<condition id="66">
<or_exp><and_exp><literal name="tmp_s" val="0"/>
</and_exp></or_exp>
</condition>
</trans>

<trans id="173" from="4" to="3">
<condition id="68">
<or_exp><and_exp><literal name="tmp_s" val="1"/>
<literal name="tmp_423" val="0"/>
</and_exp></or_exp>
</condition>
</trans>

<trans id="174" from="4" to="2">
<condition id="70">
<or_exp><and_exp><literal name="tmp_s" val="1"/>
<literal name="tmp_423" val="1"/>
<literal name="tmp_424" val="0"/>
</and_exp></or_exp>
</condition>
</trans>

<trans id="175" from="4" to="5">
<condition id="72">
<or_exp><and_exp><literal name="tmp_s" val="1"/>
<literal name="tmp_423" val="1"/>
<literal name="tmp_424" val="1"/>
</and_exp></or_exp>
</condition>
</trans>

<trans id="176" from="5" to="6">
<condition id="74">
<or_exp><and_exp></and_exp></or_exp>
</condition>
</trans>

<trans id="177" from="6" to="7">
<condition id="76">
<or_exp><and_exp></and_exp></or_exp>
</condition>
</trans>

<trans id="178" from="7" to="7">
<condition id="78">
<or_exp><and_exp><literal name="tmp_425" val="0"/>
</and_exp></or_exp>
</condition>
</trans>

<trans id="179" from="7" to="6">
<condition id="80">
<or_exp><and_exp><literal name="tmp_425" val="1"/>
<literal name="tmp_426" val="0"/>
</and_exp></or_exp>
</condition>
</trans>

<trans id="180" from="7" to="5">
<condition id="82">
<or_exp><and_exp><literal name="tmp_425" val="1"/>
<literal name="tmp_426" val="1"/>
<literal name="tmp_427" val="0"/>
</and_exp></or_exp>
</condition>
</trans>

<trans id="181" from="7" to="8">
<condition id="84">
<or_exp><and_exp><literal name="tmp_425" val="1"/>
<literal name="tmp_426" val="1"/>
<literal name="tmp_427" val="1"/>
</and_exp></or_exp>
</condition>
</trans>

<trans id="182" from="8" to="9">
<condition id="86">
<or_exp><and_exp></and_exp></or_exp>
</condition>
</trans>

<trans id="183" from="9" to="10">
<condition id="88">
<or_exp><and_exp></and_exp></or_exp>
</condition>
</trans>

<trans id="184" from="10" to="10">
<condition id="90">
<or_exp><and_exp><literal name="tmp_428" val="0"/>
</and_exp></or_exp>
</condition>
</trans>

<trans id="185" from="10" to="9">
<condition id="92">
<or_exp><and_exp><literal name="tmp_428" val="1"/>
<literal name="tmp_429" val="0"/>
</and_exp></or_exp>
</condition>
</trans>

<trans id="186" from="10" to="8">
<condition id="94">
<or_exp><and_exp><literal name="tmp_428" val="1"/>
<literal name="tmp_429" val="1"/>
<literal name="tmp_430" val="0"/>
</and_exp></or_exp>
</condition>
</trans>

<trans id="187" from="10" to="11">
<condition id="96">
<or_exp><and_exp><literal name="tmp_428" val="1"/>
<literal name="tmp_429" val="1"/>
<literal name="tmp_430" val="1"/>
</and_exp></or_exp>
</condition>
</trans>

<trans id="188" from="11" to="12">
<condition id="98">
<or_exp><and_exp></and_exp></or_exp>
</condition>
</trans>

<trans id="189" from="12" to="13">
<condition id="100">
<or_exp><and_exp></and_exp></or_exp>
</condition>
</trans>

<trans id="190" from="13" to="13">
<condition id="102">
<or_exp><and_exp><literal name="tmp_431" val="0"/>
</and_exp></or_exp>
</condition>
</trans>

<trans id="191" from="13" to="12">
<condition id="104">
<or_exp><and_exp><literal name="tmp_431" val="1"/>
<literal name="tmp_432" val="0"/>
</and_exp></or_exp>
</condition>
</trans>

<trans id="192" from="13" to="11">
<condition id="106">
<or_exp><and_exp><literal name="tmp_431" val="1"/>
<literal name="tmp_432" val="1"/>
<literal name="tmp_433" val="0"/>
</and_exp></or_exp>
</condition>
</trans>

<trans id="193" from="13" to="14">
<condition id="108">
<or_exp><and_exp><literal name="tmp_431" val="1"/>
<literal name="tmp_432" val="1"/>
<literal name="tmp_433" val="1"/>
</and_exp></or_exp>
</condition>
</trans>

<trans id="194" from="14" to="15">
<condition id="110">
<or_exp><and_exp></and_exp></or_exp>
</condition>
</trans>

<trans id="195" from="15" to="16">
<condition id="112">
<or_exp><and_exp></and_exp></or_exp>
</condition>
</trans>

<trans id="196" from="16" to="16">
<condition id="114">
<or_exp><and_exp><literal name="tmp_434" val="0"/>
</and_exp></or_exp>
</condition>
</trans>

<trans id="197" from="16" to="15">
<condition id="116">
<or_exp><and_exp><literal name="tmp_434" val="1"/>
<literal name="tmp_435" val="0"/>
</and_exp></or_exp>
</condition>
</trans>

<trans id="198" from="16" to="14">
<condition id="119">
<or_exp><and_exp><literal name="tmp_434" val="1"/>
<literal name="tmp_435" val="1"/>
<literal name="tmp_436" val="0"/>
</and_exp></or_exp>
</condition>
</trans>

<trans id="199" from="16" to="17">
<condition id="117">
<or_exp><and_exp><literal name="tmp_434" val="1"/>
<literal name="tmp_435" val="1"/>
<literal name="tmp_436" val="1"/>
</and_exp></or_exp>
</condition>
</trans>

<trans id="201" from="17" to="18">
<condition id="121">
<or_exp><and_exp></and_exp></or_exp>
</condition>
</trans>

<trans id="202" from="18" to="19">
<condition id="122">
<or_exp><and_exp></and_exp></or_exp>
</condition>
</trans>

<trans id="203" from="19" to="20">
<condition id="123">
<or_exp><and_exp></and_exp></or_exp>
</condition>
</trans>

<trans id="204" from="20" to="21">
<condition id="124">
<or_exp><and_exp></and_exp></or_exp>
</condition>
</trans>

<trans id="205" from="21" to="22">
<condition id="125">
<or_exp><and_exp></and_exp></or_exp>
</condition>
</trans>

<trans id="206" from="22" to="23">
<condition id="126">
<or_exp><and_exp></and_exp></or_exp>
</condition>
</trans>

<trans id="207" from="23" to="24">
<condition id="127">
<or_exp><and_exp></and_exp></or_exp>
</condition>
</trans>

<trans id="208" from="24" to="25">
<condition id="128">
<or_exp><and_exp></and_exp></or_exp>
</condition>
</trans>
</trans_list>



<state_list>

<state id="1" st_id="1">

<operation id="26" st_id="1" stage="1" lat="1">
<core>RAM</core>
<MemPortIdVec></MemPortIdVec>
<condition id="7">
<or_exp><and_exp></and_exp></or_exp>
</condition>

<Node id="13" bw="32" op_0_bw="64">
<![CDATA[
meminst.0:0  %conv1r_output = alloca [24576 x float], align 4

]]></Node>
<StgValue><ssdm name="conv1r_output"/></StgValue>
</operation>

<operation id="27" st_id="1" stage="1" lat="1">
<core>RAM</core>
<MemPortIdVec></MemPortIdVec>
<condition id="7">
<or_exp><and_exp></and_exp></or_exp>
</condition>

<Node id="14" bw="32" op_0_bw="64">
<![CDATA[
meminst.0:1  %conv2r_ourput_0 = alloca [6144 x float], align 4

]]></Node>
<StgValue><ssdm name="conv2r_ourput_0"/></StgValue>
</operation>

<operation id="28" st_id="1" stage="1" lat="1">
<core>RAM</core>
<MemPortIdVec></MemPortIdVec>
<condition id="7">
<or_exp><and_exp></and_exp></or_exp>
</condition>

<Node id="15" bw="32" op_0_bw="64">
<![CDATA[
meminst.0:2  %conv3r_ourput_0 = alloca [6144 x float], align 4

]]></Node>
<StgValue><ssdm name="conv3r_ourput_0"/></StgValue>
</operation>

<operation id="29" st_id="1" stage="1" lat="1">
<core>RAM</core>
<MemPortIdVec></MemPortIdVec>
<condition id="7">
<or_exp><and_exp></and_exp></or_exp>
</condition>

<Node id="16" bw="32" op_0_bw="64">
<![CDATA[
meminst.0:3  %conv1l_output_0 = alloca [6144 x float], align 4

]]></Node>
<StgValue><ssdm name="conv1l_output_0"/></StgValue>
</operation>

<operation id="30" st_id="1" stage="1" lat="1">
<core>RAM</core>
<MemPortIdVec></MemPortIdVec>
<condition id="7">
<or_exp><and_exp></and_exp></or_exp>
</condition>

<Node id="17" bw="32" op_0_bw="64">
<![CDATA[
meminst.0:4  %conv2l_output_0 = alloca [6144 x float], align 4

]]></Node>
<StgValue><ssdm name="conv2l_output_0"/></StgValue>
</operation>

<operation id="31" st_id="1" stage="1" lat="1">
<core>NULL</core>
<MemPortIdVec></MemPortIdVec>
<condition id="7">
<or_exp><and_exp></and_exp></or_exp>
</condition>

<Node id="18" bw="0" op_0_bw="0">
<![CDATA[
meminst.0:5  br label %meminst2.0

]]></Node>
<StgValue><ssdm name=""/></StgValue>
</operation>
</state>

<state id="2" st_id="2">

<operation id="32" st_id="2" stage="1" lat="1">
<core>NULL</core>
<MemPortIdVec></MemPortIdVec>
<condition id="8">
<or_exp><and_exp></and_exp></or_exp>
</condition>

<Node id="20" bw="5" op_0_bw="5" op_1_bw="0">
<![CDATA[
meminst2.0:0  %invdar3 = phi i5 [ 0, %meminst.0 ], [ %indvarinc4, %meminst25.0 ]

]]></Node>
<StgValue><ssdm name="invdar3"/></StgValue>
</operation>

<operation id="33" st_id="2" stage="1" lat="1">
<core>AddSub</core>
<MemPortIdVec></MemPortIdVec>
<condition id="8">
<or_exp><and_exp></and_exp></or_exp>
</condition>

<Node id="21" bw="5" op_0_bw="5" op_1_bw="5">
<![CDATA[
meminst2.0:1  %indvarinc4 = add i5 %invdar3, 1

]]></Node>
<StgValue><ssdm name="indvarinc4"/></StgValue>
</operation>

<operation id="34" st_id="2" stage="1" lat="1">
<core>NULL</core>
<MemPortIdVec></MemPortIdVec>
<condition id="8">
<or_exp><and_exp></and_exp></or_exp>
</condition>

<Node id="22" bw="32" op_0_bw="32" op_1_bw="64" op_2_bw="64" op_3_bw="64">
<![CDATA[
meminst2.0:2  %empty_482 = call i32 (...)* @_ssdm_op_SpecLoopTripCount(i64 24, i64 24, i64 24)

]]></Node>
<StgValue><ssdm name="empty_482"/></StgValue>
</operation>

<operation id="35" st_id="2" stage="1" lat="1">
<core>NULL</core>
<MemPortIdVec></MemPortIdVec>
<condition id="8">
<or_exp><and_exp></and_exp></or_exp>
</condition>

<Node id="23" bw="0" op_0_bw="0">
<![CDATA[
meminst2.0:3  br label %meminst6.0

]]></Node>
<StgValue><ssdm name=""/></StgValue>
</operation>
</state>

<state id="3" st_id="3">

<operation id="36" st_id="3" stage="1" lat="1">
<core>NULL</core>
<MemPortIdVec></MemPortIdVec>
<condition id="9">
<or_exp><and_exp></and_exp></or_exp>
</condition>

<Node id="25" bw="5" op_0_bw="5" op_1_bw="0">
<![CDATA[
meminst6.0:0  %invdar7 = phi i5 [ 0, %meminst2.0 ], [ %indvarinc8, %meminst69.0 ]

]]></Node>
<StgValue><ssdm name="invdar7"/></StgValue>
</operation>

<operation id="37" st_id="3" stage="1" lat="1">
<core>AddSub</core>
<MemPortIdVec></MemPortIdVec>
<condition id="9">
<or_exp><and_exp></and_exp></or_exp>
</condition>

<Node id="26" bw="5" op_0_bw="5" op_1_bw="5">
<![CDATA[
meminst6.0:1  %indvarinc8 = add i5 %invdar7, 1

]]></Node>
<StgValue><ssdm name="indvarinc8"/></StgValue>
</operation>

<operation id="38" st_id="3" stage="1" lat="1">
<core>NULL</core>
<MemPortIdVec></MemPortIdVec>
<condition id="9">
<or_exp><and_exp></and_exp></or_exp>
</condition>

<Node id="27" bw="32" op_0_bw="32" op_1_bw="64" op_2_bw="64" op_3_bw="64">
<![CDATA[
meminst6.0:2  %empty_481 = call i32 (...)* @_ssdm_op_SpecLoopTripCount(i64 32, i64 32, i64 32)

]]></Node>
<StgValue><ssdm name="empty_481"/></StgValue>
</operation>

<operation id="39" st_id="3" stage="1" lat="1">
<core>NULL</core>
<MemPortIdVec></MemPortIdVec>
<condition id="9">
<or_exp><and_exp></and_exp></or_exp>
</condition>

<Node id="28" bw="0" op_0_bw="0">
<![CDATA[
meminst6.0:3  br label %meminst10.0

]]></Node>
<StgValue><ssdm name=""/></StgValue>
</operation>
</state>

<state id="4" st_id="4">

<operation id="40" st_id="4" stage="1" lat="1">
<core>NULL</core>
<MemPortIdVec></MemPortIdVec>
<condition id="10">
<or_exp><and_exp></and_exp></or_exp>
</condition>

<Node id="30" bw="5" op_0_bw="5" op_1_bw="0">
<![CDATA[
meminst10.0:0  %invdar11 = phi i5 [ 0, %meminst6.0 ], [ %indvarinc12, %meminst10.0 ]

]]></Node>
<StgValue><ssdm name="invdar11"/></StgValue>
</operation>

<operation id="41" st_id="4" stage="1" lat="1">
<core>AddSub</core>
<MemPortIdVec></MemPortIdVec>
<condition id="10">
<or_exp><and_exp></and_exp></or_exp>
</condition>

<Node id="31" bw="5" op_0_bw="5" op_1_bw="5">
<![CDATA[
meminst10.0:1  %indvarinc12 = add i5 %invdar11, 1

]]></Node>
<StgValue><ssdm name="indvarinc12"/></StgValue>
</operation>

<operation id="42" st_id="4" stage="1" lat="1">
<core>NULL</core>
<MemPortIdVec></MemPortIdVec>
<condition id="10">
<or_exp><and_exp></and_exp></or_exp>
</condition>

<Node id="32" bw="15" op_0_bw="15" op_1_bw="5" op_2_bw="5" op_3_bw="5">
<![CDATA[
meminst10.0:2  %tmp = call i15 @_ssdm_op_BitConcatenate.i15.i5.i5.i5(i5 %invdar3, i5 %invdar7, i5 %invdar11)

]]></Node>
<StgValue><ssdm name="tmp"/></StgValue>
</operation>

<operation id="43" st_id="4" stage="1" lat="1">
<core>NULL</core>
<MemPortIdVec></MemPortIdVec>
<condition id="10">
<or_exp><and_exp></and_exp></or_exp>
</condition>

<Node id="33" bw="64" op_0_bw="15">
<![CDATA[
meminst10.0:3  %tmp_664 = zext i15 %tmp to i64

]]></Node>
<StgValue><ssdm name="tmp_664"/></StgValue>
</operation>

<operation id="44" st_id="4" stage="1" lat="1">
<core>NULL</core>
<MemPortIdVec></MemPortIdVec>
<condition id="10">
<or_exp><and_exp></and_exp></or_exp>
</condition>

<Node id="34" bw="15" op_0_bw="32" op_1_bw="64" op_2_bw="64">
<![CDATA[
meminst10.0:4  %conv1r_output_addr = getelementptr [24576 x float]* %conv1r_output, i64 0, i64 %tmp_664

]]></Node>
<StgValue><ssdm name="conv1r_output_addr"/></StgValue>
</operation>

<operation id="45" st_id="4" stage="1" lat="1">
<core>RAM</core>
<MemPortIdVec></MemPortIdVec>
<condition id="10">
<or_exp><and_exp></and_exp></or_exp>
</condition>

<Node id="35" bw="0" op_0_bw="32" op_1_bw="15">
<![CDATA[
meminst10.0:5  store float 0.000000e+00, float* %conv1r_output_addr, align 4

]]></Node>
<StgValue><ssdm name=""/></StgValue>
</operation>

<operation id="46" st_id="4" stage="1" lat="1">
<core>Cmp</core>
<MemPortIdVec></MemPortIdVec>
<condition id="10">
<or_exp><and_exp></and_exp></or_exp>
</condition>

<Node id="36" bw="1" op_0_bw="5" op_1_bw="5">
<![CDATA[
meminst10.0:6  %tmp_s = icmp eq i5 %invdar11, -1

]]></Node>
<StgValue><ssdm name="tmp_s"/></StgValue>
</operation>

<operation id="47" st_id="4" stage="1" lat="1">
<core>NULL</core>
<MemPortIdVec></MemPortIdVec>
<condition id="10">
<or_exp><and_exp></and_exp></or_exp>
</condition>

<Node id="37" bw="32" op_0_bw="32" op_1_bw="0">
<![CDATA[
meminst10.0:7  %empty_479 = call i32 (...)* @_ssdm_op_SpecLoopName([21 x i8]* @memset_conv1r_output) nounwind

]]></Node>
<StgValue><ssdm name="empty_479"/></StgValue>
</operation>

<operation id="48" st_id="4" stage="1" lat="1">
<core>NULL</core>
<MemPortIdVec></MemPortIdVec>
<condition id="10">
<or_exp><and_exp></and_exp></or_exp>
</condition>

<Node id="38" bw="32" op_0_bw="32" op_1_bw="64" op_2_bw="64" op_3_bw="64">
<![CDATA[
meminst10.0:8  %empty_480 = call i32 (...)* @_ssdm_op_SpecLoopTripCount(i64 32, i64 32, i64 32)

]]></Node>
<StgValue><ssdm name="empty_480"/></StgValue>
</operation>

<operation id="49" st_id="4" stage="1" lat="1">
<core>NULL</core>
<MemPortIdVec></MemPortIdVec>
<condition id="10">
<or_exp><and_exp></and_exp></or_exp>
</condition>

<Node id="39" bw="0" op_0_bw="1" op_1_bw="0" op_2_bw="0">
<![CDATA[
meminst10.0:9  br i1 %tmp_s, label %meminst69.0, label %meminst10.0

]]></Node>
<StgValue><ssdm name=""/></StgValue>
</operation>

<operation id="50" st_id="4" stage="1" lat="1">
<core>Cmp</core>
<MemPortIdVec></MemPortIdVec>
<condition id="12">
<or_exp><and_exp><literal name="tmp_s" val="1"/>
</and_exp></or_exp>
</condition>

<Node id="41" bw="1" op_0_bw="5" op_1_bw="5">
<![CDATA[
meminst69.0:0  %tmp_423 = icmp eq i5 %invdar7, -1

]]></Node>
<StgValue><ssdm name="tmp_423"/></StgValue>
</operation>

<operation id="51" st_id="4" stage="1" lat="1">
<core>NULL</core>
<MemPortIdVec></MemPortIdVec>
<condition id="12">
<or_exp><and_exp><literal name="tmp_s" val="1"/>
</and_exp></or_exp>
</condition>

<Node id="42" bw="32" op_0_bw="32" op_1_bw="0">
<![CDATA[
meminst69.0:1  %empty_478 = call i32 (...)* @_ssdm_op_SpecLoopName([21 x i8]* @memset_conv1r_output) nounwind

]]></Node>
<StgValue><ssdm name="empty_478"/></StgValue>
</operation>

<operation id="52" st_id="4" stage="1" lat="1">
<core>NULL</core>
<MemPortIdVec></MemPortIdVec>
<condition id="12">
<or_exp><and_exp><literal name="tmp_s" val="1"/>
</and_exp></or_exp>
</condition>

<Node id="43" bw="0" op_0_bw="1" op_1_bw="0" op_2_bw="0">
<![CDATA[
meminst69.0:2  br i1 %tmp_423, label %meminst25.0, label %meminst6.0

]]></Node>
<StgValue><ssdm name=""/></StgValue>
</operation>

<operation id="53" st_id="4" stage="1" lat="1">
<core>Cmp</core>
<MemPortIdVec></MemPortIdVec>
<condition id="14">
<or_exp><and_exp><literal name="tmp_s" val="1"/>
<literal name="tmp_423" val="1"/>
</and_exp></or_exp>
</condition>

<Node id="45" bw="1" op_0_bw="5" op_1_bw="5">
<![CDATA[
meminst25.0:0  %tmp_424 = icmp eq i5 %invdar3, -9

]]></Node>
<StgValue><ssdm name="tmp_424"/></StgValue>
</operation>

<operation id="54" st_id="4" stage="1" lat="1">
<core>NULL</core>
<MemPortIdVec></MemPortIdVec>
<condition id="14">
<or_exp><and_exp><literal name="tmp_s" val="1"/>
<literal name="tmp_423" val="1"/>
</and_exp></or_exp>
</condition>

<Node id="46" bw="32" op_0_bw="32" op_1_bw="0">
<![CDATA[
meminst25.0:1  %empty = call i32 (...)* @_ssdm_op_SpecLoopName([21 x i8]* @memset_conv1r_output) nounwind

]]></Node>
<StgValue><ssdm name="empty"/></StgValue>
</operation>

<operation id="55" st_id="4" stage="1" lat="1">
<core>NULL</core>
<MemPortIdVec></MemPortIdVec>
<condition id="14">
<or_exp><and_exp><literal name="tmp_s" val="1"/>
<literal name="tmp_423" val="1"/>
</and_exp></or_exp>
</condition>

<Node id="47" bw="0" op_0_bw="1" op_1_bw="0" op_2_bw="0">
<![CDATA[
meminst25.0:2  br i1 %tmp_424, label %meminst17.0.preheader, label %meminst2.0

]]></Node>
<StgValue><ssdm name=""/></StgValue>
</operation>

<operation id="56" st_id="4" stage="1" lat="1">
<core>NULL</core>
<MemPortIdVec></MemPortIdVec>
<condition id="16">
<or_exp><and_exp><literal name="tmp_s" val="1"/>
<literal name="tmp_423" val="1"/>
<literal name="tmp_424" val="1"/>
</and_exp></or_exp>
</condition>

<Node id="49" bw="0" op_0_bw="0">
<![CDATA[
meminst17.0.preheader:0  br label %meminst17.0

]]></Node>
<StgValue><ssdm name=""/></StgValue>
</operation>
</state>

<state id="5" st_id="5">

<operation id="57" st_id="5" stage="1" lat="1">
<core>NULL</core>
<MemPortIdVec></MemPortIdVec>
<condition id="17">
<or_exp><and_exp></and_exp></or_exp>
</condition>

<Node id="51" bw="5" op_0_bw="5" op_1_bw="0">
<![CDATA[
meminst17.0:0  %invdar18 = phi i5 [ %indvarinc19, %meminst1720.0 ], [ 0, %meminst17.0.preheader ]

]]></Node>
<StgValue><ssdm name="invdar18"/></StgValue>
</operation>

<operation id="58" st_id="5" stage="1" lat="1">
<core>AddSub</core>
<MemPortIdVec></MemPortIdVec>
<condition id="17">
<or_exp><and_exp></and_exp></or_exp>
</condition>

<Node id="52" bw="5" op_0_bw="5" op_1_bw="5">
<![CDATA[
meminst17.0:1  %indvarinc19 = add i5 %invdar18, 1

]]></Node>
<StgValue><ssdm name="indvarinc19"/></StgValue>
</operation>

<operation id="59" st_id="5" stage="1" lat="1">
<core>NULL</core>
<MemPortIdVec></MemPortIdVec>
<condition id="17">
<or_exp><and_exp></and_exp></or_exp>
</condition>

<Node id="53" bw="32" op_0_bw="32" op_1_bw="64" op_2_bw="64" op_3_bw="64">
<![CDATA[
meminst17.0:2  %empty_488 = call i32 (...)* @_ssdm_op_SpecLoopTripCount(i64 24, i64 24, i64 24)

]]></Node>
<StgValue><ssdm name="empty_488"/></StgValue>
</operation>

<operation id="60" st_id="5" stage="1" lat="1">
<core>NULL</core>
<MemPortIdVec></MemPortIdVec>
<condition id="17">
<or_exp><and_exp></and_exp></or_exp>
</condition>

<Node id="54" bw="0" op_0_bw="0">
<![CDATA[
meminst17.0:3  br label %meminst21.0

]]></Node>
<StgValue><ssdm name=""/></StgValue>
</operation>
</state>

<state id="6" st_id="6">

<operation id="61" st_id="6" stage="1" lat="1">
<core>NULL</core>
<MemPortIdVec></MemPortIdVec>
<condition id="18">
<or_exp><and_exp></and_exp></or_exp>
</condition>

<Node id="56" bw="4" op_0_bw="4" op_1_bw="0">
<![CDATA[
meminst21.0:0  %invdar22 = phi i4 [ 0, %meminst17.0 ], [ %indvarinc23, %meminst2124.0 ]

]]></Node>
<StgValue><ssdm name="invdar22"/></StgValue>
</operation>

<operation id="62" st_id="6" stage="1" lat="1">
<core>AddSub</core>
<MemPortIdVec></MemPortIdVec>
<condition id="18">
<or_exp><and_exp></and_exp></or_exp>
</condition>

<Node id="57" bw="4" op_0_bw="4" op_1_bw="4">
<![CDATA[
meminst21.0:1  %indvarinc23 = add i4 %invdar22, 1

]]></Node>
<StgValue><ssdm name="indvarinc23"/></StgValue>
</operation>

<operation id="63" st_id="6" stage="1" lat="1">
<core>NULL</core>
<MemPortIdVec></MemPortIdVec>
<condition id="18">
<or_exp><and_exp></and_exp></or_exp>
</condition>

<Node id="58" bw="32" op_0_bw="32" op_1_bw="64" op_2_bw="64" op_3_bw="64">
<![CDATA[
meminst21.0:2  %empty_487 = call i32 (...)* @_ssdm_op_SpecLoopTripCount(i64 16, i64 16, i64 16)

]]></Node>
<StgValue><ssdm name="empty_487"/></StgValue>
</operation>

<operation id="64" st_id="6" stage="1" lat="1">
<core>NULL</core>
<MemPortIdVec></MemPortIdVec>
<condition id="18">
<or_exp><and_exp></and_exp></or_exp>
</condition>

<Node id="59" bw="0" op_0_bw="0">
<![CDATA[
meminst21.0:3  br label %meminst26.0

]]></Node>
<StgValue><ssdm name=""/></StgValue>
</operation>
</state>

<state id="7" st_id="7">

<operation id="65" st_id="7" stage="1" lat="1">
<core>NULL</core>
<MemPortIdVec></MemPortIdVec>
<condition id="19">
<or_exp><and_exp></and_exp></or_exp>
</condition>

<Node id="61" bw="4" op_0_bw="4" op_1_bw="0">
<![CDATA[
meminst26.0:0  %invdar27 = phi i4 [ 0, %meminst21.0 ], [ %indvarinc28, %meminst26.0 ]

]]></Node>
<StgValue><ssdm name="invdar27"/></StgValue>
</operation>

<operation id="66" st_id="7" stage="1" lat="1">
<core>AddSub</core>
<MemPortIdVec></MemPortIdVec>
<condition id="19">
<or_exp><and_exp></and_exp></or_exp>
</condition>

<Node id="62" bw="4" op_0_bw="4" op_1_bw="4">
<![CDATA[
meminst26.0:1  %indvarinc28 = add i4 %invdar27, 1

]]></Node>
<StgValue><ssdm name="indvarinc28"/></StgValue>
</operation>

<operation id="67" st_id="7" stage="1" lat="1">
<core>NULL</core>
<MemPortIdVec></MemPortIdVec>
<condition id="19">
<or_exp><and_exp></and_exp></or_exp>
</condition>

<Node id="63" bw="13" op_0_bw="13" op_1_bw="5" op_2_bw="4" op_3_bw="4">
<![CDATA[
meminst26.0:2  %tmp_155 = call i13 @_ssdm_op_BitConcatenate.i13.i5.i4.i4(i5 %invdar18, i4 %invdar22, i4 %invdar27)

]]></Node>
<StgValue><ssdm name="tmp_155"/></StgValue>
</operation>

<operation id="68" st_id="7" stage="1" lat="1">
<core>NULL</core>
<MemPortIdVec></MemPortIdVec>
<condition id="19">
<or_exp><and_exp></and_exp></or_exp>
</condition>

<Node id="64" bw="64" op_0_bw="13">
<![CDATA[
meminst26.0:3  %tmp_665 = zext i13 %tmp_155 to i64

]]></Node>
<StgValue><ssdm name="tmp_665"/></StgValue>
</operation>

<operation id="69" st_id="7" stage="1" lat="1">
<core>NULL</core>
<MemPortIdVec></MemPortIdVec>
<condition id="19">
<or_exp><and_exp></and_exp></or_exp>
</condition>

<Node id="65" bw="13" op_0_bw="32" op_1_bw="64" op_2_bw="64">
<![CDATA[
meminst26.0:4  %conv2r_ourput_0_add = getelementptr [6144 x float]* %conv2r_ourput_0, i64 0, i64 %tmp_665

]]></Node>
<StgValue><ssdm name="conv2r_ourput_0_add"/></StgValue>
</operation>

<operation id="70" st_id="7" stage="1" lat="1">
<core>RAM</core>
<MemPortIdVec></MemPortIdVec>
<condition id="19">
<or_exp><and_exp></and_exp></or_exp>
</condition>

<Node id="66" bw="0" op_0_bw="32" op_1_bw="13">
<![CDATA[
meminst26.0:5  store float 0.000000e+00, float* %conv2r_ourput_0_add, align 4

]]></Node>
<StgValue><ssdm name=""/></StgValue>
</operation>

<operation id="71" st_id="7" stage="1" lat="1">
<core>Cmp</core>
<MemPortIdVec></MemPortIdVec>
<condition id="19">
<or_exp><and_exp></and_exp></or_exp>
</condition>

<Node id="67" bw="1" op_0_bw="4" op_1_bw="4">
<![CDATA[
meminst26.0:6  %tmp_425 = icmp eq i4 %invdar27, -1

]]></Node>
<StgValue><ssdm name="tmp_425"/></StgValue>
</operation>

<operation id="72" st_id="7" stage="1" lat="1">
<core>NULL</core>
<MemPortIdVec></MemPortIdVec>
<condition id="19">
<or_exp><and_exp></and_exp></or_exp>
</condition>

<Node id="68" bw="32" op_0_bw="32" op_1_bw="0">
<![CDATA[
meminst26.0:7  %empty_485 = call i32 (...)* @_ssdm_op_SpecLoopName([21 x i8]* @memset_conv2r_ourput) nounwind

]]></Node>
<StgValue><ssdm name="empty_485"/></StgValue>
</operation>

<operation id="73" st_id="7" stage="1" lat="1">
<core>NULL</core>
<MemPortIdVec></MemPortIdVec>
<condition id="19">
<or_exp><and_exp></and_exp></or_exp>
</condition>

<Node id="69" bw="32" op_0_bw="32" op_1_bw="64" op_2_bw="64" op_3_bw="64">
<![CDATA[
meminst26.0:8  %empty_486 = call i32 (...)* @_ssdm_op_SpecLoopTripCount(i64 16, i64 16, i64 16)

]]></Node>
<StgValue><ssdm name="empty_486"/></StgValue>
</operation>

<operation id="74" st_id="7" stage="1" lat="1">
<core>NULL</core>
<MemPortIdVec></MemPortIdVec>
<condition id="19">
<or_exp><and_exp></and_exp></or_exp>
</condition>

<Node id="70" bw="0" op_0_bw="1" op_1_bw="0" op_2_bw="0">
<![CDATA[
meminst26.0:9  br i1 %tmp_425, label %meminst2124.0, label %meminst26.0

]]></Node>
<StgValue><ssdm name=""/></StgValue>
</operation>

<operation id="75" st_id="7" stage="1" lat="1">
<core>Cmp</core>
<MemPortIdVec></MemPortIdVec>
<condition id="21">
<or_exp><and_exp><literal name="tmp_425" val="1"/>
</and_exp></or_exp>
</condition>

<Node id="72" bw="1" op_0_bw="4" op_1_bw="4">
<![CDATA[
meminst2124.0:0  %tmp_426 = icmp eq i4 %invdar22, -1

]]></Node>
<StgValue><ssdm name="tmp_426"/></StgValue>
</operation>

<operation id="76" st_id="7" stage="1" lat="1">
<core>NULL</core>
<MemPortIdVec></MemPortIdVec>
<condition id="21">
<or_exp><and_exp><literal name="tmp_425" val="1"/>
</and_exp></or_exp>
</condition>

<Node id="73" bw="32" op_0_bw="32" op_1_bw="0">
<![CDATA[
meminst2124.0:1  %empty_484 = call i32 (...)* @_ssdm_op_SpecLoopName([21 x i8]* @memset_conv2r_ourput) nounwind

]]></Node>
<StgValue><ssdm name="empty_484"/></StgValue>
</operation>

<operation id="77" st_id="7" stage="1" lat="1">
<core>NULL</core>
<MemPortIdVec></MemPortIdVec>
<condition id="21">
<or_exp><and_exp><literal name="tmp_425" val="1"/>
</and_exp></or_exp>
</condition>

<Node id="74" bw="0" op_0_bw="1" op_1_bw="0" op_2_bw="0">
<![CDATA[
meminst2124.0:2  br i1 %tmp_426, label %meminst1720.0, label %meminst21.0

]]></Node>
<StgValue><ssdm name=""/></StgValue>
</operation>

<operation id="78" st_id="7" stage="1" lat="1">
<core>Cmp</core>
<MemPortIdVec></MemPortIdVec>
<condition id="23">
<or_exp><and_exp><literal name="tmp_425" val="1"/>
<literal name="tmp_426" val="1"/>
</and_exp></or_exp>
</condition>

<Node id="76" bw="1" op_0_bw="5" op_1_bw="5">
<![CDATA[
meminst1720.0:0  %tmp_427 = icmp eq i5 %invdar18, -9

]]></Node>
<StgValue><ssdm name="tmp_427"/></StgValue>
</operation>

<operation id="79" st_id="7" stage="1" lat="1">
<core>NULL</core>
<MemPortIdVec></MemPortIdVec>
<condition id="23">
<or_exp><and_exp><literal name="tmp_425" val="1"/>
<literal name="tmp_426" val="1"/>
</and_exp></or_exp>
</condition>

<Node id="77" bw="32" op_0_bw="32" op_1_bw="0">
<![CDATA[
meminst1720.0:1  %empty_483 = call i32 (...)* @_ssdm_op_SpecLoopName([21 x i8]* @memset_conv2r_ourput) nounwind

]]></Node>
<StgValue><ssdm name="empty_483"/></StgValue>
</operation>

<operation id="80" st_id="7" stage="1" lat="1">
<core>NULL</core>
<MemPortIdVec></MemPortIdVec>
<condition id="23">
<or_exp><and_exp><literal name="tmp_425" val="1"/>
<literal name="tmp_426" val="1"/>
</and_exp></or_exp>
</condition>

<Node id="78" bw="0" op_0_bw="1" op_1_bw="0" op_2_bw="0">
<![CDATA[
meminst1720.0:2  br i1 %tmp_427, label %meminst33.0.preheader, label %meminst17.0

]]></Node>
<StgValue><ssdm name=""/></StgValue>
</operation>

<operation id="81" st_id="7" stage="1" lat="1">
<core>NULL</core>
<MemPortIdVec></MemPortIdVec>
<condition id="25">
<or_exp><and_exp><literal name="tmp_425" val="1"/>
<literal name="tmp_426" val="1"/>
<literal name="tmp_427" val="1"/>
</and_exp></or_exp>
</condition>

<Node id="80" bw="0" op_0_bw="0">
<![CDATA[
meminst33.0.preheader:0  br label %meminst33.0

]]></Node>
<StgValue><ssdm name=""/></StgValue>
</operation>
</state>

<state id="8" st_id="8">

<operation id="82" st_id="8" stage="1" lat="1">
<core>NULL</core>
<MemPortIdVec></MemPortIdVec>
<condition id="26">
<or_exp><and_exp></and_exp></or_exp>
</condition>

<Node id="82" bw="5" op_0_bw="5" op_1_bw="0">
<![CDATA[
meminst33.0:0  %invdar34 = phi i5 [ %indvarinc35, %meminst3336.0 ], [ 0, %meminst33.0.preheader ]

]]></Node>
<StgValue><ssdm name="invdar34"/></StgValue>
</operation>

<operation id="83" st_id="8" stage="1" lat="1">
<core>AddSub</core>
<MemPortIdVec></MemPortIdVec>
<condition id="26">
<or_exp><and_exp></and_exp></or_exp>
</condition>

<Node id="83" bw="5" op_0_bw="5" op_1_bw="5">
<![CDATA[
meminst33.0:1  %indvarinc35 = add i5 %invdar34, 1

]]></Node>
<StgValue><ssdm name="indvarinc35"/></StgValue>
</operation>

<operation id="84" st_id="8" stage="1" lat="1">
<core>NULL</core>
<MemPortIdVec></MemPortIdVec>
<condition id="26">
<or_exp><and_exp></and_exp></or_exp>
</condition>

<Node id="84" bw="32" op_0_bw="32" op_1_bw="64" op_2_bw="64" op_3_bw="64">
<![CDATA[
meminst33.0:2  %empty_494 = call i32 (...)* @_ssdm_op_SpecLoopTripCount(i64 24, i64 24, i64 24)

]]></Node>
<StgValue><ssdm name="empty_494"/></StgValue>
</operation>

<operation id="85" st_id="8" stage="1" lat="1">
<core>NULL</core>
<MemPortIdVec></MemPortIdVec>
<condition id="26">
<or_exp><and_exp></and_exp></or_exp>
</condition>

<Node id="85" bw="0" op_0_bw="0">
<![CDATA[
meminst33.0:3  br label %meminst37.0

]]></Node>
<StgValue><ssdm name=""/></StgValue>
</operation>
</state>

<state id="9" st_id="9">

<operation id="86" st_id="9" stage="1" lat="1">
<core>NULL</core>
<MemPortIdVec></MemPortIdVec>
<condition id="27">
<or_exp><and_exp></and_exp></or_exp>
</condition>

<Node id="87" bw="4" op_0_bw="4" op_1_bw="0">
<![CDATA[
meminst37.0:0  %invdar38 = phi i4 [ 0, %meminst33.0 ], [ %indvarinc39, %meminst3740.0 ]

]]></Node>
<StgValue><ssdm name="invdar38"/></StgValue>
</operation>

<operation id="87" st_id="9" stage="1" lat="1">
<core>AddSub</core>
<MemPortIdVec></MemPortIdVec>
<condition id="27">
<or_exp><and_exp></and_exp></or_exp>
</condition>

<Node id="88" bw="4" op_0_bw="4" op_1_bw="4">
<![CDATA[
meminst37.0:1  %indvarinc39 = add i4 %invdar38, 1

]]></Node>
<StgValue><ssdm name="indvarinc39"/></StgValue>
</operation>

<operation id="88" st_id="9" stage="1" lat="1">
<core>NULL</core>
<MemPortIdVec></MemPortIdVec>
<condition id="27">
<or_exp><and_exp></and_exp></or_exp>
</condition>

<Node id="89" bw="32" op_0_bw="32" op_1_bw="64" op_2_bw="64" op_3_bw="64">
<![CDATA[
meminst37.0:2  %empty_493 = call i32 (...)* @_ssdm_op_SpecLoopTripCount(i64 16, i64 16, i64 16)

]]></Node>
<StgValue><ssdm name="empty_493"/></StgValue>
</operation>

<operation id="89" st_id="9" stage="1" lat="1">
<core>NULL</core>
<MemPortIdVec></MemPortIdVec>
<condition id="27">
<or_exp><and_exp></and_exp></or_exp>
</condition>

<Node id="90" bw="0" op_0_bw="0">
<![CDATA[
meminst37.0:3  br label %meminst41.0

]]></Node>
<StgValue><ssdm name=""/></StgValue>
</operation>
</state>

<state id="10" st_id="10">

<operation id="90" st_id="10" stage="1" lat="1">
<core>NULL</core>
<MemPortIdVec></MemPortIdVec>
<condition id="28">
<or_exp><and_exp></and_exp></or_exp>
</condition>

<Node id="92" bw="4" op_0_bw="4" op_1_bw="0">
<![CDATA[
meminst41.0:0  %invdar42 = phi i4 [ 0, %meminst37.0 ], [ %indvarinc43, %meminst41.0 ]

]]></Node>
<StgValue><ssdm name="invdar42"/></StgValue>
</operation>

<operation id="91" st_id="10" stage="1" lat="1">
<core>AddSub</core>
<MemPortIdVec></MemPortIdVec>
<condition id="28">
<or_exp><and_exp></and_exp></or_exp>
</condition>

<Node id="93" bw="4" op_0_bw="4" op_1_bw="4">
<![CDATA[
meminst41.0:1  %indvarinc43 = add i4 %invdar42, 1

]]></Node>
<StgValue><ssdm name="indvarinc43"/></StgValue>
</operation>

<operation id="92" st_id="10" stage="1" lat="1">
<core>NULL</core>
<MemPortIdVec></MemPortIdVec>
<condition id="28">
<or_exp><and_exp></and_exp></or_exp>
</condition>

<Node id="94" bw="13" op_0_bw="13" op_1_bw="5" op_2_bw="4" op_3_bw="4">
<![CDATA[
meminst41.0:2  %tmp_156 = call i13 @_ssdm_op_BitConcatenate.i13.i5.i4.i4(i5 %invdar34, i4 %invdar38, i4 %invdar42)

]]></Node>
<StgValue><ssdm name="tmp_156"/></StgValue>
</operation>

<operation id="93" st_id="10" stage="1" lat="1">
<core>NULL</core>
<MemPortIdVec></MemPortIdVec>
<condition id="28">
<or_exp><and_exp></and_exp></or_exp>
</condition>

<Node id="95" bw="64" op_0_bw="13">
<![CDATA[
meminst41.0:3  %tmp_666 = zext i13 %tmp_156 to i64

]]></Node>
<StgValue><ssdm name="tmp_666"/></StgValue>
</operation>

<operation id="94" st_id="10" stage="1" lat="1">
<core>NULL</core>
<MemPortIdVec></MemPortIdVec>
<condition id="28">
<or_exp><and_exp></and_exp></or_exp>
</condition>

<Node id="96" bw="13" op_0_bw="32" op_1_bw="64" op_2_bw="64">
<![CDATA[
meminst41.0:4  %conv3r_ourput_0_add = getelementptr [6144 x float]* %conv3r_ourput_0, i64 0, i64 %tmp_666

]]></Node>
<StgValue><ssdm name="conv3r_ourput_0_add"/></StgValue>
</operation>

<operation id="95" st_id="10" stage="1" lat="1">
<core>RAM</core>
<MemPortIdVec></MemPortIdVec>
<condition id="28">
<or_exp><and_exp></and_exp></or_exp>
</condition>

<Node id="97" bw="0" op_0_bw="32" op_1_bw="13">
<![CDATA[
meminst41.0:5  store float 0.000000e+00, float* %conv3r_ourput_0_add, align 4

]]></Node>
<StgValue><ssdm name=""/></StgValue>
</operation>

<operation id="96" st_id="10" stage="1" lat="1">
<core>Cmp</core>
<MemPortIdVec></MemPortIdVec>
<condition id="28">
<or_exp><and_exp></and_exp></or_exp>
</condition>

<Node id="98" bw="1" op_0_bw="4" op_1_bw="4">
<![CDATA[
meminst41.0:6  %tmp_428 = icmp eq i4 %invdar42, -1

]]></Node>
<StgValue><ssdm name="tmp_428"/></StgValue>
</operation>

<operation id="97" st_id="10" stage="1" lat="1">
<core>NULL</core>
<MemPortIdVec></MemPortIdVec>
<condition id="28">
<or_exp><and_exp></and_exp></or_exp>
</condition>

<Node id="99" bw="32" op_0_bw="32" op_1_bw="0">
<![CDATA[
meminst41.0:7  %empty_491 = call i32 (...)* @_ssdm_op_SpecLoopName([21 x i8]* @memset_conv3r_ourput) nounwind

]]></Node>
<StgValue><ssdm name="empty_491"/></StgValue>
</operation>

<operation id="98" st_id="10" stage="1" lat="1">
<core>NULL</core>
<MemPortIdVec></MemPortIdVec>
<condition id="28">
<or_exp><and_exp></and_exp></or_exp>
</condition>

<Node id="100" bw="32" op_0_bw="32" op_1_bw="64" op_2_bw="64" op_3_bw="64">
<![CDATA[
meminst41.0:8  %empty_492 = call i32 (...)* @_ssdm_op_SpecLoopTripCount(i64 16, i64 16, i64 16)

]]></Node>
<StgValue><ssdm name="empty_492"/></StgValue>
</operation>

<operation id="99" st_id="10" stage="1" lat="1">
<core>NULL</core>
<MemPortIdVec></MemPortIdVec>
<condition id="28">
<or_exp><and_exp></and_exp></or_exp>
</condition>

<Node id="101" bw="0" op_0_bw="1" op_1_bw="0" op_2_bw="0">
<![CDATA[
meminst41.0:9  br i1 %tmp_428, label %meminst3740.0, label %meminst41.0

]]></Node>
<StgValue><ssdm name=""/></StgValue>
</operation>

<operation id="100" st_id="10" stage="1" lat="1">
<core>Cmp</core>
<MemPortIdVec></MemPortIdVec>
<condition id="30">
<or_exp><and_exp><literal name="tmp_428" val="1"/>
</and_exp></or_exp>
</condition>

<Node id="103" bw="1" op_0_bw="4" op_1_bw="4">
<![CDATA[
meminst3740.0:0  %tmp_429 = icmp eq i4 %invdar38, -1

]]></Node>
<StgValue><ssdm name="tmp_429"/></StgValue>
</operation>

<operation id="101" st_id="10" stage="1" lat="1">
<core>NULL</core>
<MemPortIdVec></MemPortIdVec>
<condition id="30">
<or_exp><and_exp><literal name="tmp_428" val="1"/>
</and_exp></or_exp>
</condition>

<Node id="104" bw="32" op_0_bw="32" op_1_bw="0">
<![CDATA[
meminst3740.0:1  %empty_490 = call i32 (...)* @_ssdm_op_SpecLoopName([21 x i8]* @memset_conv3r_ourput) nounwind

]]></Node>
<StgValue><ssdm name="empty_490"/></StgValue>
</operation>

<operation id="102" st_id="10" stage="1" lat="1">
<core>NULL</core>
<MemPortIdVec></MemPortIdVec>
<condition id="30">
<or_exp><and_exp><literal name="tmp_428" val="1"/>
</and_exp></or_exp>
</condition>

<Node id="105" bw="0" op_0_bw="1" op_1_bw="0" op_2_bw="0">
<![CDATA[
meminst3740.0:2  br i1 %tmp_429, label %meminst3336.0, label %meminst37.0

]]></Node>
<StgValue><ssdm name=""/></StgValue>
</operation>

<operation id="103" st_id="10" stage="1" lat="1">
<core>Cmp</core>
<MemPortIdVec></MemPortIdVec>
<condition id="32">
<or_exp><and_exp><literal name="tmp_428" val="1"/>
<literal name="tmp_429" val="1"/>
</and_exp></or_exp>
</condition>

<Node id="107" bw="1" op_0_bw="5" op_1_bw="5">
<![CDATA[
meminst3336.0:0  %tmp_430 = icmp eq i5 %invdar34, -9

]]></Node>
<StgValue><ssdm name="tmp_430"/></StgValue>
</operation>

<operation id="104" st_id="10" stage="1" lat="1">
<core>NULL</core>
<MemPortIdVec></MemPortIdVec>
<condition id="32">
<or_exp><and_exp><literal name="tmp_428" val="1"/>
<literal name="tmp_429" val="1"/>
</and_exp></or_exp>
</condition>

<Node id="108" bw="32" op_0_bw="32" op_1_bw="0">
<![CDATA[
meminst3336.0:1  %empty_489 = call i32 (...)* @_ssdm_op_SpecLoopName([21 x i8]* @memset_conv3r_ourput) nounwind

]]></Node>
<StgValue><ssdm name="empty_489"/></StgValue>
</operation>

<operation id="105" st_id="10" stage="1" lat="1">
<core>NULL</core>
<MemPortIdVec></MemPortIdVec>
<condition id="32">
<or_exp><and_exp><literal name="tmp_428" val="1"/>
<literal name="tmp_429" val="1"/>
</and_exp></or_exp>
</condition>

<Node id="109" bw="0" op_0_bw="1" op_1_bw="0" op_2_bw="0">
<![CDATA[
meminst3336.0:2  br i1 %tmp_430, label %meminst48.0.preheader, label %meminst33.0

]]></Node>
<StgValue><ssdm name=""/></StgValue>
</operation>

<operation id="106" st_id="10" stage="1" lat="1">
<core>NULL</core>
<MemPortIdVec></MemPortIdVec>
<condition id="34">
<or_exp><and_exp><literal name="tmp_428" val="1"/>
<literal name="tmp_429" val="1"/>
<literal name="tmp_430" val="1"/>
</and_exp></or_exp>
</condition>

<Node id="111" bw="0" op_0_bw="0">
<![CDATA[
meminst48.0.preheader:0  br label %meminst48.0

]]></Node>
<StgValue><ssdm name=""/></StgValue>
</operation>
</state>

<state id="11" st_id="11">

<operation id="107" st_id="11" stage="1" lat="1">
<core>NULL</core>
<MemPortIdVec></MemPortIdVec>
<condition id="35">
<or_exp><and_exp></and_exp></or_exp>
</condition>

<Node id="113" bw="5" op_0_bw="5" op_1_bw="0">
<![CDATA[
meminst48.0:0  %invdar = phi i5 [ %indvarinc, %meminst4851.0 ], [ 0, %meminst48.0.preheader ]

]]></Node>
<StgValue><ssdm name="invdar"/></StgValue>
</operation>

<operation id="108" st_id="11" stage="1" lat="1">
<core>AddSub</core>
<MemPortIdVec></MemPortIdVec>
<condition id="35">
<or_exp><and_exp></and_exp></or_exp>
</condition>

<Node id="114" bw="5" op_0_bw="5" op_1_bw="5">
<![CDATA[
meminst48.0:1  %indvarinc = add i5 %invdar, 1

]]></Node>
<StgValue><ssdm name="indvarinc"/></StgValue>
</operation>

<operation id="109" st_id="11" stage="1" lat="1">
<core>NULL</core>
<MemPortIdVec></MemPortIdVec>
<condition id="35">
<or_exp><and_exp></and_exp></or_exp>
</condition>

<Node id="115" bw="32" op_0_bw="32" op_1_bw="64" op_2_bw="64" op_3_bw="64">
<![CDATA[
meminst48.0:2  %empty_500 = call i32 (...)* @_ssdm_op_SpecLoopTripCount(i64 24, i64 24, i64 24)

]]></Node>
<StgValue><ssdm name="empty_500"/></StgValue>
</operation>

<operation id="110" st_id="11" stage="1" lat="1">
<core>NULL</core>
<MemPortIdVec></MemPortIdVec>
<condition id="35">
<or_exp><and_exp></and_exp></or_exp>
</condition>

<Node id="116" bw="0" op_0_bw="0">
<![CDATA[
meminst48.0:3  br label %meminst52.0

]]></Node>
<StgValue><ssdm name=""/></StgValue>
</operation>
</state>

<state id="12" st_id="12">

<operation id="111" st_id="12" stage="1" lat="1">
<core>NULL</core>
<MemPortIdVec></MemPortIdVec>
<condition id="36">
<or_exp><and_exp></and_exp></or_exp>
</condition>

<Node id="118" bw="4" op_0_bw="4" op_1_bw="0">
<![CDATA[
meminst52.0:0  %invdar48 = phi i4 [ 0, %meminst48.0 ], [ %indvarinc49, %meminst5255.0 ]

]]></Node>
<StgValue><ssdm name="invdar48"/></StgValue>
</operation>

<operation id="112" st_id="12" stage="1" lat="1">
<core>AddSub</core>
<MemPortIdVec></MemPortIdVec>
<condition id="36">
<or_exp><and_exp></and_exp></or_exp>
</condition>

<Node id="119" bw="4" op_0_bw="4" op_1_bw="4">
<![CDATA[
meminst52.0:1  %indvarinc49 = add i4 %invdar48, 1

]]></Node>
<StgValue><ssdm name="indvarinc49"/></StgValue>
</operation>

<operation id="113" st_id="12" stage="1" lat="1">
<core>NULL</core>
<MemPortIdVec></MemPortIdVec>
<condition id="36">
<or_exp><and_exp></and_exp></or_exp>
</condition>

<Node id="120" bw="32" op_0_bw="32" op_1_bw="64" op_2_bw="64" op_3_bw="64">
<![CDATA[
meminst52.0:2  %empty_499 = call i32 (...)* @_ssdm_op_SpecLoopTripCount(i64 16, i64 16, i64 16)

]]></Node>
<StgValue><ssdm name="empty_499"/></StgValue>
</operation>

<operation id="114" st_id="12" stage="1" lat="1">
<core>NULL</core>
<MemPortIdVec></MemPortIdVec>
<condition id="36">
<or_exp><and_exp></and_exp></or_exp>
</condition>

<Node id="121" bw="0" op_0_bw="0">
<![CDATA[
meminst52.0:3  br label %meminst56.0

]]></Node>
<StgValue><ssdm name=""/></StgValue>
</operation>
</state>

<state id="13" st_id="13">

<operation id="115" st_id="13" stage="1" lat="1">
<core>NULL</core>
<MemPortIdVec></MemPortIdVec>
<condition id="37">
<or_exp><and_exp></and_exp></or_exp>
</condition>

<Node id="123" bw="4" op_0_bw="4" op_1_bw="0">
<![CDATA[
meminst56.0:0  %invdar49 = phi i4 [ 0, %meminst52.0 ], [ %indvarinc50, %meminst56.0 ]

]]></Node>
<StgValue><ssdm name="invdar49"/></StgValue>
</operation>

<operation id="116" st_id="13" stage="1" lat="1">
<core>AddSub</core>
<MemPortIdVec></MemPortIdVec>
<condition id="37">
<or_exp><and_exp></and_exp></or_exp>
</condition>

<Node id="124" bw="4" op_0_bw="4" op_1_bw="4">
<![CDATA[
meminst56.0:1  %indvarinc50 = add i4 %invdar49, 1

]]></Node>
<StgValue><ssdm name="indvarinc50"/></StgValue>
</operation>

<operation id="117" st_id="13" stage="1" lat="1">
<core>NULL</core>
<MemPortIdVec></MemPortIdVec>
<condition id="37">
<or_exp><and_exp></and_exp></or_exp>
</condition>

<Node id="125" bw="13" op_0_bw="13" op_1_bw="5" op_2_bw="4" op_3_bw="4">
<![CDATA[
meminst56.0:2  %tmp_157 = call i13 @_ssdm_op_BitConcatenate.i13.i5.i4.i4(i5 %invdar, i4 %invdar48, i4 %invdar49)

]]></Node>
<StgValue><ssdm name="tmp_157"/></StgValue>
</operation>

<operation id="118" st_id="13" stage="1" lat="1">
<core>NULL</core>
<MemPortIdVec></MemPortIdVec>
<condition id="37">
<or_exp><and_exp></and_exp></or_exp>
</condition>

<Node id="126" bw="64" op_0_bw="13">
<![CDATA[
meminst56.0:3  %tmp_667 = zext i13 %tmp_157 to i64

]]></Node>
<StgValue><ssdm name="tmp_667"/></StgValue>
</operation>

<operation id="119" st_id="13" stage="1" lat="1">
<core>NULL</core>
<MemPortIdVec></MemPortIdVec>
<condition id="37">
<or_exp><and_exp></and_exp></or_exp>
</condition>

<Node id="127" bw="13" op_0_bw="32" op_1_bw="64" op_2_bw="64">
<![CDATA[
meminst56.0:4  %conv1l_output_0_add = getelementptr [6144 x float]* %conv1l_output_0, i64 0, i64 %tmp_667

]]></Node>
<StgValue><ssdm name="conv1l_output_0_add"/></StgValue>
</operation>

<operation id="120" st_id="13" stage="1" lat="1">
<core>RAM</core>
<MemPortIdVec></MemPortIdVec>
<condition id="37">
<or_exp><and_exp></and_exp></or_exp>
</condition>

<Node id="128" bw="0" op_0_bw="32" op_1_bw="13">
<![CDATA[
meminst56.0:5  store float 0.000000e+00, float* %conv1l_output_0_add, align 4

]]></Node>
<StgValue><ssdm name=""/></StgValue>
</operation>

<operation id="121" st_id="13" stage="1" lat="1">
<core>Cmp</core>
<MemPortIdVec></MemPortIdVec>
<condition id="37">
<or_exp><and_exp></and_exp></or_exp>
</condition>

<Node id="129" bw="1" op_0_bw="4" op_1_bw="4">
<![CDATA[
meminst56.0:6  %tmp_431 = icmp eq i4 %invdar49, -1

]]></Node>
<StgValue><ssdm name="tmp_431"/></StgValue>
</operation>

<operation id="122" st_id="13" stage="1" lat="1">
<core>NULL</core>
<MemPortIdVec></MemPortIdVec>
<condition id="37">
<or_exp><and_exp></and_exp></or_exp>
</condition>

<Node id="130" bw="32" op_0_bw="32" op_1_bw="0">
<![CDATA[
meminst56.0:7  %empty_497 = call i32 (...)* @_ssdm_op_SpecLoopName([21 x i8]* @memset_conv1l_output) nounwind

]]></Node>
<StgValue><ssdm name="empty_497"/></StgValue>
</operation>

<operation id="123" st_id="13" stage="1" lat="1">
<core>NULL</core>
<MemPortIdVec></MemPortIdVec>
<condition id="37">
<or_exp><and_exp></and_exp></or_exp>
</condition>

<Node id="131" bw="32" op_0_bw="32" op_1_bw="64" op_2_bw="64" op_3_bw="64">
<![CDATA[
meminst56.0:8  %empty_498 = call i32 (...)* @_ssdm_op_SpecLoopTripCount(i64 16, i64 16, i64 16)

]]></Node>
<StgValue><ssdm name="empty_498"/></StgValue>
</operation>

<operation id="124" st_id="13" stage="1" lat="1">
<core>NULL</core>
<MemPortIdVec></MemPortIdVec>
<condition id="37">
<or_exp><and_exp></and_exp></or_exp>
</condition>

<Node id="132" bw="0" op_0_bw="1" op_1_bw="0" op_2_bw="0">
<![CDATA[
meminst56.0:9  br i1 %tmp_431, label %meminst5255.0, label %meminst56.0

]]></Node>
<StgValue><ssdm name=""/></StgValue>
</operation>

<operation id="125" st_id="13" stage="1" lat="1">
<core>Cmp</core>
<MemPortIdVec></MemPortIdVec>
<condition id="39">
<or_exp><and_exp><literal name="tmp_431" val="1"/>
</and_exp></or_exp>
</condition>

<Node id="134" bw="1" op_0_bw="4" op_1_bw="4">
<![CDATA[
meminst5255.0:0  %tmp_432 = icmp eq i4 %invdar48, -1

]]></Node>
<StgValue><ssdm name="tmp_432"/></StgValue>
</operation>

<operation id="126" st_id="13" stage="1" lat="1">
<core>NULL</core>
<MemPortIdVec></MemPortIdVec>
<condition id="39">
<or_exp><and_exp><literal name="tmp_431" val="1"/>
</and_exp></or_exp>
</condition>

<Node id="135" bw="32" op_0_bw="32" op_1_bw="0">
<![CDATA[
meminst5255.0:1  %empty_496 = call i32 (...)* @_ssdm_op_SpecLoopName([21 x i8]* @memset_conv1l_output) nounwind

]]></Node>
<StgValue><ssdm name="empty_496"/></StgValue>
</operation>

<operation id="127" st_id="13" stage="1" lat="1">
<core>NULL</core>
<MemPortIdVec></MemPortIdVec>
<condition id="39">
<or_exp><and_exp><literal name="tmp_431" val="1"/>
</and_exp></or_exp>
</condition>

<Node id="136" bw="0" op_0_bw="1" op_1_bw="0" op_2_bw="0">
<![CDATA[
meminst5255.0:2  br i1 %tmp_432, label %meminst4851.0, label %meminst52.0

]]></Node>
<StgValue><ssdm name=""/></StgValue>
</operation>

<operation id="128" st_id="13" stage="1" lat="1">
<core>Cmp</core>
<MemPortIdVec></MemPortIdVec>
<condition id="41">
<or_exp><and_exp><literal name="tmp_431" val="1"/>
<literal name="tmp_432" val="1"/>
</and_exp></or_exp>
</condition>

<Node id="138" bw="1" op_0_bw="5" op_1_bw="5">
<![CDATA[
meminst4851.0:0  %tmp_433 = icmp eq i5 %invdar, -9

]]></Node>
<StgValue><ssdm name="tmp_433"/></StgValue>
</operation>

<operation id="129" st_id="13" stage="1" lat="1">
<core>NULL</core>
<MemPortIdVec></MemPortIdVec>
<condition id="41">
<or_exp><and_exp><literal name="tmp_431" val="1"/>
<literal name="tmp_432" val="1"/>
</and_exp></or_exp>
</condition>

<Node id="139" bw="32" op_0_bw="32" op_1_bw="0">
<![CDATA[
meminst4851.0:1  %empty_495 = call i32 (...)* @_ssdm_op_SpecLoopName([21 x i8]* @memset_conv1l_output) nounwind

]]></Node>
<StgValue><ssdm name="empty_495"/></StgValue>
</operation>

<operation id="130" st_id="13" stage="1" lat="1">
<core>NULL</core>
<MemPortIdVec></MemPortIdVec>
<condition id="41">
<or_exp><and_exp><literal name="tmp_431" val="1"/>
<literal name="tmp_432" val="1"/>
</and_exp></or_exp>
</condition>

<Node id="140" bw="0" op_0_bw="1" op_1_bw="0" op_2_bw="0">
<![CDATA[
meminst4851.0:2  br i1 %tmp_433, label %meminst63.0.preheader, label %meminst48.0

]]></Node>
<StgValue><ssdm name=""/></StgValue>
</operation>

<operation id="131" st_id="13" stage="1" lat="1">
<core>NULL</core>
<MemPortIdVec></MemPortIdVec>
<condition id="43">
<or_exp><and_exp><literal name="tmp_431" val="1"/>
<literal name="tmp_432" val="1"/>
<literal name="tmp_433" val="1"/>
</and_exp></or_exp>
</condition>

<Node id="142" bw="0" op_0_bw="0">
<![CDATA[
meminst63.0.preheader:0  br label %meminst63.0

]]></Node>
<StgValue><ssdm name=""/></StgValue>
</operation>
</state>

<state id="14" st_id="14">

<operation id="132" st_id="14" stage="1" lat="1">
<core>NULL</core>
<MemPortIdVec></MemPortIdVec>
<condition id="44">
<or_exp><and_exp></and_exp></or_exp>
</condition>

<Node id="144" bw="5" op_0_bw="5" op_1_bw="0">
<![CDATA[
meminst63.0:0  %invdar50 = phi i5 [ %indvarinc51, %meminst6366.0 ], [ 0, %meminst63.0.preheader ]

]]></Node>
<StgValue><ssdm name="invdar50"/></StgValue>
</operation>

<operation id="133" st_id="14" stage="1" lat="1">
<core>AddSub</core>
<MemPortIdVec></MemPortIdVec>
<condition id="44">
<or_exp><and_exp></and_exp></or_exp>
</condition>

<Node id="145" bw="5" op_0_bw="5" op_1_bw="5">
<![CDATA[
meminst63.0:1  %indvarinc51 = add i5 %invdar50, 1

]]></Node>
<StgValue><ssdm name="indvarinc51"/></StgValue>
</operation>

<operation id="134" st_id="14" stage="1" lat="1">
<core>NULL</core>
<MemPortIdVec></MemPortIdVec>
<condition id="44">
<or_exp><and_exp></and_exp></or_exp>
</condition>

<Node id="146" bw="32" op_0_bw="32" op_1_bw="64" op_2_bw="64" op_3_bw="64">
<![CDATA[
meminst63.0:2  %empty_506 = call i32 (...)* @_ssdm_op_SpecLoopTripCount(i64 24, i64 24, i64 24)

]]></Node>
<StgValue><ssdm name="empty_506"/></StgValue>
</operation>

<operation id="135" st_id="14" stage="1" lat="1">
<core>NULL</core>
<MemPortIdVec></MemPortIdVec>
<condition id="44">
<or_exp><and_exp></and_exp></or_exp>
</condition>

<Node id="147" bw="0" op_0_bw="0">
<![CDATA[
meminst63.0:3  br label %meminst67.0

]]></Node>
<StgValue><ssdm name=""/></StgValue>
</operation>
</state>

<state id="15" st_id="15">

<operation id="136" st_id="15" stage="1" lat="1">
<core>NULL</core>
<MemPortIdVec></MemPortIdVec>
<condition id="45">
<or_exp><and_exp></and_exp></or_exp>
</condition>

<Node id="149" bw="4" op_0_bw="4" op_1_bw="0">
<![CDATA[
meminst67.0:0  %invdar51 = phi i4 [ 0, %meminst63.0 ], [ %indvarinc52, %meminst6770.0 ]

]]></Node>
<StgValue><ssdm name="invdar51"/></StgValue>
</operation>

<operation id="137" st_id="15" stage="1" lat="1">
<core>AddSub</core>
<MemPortIdVec></MemPortIdVec>
<condition id="45">
<or_exp><and_exp></and_exp></or_exp>
</condition>

<Node id="150" bw="4" op_0_bw="4" op_1_bw="4">
<![CDATA[
meminst67.0:1  %indvarinc52 = add i4 %invdar51, 1

]]></Node>
<StgValue><ssdm name="indvarinc52"/></StgValue>
</operation>

<operation id="138" st_id="15" stage="1" lat="1">
<core>NULL</core>
<MemPortIdVec></MemPortIdVec>
<condition id="45">
<or_exp><and_exp></and_exp></or_exp>
</condition>

<Node id="151" bw="32" op_0_bw="32" op_1_bw="64" op_2_bw="64" op_3_bw="64">
<![CDATA[
meminst67.0:2  %empty_505 = call i32 (...)* @_ssdm_op_SpecLoopTripCount(i64 16, i64 16, i64 16)

]]></Node>
<StgValue><ssdm name="empty_505"/></StgValue>
</operation>

<operation id="139" st_id="15" stage="1" lat="1">
<core>NULL</core>
<MemPortIdVec></MemPortIdVec>
<condition id="45">
<or_exp><and_exp></and_exp></or_exp>
</condition>

<Node id="152" bw="0" op_0_bw="0">
<![CDATA[
meminst67.0:3  br label %meminst71.0

]]></Node>
<StgValue><ssdm name=""/></StgValue>
</operation>
</state>

<state id="16" st_id="16">

<operation id="140" st_id="16" stage="1" lat="1">
<core>NULL</core>
<MemPortIdVec></MemPortIdVec>
<condition id="46">
<or_exp><and_exp></and_exp></or_exp>
</condition>

<Node id="154" bw="4" op_0_bw="4" op_1_bw="0">
<![CDATA[
meminst71.0:0  %invdar52 = phi i4 [ 0, %meminst67.0 ], [ %indvarinc53, %meminst71.0 ]

]]></Node>
<StgValue><ssdm name="invdar52"/></StgValue>
</operation>

<operation id="141" st_id="16" stage="1" lat="1">
<core>AddSub</core>
<MemPortIdVec></MemPortIdVec>
<condition id="46">
<or_exp><and_exp></and_exp></or_exp>
</condition>

<Node id="155" bw="4" op_0_bw="4" op_1_bw="4">
<![CDATA[
meminst71.0:1  %indvarinc53 = add i4 %invdar52, 1

]]></Node>
<StgValue><ssdm name="indvarinc53"/></StgValue>
</operation>

<operation id="142" st_id="16" stage="1" lat="1">
<core>NULL</core>
<MemPortIdVec></MemPortIdVec>
<condition id="46">
<or_exp><and_exp></and_exp></or_exp>
</condition>

<Node id="156" bw="13" op_0_bw="13" op_1_bw="5" op_2_bw="4" op_3_bw="4">
<![CDATA[
meminst71.0:2  %tmp_158 = call i13 @_ssdm_op_BitConcatenate.i13.i5.i4.i4(i5 %invdar50, i4 %invdar51, i4 %invdar52)

]]></Node>
<StgValue><ssdm name="tmp_158"/></StgValue>
</operation>

<operation id="143" st_id="16" stage="1" lat="1">
<core>NULL</core>
<MemPortIdVec></MemPortIdVec>
<condition id="46">
<or_exp><and_exp></and_exp></or_exp>
</condition>

<Node id="157" bw="64" op_0_bw="13">
<![CDATA[
meminst71.0:3  %tmp_668 = zext i13 %tmp_158 to i64

]]></Node>
<StgValue><ssdm name="tmp_668"/></StgValue>
</operation>

<operation id="144" st_id="16" stage="1" lat="1">
<core>NULL</core>
<MemPortIdVec></MemPortIdVec>
<condition id="46">
<or_exp><and_exp></and_exp></or_exp>
</condition>

<Node id="158" bw="13" op_0_bw="32" op_1_bw="64" op_2_bw="64">
<![CDATA[
meminst71.0:4  %conv2l_output_0_add = getelementptr [6144 x float]* %conv2l_output_0, i64 0, i64 %tmp_668

]]></Node>
<StgValue><ssdm name="conv2l_output_0_add"/></StgValue>
</operation>

<operation id="145" st_id="16" stage="1" lat="1">
<core>RAM</core>
<MemPortIdVec></MemPortIdVec>
<condition id="46">
<or_exp><and_exp></and_exp></or_exp>
</condition>

<Node id="159" bw="0" op_0_bw="32" op_1_bw="13">
<![CDATA[
meminst71.0:5  store float 0.000000e+00, float* %conv2l_output_0_add, align 4

]]></Node>
<StgValue><ssdm name=""/></StgValue>
</operation>

<operation id="146" st_id="16" stage="1" lat="1">
<core>Cmp</core>
<MemPortIdVec></MemPortIdVec>
<condition id="46">
<or_exp><and_exp></and_exp></or_exp>
</condition>

<Node id="160" bw="1" op_0_bw="4" op_1_bw="4">
<![CDATA[
meminst71.0:6  %tmp_434 = icmp eq i4 %invdar52, -1

]]></Node>
<StgValue><ssdm name="tmp_434"/></StgValue>
</operation>

<operation id="147" st_id="16" stage="1" lat="1">
<core>NULL</core>
<MemPortIdVec></MemPortIdVec>
<condition id="46">
<or_exp><and_exp></and_exp></or_exp>
</condition>

<Node id="161" bw="32" op_0_bw="32" op_1_bw="0">
<![CDATA[
meminst71.0:7  %empty_503 = call i32 (...)* @_ssdm_op_SpecLoopName([21 x i8]* @memset_conv2l_output) nounwind

]]></Node>
<StgValue><ssdm name="empty_503"/></StgValue>
</operation>

<operation id="148" st_id="16" stage="1" lat="1">
<core>NULL</core>
<MemPortIdVec></MemPortIdVec>
<condition id="46">
<or_exp><and_exp></and_exp></or_exp>
</condition>

<Node id="162" bw="32" op_0_bw="32" op_1_bw="64" op_2_bw="64" op_3_bw="64">
<![CDATA[
meminst71.0:8  %empty_504 = call i32 (...)* @_ssdm_op_SpecLoopTripCount(i64 16, i64 16, i64 16)

]]></Node>
<StgValue><ssdm name="empty_504"/></StgValue>
</operation>

<operation id="149" st_id="16" stage="1" lat="1">
<core>NULL</core>
<MemPortIdVec></MemPortIdVec>
<condition id="46">
<or_exp><and_exp></and_exp></or_exp>
</condition>

<Node id="163" bw="0" op_0_bw="1" op_1_bw="0" op_2_bw="0">
<![CDATA[
meminst71.0:9  br i1 %tmp_434, label %meminst6770.0, label %meminst71.0

]]></Node>
<StgValue><ssdm name=""/></StgValue>
</operation>

<operation id="150" st_id="16" stage="1" lat="1">
<core>Cmp</core>
<MemPortIdVec></MemPortIdVec>
<condition id="47">
<or_exp><and_exp><literal name="tmp_434" val="1"/>
</and_exp></or_exp>
</condition>

<Node id="165" bw="1" op_0_bw="4" op_1_bw="4">
<![CDATA[
meminst6770.0:0  %tmp_435 = icmp eq i4 %invdar51, -1

]]></Node>
<StgValue><ssdm name="tmp_435"/></StgValue>
</operation>

<operation id="151" st_id="16" stage="1" lat="1">
<core>NULL</core>
<MemPortIdVec></MemPortIdVec>
<condition id="47">
<or_exp><and_exp><literal name="tmp_434" val="1"/>
</and_exp></or_exp>
</condition>

<Node id="166" bw="32" op_0_bw="32" op_1_bw="0">
<![CDATA[
meminst6770.0:1  %empty_502 = call i32 (...)* @_ssdm_op_SpecLoopName([21 x i8]* @memset_conv2l_output) nounwind

]]></Node>
<StgValue><ssdm name="empty_502"/></StgValue>
</operation>

<operation id="152" st_id="16" stage="1" lat="1">
<core>NULL</core>
<MemPortIdVec></MemPortIdVec>
<condition id="47">
<or_exp><and_exp><literal name="tmp_434" val="1"/>
</and_exp></or_exp>
</condition>

<Node id="167" bw="0" op_0_bw="1" op_1_bw="0" op_2_bw="0">
<![CDATA[
meminst6770.0:2  br i1 %tmp_435, label %meminst6366.0, label %meminst67.0

]]></Node>
<StgValue><ssdm name=""/></StgValue>
</operation>

<operation id="153" st_id="16" stage="1" lat="1">
<core>Cmp</core>
<MemPortIdVec></MemPortIdVec>
<condition id="48">
<or_exp><and_exp><literal name="tmp_434" val="1"/>
<literal name="tmp_435" val="1"/>
</and_exp></or_exp>
</condition>

<Node id="169" bw="1" op_0_bw="5" op_1_bw="5">
<![CDATA[
meminst6366.0:0  %tmp_436 = icmp eq i5 %invdar50, -9

]]></Node>
<StgValue><ssdm name="tmp_436"/></StgValue>
</operation>

<operation id="154" st_id="16" stage="1" lat="1">
<core>NULL</core>
<MemPortIdVec></MemPortIdVec>
<condition id="48">
<or_exp><and_exp><literal name="tmp_434" val="1"/>
<literal name="tmp_435" val="1"/>
</and_exp></or_exp>
</condition>

<Node id="170" bw="32" op_0_bw="32" op_1_bw="0">
<![CDATA[
meminst6366.0:1  %empty_501 = call i32 (...)* @_ssdm_op_SpecLoopName([21 x i8]* @memset_conv2l_output) nounwind

]]></Node>
<StgValue><ssdm name="empty_501"/></StgValue>
</operation>

<operation id="155" st_id="16" stage="1" lat="1">
<core>NULL</core>
<MemPortIdVec></MemPortIdVec>
<condition id="48">
<or_exp><and_exp><literal name="tmp_434" val="1"/>
<literal name="tmp_435" val="1"/>
</and_exp></or_exp>
</condition>

<Node id="171" bw="0" op_0_bw="1" op_1_bw="0" op_2_bw="0">
<![CDATA[
meminst6366.0:2  br i1 %tmp_436, label %meminst5962.0, label %meminst63.0

]]></Node>
<StgValue><ssdm name=""/></StgValue>
</operation>

<operation id="156" st_id="16" stage="2" lat="2">
<core></core>
<MemPortIdVec></MemPortIdVec>
<condition id="49">
<or_exp><and_exp><literal name="tmp_434" val="1"/>
<literal name="tmp_435" val="1"/>
<literal name="tmp_436" val="1"/>
</and_exp></or_exp>
</condition>

<Node id="173" bw="0" op_0_bw="0" op_1_bw="32" op_2_bw="32" op_3_bw="32" op_4_bw="32">
<![CDATA[
meminst5962.0:0  call fastcc void @subconv_1x1_3214([24576 x float]* %input_r, [576 x float]* %conv1r_weight, [24 x float]* %conv1r_bias, [24576 x float]* %conv1r_output)

]]></Node>
<StgValue><ssdm name=""/></StgValue>
</operation>
</state>

<state id="17" st_id="17">

<operation id="157" st_id="17" stage="1" lat="2">
<core></core>
<MemPortIdVec></MemPortIdVec>
<condition id="50">
<or_exp><and_exp></and_exp></or_exp>
</condition>

<Node id="173" bw="0" op_0_bw="0" op_1_bw="32" op_2_bw="32" op_3_bw="32" op_4_bw="32">
<![CDATA[
meminst5962.0:0  call fastcc void @subconv_1x1_3214([24576 x float]* %input_r, [576 x float]* %conv1r_weight, [24 x float]* %conv1r_bias, [24576 x float]* %conv1r_output)

]]></Node>
<StgValue><ssdm name=""/></StgValue>
</operation>
</state>

<state id="18" st_id="18">

<operation id="158" st_id="18" stage="2" lat="2">
<core></core>
<MemPortIdVec></MemPortIdVec>
<condition id="51">
<or_exp><and_exp></and_exp></or_exp>
</condition>

<Node id="174" bw="0" op_0_bw="0" op_1_bw="32" op_2_bw="32" op_3_bw="32" op_4_bw="32">
<![CDATA[
meminst5962.0:1  call fastcc void @subconv_3x3_32_strid([24576 x float]* %conv1r_output, [216 x float]* %conv2r_weight, [24 x float]* %conv2r_bias, [6144 x float]* %conv2r_ourput_0)

]]></Node>
<StgValue><ssdm name=""/></StgValue>
</operation>
</state>

<state id="19" st_id="19">

<operation id="159" st_id="19" stage="1" lat="2">
<core></core>
<MemPortIdVec></MemPortIdVec>
<condition id="52">
<or_exp><and_exp></and_exp></or_exp>
</condition>

<Node id="174" bw="0" op_0_bw="0" op_1_bw="32" op_2_bw="32" op_3_bw="32" op_4_bw="32">
<![CDATA[
meminst5962.0:1  call fastcc void @subconv_3x3_32_strid([24576 x float]* %conv1r_output, [216 x float]* %conv2r_weight, [24 x float]* %conv2r_bias, [6144 x float]* %conv2r_ourput_0)

]]></Node>
<StgValue><ssdm name=""/></StgValue>
</operation>
</state>

<state id="20" st_id="20">

<operation id="160" st_id="20" stage="2" lat="2">
<core></core>
<MemPortIdVec></MemPortIdVec>
<condition id="53">
<or_exp><and_exp></and_exp></or_exp>
</condition>

<Node id="175" bw="0" op_0_bw="0" op_1_bw="32" op_2_bw="32" op_3_bw="32" op_4_bw="32">
<![CDATA[
meminst5962.0:2  call fastcc void @subconv_1x1_1612([6144 x float]* %conv2r_ourput_0, [576 x float]* %conv3r_weight, [24 x float]* %conv3r_bias, [6144 x float]* %conv3r_ourput_0)

]]></Node>
<StgValue><ssdm name=""/></StgValue>
</operation>

<operation id="161" st_id="20" stage="2" lat="2">
<core></core>
<MemPortIdVec></MemPortIdVec>
<condition id="53">
<or_exp><and_exp></and_exp></or_exp>
</condition>

<Node id="176" bw="0" op_0_bw="0" op_1_bw="32" op_2_bw="32" op_3_bw="32" op_4_bw="32">
<![CDATA[
meminst5962.0:3  call fastcc void @subconv_3x3_32_strid([24576 x float]* %input_r, [216 x float]* %conv1l_weight, [24 x float]* %conv1l_bias, [6144 x float]* %conv1l_output_0)

]]></Node>
<StgValue><ssdm name=""/></StgValue>
</operation>
</state>

<state id="21" st_id="21">

<operation id="162" st_id="21" stage="1" lat="2">
<core></core>
<MemPortIdVec></MemPortIdVec>
<condition id="54">
<or_exp><and_exp></and_exp></or_exp>
</condition>

<Node id="175" bw="0" op_0_bw="0" op_1_bw="32" op_2_bw="32" op_3_bw="32" op_4_bw="32">
<![CDATA[
meminst5962.0:2  call fastcc void @subconv_1x1_1612([6144 x float]* %conv2r_ourput_0, [576 x float]* %conv3r_weight, [24 x float]* %conv3r_bias, [6144 x float]* %conv3r_ourput_0)

]]></Node>
<StgValue><ssdm name=""/></StgValue>
</operation>

<operation id="163" st_id="21" stage="1" lat="2">
<core></core>
<MemPortIdVec></MemPortIdVec>
<condition id="54">
<or_exp><and_exp></and_exp></or_exp>
</condition>

<Node id="176" bw="0" op_0_bw="0" op_1_bw="32" op_2_bw="32" op_3_bw="32" op_4_bw="32">
<![CDATA[
meminst5962.0:3  call fastcc void @subconv_3x3_32_strid([24576 x float]* %input_r, [216 x float]* %conv1l_weight, [24 x float]* %conv1l_bias, [6144 x float]* %conv1l_output_0)

]]></Node>
<StgValue><ssdm name=""/></StgValue>
</operation>
</state>

<state id="22" st_id="22">

<operation id="164" st_id="22" stage="2" lat="2">
<core></core>
<MemPortIdVec></MemPortIdVec>
<condition id="55">
<or_exp><and_exp></and_exp></or_exp>
</condition>

<Node id="177" bw="0" op_0_bw="0" op_1_bw="32" op_2_bw="32" op_3_bw="32" op_4_bw="32">
<![CDATA[
meminst5962.0:4  call fastcc void @subconv_1x1_1612([6144 x float]* %conv1l_output_0, [576 x float]* %conv2l_weight, [24 x float]* %conv2l_bias, [6144 x float]* %conv2l_output_0)

]]></Node>
<StgValue><ssdm name=""/></StgValue>
</operation>
</state>

<state id="23" st_id="23">

<operation id="165" st_id="23" stage="1" lat="2">
<core></core>
<MemPortIdVec></MemPortIdVec>
<condition id="56">
<or_exp><and_exp></and_exp></or_exp>
</condition>

<Node id="177" bw="0" op_0_bw="0" op_1_bw="32" op_2_bw="32" op_3_bw="32" op_4_bw="32">
<![CDATA[
meminst5962.0:4  call fastcc void @subconv_1x1_1612([6144 x float]* %conv1l_output_0, [576 x float]* %conv2l_weight, [24 x float]* %conv2l_bias, [6144 x float]* %conv2l_output_0)

]]></Node>
<StgValue><ssdm name=""/></StgValue>
</operation>
</state>

<state id="24" st_id="24">

<operation id="166" st_id="24" stage="2" lat="2">
<core></core>
<MemPortIdVec></MemPortIdVec>
<condition id="57">
<or_exp><and_exp></and_exp></or_exp>
</condition>

<Node id="178" bw="0" op_0_bw="0" op_1_bw="32" op_2_bw="32" op_3_bw="32">
<![CDATA[
meminst5962.0:5  call fastcc void @shuffle_2415([6144 x float]* %conv3r_ourput_0, [6144 x float]* %conv2l_output_0, [12288 x float]* @downsampleunit0_outp)

]]></Node>
<StgValue><ssdm name=""/></StgValue>
</operation>
</state>

<state id="25" st_id="25">

<operation id="167" st_id="25" stage="1" lat="2">
<core></core>
<MemPortIdVec></MemPortIdVec>
<condition id="58">
<or_exp><and_exp></and_exp></or_exp>
</condition>

<Node id="178" bw="0" op_0_bw="0" op_1_bw="32" op_2_bw="32" op_3_bw="32">
<![CDATA[
meminst5962.0:5  call fastcc void @shuffle_2415([6144 x float]* %conv3r_ourput_0, [6144 x float]* %conv2l_output_0, [12288 x float]* @downsampleunit0_outp)

]]></Node>
<StgValue><ssdm name=""/></StgValue>
</operation>

<operation id="168" st_id="25" stage="1" lat="1">
<core>NULL</core>
<MemPortIdVec></MemPortIdVec>
<condition id="58">
<or_exp><and_exp></and_exp></or_exp>
</condition>

<Node id="179" bw="0">
<![CDATA[
meminst5962.0:6  ret void

]]></Node>
<StgValue><ssdm name=""/></StgValue>
</operation>
</state>
</state_list>


<ports>
</ports>


<dataflows>
</dataflows>


</stg>
