<profile>

<section name = "Vivado HLS Report for 'DownsampleUnit0'" level="0">
<item name = "Date">Mon Dec 10 14:57:21 2018
</item>
<item name = "Version">2017.2 (Build 1909853 on Thu Jun 15 18:55:24 MDT 2017)</item>
<item name = "Project">accelerator_hls</item>
<item name = "Solution">naive</item>
<item name = "Product family">zynq</item>
<item name = "Target device">xc7z020clg484-1</item>
</section>

<section name = "Performance Estimates" level="0">
<item name = "Timing (ns)">
<section name = "" level="1">
<item name = "Summary"><table name="" hasTotal="0">
<keys size="4">Clock, Target, Estimated, Uncertainty</keys>
<column name="ap_clk">10.00, 8.53, 1.25</column>
</table>
</item>
</section>
</item>
<item name = "Latency (clock cycles)">
<section name = "" level="1">
<item name = "Summary"><table name="" hasTotal="0">
<keys size="6">, min, max, min, max, Type</keys>
<column name="">10938278, 10938278, 10938278, 10938278, none</column>
</table>
</item>
<item name = "Detail">
<section name = "" level="1">
<item name = "Instance"><table name="" hasTotal="0">
<keys size="7">Instance, Module, min, max, min, max, Type</keys>
<column name="grp_subconv_1x1_3214_fu_331">subconv_1x1_3214, 6735409, 6735409, 6735409, 6735409, none</column>
<column name="grp_subconv_3x3_32_strid_fu_342">subconv_3x3_32_strid, 756529, 756529, 756529, 756529, none</column>
<column name="grp_subconv_1x1_1612_fu_355">subconv_1x1_1612, 1684273, 1684273, 1684273, 1684273, none</column>
<column name="grp_shuffle_2415_fu_367">shuffle_2415, 26209, 26209, 26209, 26209, none</column>
</table>
</item>
<item name = "Loop"><table name="" hasTotal="0">
<keys size="8">Loop Name, min, max, Latency, achieved, target, Count, Pipelined</keys>
<column name="- memset_conv1r_output">25367, 25367, 1057, -, -, 24, no</column>
<column name=" + memset_conv1r_output">1055, 1055, 33, -, -, 32, no</column>
<column name="  ++ memset_conv1r_output">31, 31, 1, -, -, 32, no</column>
<column name="- memset_conv2r_ourput">6551, 6551, 273, -, -, 24, no</column>
<column name=" + memset_conv2r_ourput">271, 271, 17, -, -, 16, no</column>
<column name="  ++ memset_conv2r_ourput">15, 15, 1, -, -, 16, no</column>
<column name="- memset_conv3r_ourput">6551, 6551, 273, -, -, 24, no</column>
<column name=" + memset_conv3r_ourput">271, 271, 17, -, -, 16, no</column>
<column name="  ++ memset_conv3r_ourput">15, 15, 1, -, -, 16, no</column>
<column name="- memset_conv1l_output">6551, 6551, 273, -, -, 24, no</column>
<column name=" + memset_conv1l_output">271, 271, 17, -, -, 16, no</column>
<column name="  ++ memset_conv1l_output">15, 15, 1, -, -, 16, no</column>
<column name="- memset_conv2l_output">6551, 6551, 273, -, -, 24, no</column>
<column name=" + memset_conv2l_output">271, 271, 17, -, -, 16, no</column>
<column name="  ++ memset_conv2l_output">15, 15, 1, -, -, 16, no</column>
</table>
</item>
</section>
</item>
</section>
</item>
</section>

<section name = "Utilization Estimates" level="0">
<item name = "Summary"><table name="" hasTotal="1">
<keys size="5">Name, BRAM_18K, DSP48E, FF, LUT</keys>
<column name="DSP">-, -, -, -</column>
<column name="Expression">-, -, 276, 174</column>
<column name="FIFO">-, -, -, -</column>
<column name="Instance">-, 15, 3659, 4044</column>
<column name="Memory">128, -, 0, 0</column>
<column name="Multiplexer">-, -, -, 808</column>
<column name="Register">-, -, 142, -</column>
<specialColumn name="Available">280, 220, 106400, 53200</specialColumn>
<specialColumn name="Utilization (%)">45, 6, 3, 9</specialColumn>
</table>
</item>
<item name = "Detail">
<section name = "" level="1">
<item name = "Instance"><table name="" hasTotal="1">
<keys size="6">Instance, Module, BRAM_18K, DSP48E, FF, LUT</keys>
<column name="grp_shuffle_2415_fu_367">shuffle_2415, 0, 0, 317, 185</column>
<column name="grp_subconv_1x1_1612_fu_355">subconv_1x1_1612, 0, 5, 1041, 1326</column>
<column name="grp_subconv_1x1_3214_fu_331">subconv_1x1_3214, 0, 5, 1074, 1336</column>
<column name="grp_subconv_3x3_32_strid_fu_342">subconv_3x3_32_strid, 0, 5, 1227, 1197</column>
</table>
</item>
<item name = "DSP48"><table name="" hasTotal="0">
<keys size="3">Instance, Module, Expression</keys>
</table>
</item>
<item name = "Memory"><table name="" hasTotal="1">
<keys size="9">Memory, Module, BRAM_18K, FF, LUT, Words, Bits, Banks, W*Bits*Banks</keys>
<column name="conv1r_output_U">DownsampleUnit0_ceOg, 64, 0, 0, 24576, 32, 1, 786432</column>
<column name="conv2r_ourput_0_U">DownsampleUnit0_cfYi, 16, 0, 0, 6144, 32, 1, 196608</column>
<column name="conv3r_ourput_0_U">DownsampleUnit0_cfYi, 16, 0, 0, 6144, 32, 1, 196608</column>
<column name="conv1l_output_0_U">DownsampleUnit0_cfYi, 16, 0, 0, 6144, 32, 1, 196608</column>
<column name="conv2l_output_0_U">DownsampleUnit0_cfYi, 16, 0, 0, 6144, 32, 1, 196608</column>
</table>
</item>
<item name = "FIFO"><table name="" hasTotal="1">
<keys size="7">Name, BRAM_18K, FF, LUT, Depth, Bits, Size:D*B</keys>
</table>
</item>
<item name = "Expression"><table name="" hasTotal="1">
<keys size="7">Variable Name, Operation, DSP48E, FF, LUT, Bitwidth P0, Bitwidth P1</keys>
<column name="indvarinc12_fu_387_p2">+, 0, 20, 10, 5, 1</column>
<column name="indvarinc19_fu_426_p2">+, 0, 20, 10, 5, 1</column>
<column name="indvarinc23_fu_432_p2">+, 0, 17, 9, 4, 1</column>
<column name="indvarinc28_fu_438_p2">+, 0, 17, 9, 4, 1</column>
<column name="indvarinc35_fu_477_p2">+, 0, 20, 10, 5, 1</column>
<column name="indvarinc39_fu_483_p2">+, 0, 17, 9, 4, 1</column>
<column name="indvarinc43_fu_489_p2">+, 0, 17, 9, 4, 1</column>
<column name="indvarinc49_fu_534_p2">+, 0, 17, 9, 4, 1</column>
<column name="indvarinc4_fu_375_p2">+, 0, 20, 10, 5, 1</column>
<column name="indvarinc50_fu_540_p2">+, 0, 17, 9, 4, 1</column>
<column name="indvarinc51_fu_579_p2">+, 0, 20, 10, 5, 1</column>
<column name="indvarinc52_fu_585_p2">+, 0, 17, 9, 4, 1</column>
<column name="indvarinc53_fu_591_p2">+, 0, 17, 9, 4, 1</column>
<column name="indvarinc8_fu_381_p2">+, 0, 20, 10, 5, 1</column>
<column name="indvarinc_fu_528_p2">+, 0, 20, 10, 5, 1</column>
<column name="tmp_423_fu_414_p2">icmp, 0, 0, 2, 5, 2</column>
<column name="tmp_424_fu_420_p2">icmp, 0, 0, 2, 5, 5</column>
<column name="tmp_425_fu_459_p2">icmp, 0, 0, 2, 4, 2</column>
<column name="tmp_426_fu_465_p2">icmp, 0, 0, 2, 4, 2</column>
<column name="tmp_427_fu_471_p2">icmp, 0, 0, 2, 5, 5</column>
<column name="tmp_428_fu_510_p2">icmp, 0, 0, 2, 4, 2</column>
<column name="tmp_429_fu_516_p2">icmp, 0, 0, 2, 4, 2</column>
<column name="tmp_430_fu_522_p2">icmp, 0, 0, 2, 5, 5</column>
<column name="tmp_431_fu_561_p2">icmp, 0, 0, 2, 4, 2</column>
<column name="tmp_432_fu_567_p2">icmp, 0, 0, 2, 4, 2</column>
<column name="tmp_433_fu_573_p2">icmp, 0, 0, 2, 5, 5</column>
<column name="tmp_434_fu_612_p2">icmp, 0, 0, 2, 4, 2</column>
<column name="tmp_435_fu_618_p2">icmp, 0, 0, 2, 4, 2</column>
<column name="tmp_436_fu_624_p2">icmp, 0, 0, 2, 5, 5</column>
<column name="tmp_s_fu_408_p2">icmp, 0, 0, 2, 5, 2</column>
<column name="ap_block_state21_on_subcall_done">or, 0, 0, 2, 1, 1</column>
</table>
</item>
<item name = "Multiplexer"><table name="" hasTotal="1">
<keys size="5">Name, LUT, Input Size, Bits, Total Bits</keys>
<column name="ap_NS_fsm">121, 26, 1, 26</column>
<column name="conv1l_bias_ce0">9, 2, 1, 2</column>
<column name="conv1l_output_0_address0">21, 4, 13, 52</column>
<column name="conv1l_output_0_ce0">21, 4, 1, 4</column>
<column name="conv1l_output_0_d0">15, 3, 32, 96</column>
<column name="conv1l_output_0_we0">15, 3, 1, 3</column>
<column name="conv1l_weight_ce0">9, 2, 1, 2</column>
<column name="conv1r_output_address0">21, 4, 15, 60</column>
<column name="conv1r_output_ce0">21, 4, 1, 4</column>
<column name="conv1r_output_d0">15, 3, 32, 96</column>
<column name="conv1r_output_we0">15, 3, 1, 3</column>
<column name="conv2l_bias_ce0">9, 2, 1, 2</column>
<column name="conv2l_output_0_address0">21, 4, 13, 52</column>
<column name="conv2l_output_0_ce0">21, 4, 1, 4</column>
<column name="conv2l_output_0_d0">15, 3, 32, 96</column>
<column name="conv2l_output_0_we0">15, 3, 1, 3</column>
<column name="conv2l_weight_ce0">9, 2, 1, 2</column>
<column name="conv2r_bias_ce0">9, 2, 1, 2</column>
<column name="conv2r_ourput_0_address0">21, 4, 13, 52</column>
<column name="conv2r_ourput_0_ce0">21, 4, 1, 4</column>
<column name="conv2r_ourput_0_d0">15, 3, 32, 96</column>
<column name="conv2r_ourput_0_we0">15, 3, 1, 3</column>
<column name="conv2r_weight_ce0">9, 2, 1, 2</column>
<column name="conv3r_bias_ce0">9, 2, 1, 2</column>
<column name="conv3r_ourput_0_address0">21, 4, 13, 52</column>
<column name="conv3r_ourput_0_ce0">21, 4, 1, 4</column>
<column name="conv3r_ourput_0_d0">15, 3, 32, 96</column>
<column name="conv3r_ourput_0_we0">15, 3, 1, 3</column>
<column name="conv3r_weight_ce0">9, 2, 1, 2</column>
<column name="grp_subconv_1x1_1612_fu_355_bias_q0">15, 3, 32, 96</column>
<column name="grp_subconv_1x1_1612_fu_355_input_0_q0">15, 3, 32, 96</column>
<column name="grp_subconv_1x1_1612_fu_355_weight_q0">15, 3, 32, 96</column>
<column name="grp_subconv_3x3_32_strid_fu_342_bias_q0">15, 3, 32, 96</column>
<column name="grp_subconv_3x3_32_strid_fu_342_input_r_q0">15, 3, 32, 96</column>
<column name="grp_subconv_3x3_32_strid_fu_342_weight_q0">15, 3, 32, 96</column>
<column name="input_r_address0">15, 3, 15, 45</column>
<column name="input_r_ce0">15, 3, 1, 3</column>
<column name="invdar11_reg_180">9, 2, 5, 10</column>
<column name="invdar18_reg_191">9, 2, 5, 10</column>
<column name="invdar22_reg_203">9, 2, 4, 8</column>
<column name="invdar27_reg_215">9, 2, 4, 8</column>
<column name="invdar34_reg_226">9, 2, 5, 10</column>
<column name="invdar38_reg_238">9, 2, 4, 8</column>
<column name="invdar3_reg_156">9, 2, 5, 10</column>
<column name="invdar42_reg_250">9, 2, 4, 8</column>
<column name="invdar48_reg_273">9, 2, 4, 8</column>
<column name="invdar49_reg_285">9, 2, 4, 8</column>
<column name="invdar50_reg_296">9, 2, 5, 10</column>
<column name="invdar51_reg_308">9, 2, 4, 8</column>
<column name="invdar52_reg_320">9, 2, 4, 8</column>
<column name="invdar7_reg_168">9, 2, 5, 10</column>
<column name="invdar_reg_261">9, 2, 5, 10</column>
</table>
</item>
<item name = "Register"><table name="" hasTotal="1">
<keys size="5">Name, FF, LUT, Bits, Const Bits</keys>
<column name="ap_CS_fsm">25, 0, 25, 0</column>
<column name="ap_reg_grp_shuffle_2415_fu_367_ap_start">1, 0, 1, 0</column>
<column name="ap_reg_grp_subconv_1x1_1612_fu_355_ap_start">1, 0, 1, 0</column>
<column name="ap_reg_grp_subconv_1x1_3214_fu_331_ap_start">1, 0, 1, 0</column>
<column name="ap_reg_grp_subconv_3x3_32_strid_fu_342_ap_start">1, 0, 1, 0</column>
<column name="indvarinc19_reg_654">5, 0, 5, 0</column>
<column name="indvarinc23_reg_659">4, 0, 4, 0</column>
<column name="indvarinc35_reg_678">5, 0, 5, 0</column>
<column name="indvarinc39_reg_683">4, 0, 4, 0</column>
<column name="indvarinc49_reg_707">4, 0, 4, 0</column>
<column name="indvarinc4_reg_630">5, 0, 5, 0</column>
<column name="indvarinc51_reg_726">5, 0, 5, 0</column>
<column name="indvarinc52_reg_731">4, 0, 4, 0</column>
<column name="indvarinc8_reg_635">5, 0, 5, 0</column>
<column name="indvarinc_reg_702">5, 0, 5, 0</column>
<column name="invdar11_reg_180">5, 0, 5, 0</column>
<column name="invdar18_reg_191">5, 0, 5, 0</column>
<column name="invdar22_reg_203">4, 0, 4, 0</column>
<column name="invdar27_reg_215">4, 0, 4, 0</column>
<column name="invdar34_reg_226">5, 0, 5, 0</column>
<column name="invdar38_reg_238">4, 0, 4, 0</column>
<column name="invdar3_reg_156">5, 0, 5, 0</column>
<column name="invdar42_reg_250">4, 0, 4, 0</column>
<column name="invdar48_reg_273">4, 0, 4, 0</column>
<column name="invdar49_reg_285">4, 0, 4, 0</column>
<column name="invdar50_reg_296">5, 0, 5, 0</column>
<column name="invdar51_reg_308">4, 0, 4, 0</column>
<column name="invdar52_reg_320">4, 0, 4, 0</column>
<column name="invdar7_reg_168">5, 0, 5, 0</column>
<column name="invdar_reg_261">5, 0, 5, 0</column>
</table>
</item>
</section>
</item>
</section>

<section name = "Interface" level="0">
<item name = "Summary"><table name="" hasTotal="0">
<keys size="6">RTL Ports, Dir, Bits, Protocol, Source Object, C Type</keys>
<column name="ap_clk">in, 1, ap_ctrl_hs, DownsampleUnit0, return value</column>
<column name="ap_rst">in, 1, ap_ctrl_hs, DownsampleUnit0, return value</column>
<column name="ap_start">in, 1, ap_ctrl_hs, DownsampleUnit0, return value</column>
<column name="ap_done">out, 1, ap_ctrl_hs, DownsampleUnit0, return value</column>
<column name="ap_idle">out, 1, ap_ctrl_hs, DownsampleUnit0, return value</column>
<column name="ap_ready">out, 1, ap_ctrl_hs, DownsampleUnit0, return value</column>
<column name="input_r_address0">out, 15, ap_memory, input_r, array</column>
<column name="input_r_ce0">out, 1, ap_memory, input_r, array</column>
<column name="input_r_q0">in, 32, ap_memory, input_r, array</column>
<column name="conv1r_weight_address0">out, 10, ap_memory, conv1r_weight, array</column>
<column name="conv1r_weight_ce0">out, 1, ap_memory, conv1r_weight, array</column>
<column name="conv1r_weight_q0">in, 32, ap_memory, conv1r_weight, array</column>
<column name="conv1r_bias_address0">out, 5, ap_memory, conv1r_bias, array</column>
<column name="conv1r_bias_ce0">out, 1, ap_memory, conv1r_bias, array</column>
<column name="conv1r_bias_q0">in, 32, ap_memory, conv1r_bias, array</column>
<column name="conv2r_weight_address0">out, 8, ap_memory, conv2r_weight, array</column>
<column name="conv2r_weight_ce0">out, 1, ap_memory, conv2r_weight, array</column>
<column name="conv2r_weight_q0">in, 32, ap_memory, conv2r_weight, array</column>
<column name="conv2r_bias_address0">out, 5, ap_memory, conv2r_bias, array</column>
<column name="conv2r_bias_ce0">out, 1, ap_memory, conv2r_bias, array</column>
<column name="conv2r_bias_q0">in, 32, ap_memory, conv2r_bias, array</column>
<column name="conv3r_weight_address0">out, 10, ap_memory, conv3r_weight, array</column>
<column name="conv3r_weight_ce0">out, 1, ap_memory, conv3r_weight, array</column>
<column name="conv3r_weight_q0">in, 32, ap_memory, conv3r_weight, array</column>
<column name="conv3r_bias_address0">out, 5, ap_memory, conv3r_bias, array</column>
<column name="conv3r_bias_ce0">out, 1, ap_memory, conv3r_bias, array</column>
<column name="conv3r_bias_q0">in, 32, ap_memory, conv3r_bias, array</column>
<column name="conv1l_weight_address0">out, 8, ap_memory, conv1l_weight, array</column>
<column name="conv1l_weight_ce0">out, 1, ap_memory, conv1l_weight, array</column>
<column name="conv1l_weight_q0">in, 32, ap_memory, conv1l_weight, array</column>
<column name="conv1l_bias_address0">out, 5, ap_memory, conv1l_bias, array</column>
<column name="conv1l_bias_ce0">out, 1, ap_memory, conv1l_bias, array</column>
<column name="conv1l_bias_q0">in, 32, ap_memory, conv1l_bias, array</column>
<column name="conv2l_weight_address0">out, 10, ap_memory, conv2l_weight, array</column>
<column name="conv2l_weight_ce0">out, 1, ap_memory, conv2l_weight, array</column>
<column name="conv2l_weight_q0">in, 32, ap_memory, conv2l_weight, array</column>
<column name="conv2l_bias_address0">out, 5, ap_memory, conv2l_bias, array</column>
<column name="conv2l_bias_ce0">out, 1, ap_memory, conv2l_bias, array</column>
<column name="conv2l_bias_q0">in, 32, ap_memory, conv2l_bias, array</column>
<column name="downsampleunit0_outp_address0">out, 14, ap_memory, downsampleunit0_outp, array</column>
<column name="downsampleunit0_outp_ce0">out, 1, ap_memory, downsampleunit0_outp, array</column>
<column name="downsampleunit0_outp_we0">out, 1, ap_memory, downsampleunit0_outp, array</column>
<column name="downsampleunit0_outp_d0">out, 32, ap_memory, downsampleunit0_outp, array</column>
</table>
</item>
</section>
</profile>
