<profile>

<section name = "Vivado HLS Report for 'DownsampleUnit1'" level="0">
<item name = "Date">Mon Dec 10 14:57:12 2018
</item>
<item name = "Version">2017.2 (Build 1909853 on Thu Jun 15 18:55:24 MDT 2017)</item>
<item name = "Project">accelerator_hls</item>
<item name = "Solution">naive</item>
<item name = "Product family">zynq</item>
<item name = "Target device">xc7z020clg484-1</item>
</section>

<section name = "Performance Estimates" level="0">
<item name = "Timing (ns)">
<section name = "" level="1">
<item name = "Summary"><table name="" hasTotal="0">
<keys size="4">Clock, Target, Estimated, Uncertainty</keys>
<column name="ap_clk">10.00, 8.53, 1.25</column>
</table>
</item>
</section>
</item>
<item name = "Latency (clock cycles)">
<section name = "" level="1">
<item name = "Summary"><table name="" hasTotal="0">
<keys size="6">, min, max, min, max, Type</keys>
<column name="">10339646, 10339646, 10339646, 10339646, none</column>
</table>
</item>
<item name = "Detail">
<section name = "" level="1">
<item name = "Instance"><table name="" hasTotal="0">
<keys size="7">Instance, Module, min, max, min, max, Type</keys>
<column name="grp_subconv_1x1_16p16_fu_335">subconv_1x1_16p16, 6612577, 6612577, 6612577, 6612577, none</column>
<column name="grp_subconv_3x3_16_strid_fu_346">subconv_3x3_16_strid, 378721, 378721, 378721, 378721, none</column>
<column name="grp_subconv_1x1_89_fu_359">subconv_1x1_89, 1653601, 1653601, 1653601, 1653601, none</column>
<column name="grp_shuffle_4811_fu_371">shuffle_4811, 14017, 14017, 14017, 14017, none</column>
</table>
</item>
<item name = "Loop"><table name="" hasTotal="0">
<keys size="8">Loop Name, min, max, Latency, achieved, target, Count, Pipelined</keys>
<column name="- memset_conv1r_output">13103, 13103, 273, -, -, 48, no</column>
<column name=" + memset_conv1r_output">271, 271, 17, -, -, 16, no</column>
<column name="  ++ memset_conv1r_output">15, 15, 1, -, -, 16, no</column>
<column name="- memset_conv2r_ourput">3503, 3503, 73, -, -, 48, no</column>
<column name=" + memset_conv2r_ourput">71, 71, 9, -, -, 8, no</column>
<column name="  ++ memset_conv2r_ourput">7, 7, 1, -, -, 8, no</column>
<column name="- memset_conv3r_ourput">3503, 3503, 73, -, -, 48, no</column>
<column name=" + memset_conv3r_ourput">71, 71, 9, -, -, 8, no</column>
<column name="  ++ memset_conv3r_ourput">7, 7, 1, -, -, 8, no</column>
<column name="- memset_conv1l_output">3503, 3503, 73, -, -, 48, no</column>
<column name=" + memset_conv1l_output">71, 71, 9, -, -, 8, no</column>
<column name="  ++ memset_conv1l_output">7, 7, 1, -, -, 8, no</column>
<column name="- memset_conv2l_output">3503, 3503, 73, -, -, 48, no</column>
<column name=" + memset_conv2l_output">71, 71, 9, -, -, 8, no</column>
<column name="  ++ memset_conv2l_output">7, 7, 1, -, -, 8, no</column>
</table>
</item>
</section>
</item>
</section>
</item>
</section>
</profile>
