<profile>

<section name = "Vivado HLS Report for 'ShuffleUnit2'" level="0">
<item name = "Date">Mon Dec 10 14:57:24 2018
</item>
<item name = "Version">2017.2 (Build 1909853 on Thu Jun 15 18:55:24 MDT 2017)</item>
<item name = "Project">accelerator_hls</item>
<item name = "Solution">naive</item>
<item name = "Product family">zynq</item>
<item name = "Target device">xc7z020clg484-1</item>
</section>

<section name = "Performance Estimates" level="0">
<item name = "Timing (ns)">
<section name = "" level="1">
<item name = "Summary"><table name="" hasTotal="0">
<keys size="4">Clock, Target, Estimated, Uncertainty</keys>
<column name="ap_clk">10.00, 8.53, 1.25</column>
</table>
</item>
</section>
</item>
<item name = "Latency (clock cycles)">
<section name = "" level="1">
<item name = "Summary"><table name="" hasTotal="0">
<keys size="6">, min, max, min, max, Type</keys>
<column name="">3488748, 3488748, 3488748, 3488748, none</column>
</table>
</item>
<item name = "Detail">
<section name = "" level="1">
<item name = "Instance"><table name="" hasTotal="0">
<keys size="7">Instance, Module, min, max, min, max, Type</keys>
<column name="grp_subconv_1x1_419_fu_405">subconv_1x1_419, 1638337, 1638337, 1638337, 1638337, none</column>
<column name="grp_subconv_3x3_4_no_rel_fu_417">subconv_3x3_4_no_rel, 189889, 189889, 189889, 189889, none</column>
<column name="grp_shuffle_9621_fu_427">shuffle_9621, 8065, 8065, 8065, 8065, none</column>
</table>
</item>
<item name = "Loop"><table name="" hasTotal="0">
<keys size="8">Loop Name, min, max, Latency, achieved, target, Count, Pipelined</keys>
<column name="- memset_left_part">2015, 2015, 21, -, -, 96, no</column>
<column name=" + memset_left_part">19, 19, 5, -, -, 4, no</column>
<column name="  ++ memset_left_part">3, 3, 1, -, -, 4, no</column>
<column name="- memset_right_part">2015, 2015, 21, -, -, 96, no</column>
<column name=" + memset_right_part">19, 19, 5, -, -, 4, no</column>
<column name="  ++ memset_right_part">3, 3, 1, -, -, 4, no</column>
<column name="- memset_conv1_output">2015, 2015, 21, -, -, 96, no</column>
<column name=" + memset_conv1_output">19, 19, 5, -, -, 4, no</column>
<column name="  ++ memset_conv1_output">3, 3, 1, -, -, 4, no</column>
<column name="- memset_conv2_output">2015, 2015, 21, -, -, 96, no</column>
<column name=" + memset_conv2_output">19, 19, 5, -, -, 4, no</column>
<column name="  ++ memset_conv2_output">3, 3, 1, -, -, 4, no</column>
<column name="- memset_conv3_output">2015, 2015, 21, -, -, 96, no</column>
<column name=" + memset_conv3_output">19, 19, 5, -, -, 4, no</column>
<column name="  ++ memset_conv3_output">3, 3, 1, -, -, 4, no</column>
<column name="- Loop 6">4032, 4032, 42, -, -, 96, no</column>
<column name=" + Loop 6.1">40, 40, 10, -, -, 4, no</column>
<column name="  ++ Loop 6.1.1">8, 8, 2, -, -, 4, no</column>
</table>
</item>
</section>
</item>
</section>
</item>
</section>

<section name = "Utilization Estimates" level="0">
<item name = "Summary"><table name="" hasTotal="1">
<keys size="5">Name, BRAM_18K, DSP48E, FF, LUT</keys>
<column name="DSP">-, -, -, -</column>
<column name="Expression">-, -, 484, 288</column>
<column name="FIFO">-, -, -, -</column>
<column name="Instance">-, 10, 2552, 2708</column>
<column name="Memory">20, -, 0, 0</column>
<column name="Multiplexer">-, -, -, 690</column>
<column name="Register">-, -, 205, -</column>
<specialColumn name="Available">280, 220, 106400, 53200</specialColumn>
<specialColumn name="Utilization (%)">7, 4, 3, 6</specialColumn>
</table>
</item>
<item name = "Detail">
<section name = "" level="1">
<item name = "Instance"><table name="" hasTotal="1">
<keys size="6">Instance, Module, BRAM_18K, DSP48E, FF, LUT</keys>
<column name="grp_shuffle_9621_fu_427">shuffle_9621, 0, 0, 297, 180</column>
<column name="grp_subconv_1x1_419_fu_405">subconv_1x1_419, 0, 5, 1053, 1334</column>
<column name="grp_subconv_3x3_4_no_rel_fu_417">subconv_3x3_4_no_rel, 0, 5, 1202, 1194</column>
</table>
</item>
<item name = "DSP48"><table name="" hasTotal="0">
<keys size="3">Instance, Module, Expression</keys>
</table>
</item>
<item name = "Memory"><table name="" hasTotal="1">
<keys size="9">Memory, Module, BRAM_18K, FF, LUT, Words, Bits, Banks, W*Bits*Banks</keys>
<column name="left_part_0_U">DownsampleUnit2_czec, 4, 0, 0, 1536, 32, 1, 49152</column>
<column name="right_part_0_U">DownsampleUnit2_czec, 4, 0, 0, 1536, 32, 1, 49152</column>
<column name="conv1_output_0_U">DownsampleUnit2_czec, 4, 0, 0, 1536, 32, 1, 49152</column>
<column name="conv2_output_0_U">DownsampleUnit2_czec, 4, 0, 0, 1536, 32, 1, 49152</column>
<column name="conv3_output_0_U">DownsampleUnit2_czec, 4, 0, 0, 1536, 32, 1, 49152</column>
</table>
</item>
<item name = "FIFO"><table name="" hasTotal="1">
<keys size="7">Name, BRAM_18K, FF, LUT, Depth, Bits, Size:D*B</keys>
</table>
</item>
<item name = "Expression"><table name="" hasTotal="1">
<keys size="7">Variable Name, Operation, DSP48E, FF, LUT, Bitwidth P0, Bitwidth P1</keys>
<column name="co_19_fu_700_p2">+, 0, 26, 12, 7, 1</column>
<column name="h_19_fu_742_p2">+, 0, 14, 9, 3, 1</column>
<column name="indvarinc10_fu_594_p2">+, 0, 11, 8, 2, 1</column>
<column name="indvarinc11_fu_600_p2">+, 0, 11, 8, 2, 1</column>
<column name="indvarinc12_fu_639_p2">+, 0, 26, 12, 7, 1</column>
<column name="indvarinc13_fu_645_p2">+, 0, 11, 8, 2, 1</column>
<column name="indvarinc14_fu_651_p2">+, 0, 11, 8, 2, 1</column>
<column name="indvarinc1_fu_441_p2">+, 0, 11, 8, 2, 1</column>
<column name="indvarinc2_fu_447_p2">+, 0, 11, 8, 2, 1</column>
<column name="indvarinc3_fu_549_p2">+, 0, 11, 8, 2, 1</column>
<column name="indvarinc4_fu_486_p2">+, 0, 26, 12, 7, 1</column>
<column name="indvarinc5_fu_492_p2">+, 0, 11, 8, 2, 1</column>
<column name="indvarinc6_fu_498_p2">+, 0, 11, 8, 2, 1</column>
<column name="indvarinc7_fu_435_p2">+, 0, 26, 12, 7, 1</column>
<column name="indvarinc8_fu_588_p2">+, 0, 26, 12, 7, 1</column>
<column name="indvarinc9_fu_537_p2">+, 0, 26, 12, 7, 1</column>
<column name="indvarinc_fu_543_p2">+, 0, 11, 8, 2, 1</column>
<column name="tmp_133_fu_706_p2">+, 0, 29, 13, 8, 7</column>
<column name="tmp_187_fu_756_p2">+, 0, 38, 16, 11, 11</column>
<column name="tmp_188_fu_769_p2">+, 0, 35, 15, 10, 10</column>
<column name="tmp_189_fu_802_p2">+, 0, 44, 18, 13, 13</column>
<column name="tmp_190_fu_812_p2">+, 0, 44, 18, 13, 13</column>
<column name="w_19_fu_792_p2">+, 0, 14, 9, 3, 1</column>
<column name="exitcond1_fu_736_p2">icmp, 0, 0, 2, 3, 4</column>
<column name="exitcond2_fu_694_p2">icmp, 0, 0, 4, 7, 7</column>
<column name="exitcond_fu_786_p2">icmp, 0, 0, 2, 3, 4</column>
<column name="tmp_119_fu_474_p2">icmp, 0, 0, 1, 2, 2</column>
<column name="tmp_120_fu_480_p2">icmp, 0, 0, 4, 7, 7</column>
<column name="tmp_121_fu_519_p2">icmp, 0, 0, 1, 2, 2</column>
<column name="tmp_122_fu_525_p2">icmp, 0, 0, 1, 2, 2</column>
<column name="tmp_123_fu_531_p2">icmp, 0, 0, 4, 7, 7</column>
<column name="tmp_124_fu_570_p2">icmp, 0, 0, 1, 2, 2</column>
<column name="tmp_125_fu_576_p2">icmp, 0, 0, 1, 2, 2</column>
<column name="tmp_126_fu_582_p2">icmp, 0, 0, 4, 7, 7</column>
<column name="tmp_127_fu_621_p2">icmp, 0, 0, 1, 2, 2</column>
<column name="tmp_128_fu_627_p2">icmp, 0, 0, 1, 2, 2</column>
<column name="tmp_129_fu_633_p2">icmp, 0, 0, 4, 7, 7</column>
<column name="tmp_130_fu_672_p2">icmp, 0, 0, 1, 2, 2</column>
<column name="tmp_131_fu_678_p2">icmp, 0, 0, 1, 2, 2</column>
<column name="tmp_132_fu_684_p2">icmp, 0, 0, 4, 7, 7</column>
<column name="tmp_s_fu_468_p2">icmp, 0, 0, 1, 2, 2</column>
</table>
</item>
<item name = "Multiplexer"><table name="" hasTotal="1">
<keys size="5">Name, LUT, Input Size, Bits, Total Bits</keys>
<column name="ap_NS_fsm">129, 28, 1, 28</column>
<column name="co_reg_372">9, 2, 7, 14</column>
<column name="conv1_bias_ce0">9, 2, 1, 2</column>
<column name="conv1_output_0_address0">21, 4, 11, 44</column>
<column name="conv1_output_0_ce0">21, 4, 1, 4</column>
<column name="conv1_output_0_d0">15, 3, 32, 96</column>
<column name="conv1_output_0_we0">15, 3, 1, 3</column>
<column name="conv1_weight_ce0">9, 2, 1, 2</column>
<column name="conv2_output_0_address0">21, 4, 11, 44</column>
<column name="conv2_output_0_ce0">21, 4, 1, 4</column>
<column name="conv2_output_0_d0">15, 3, 32, 96</column>
<column name="conv2_output_0_we0">15, 3, 1, 3</column>
<column name="conv3_bias_ce0">9, 2, 1, 2</column>
<column name="conv3_output_0_address0">21, 4, 11, 44</column>
<column name="conv3_output_0_ce0">21, 4, 1, 4</column>
<column name="conv3_output_0_d0">15, 3, 32, 96</column>
<column name="conv3_output_0_we0">15, 3, 1, 3</column>
<column name="conv3_weight_ce0">9, 2, 1, 2</column>
<column name="grp_subconv_1x1_419_fu_405_bias_q0">15, 3, 32, 96</column>
<column name="grp_subconv_1x1_419_fu_405_input_0_q0">15, 3, 32, 96</column>
<column name="grp_subconv_1x1_419_fu_405_weight_q0">15, 3, 32, 96</column>
<column name="h_reg_383">9, 2, 3, 6</column>
<column name="invdar10_reg_314">9, 2, 2, 4</column>
<column name="invdar11_reg_326">9, 2, 2, 4</column>
<column name="invdar12_reg_337">9, 2, 7, 14</column>
<column name="invdar13_reg_349">9, 2, 2, 4</column>
<column name="invdar14_reg_361">9, 2, 2, 4</column>
<column name="invdar1_reg_209">9, 2, 2, 4</column>
<column name="invdar2_reg_221">9, 2, 2, 4</column>
<column name="invdar3_reg_291">9, 2, 2, 4</column>
<column name="invdar4_reg_232">9, 2, 7, 14</column>
<column name="invdar5_reg_244">9, 2, 2, 4</column>
<column name="invdar6_reg_197">9, 2, 7, 14</column>
<column name="invdar7_reg_256">9, 2, 2, 4</column>
<column name="invdar8_reg_302">9, 2, 7, 14</column>
<column name="invdar9_reg_267">9, 2, 7, 14</column>
<column name="invdar_reg_279">9, 2, 2, 4</column>
<column name="left_part_0_address0">21, 4, 11, 44</column>
<column name="left_part_0_ce0">15, 3, 1, 3</column>
<column name="left_part_0_d0">15, 3, 32, 96</column>
<column name="right_part_0_address0">21, 4, 11, 44</column>
<column name="right_part_0_ce0">15, 3, 1, 3</column>
<column name="right_part_0_d0">15, 3, 32, 96</column>
<column name="w_reg_394">9, 2, 3, 6</column>
</table>
</item>
<item name = "Register"><table name="" hasTotal="1">
<keys size="5">Name, FF, LUT, Bits, Const Bits</keys>
<column name="ap_CS_fsm">27, 0, 27, 0</column>
<column name="ap_reg_grp_shuffle_9621_fu_427_ap_start">1, 0, 1, 0</column>
<column name="ap_reg_grp_subconv_1x1_419_fu_405_ap_start">1, 0, 1, 0</column>
<column name="ap_reg_grp_subconv_3x3_4_no_rel_fu_417_ap_start">1, 0, 1, 0</column>
<column name="co_19_reg_945">7, 0, 7, 0</column>
<column name="co_reg_372">7, 0, 7, 0</column>
<column name="h_19_reg_963">3, 0, 3, 0</column>
<column name="h_reg_383">3, 0, 3, 0</column>
<column name="indvarinc10_reg_899">2, 0, 2, 0</column>
<column name="indvarinc12_reg_918">7, 0, 7, 0</column>
<column name="indvarinc13_reg_923">2, 0, 2, 0</column>
<column name="indvarinc1_reg_827">2, 0, 2, 0</column>
<column name="indvarinc4_reg_846">7, 0, 7, 0</column>
<column name="indvarinc5_reg_851">2, 0, 2, 0</column>
<column name="indvarinc7_reg_822">7, 0, 7, 0</column>
<column name="indvarinc8_reg_894">7, 0, 7, 0</column>
<column name="indvarinc9_reg_870">7, 0, 7, 0</column>
<column name="indvarinc_reg_875">2, 0, 2, 0</column>
<column name="invdar10_reg_314">2, 0, 2, 0</column>
<column name="invdar11_reg_326">2, 0, 2, 0</column>
<column name="invdar12_reg_337">7, 0, 7, 0</column>
<column name="invdar13_reg_349">2, 0, 2, 0</column>
<column name="invdar14_reg_361">2, 0, 2, 0</column>
<column name="invdar1_reg_209">2, 0, 2, 0</column>
<column name="invdar2_reg_221">2, 0, 2, 0</column>
<column name="invdar3_reg_291">2, 0, 2, 0</column>
<column name="invdar4_reg_232">7, 0, 7, 0</column>
<column name="invdar5_reg_244">2, 0, 2, 0</column>
<column name="invdar6_reg_197">7, 0, 7, 0</column>
<column name="invdar7_reg_256">2, 0, 2, 0</column>
<column name="invdar8_reg_302">7, 0, 7, 0</column>
<column name="invdar9_reg_267">7, 0, 7, 0</column>
<column name="invdar_reg_279">2, 0, 2, 0</column>
<column name="tmp_307_cast_reg_950">8, 0, 11, 3</column>
<column name="tmp_309_cast_reg_955">7, 0, 10, 3</column>
<column name="tmp_312_cast_reg_968">11, 0, 13, 2</column>
<column name="tmp_315_cast_reg_973">10, 0, 13, 3</column>
<column name="tmp_317_cast_reg_991">13, 0, 64, 51</column>
<column name="w_19_reg_981">3, 0, 3, 0</column>
<column name="w_reg_394">3, 0, 3, 0</column>
</table>
</item>
</section>
</item>
</section>

<section name = "Interface" level="0">
<item name = "Summary"><table name="" hasTotal="0">
<keys size="6">RTL Ports, Dir, Bits, Protocol, Source Object, C Type</keys>
<column name="ap_clk">in, 1, ap_ctrl_hs, ShuffleUnit2, return value</column>
<column name="ap_rst">in, 1, ap_ctrl_hs, ShuffleUnit2, return value</column>
<column name="ap_start">in, 1, ap_ctrl_hs, ShuffleUnit2, return value</column>
<column name="ap_done">out, 1, ap_ctrl_hs, ShuffleUnit2, return value</column>
<column name="ap_idle">out, 1, ap_ctrl_hs, ShuffleUnit2, return value</column>
<column name="ap_ready">out, 1, ap_ctrl_hs, ShuffleUnit2, return value</column>
<column name="input_r_address0">out, 12, ap_memory, input_r, array</column>
<column name="input_r_ce0">out, 1, ap_memory, input_r, array</column>
<column name="input_r_q0">in, 32, ap_memory, input_r, array</column>
<column name="input_r_address1">out, 12, ap_memory, input_r, array</column>
<column name="input_r_ce1">out, 1, ap_memory, input_r, array</column>
<column name="input_r_q1">in, 32, ap_memory, input_r, array</column>
<column name="conv1_weight_address0">out, 14, ap_memory, conv1_weight, array</column>
<column name="conv1_weight_ce0">out, 1, ap_memory, conv1_weight, array</column>
<column name="conv1_weight_q0">in, 32, ap_memory, conv1_weight, array</column>
<column name="conv1_bias_address0">out, 7, ap_memory, conv1_bias, array</column>
<column name="conv1_bias_ce0">out, 1, ap_memory, conv1_bias, array</column>
<column name="conv1_bias_q0">in, 32, ap_memory, conv1_bias, array</column>
<column name="conv2_weight_address0">out, 10, ap_memory, conv2_weight, array</column>
<column name="conv2_weight_ce0">out, 1, ap_memory, conv2_weight, array</column>
<column name="conv2_weight_q0">in, 32, ap_memory, conv2_weight, array</column>
<column name="conv2_bias_address0">out, 7, ap_memory, conv2_bias, array</column>
<column name="conv2_bias_ce0">out, 1, ap_memory, conv2_bias, array</column>
<column name="conv2_bias_q0">in, 32, ap_memory, conv2_bias, array</column>
<column name="conv3_weight_address0">out, 14, ap_memory, conv3_weight, array</column>
<column name="conv3_weight_ce0">out, 1, ap_memory, conv3_weight, array</column>
<column name="conv3_weight_q0">in, 32, ap_memory, conv3_weight, array</column>
<column name="conv3_bias_address0">out, 7, ap_memory, conv3_bias, array</column>
<column name="conv3_bias_ce0">out, 1, ap_memory, conv3_bias, array</column>
<column name="conv3_bias_q0">in, 32, ap_memory, conv3_bias, array</column>
<column name="output_r_address0">out, 12, ap_memory, output_r, array</column>
<column name="output_r_ce0">out, 1, ap_memory, output_r, array</column>
<column name="output_r_we0">out, 1, ap_memory, output_r, array</column>
<column name="output_r_d0">out, 32, ap_memory, output_r, array</column>
</table>
</item>
</section>
</profile>
