<profile>

<section name = "Vivado HLS Report for 'shuffle_4811'" level="0">
<item name = "Date">Mon Dec 10 14:57:22 2018
</item>
<item name = "Version">2017.2 (Build 1909853 on Thu Jun 15 18:55:24 MDT 2017)</item>
<item name = "Project">accelerator_hls</item>
<item name = "Solution">naive</item>
<item name = "Product family">zynq</item>
<item name = "Target device">xc7z020clg484-1</item>
</section>

<section name = "Performance Estimates" level="0">
<item name = "Timing (ns)">
<section name = "" level="1">
<item name = "Summary"><table name="" hasTotal="0">
<keys size="4">Clock, Target, Estimated, Uncertainty</keys>
<column name="ap_clk">10.00, 8.10, 1.25</column>
</table>
</item>
</section>
</item>
<item name = "Latency (clock cycles)">
<section name = "" level="1">
<item name = "Summary"><table name="" hasTotal="0">
<keys size="6">, min, max, min, max, Type</keys>
<column name="">14017, 14017, 14017, 14017, none</column>
</table>
</item>
<item name = "Detail">
<section name = "" level="1">
<item name = "Instance"><table name="" hasTotal="0">
<keys size="7">Instance, Module, min, max, min, max, Type</keys>
</table>
</item>
<item name = "Loop"><table name="" hasTotal="0">
<keys size="8">Loop Name, min, max, Latency, achieved, target, Count, Pipelined</keys>
<column name="- Loop 1">14016, 14016, 146, -, -, 96, no</column>
<column name=" + Loop 1.1">144, 144, 18, -, -, 8, no</column>
<column name="  ++ Loop 1.1.1">16, 16, 2, -, -, 8, no</column>
</table>
</item>
</section>
</item>
</section>
</item>
</section>

<section name = "Utilization Estimates" level="0">
<item name = "Summary"><table name="" hasTotal="1">
<keys size="5">Name, BRAM_18K, DSP48E, FF, LUT</keys>
<column name="DSP">-, -, -, -</column>
<column name="Expression">-, -, 224, 106</column>
<column name="FIFO">-, -, -, -</column>
<column name="Instance">-, -, -, -</column>
<column name="Memory">-, -, -, -</column>
<column name="Multiplexer">-, -, -, 75</column>
<column name="Register">-, -, 83, -</column>
<specialColumn name="Available">280, 220, 106400, 53200</specialColumn>
<specialColumn name="Utilization (%)">0, 0, ~0, ~0</specialColumn>
</table>
</item>
<item name = "Detail">
<section name = "" level="1">
<item name = "Instance"><table name="" hasTotal="1">
<keys size="6">Instance, Module, BRAM_18K, DSP48E, FF, LUT</keys>
</table>
</item>
<item name = "DSP48"><table name="" hasTotal="0">
<keys size="3">Instance, Module, Expression</keys>
</table>
</item>
<item name = "Memory"><table name="" hasTotal="1">
<keys size="9">Memory, Module, BRAM_18K, FF, LUT, Words, Bits, Banks, W*Bits*Banks</keys>
</table>
</item>
<item name = "FIFO"><table name="" hasTotal="1">
<keys size="7">Name, BRAM_18K, FF, LUT, Depth, Bits, Size:D*B</keys>
</table>
</item>
<item name = "Expression"><table name="" hasTotal="1">
<keys size="7">Variable Name, Operation, DSP48E, FF, LUT, Bitwidth P0, Bitwidth P1</keys>
<column name="co_14_fu_132_p2">+, 0, 26, 12, 1, 7</column>
<column name="h_14_fu_178_p2">+, 0, 17, 9, 4, 1</column>
<column name="tmp_147_fu_192_p2">+, 0, 35, 15, 10, 10</column>
<column name="tmp_148_fu_205_p2">+, 0, 38, 16, 11, 11</column>
<column name="tmp_149_fu_238_p2">+, 0, 44, 18, 13, 13</column>
<column name="tmp_150_fu_249_p2">+, 0, 47, 19, 14, 14</column>
<column name="w_14_fu_224_p2">+, 0, 17, 9, 4, 1</column>
<column name="exitcond1_fu_172_p2">icmp, 0, 0, 2, 4, 5</column>
<column name="exitcond2_fu_126_p2">icmp, 0, 0, 4, 7, 7</column>
<column name="exitcond_fu_218_p2">icmp, 0, 0, 2, 4, 5</column>
</table>
</item>
<item name = "Multiplexer"><table name="" hasTotal="1">
<keys size="5">Name, LUT, Input Size, Bits, Total Bits</keys>
<column name="ap_NS_fsm">33, 6, 1, 6</column>
<column name="co_reg_77">9, 2, 7, 14</column>
<column name="h_reg_88">9, 2, 4, 8</column>
<column name="storemerge_phi_fu_113_p4">15, 3, 32, 96</column>
<column name="w_reg_99">9, 2, 4, 8</column>
</table>
</item>
<item name = "Register"><table name="" hasTotal="1">
<keys size="5">Name, FF, LUT, Bits, Const Bits</keys>
<column name="ap_CS_fsm">5, 0, 5, 0</column>
<column name="co_14_reg_266">7, 0, 7, 0</column>
<column name="co_reg_77">7, 0, 7, 0</column>
<column name="h_14_reg_284">4, 0, 4, 0</column>
<column name="h_reg_88">4, 0, 4, 0</column>
<column name="output_addr_reg_317">13, 0, 13, 0</column>
<column name="tmp_231_cast_reg_271">6, 0, 10, 4</column>
<column name="tmp_233_cast_reg_276">7, 0, 11, 4</column>
<column name="tmp_236_cast_reg_289">10, 0, 13, 3</column>
<column name="tmp_239_cast_reg_294">11, 0, 14, 3</column>
<column name="tmp_95_reg_259">1, 0, 1, 0</column>
<column name="w_14_reg_302">4, 0, 4, 0</column>
<column name="w_reg_99">4, 0, 4, 0</column>
</table>
</item>
</section>
</item>
</section>

<section name = "Interface" level="0">
<item name = "Summary"><table name="" hasTotal="0">
<keys size="6">RTL Ports, Dir, Bits, Protocol, Source Object, C Type</keys>
<column name="ap_clk">in, 1, ap_ctrl_hs, shuffle_4811, return value</column>
<column name="ap_rst">in, 1, ap_ctrl_hs, shuffle_4811, return value</column>
<column name="ap_start">in, 1, ap_ctrl_hs, shuffle_4811, return value</column>
<column name="ap_done">out, 1, ap_ctrl_hs, shuffle_4811, return value</column>
<column name="ap_idle">out, 1, ap_ctrl_hs, shuffle_4811, return value</column>
<column name="ap_ready">out, 1, ap_ctrl_hs, shuffle_4811, return value</column>
<column name="left_0_address0">out, 12, ap_memory, left_0, array</column>
<column name="left_0_ce0">out, 1, ap_memory, left_0, array</column>
<column name="left_0_q0">in, 32, ap_memory, left_0, array</column>
<column name="right_0_address0">out, 12, ap_memory, right_0, array</column>
<column name="right_0_ce0">out, 1, ap_memory, right_0, array</column>
<column name="right_0_q0">in, 32, ap_memory, right_0, array</column>
<column name="output_r_address0">out, 13, ap_memory, output_r, array</column>
<column name="output_r_ce0">out, 1, ap_memory, output_r, array</column>
<column name="output_r_we0">out, 1, ap_memory, output_r, array</column>
<column name="output_r_d0">out, 32, ap_memory, output_r, array</column>
</table>
</item>
</section>
</profile>
