<profile>

<section name = "Vivado HLS Report for 'ShuffleUnit2'" level="0">
<item name = "Date">Mon Dec 10 14:57:14 2018
</item>
<item name = "Version">2017.2 (Build 1909853 on Thu Jun 15 18:55:24 MDT 2017)</item>
<item name = "Project">accelerator_hls</item>
<item name = "Solution">naive</item>
<item name = "Product family">zynq</item>
<item name = "Target device">xc7z020clg484-1</item>
</section>

<section name = "Performance Estimates" level="0">
<item name = "Timing (ns)">
<section name = "" level="1">
<item name = "Summary"><table name="" hasTotal="0">
<keys size="4">Clock, Target, Estimated, Uncertainty</keys>
<column name="ap_clk">10.00, 8.53, 1.25</column>
</table>
</item>
</section>
</item>
<item name = "Latency (clock cycles)">
<section name = "" level="1">
<item name = "Summary"><table name="" hasTotal="0">
<keys size="6">, min, max, min, max, Type</keys>
<column name="">3488748, 3488748, 3488748, 3488748, none</column>
</table>
</item>
<item name = "Detail">
<section name = "" level="1">
<item name = "Instance"><table name="" hasTotal="0">
<keys size="7">Instance, Module, min, max, min, max, Type</keys>
<column name="grp_subconv_1x1_419_fu_405">subconv_1x1_419, 1638337, 1638337, 1638337, 1638337, none</column>
<column name="grp_subconv_3x3_4_no_rel_fu_417">subconv_3x3_4_no_rel, 189889, 189889, 189889, 189889, none</column>
<column name="grp_shuffle_9621_fu_427">shuffle_9621, 8065, 8065, 8065, 8065, none</column>
</table>
</item>
<item name = "Loop"><table name="" hasTotal="0">
<keys size="8">Loop Name, min, max, Latency, achieved, target, Count, Pipelined</keys>
<column name="- memset_left_part">2015, 2015, 21, -, -, 96, no</column>
<column name=" + memset_left_part">19, 19, 5, -, -, 4, no</column>
<column name="  ++ memset_left_part">3, 3, 1, -, -, 4, no</column>
<column name="- memset_right_part">2015, 2015, 21, -, -, 96, no</column>
<column name=" + memset_right_part">19, 19, 5, -, -, 4, no</column>
<column name="  ++ memset_right_part">3, 3, 1, -, -, 4, no</column>
<column name="- memset_conv1_output">2015, 2015, 21, -, -, 96, no</column>
<column name=" + memset_conv1_output">19, 19, 5, -, -, 4, no</column>
<column name="  ++ memset_conv1_output">3, 3, 1, -, -, 4, no</column>
<column name="- memset_conv2_output">2015, 2015, 21, -, -, 96, no</column>
<column name=" + memset_conv2_output">19, 19, 5, -, -, 4, no</column>
<column name="  ++ memset_conv2_output">3, 3, 1, -, -, 4, no</column>
<column name="- memset_conv3_output">2015, 2015, 21, -, -, 96, no</column>
<column name=" + memset_conv3_output">19, 19, 5, -, -, 4, no</column>
<column name="  ++ memset_conv3_output">3, 3, 1, -, -, 4, no</column>
<column name="- Loop 6">4032, 4032, 42, -, -, 96, no</column>
<column name=" + Loop 6.1">40, 40, 10, -, -, 4, no</column>
<column name="  ++ Loop 6.1.1">8, 8, 2, -, -, 4, no</column>
</table>
</item>
</section>
</item>
</section>
</item>
</section>
</profile>
