<profile>

<section name = "Vivado HLS Report for 'ShuffleUnit0'" level="0">
<item name = "Date">Mon Dec 10 14:57:22 2018
</item>
<item name = "Version">2017.2 (Build 1909853 on Thu Jun 15 18:55:24 MDT 2017)</item>
<item name = "Project">accelerator_hls</item>
<item name = "Solution">naive</item>
<item name = "Product family">zynq</item>
<item name = "Target device">xc7z020clg484-1</item>
</section>

<section name = "Performance Estimates" level="0">
<item name = "Timing (ns)">
<section name = "" level="1">
<item name = "Summary"><table name="" hasTotal="0">
<keys size="4">Clock, Target, Estimated, Uncertainty</keys>
<column name="ap_clk">10.00, 8.53, 1.25</column>
</table>
</item>
</section>
</item>
<item name = "Latency (clock cycles)">
<section name = "" level="1">
<item name = "Summary"><table name="" hasTotal="0">
<keys size="6">, min, max, min, max, Type</keys>
<column name="">4197156, 4197156, 4197156, 4197156, none</column>
</table>
</item>
<item name = "Detail">
<section name = "" level="1">
<item name = "Instance"><table name="" hasTotal="0">
<keys size="7">Instance, Module, min, max, min, max, Type</keys>
<column name="grp_subconv_3x3_16_no_re_fu_401">subconv_3x3_16_no_re, 756529, 756529, 756529, 756529, none</column>
<column name="grp_subconv_1x1_1612_fu_411">subconv_1x1_1612, 1684273, 1684273, 1684273, 1684273, none</column>
<column name="grp_shuffle_2415_fu_423">shuffle_2415, 26209, 26209, 26209, 26209, none</column>
</table>
</item>
<item name = "Loop"><table name="" hasTotal="0">
<keys size="8">Loop Name, min, max, Latency, achieved, target, Count, Pipelined</keys>
<column name="- memset_left_part">6551, 6551, 273, -, -, 24, no</column>
<column name=" + memset_left_part">271, 271, 17, -, -, 16, no</column>
<column name="  ++ memset_left_part">15, 15, 1, -, -, 16, no</column>
<column name="- memset_right_part">6551, 6551, 273, -, -, 24, no</column>
<column name=" + memset_right_part">271, 271, 17, -, -, 16, no</column>
<column name="  ++ memset_right_part">15, 15, 1, -, -, 16, no</column>
<column name="- memset_conv1_output">6551, 6551, 273, -, -, 24, no</column>
<column name=" + memset_conv1_output">271, 271, 17, -, -, 16, no</column>
<column name="  ++ memset_conv1_output">15, 15, 1, -, -, 16, no</column>
<column name="- memset_conv2_output">6551, 6551, 273, -, -, 24, no</column>
<column name=" + memset_conv2_output">271, 271, 17, -, -, 16, no</column>
<column name="  ++ memset_conv2_output">15, 15, 1, -, -, 16, no</column>
<column name="- memset_conv3_output">6551, 6551, 273, -, -, 24, no</column>
<column name=" + memset_conv3_output">271, 271, 17, -, -, 16, no</column>
<column name="  ++ memset_conv3_output">15, 15, 1, -, -, 16, no</column>
<column name="- Loop 6">13104, 13104, 546, -, -, 24, no</column>
<column name=" + Loop 6.1">544, 544, 34, -, -, 16, no</column>
<column name="  ++ Loop 6.1.1">32, 32, 2, -, -, 16, no</column>
</table>
</item>
</section>
</item>
</section>
</item>
</section>

<section name = "Utilization Estimates" level="0">
<item name = "Summary"><table name="" hasTotal="1">
<keys size="5">Name, BRAM_18K, DSP48E, FF, LUT</keys>
<column name="DSP">-, -, -, -</column>
<column name="Expression">-, -, 526, 290</column>
<column name="FIFO">-, -, -, -</column>
<column name="Instance">-, 10, 2574, 2708</column>
<column name="Memory">80, -, 0, 0</column>
<column name="Multiplexer">-, -, -, 690</column>
<column name="Register">-, -, 217, -</column>
<specialColumn name="Available">280, 220, 106400, 53200</specialColumn>
<specialColumn name="Utilization (%)">28, 4, 3, 6</specialColumn>
</table>
</item>
<item name = "Detail">
<section name = "" level="1">
<item name = "Instance"><table name="" hasTotal="1">
<keys size="6">Instance, Module, BRAM_18K, DSP48E, FF, LUT</keys>
<column name="grp_shuffle_2415_fu_423">shuffle_2415, 0, 0, 317, 185</column>
<column name="grp_subconv_1x1_1612_fu_411">subconv_1x1_1612, 0, 5, 1041, 1326</column>
<column name="grp_subconv_3x3_16_no_re_fu_401">subconv_3x3_16_no_re, 0, 5, 1216, 1197</column>
</table>
</item>
<item name = "DSP48"><table name="" hasTotal="0">
<keys size="3">Instance, Module, Expression</keys>
</table>
</item>
<item name = "Memory"><table name="" hasTotal="1">
<keys size="9">Memory, Module, BRAM_18K, FF, LUT, Words, Bits, Banks, W*Bits*Banks</keys>
<column name="left_part_0_U">DownsampleUnit0_cfYi, 16, 0, 0, 6144, 32, 1, 196608</column>
<column name="right_part_0_U">DownsampleUnit0_cfYi, 16, 0, 0, 6144, 32, 1, 196608</column>
<column name="conv1_output_0_U">DownsampleUnit0_cfYi, 16, 0, 0, 6144, 32, 1, 196608</column>
<column name="conv2_output_0_U">DownsampleUnit0_cfYi, 16, 0, 0, 6144, 32, 1, 196608</column>
<column name="conv3_output_0_U">DownsampleUnit0_cfYi, 16, 0, 0, 6144, 32, 1, 196608</column>
</table>
</item>
<item name = "FIFO"><table name="" hasTotal="1">
<keys size="7">Name, BRAM_18K, FF, LUT, Depth, Bits, Size:D*B</keys>
</table>
</item>
<item name = "Expression"><table name="" hasTotal="1">
<keys size="7">Variable Name, Operation, DSP48E, FF, LUT, Bitwidth P0, Bitwidth P1</keys>
<column name="co_21_fu_696_p2">+, 0, 20, 10, 5, 1</column>
<column name="h_21_fu_738_p2">+, 0, 20, 10, 5, 1</column>
<column name="indvarinc11_fu_437_p2">+, 0, 17, 9, 4, 1</column>
<column name="indvarinc15_fu_443_p2">+, 0, 17, 9, 4, 1</column>
<column name="indvarinc22_fu_482_p2">+, 0, 20, 10, 5, 1</column>
<column name="indvarinc26_fu_488_p2">+, 0, 17, 9, 4, 1</column>
<column name="indvarinc27_fu_533_p2">+, 0, 20, 10, 5, 1</column>
<column name="indvarinc28_fu_539_p2">+, 0, 17, 9, 4, 1</column>
<column name="indvarinc29_fu_545_p2">+, 0, 17, 9, 4, 1</column>
<column name="indvarinc30_fu_584_p2">+, 0, 20, 10, 5, 1</column>
<column name="indvarinc31_fu_590_p2">+, 0, 17, 9, 4, 1</column>
<column name="indvarinc32_fu_596_p2">+, 0, 17, 9, 4, 1</column>
<column name="indvarinc33_fu_635_p2">+, 0, 20, 10, 5, 1</column>
<column name="indvarinc34_fu_641_p2">+, 0, 17, 9, 4, 1</column>
<column name="indvarinc35_fu_647_p2">+, 0, 17, 9, 4, 1</column>
<column name="indvarinc7_fu_431_p2">+, 0, 20, 10, 5, 1</column>
<column name="indvarinc_fu_494_p2">+, 0, 17, 9, 4, 1</column>
<column name="tmp_164_fu_702_p2">+, 0, 23, 11, 6, 5</column>
<column name="tmp_209_fu_752_p2">+, 0, 38, 16, 11, 11</column>
<column name="tmp_210_fu_765_p2">+, 0, 35, 15, 10, 10</column>
<column name="tmp_211_fu_798_p2">+, 0, 50, 20, 15, 15</column>
<column name="tmp_212_fu_808_p2">+, 0, 50, 20, 15, 15</column>
<column name="w_21_fu_788_p2">+, 0, 20, 10, 5, 1</column>
<column name="exitcond1_fu_732_p2">icmp, 0, 0, 3, 5, 6</column>
<column name="exitcond2_fu_690_p2">icmp, 0, 0, 2, 5, 5</column>
<column name="exitcond_fu_782_p2">icmp, 0, 0, 3, 5, 6</column>
<column name="tmp_153_fu_470_p2">icmp, 0, 0, 2, 4, 2</column>
<column name="tmp_154_fu_476_p2">icmp, 0, 0, 2, 5, 5</column>
<column name="tmp_155_fu_515_p2">icmp, 0, 0, 2, 4, 2</column>
<column name="tmp_156_fu_521_p2">icmp, 0, 0, 2, 4, 2</column>
<column name="tmp_157_fu_527_p2">icmp, 0, 0, 2, 5, 5</column>
<column name="tmp_158_fu_566_p2">icmp, 0, 0, 2, 4, 2</column>
<column name="tmp_159_fu_572_p2">icmp, 0, 0, 2, 4, 2</column>
<column name="tmp_160_fu_578_p2">icmp, 0, 0, 2, 5, 5</column>
<column name="tmp_161_fu_617_p2">icmp, 0, 0, 2, 4, 2</column>
<column name="tmp_162_fu_623_p2">icmp, 0, 0, 2, 4, 2</column>
<column name="tmp_163_fu_629_p2">icmp, 0, 0, 2, 5, 5</column>
<column name="tmp_165_fu_668_p2">icmp, 0, 0, 2, 4, 2</column>
<column name="tmp_166_fu_674_p2">icmp, 0, 0, 2, 4, 2</column>
<column name="tmp_169_fu_680_p2">icmp, 0, 0, 2, 5, 5</column>
<column name="tmp_s_fu_464_p2">icmp, 0, 0, 2, 4, 2</column>
</table>
</item>
<item name = "Multiplexer"><table name="" hasTotal="1">
<keys size="5">Name, LUT, Input Size, Bits, Total Bits</keys>
<column name="ap_NS_fsm">129, 28, 1, 28</column>
<column name="co_reg_368">9, 2, 5, 10</column>
<column name="conv1_bias_ce0">9, 2, 1, 2</column>
<column name="conv1_output_0_address0">21, 4, 13, 52</column>
<column name="conv1_output_0_ce0">21, 4, 1, 4</column>
<column name="conv1_output_0_d0">15, 3, 32, 96</column>
<column name="conv1_output_0_we0">15, 3, 1, 3</column>
<column name="conv1_weight_ce0">9, 2, 1, 2</column>
<column name="conv2_output_0_address0">21, 4, 13, 52</column>
<column name="conv2_output_0_ce0">21, 4, 1, 4</column>
<column name="conv2_output_0_d0">15, 3, 32, 96</column>
<column name="conv2_output_0_we0">15, 3, 1, 3</column>
<column name="conv3_bias_ce0">9, 2, 1, 2</column>
<column name="conv3_output_0_address0">21, 4, 13, 52</column>
<column name="conv3_output_0_ce0">21, 4, 1, 4</column>
<column name="conv3_output_0_d0">15, 3, 32, 96</column>
<column name="conv3_output_0_we0">15, 3, 1, 3</column>
<column name="conv3_weight_ce0">9, 2, 1, 2</column>
<column name="grp_subconv_1x1_1612_fu_411_bias_q0">15, 3, 32, 96</column>
<column name="grp_subconv_1x1_1612_fu_411_input_0_q0">15, 3, 32, 96</column>
<column name="grp_subconv_1x1_1612_fu_411_weight_q0">15, 3, 32, 96</column>
<column name="h_reg_379">9, 2, 5, 10</column>
<column name="invdar10_reg_205">9, 2, 4, 8</column>
<column name="invdar14_reg_217">9, 2, 4, 8</column>
<column name="invdar21_reg_228">9, 2, 5, 10</column>
<column name="invdar25_reg_240">9, 2, 4, 8</column>
<column name="invdar26_reg_263">9, 2, 5, 10</column>
<column name="invdar27_reg_275">9, 2, 4, 8</column>
<column name="invdar28_reg_287">9, 2, 4, 8</column>
<column name="invdar29_reg_298">9, 2, 5, 10</column>
<column name="invdar30_reg_310">9, 2, 4, 8</column>
<column name="invdar31_reg_322">9, 2, 4, 8</column>
<column name="invdar32_reg_333">9, 2, 5, 10</column>
<column name="invdar33_reg_345">9, 2, 4, 8</column>
<column name="invdar34_reg_357">9, 2, 4, 8</column>
<column name="invdar6_reg_193">9, 2, 5, 10</column>
<column name="invdar_reg_252">9, 2, 4, 8</column>
<column name="left_part_0_address0">21, 4, 13, 52</column>
<column name="left_part_0_ce0">15, 3, 1, 3</column>
<column name="left_part_0_d0">15, 3, 32, 96</column>
<column name="right_part_0_address0">21, 4, 13, 52</column>
<column name="right_part_0_ce0">15, 3, 1, 3</column>
<column name="right_part_0_d0">15, 3, 32, 96</column>
<column name="w_reg_390">9, 2, 5, 10</column>
</table>
</item>
<item name = "Register"><table name="" hasTotal="1">
<keys size="5">Name, FF, LUT, Bits, Const Bits</keys>
<column name="ap_CS_fsm">27, 0, 27, 0</column>
<column name="ap_reg_grp_shuffle_2415_fu_423_ap_start">1, 0, 1, 0</column>
<column name="ap_reg_grp_subconv_1x1_1612_fu_411_ap_start">1, 0, 1, 0</column>
<column name="ap_reg_grp_subconv_3x3_16_no_re_fu_401_ap_start">1, 0, 1, 0</column>
<column name="co_21_reg_941">5, 0, 5, 0</column>
<column name="co_reg_368">5, 0, 5, 0</column>
<column name="h_21_reg_959">5, 0, 5, 0</column>
<column name="h_reg_379">5, 0, 5, 0</column>
<column name="indvarinc11_reg_823">4, 0, 4, 0</column>
<column name="indvarinc22_reg_842">5, 0, 5, 0</column>
<column name="indvarinc26_reg_847">4, 0, 4, 0</column>
<column name="indvarinc27_reg_866">5, 0, 5, 0</column>
<column name="indvarinc28_reg_871">4, 0, 4, 0</column>
<column name="indvarinc30_reg_890">5, 0, 5, 0</column>
<column name="indvarinc31_reg_895">4, 0, 4, 0</column>
<column name="indvarinc33_reg_914">5, 0, 5, 0</column>
<column name="indvarinc34_reg_919">4, 0, 4, 0</column>
<column name="indvarinc7_reg_818">5, 0, 5, 0</column>
<column name="invdar10_reg_205">4, 0, 4, 0</column>
<column name="invdar14_reg_217">4, 0, 4, 0</column>
<column name="invdar21_reg_228">5, 0, 5, 0</column>
<column name="invdar25_reg_240">4, 0, 4, 0</column>
<column name="invdar26_reg_263">5, 0, 5, 0</column>
<column name="invdar27_reg_275">4, 0, 4, 0</column>
<column name="invdar28_reg_287">4, 0, 4, 0</column>
<column name="invdar29_reg_298">5, 0, 5, 0</column>
<column name="invdar30_reg_310">4, 0, 4, 0</column>
<column name="invdar31_reg_322">4, 0, 4, 0</column>
<column name="invdar32_reg_333">5, 0, 5, 0</column>
<column name="invdar33_reg_345">4, 0, 4, 0</column>
<column name="invdar34_reg_357">4, 0, 4, 0</column>
<column name="invdar6_reg_193">5, 0, 5, 0</column>
<column name="invdar_reg_252">4, 0, 4, 0</column>
<column name="tmp_349_cast_reg_946">6, 0, 11, 5</column>
<column name="tmp_351_cast_reg_951">5, 0, 10, 5</column>
<column name="tmp_354_cast_reg_964">11, 0, 15, 4</column>
<column name="tmp_357_cast_reg_969">10, 0, 15, 5</column>
<column name="tmp_359_cast_reg_987">15, 0, 64, 49</column>
<column name="w_21_reg_977">5, 0, 5, 0</column>
<column name="w_reg_390">5, 0, 5, 0</column>
</table>
</item>
</section>
</item>
</section>

<section name = "Interface" level="0">
<item name = "Summary"><table name="" hasTotal="0">
<keys size="6">RTL Ports, Dir, Bits, Protocol, Source Object, C Type</keys>
<column name="ap_clk">in, 1, ap_ctrl_hs, ShuffleUnit0, return value</column>
<column name="ap_rst">in, 1, ap_ctrl_hs, ShuffleUnit0, return value</column>
<column name="ap_start">in, 1, ap_ctrl_hs, ShuffleUnit0, return value</column>
<column name="ap_done">out, 1, ap_ctrl_hs, ShuffleUnit0, return value</column>
<column name="ap_idle">out, 1, ap_ctrl_hs, ShuffleUnit0, return value</column>
<column name="ap_ready">out, 1, ap_ctrl_hs, ShuffleUnit0, return value</column>
<column name="input_r_address0">out, 14, ap_memory, input_r, array</column>
<column name="input_r_ce0">out, 1, ap_memory, input_r, array</column>
<column name="input_r_q0">in, 32, ap_memory, input_r, array</column>
<column name="input_r_address1">out, 14, ap_memory, input_r, array</column>
<column name="input_r_ce1">out, 1, ap_memory, input_r, array</column>
<column name="input_r_q1">in, 32, ap_memory, input_r, array</column>
<column name="conv1_weight_address0">out, 10, ap_memory, conv1_weight, array</column>
<column name="conv1_weight_ce0">out, 1, ap_memory, conv1_weight, array</column>
<column name="conv1_weight_q0">in, 32, ap_memory, conv1_weight, array</column>
<column name="conv1_bias_address0">out, 5, ap_memory, conv1_bias, array</column>
<column name="conv1_bias_ce0">out, 1, ap_memory, conv1_bias, array</column>
<column name="conv1_bias_q0">in, 32, ap_memory, conv1_bias, array</column>
<column name="conv2_weight_address0">out, 8, ap_memory, conv2_weight, array</column>
<column name="conv2_weight_ce0">out, 1, ap_memory, conv2_weight, array</column>
<column name="conv2_weight_q0">in, 32, ap_memory, conv2_weight, array</column>
<column name="conv2_bias_address0">out, 5, ap_memory, conv2_bias, array</column>
<column name="conv2_bias_ce0">out, 1, ap_memory, conv2_bias, array</column>
<column name="conv2_bias_q0">in, 32, ap_memory, conv2_bias, array</column>
<column name="conv3_weight_address0">out, 10, ap_memory, conv3_weight, array</column>
<column name="conv3_weight_ce0">out, 1, ap_memory, conv3_weight, array</column>
<column name="conv3_weight_q0">in, 32, ap_memory, conv3_weight, array</column>
<column name="conv3_bias_address0">out, 5, ap_memory, conv3_bias, array</column>
<column name="conv3_bias_ce0">out, 1, ap_memory, conv3_bias, array</column>
<column name="conv3_bias_q0">in, 32, ap_memory, conv3_bias, array</column>
<column name="output_r_address0">out, 14, ap_memory, output_r, array</column>
<column name="output_r_ce0">out, 1, ap_memory, output_r, array</column>
<column name="output_r_we0">out, 1, ap_memory, output_r, array</column>
<column name="output_r_d0">out, 32, ap_memory, output_r, array</column>
</table>
</item>
</section>
</profile>
