<profile>

<section name = "Vivado HLS Report for 'ShuffleUnit1'" level="0">
<item name = "Date">Mon Dec 10 14:57:23 2018
</item>
<item name = "Version">2017.2 (Build 1909853 on Thu Jun 15 18:55:24 MDT 2017)</item>
<item name = "Project">accelerator_hls</item>
<item name = "Solution">naive</item>
<item name = "Product family">zynq</item>
<item name = "Target device">xc7z020clg484-1</item>
</section>

<section name = "Performance Estimates" level="0">
<item name = "Timing (ns)">
<section name = "" level="1">
<item name = "Summary"><table name="" hasTotal="0">
<keys size="4">Clock, Target, Estimated, Uncertainty</keys>
<column name="ap_clk">10.00, 8.53, 1.25</column>
</table>
</item>
</section>
</item>
<item name = "Latency (clock cycles)">
<section name = "" level="1">
<item name = "Summary"><table name="" hasTotal="0">
<keys size="6">, min, max, min, max, Type</keys>
<column name="">3724476, 3724476, 3724476, 3724476, none</column>
</table>
</item>
<item name = "Detail">
<section name = "" level="1">
<item name = "Instance"><table name="" hasTotal="0">
<keys size="7">Instance, Module, min, max, min, max, Type</keys>
<column name="grp_subconv_3x3_8_no_rel_fu_405">subconv_3x3_8_no_rel, 378721, 378721, 378721, 378721, none</column>
<column name="grp_subconv_1x1_89_fu_415">subconv_1x1_89, 1653601, 1653601, 1653601, 1653601, none</column>
<column name="grp_shuffle_4811_fu_427">shuffle_4811, 14017, 14017, 14017, 14017, none</column>
</table>
</item>
<item name = "Loop"><table name="" hasTotal="0">
<keys size="8">Loop Name, min, max, Latency, achieved, target, Count, Pipelined</keys>
<column name="- memset_left_part">3503, 3503, 73, -, -, 48, no</column>
<column name=" + memset_left_part">71, 71, 9, -, -, 8, no</column>
<column name="  ++ memset_left_part">7, 7, 1, -, -, 8, no</column>
<column name="- memset_right_part">3503, 3503, 73, -, -, 48, no</column>
<column name=" + memset_right_part">71, 71, 9, -, -, 8, no</column>
<column name="  ++ memset_right_part">7, 7, 1, -, -, 8, no</column>
<column name="- memset_conv1_output">3503, 3503, 73, -, -, 48, no</column>
<column name=" + memset_conv1_output">71, 71, 9, -, -, 8, no</column>
<column name="  ++ memset_conv1_output">7, 7, 1, -, -, 8, no</column>
<column name="- memset_conv2_output">3503, 3503, 73, -, -, 48, no</column>
<column name=" + memset_conv2_output">71, 71, 9, -, -, 8, no</column>
<column name="  ++ memset_conv2_output">7, 7, 1, -, -, 8, no</column>
<column name="- memset_conv3_output">3503, 3503, 73, -, -, 48, no</column>
<column name=" + memset_conv3_output">71, 71, 9, -, -, 8, no</column>
<column name="  ++ memset_conv3_output">7, 7, 1, -, -, 8, no</column>
<column name="- Loop 6">7008, 7008, 146, -, -, 48, no</column>
<column name=" + Loop 6.1">144, 144, 18, -, -, 8, no</column>
<column name="  ++ Loop 6.1.1">16, 16, 2, -, -, 8, no</column>
</table>
</item>
</section>
</item>
</section>
</item>
</section>

<section name = "Utilization Estimates" level="0">
<item name = "Summary"><table name="" hasTotal="1">
<keys size="5">Name, BRAM_18K, DSP48E, FF, LUT</keys>
<column name="DSP">-, -, -, -</column>
<column name="Expression">-, -, 505, 287</column>
<column name="FIFO">-, -, -, -</column>
<column name="Instance">-, 10, 2563, 2703</column>
<column name="Memory">40, -, 0, 0</column>
<column name="Multiplexer">-, -, -, 690</column>
<column name="Register">-, -, 211, -</column>
<specialColumn name="Available">280, 220, 106400, 53200</specialColumn>
<specialColumn name="Utilization (%)">14, 4, 3, 6</specialColumn>
</table>
</item>
<item name = "Detail">
<section name = "" level="1">
<item name = "Instance"><table name="" hasTotal="1">
<keys size="6">Instance, Module, BRAM_18K, DSP48E, FF, LUT</keys>
<column name="grp_shuffle_4811_fu_427">shuffle_4811, 0, 0, 307, 181</column>
<column name="grp_subconv_1x1_89_fu_415">subconv_1x1_89, 0, 5, 1047, 1328</column>
<column name="grp_subconv_3x3_8_no_rel_fu_405">subconv_3x3_8_no_rel, 0, 5, 1209, 1194</column>
</table>
</item>
<item name = "DSP48"><table name="" hasTotal="0">
<keys size="3">Instance, Module, Expression</keys>
</table>
</item>
<item name = "Memory"><table name="" hasTotal="1">
<keys size="9">Memory, Module, BRAM_18K, FF, LUT, Words, Bits, Banks, W*Bits*Banks</keys>
<column name="left_part_0_U">DownsampleUnit1_cpcA, 8, 0, 0, 3072, 32, 1, 98304</column>
<column name="right_part_0_U">DownsampleUnit1_cpcA, 8, 0, 0, 3072, 32, 1, 98304</column>
<column name="conv1_output_0_U">DownsampleUnit1_cpcA, 8, 0, 0, 3072, 32, 1, 98304</column>
<column name="conv2_output_0_U">DownsampleUnit1_cpcA, 8, 0, 0, 3072, 32, 1, 98304</column>
<column name="conv3_output_0_U">DownsampleUnit1_cpcA, 8, 0, 0, 3072, 32, 1, 98304</column>
</table>
</item>
<item name = "FIFO"><table name="" hasTotal="1">
<keys size="7">Name, BRAM_18K, FF, LUT, Depth, Bits, Size:D*B</keys>
</table>
</item>
<item name = "Expression"><table name="" hasTotal="1">
<keys size="7">Variable Name, Operation, DSP48E, FF, LUT, Bitwidth P0, Bitwidth P1</keys>
<column name="co_20_fu_700_p2">+, 0, 23, 11, 6, 1</column>
<column name="h_20_fu_742_p2">+, 0, 17, 9, 4, 1</column>
<column name="indvarinc11_fu_441_p2">+, 0, 14, 9, 3, 1</column>
<column name="indvarinc15_fu_486_p2">+, 0, 23, 11, 6, 1</column>
<column name="indvarinc16_fu_492_p2">+, 0, 14, 9, 3, 1</column>
<column name="indvarinc17_fu_498_p2">+, 0, 14, 9, 3, 1</column>
<column name="indvarinc18_fu_537_p2">+, 0, 23, 11, 6, 1</column>
<column name="indvarinc19_fu_543_p2">+, 0, 14, 9, 3, 1</column>
<column name="indvarinc20_fu_549_p2">+, 0, 14, 9, 3, 1</column>
<column name="indvarinc21_fu_588_p2">+, 0, 23, 11, 6, 1</column>
<column name="indvarinc22_fu_594_p2">+, 0, 14, 9, 3, 1</column>
<column name="indvarinc23_fu_600_p2">+, 0, 14, 9, 3, 1</column>
<column name="indvarinc24_fu_639_p2">+, 0, 23, 11, 6, 1</column>
<column name="indvarinc25_fu_645_p2">+, 0, 14, 9, 3, 1</column>
<column name="indvarinc26_fu_651_p2">+, 0, 14, 9, 3, 1</column>
<column name="indvarinc7_fu_435_p2">+, 0, 23, 11, 6, 1</column>
<column name="indvarinc_fu_447_p2">+, 0, 14, 9, 3, 1</column>
<column name="tmp_150_fu_706_p2">+, 0, 26, 12, 7, 6</column>
<column name="tmp_198_fu_756_p2">+, 0, 38, 16, 11, 11</column>
<column name="tmp_199_fu_769_p2">+, 0, 35, 15, 10, 10</column>
<column name="tmp_200_fu_802_p2">+, 0, 47, 19, 14, 14</column>
<column name="tmp_201_fu_812_p2">+, 0, 47, 19, 14, 14</column>
<column name="w_20_fu_792_p2">+, 0, 17, 9, 4, 1</column>
<column name="exitcond1_fu_736_p2">icmp, 0, 0, 2, 4, 5</column>
<column name="exitcond2_fu_694_p2">icmp, 0, 0, 3, 6, 6</column>
<column name="exitcond_fu_786_p2">icmp, 0, 0, 2, 4, 5</column>
<column name="tmp_136_fu_474_p2">icmp, 0, 0, 1, 3, 2</column>
<column name="tmp_137_fu_480_p2">icmp, 0, 0, 3, 6, 6</column>
<column name="tmp_138_fu_519_p2">icmp, 0, 0, 1, 3, 2</column>
<column name="tmp_139_fu_525_p2">icmp, 0, 0, 1, 3, 2</column>
<column name="tmp_140_fu_531_p2">icmp, 0, 0, 3, 6, 6</column>
<column name="tmp_141_fu_570_p2">icmp, 0, 0, 1, 3, 2</column>
<column name="tmp_142_fu_576_p2">icmp, 0, 0, 1, 3, 2</column>
<column name="tmp_143_fu_582_p2">icmp, 0, 0, 3, 6, 6</column>
<column name="tmp_144_fu_621_p2">icmp, 0, 0, 1, 3, 2</column>
<column name="tmp_145_fu_627_p2">icmp, 0, 0, 1, 3, 2</column>
<column name="tmp_146_fu_633_p2">icmp, 0, 0, 3, 6, 6</column>
<column name="tmp_147_fu_672_p2">icmp, 0, 0, 1, 3, 2</column>
<column name="tmp_148_fu_678_p2">icmp, 0, 0, 1, 3, 2</column>
<column name="tmp_149_fu_684_p2">icmp, 0, 0, 3, 6, 6</column>
<column name="tmp_s_fu_468_p2">icmp, 0, 0, 1, 3, 2</column>
</table>
</item>
<item name = "Multiplexer"><table name="" hasTotal="1">
<keys size="5">Name, LUT, Input Size, Bits, Total Bits</keys>
<column name="ap_NS_fsm">129, 28, 1, 28</column>
<column name="co_reg_372">9, 2, 6, 12</column>
<column name="conv1_bias_ce0">9, 2, 1, 2</column>
<column name="conv1_output_0_address0">21, 4, 12, 48</column>
<column name="conv1_output_0_ce0">21, 4, 1, 4</column>
<column name="conv1_output_0_d0">15, 3, 32, 96</column>
<column name="conv1_output_0_we0">15, 3, 1, 3</column>
<column name="conv1_weight_ce0">9, 2, 1, 2</column>
<column name="conv2_output_0_address0">21, 4, 12, 48</column>
<column name="conv2_output_0_ce0">21, 4, 1, 4</column>
<column name="conv2_output_0_d0">15, 3, 32, 96</column>
<column name="conv2_output_0_we0">15, 3, 1, 3</column>
<column name="conv3_bias_ce0">9, 2, 1, 2</column>
<column name="conv3_output_0_address0">21, 4, 12, 48</column>
<column name="conv3_output_0_ce0">21, 4, 1, 4</column>
<column name="conv3_output_0_d0">15, 3, 32, 96</column>
<column name="conv3_output_0_we0">15, 3, 1, 3</column>
<column name="conv3_weight_ce0">9, 2, 1, 2</column>
<column name="grp_subconv_1x1_89_fu_415_bias_q0">15, 3, 32, 96</column>
<column name="grp_subconv_1x1_89_fu_415_input_0_q0">15, 3, 32, 96</column>
<column name="grp_subconv_1x1_89_fu_415_weight_q0">15, 3, 32, 96</column>
<column name="h_reg_383">9, 2, 4, 8</column>
<column name="invdar10_reg_209">9, 2, 3, 6</column>
<column name="invdar14_reg_221">9, 2, 3, 6</column>
<column name="invdar15_reg_244">9, 2, 3, 6</column>
<column name="invdar16_reg_256">9, 2, 3, 6</column>
<column name="invdar17_reg_267">9, 2, 6, 12</column>
<column name="invdar18_reg_279">9, 2, 3, 6</column>
<column name="invdar19_reg_291">9, 2, 3, 6</column>
<column name="invdar20_reg_302">9, 2, 6, 12</column>
<column name="invdar21_reg_314">9, 2, 3, 6</column>
<column name="invdar22_reg_326">9, 2, 3, 6</column>
<column name="invdar23_reg_337">9, 2, 6, 12</column>
<column name="invdar24_reg_349">9, 2, 3, 6</column>
<column name="invdar25_reg_361">9, 2, 3, 6</column>
<column name="invdar6_reg_197">9, 2, 6, 12</column>
<column name="invdar_reg_232">9, 2, 6, 12</column>
<column name="left_part_0_address0">21, 4, 12, 48</column>
<column name="left_part_0_ce0">15, 3, 1, 3</column>
<column name="left_part_0_d0">15, 3, 32, 96</column>
<column name="right_part_0_address0">21, 4, 12, 48</column>
<column name="right_part_0_ce0">15, 3, 1, 3</column>
<column name="right_part_0_d0">15, 3, 32, 96</column>
<column name="w_reg_394">9, 2, 4, 8</column>
</table>
</item>
<item name = "Register"><table name="" hasTotal="1">
<keys size="5">Name, FF, LUT, Bits, Const Bits</keys>
<column name="ap_CS_fsm">27, 0, 27, 0</column>
<column name="ap_reg_grp_shuffle_4811_fu_427_ap_start">1, 0, 1, 0</column>
<column name="ap_reg_grp_subconv_1x1_89_fu_415_ap_start">1, 0, 1, 0</column>
<column name="ap_reg_grp_subconv_3x3_8_no_rel_fu_405_ap_start">1, 0, 1, 0</column>
<column name="co_20_reg_945">6, 0, 6, 0</column>
<column name="co_reg_372">6, 0, 6, 0</column>
<column name="h_20_reg_963">4, 0, 4, 0</column>
<column name="h_reg_383">4, 0, 4, 0</column>
<column name="indvarinc11_reg_827">3, 0, 3, 0</column>
<column name="indvarinc15_reg_846">6, 0, 6, 0</column>
<column name="indvarinc16_reg_851">3, 0, 3, 0</column>
<column name="indvarinc18_reg_870">6, 0, 6, 0</column>
<column name="indvarinc19_reg_875">3, 0, 3, 0</column>
<column name="indvarinc21_reg_894">6, 0, 6, 0</column>
<column name="indvarinc22_reg_899">3, 0, 3, 0</column>
<column name="indvarinc24_reg_918">6, 0, 6, 0</column>
<column name="indvarinc25_reg_923">3, 0, 3, 0</column>
<column name="indvarinc7_reg_822">6, 0, 6, 0</column>
<column name="invdar10_reg_209">3, 0, 3, 0</column>
<column name="invdar14_reg_221">3, 0, 3, 0</column>
<column name="invdar15_reg_244">3, 0, 3, 0</column>
<column name="invdar16_reg_256">3, 0, 3, 0</column>
<column name="invdar17_reg_267">6, 0, 6, 0</column>
<column name="invdar18_reg_279">3, 0, 3, 0</column>
<column name="invdar19_reg_291">3, 0, 3, 0</column>
<column name="invdar20_reg_302">6, 0, 6, 0</column>
<column name="invdar21_reg_314">3, 0, 3, 0</column>
<column name="invdar22_reg_326">3, 0, 3, 0</column>
<column name="invdar23_reg_337">6, 0, 6, 0</column>
<column name="invdar24_reg_349">3, 0, 3, 0</column>
<column name="invdar25_reg_361">3, 0, 3, 0</column>
<column name="invdar6_reg_197">6, 0, 6, 0</column>
<column name="invdar_reg_232">6, 0, 6, 0</column>
<column name="tmp_328_cast_reg_950">7, 0, 11, 4</column>
<column name="tmp_330_cast_reg_955">6, 0, 10, 4</column>
<column name="tmp_333_cast_reg_968">11, 0, 14, 3</column>
<column name="tmp_336_cast_reg_973">10, 0, 14, 4</column>
<column name="tmp_338_cast_reg_991">14, 0, 64, 50</column>
<column name="w_20_reg_981">4, 0, 4, 0</column>
<column name="w_reg_394">4, 0, 4, 0</column>
</table>
</item>
</section>
</item>
</section>

<section name = "Interface" level="0">
<item name = "Summary"><table name="" hasTotal="0">
<keys size="6">RTL Ports, Dir, Bits, Protocol, Source Object, C Type</keys>
<column name="ap_clk">in, 1, ap_ctrl_hs, ShuffleUnit1, return value</column>
<column name="ap_rst">in, 1, ap_ctrl_hs, ShuffleUnit1, return value</column>
<column name="ap_start">in, 1, ap_ctrl_hs, ShuffleUnit1, return value</column>
<column name="ap_done">out, 1, ap_ctrl_hs, ShuffleUnit1, return value</column>
<column name="ap_idle">out, 1, ap_ctrl_hs, ShuffleUnit1, return value</column>
<column name="ap_ready">out, 1, ap_ctrl_hs, ShuffleUnit1, return value</column>
<column name="input_r_address0">out, 13, ap_memory, input_r, array</column>
<column name="input_r_ce0">out, 1, ap_memory, input_r, array</column>
<column name="input_r_q0">in, 32, ap_memory, input_r, array</column>
<column name="input_r_address1">out, 13, ap_memory, input_r, array</column>
<column name="input_r_ce1">out, 1, ap_memory, input_r, array</column>
<column name="input_r_q1">in, 32, ap_memory, input_r, array</column>
<column name="conv1_weight_address0">out, 12, ap_memory, conv1_weight, array</column>
<column name="conv1_weight_ce0">out, 1, ap_memory, conv1_weight, array</column>
<column name="conv1_weight_q0">in, 32, ap_memory, conv1_weight, array</column>
<column name="conv1_bias_address0">out, 6, ap_memory, conv1_bias, array</column>
<column name="conv1_bias_ce0">out, 1, ap_memory, conv1_bias, array</column>
<column name="conv1_bias_q0">in, 32, ap_memory, conv1_bias, array</column>
<column name="conv2_weight_address0">out, 9, ap_memory, conv2_weight, array</column>
<column name="conv2_weight_ce0">out, 1, ap_memory, conv2_weight, array</column>
<column name="conv2_weight_q0">in, 32, ap_memory, conv2_weight, array</column>
<column name="conv2_bias_address0">out, 6, ap_memory, conv2_bias, array</column>
<column name="conv2_bias_ce0">out, 1, ap_memory, conv2_bias, array</column>
<column name="conv2_bias_q0">in, 32, ap_memory, conv2_bias, array</column>
<column name="conv3_weight_address0">out, 12, ap_memory, conv3_weight, array</column>
<column name="conv3_weight_ce0">out, 1, ap_memory, conv3_weight, array</column>
<column name="conv3_weight_q0">in, 32, ap_memory, conv3_weight, array</column>
<column name="conv3_bias_address0">out, 6, ap_memory, conv3_bias, array</column>
<column name="conv3_bias_ce0">out, 1, ap_memory, conv3_bias, array</column>
<column name="conv3_bias_q0">in, 32, ap_memory, conv3_bias, array</column>
<column name="output_r_address0">out, 13, ap_memory, output_r, array</column>
<column name="output_r_ce0">out, 1, ap_memory, output_r, array</column>
<column name="output_r_we0">out, 1, ap_memory, output_r, array</column>
<column name="output_r_d0">out, 32, ap_memory, output_r, array</column>
</table>
</item>
</section>
</profile>
