<stg><name>ShuffleUnit1</name>


<trans_list>

<trans id="216" from="1" to="2">
<condition id="70">
<or_exp><and_exp></and_exp></or_exp>
</condition>
</trans>

<trans id="217" from="2" to="3">
<condition id="72">
<or_exp><and_exp></and_exp></or_exp>
</condition>
</trans>

<trans id="218" from="3" to="4">
<condition id="74">
<or_exp><and_exp></and_exp></or_exp>
</condition>
</trans>

<trans id="219" from="4" to="4">
<condition id="76">
<or_exp><and_exp><literal name="tmp_s" val="0"/>
</and_exp></or_exp>
</condition>
</trans>

<trans id="220" from="4" to="3">
<condition id="78">
<or_exp><and_exp><literal name="tmp_s" val="1"/>
<literal name="tmp_136" val="0"/>
</and_exp></or_exp>
</condition>
</trans>

<trans id="221" from="4" to="2">
<condition id="80">
<or_exp><and_exp><literal name="tmp_s" val="1"/>
<literal name="tmp_136" val="1"/>
<literal name="tmp_137" val="0"/>
</and_exp></or_exp>
</condition>
</trans>

<trans id="222" from="4" to="5">
<condition id="82">
<or_exp><and_exp><literal name="tmp_s" val="1"/>
<literal name="tmp_136" val="1"/>
<literal name="tmp_137" val="1"/>
</and_exp></or_exp>
</condition>
</trans>

<trans id="223" from="5" to="6">
<condition id="84">
<or_exp><and_exp></and_exp></or_exp>
</condition>
</trans>

<trans id="224" from="6" to="7">
<condition id="86">
<or_exp><and_exp></and_exp></or_exp>
</condition>
</trans>

<trans id="225" from="7" to="7">
<condition id="88">
<or_exp><and_exp><literal name="tmp_138" val="0"/>
</and_exp></or_exp>
</condition>
</trans>

<trans id="226" from="7" to="6">
<condition id="90">
<or_exp><and_exp><literal name="tmp_138" val="1"/>
<literal name="tmp_139" val="0"/>
</and_exp></or_exp>
</condition>
</trans>

<trans id="227" from="7" to="5">
<condition id="92">
<or_exp><and_exp><literal name="tmp_138" val="1"/>
<literal name="tmp_139" val="1"/>
<literal name="tmp_140" val="0"/>
</and_exp></or_exp>
</condition>
</trans>

<trans id="228" from="7" to="8">
<condition id="94">
<or_exp><and_exp><literal name="tmp_138" val="1"/>
<literal name="tmp_139" val="1"/>
<literal name="tmp_140" val="1"/>
</and_exp></or_exp>
</condition>
</trans>

<trans id="229" from="8" to="9">
<condition id="96">
<or_exp><and_exp></and_exp></or_exp>
</condition>
</trans>

<trans id="230" from="9" to="10">
<condition id="98">
<or_exp><and_exp></and_exp></or_exp>
</condition>
</trans>

<trans id="231" from="10" to="10">
<condition id="100">
<or_exp><and_exp><literal name="tmp_141" val="0"/>
</and_exp></or_exp>
</condition>
</trans>

<trans id="232" from="10" to="9">
<condition id="102">
<or_exp><and_exp><literal name="tmp_141" val="1"/>
<literal name="tmp_142" val="0"/>
</and_exp></or_exp>
</condition>
</trans>

<trans id="233" from="10" to="8">
<condition id="104">
<or_exp><and_exp><literal name="tmp_141" val="1"/>
<literal name="tmp_142" val="1"/>
<literal name="tmp_143" val="0"/>
</and_exp></or_exp>
</condition>
</trans>

<trans id="234" from="10" to="11">
<condition id="106">
<or_exp><and_exp><literal name="tmp_141" val="1"/>
<literal name="tmp_142" val="1"/>
<literal name="tmp_143" val="1"/>
</and_exp></or_exp>
</condition>
</trans>

<trans id="235" from="11" to="12">
<condition id="108">
<or_exp><and_exp></and_exp></or_exp>
</condition>
</trans>

<trans id="236" from="12" to="13">
<condition id="110">
<or_exp><and_exp></and_exp></or_exp>
</condition>
</trans>

<trans id="237" from="13" to="13">
<condition id="112">
<or_exp><and_exp><literal name="tmp_144" val="0"/>
</and_exp></or_exp>
</condition>
</trans>

<trans id="238" from="13" to="12">
<condition id="114">
<or_exp><and_exp><literal name="tmp_144" val="1"/>
<literal name="tmp_145" val="0"/>
</and_exp></or_exp>
</condition>
</trans>

<trans id="239" from="13" to="11">
<condition id="116">
<or_exp><and_exp><literal name="tmp_144" val="1"/>
<literal name="tmp_145" val="1"/>
<literal name="tmp_146" val="0"/>
</and_exp></or_exp>
</condition>
</trans>

<trans id="240" from="13" to="14">
<condition id="118">
<or_exp><and_exp><literal name="tmp_144" val="1"/>
<literal name="tmp_145" val="1"/>
<literal name="tmp_146" val="1"/>
</and_exp></or_exp>
</condition>
</trans>

<trans id="241" from="14" to="15">
<condition id="120">
<or_exp><and_exp></and_exp></or_exp>
</condition>
</trans>

<trans id="242" from="15" to="16">
<condition id="122">
<or_exp><and_exp></and_exp></or_exp>
</condition>
</trans>

<trans id="243" from="16" to="16">
<condition id="124">
<or_exp><and_exp><literal name="tmp_147" val="0"/>
</and_exp></or_exp>
</condition>
</trans>

<trans id="244" from="16" to="15">
<condition id="126">
<or_exp><and_exp><literal name="tmp_147" val="1"/>
<literal name="tmp_148" val="0"/>
</and_exp></or_exp>
</condition>
</trans>

<trans id="245" from="16" to="14">
<condition id="128">
<or_exp><and_exp><literal name="tmp_147" val="1"/>
<literal name="tmp_148" val="1"/>
<literal name="tmp_149" val="0"/>
</and_exp></or_exp>
</condition>
</trans>

<trans id="246" from="16" to="17">
<condition id="130">
<or_exp><and_exp><literal name="tmp_147" val="1"/>
<literal name="tmp_148" val="1"/>
<literal name="tmp_149" val="1"/>
</and_exp></or_exp>
</condition>
</trans>

<trans id="247" from="17" to="21">
<condition id="131">
<or_exp><and_exp><literal name="exitcond2" val="1"/>
</and_exp></or_exp>
</condition>
</trans>

<trans id="248" from="17" to="18">
<condition id="133">
<or_exp><and_exp><literal name="exitcond2" val="0"/>
</and_exp></or_exp>
</condition>
</trans>

<trans id="249" from="18" to="19">
<condition id="135">
<or_exp><and_exp><literal name="exitcond1" val="0"/>
</and_exp></or_exp>
</condition>
</trans>

<trans id="254" from="18" to="17">
<condition id="143">
<or_exp><and_exp><literal name="exitcond1" val="1"/>
</and_exp></or_exp>
</condition>
</trans>

<trans id="250" from="19" to="20">
<condition id="136">
<or_exp><and_exp><literal name="exitcond" val="0"/>
</and_exp></or_exp>
</condition>
</trans>

<trans id="253" from="19" to="18">
<condition id="141">
<or_exp><and_exp><literal name="exitcond" val="1"/>
</and_exp></or_exp>
</condition>
</trans>

<trans id="252" from="20" to="19">
<condition id="139">
<or_exp><and_exp></and_exp></or_exp>
</condition>
</trans>

<trans id="256" from="21" to="22">
<condition id="145">
<or_exp><and_exp></and_exp></or_exp>
</condition>
</trans>

<trans id="257" from="22" to="23">
<condition id="146">
<or_exp><and_exp></and_exp></or_exp>
</condition>
</trans>

<trans id="258" from="23" to="24">
<condition id="147">
<or_exp><and_exp></and_exp></or_exp>
</condition>
</trans>

<trans id="259" from="24" to="25">
<condition id="148">
<or_exp><and_exp></and_exp></or_exp>
</condition>
</trans>

<trans id="260" from="25" to="26">
<condition id="149">
<or_exp><and_exp></and_exp></or_exp>
</condition>
</trans>

<trans id="261" from="26" to="27">
<condition id="150">
<or_exp><and_exp></and_exp></or_exp>
</condition>
</trans>
</trans_list>



<state_list>

<state id="1" st_id="1">

<operation id="28" st_id="1" stage="1" lat="1">
<core>RAM</core>
<MemPortIdVec></MemPortIdVec>
<condition id="0">
<or_exp><and_exp></and_exp></or_exp>
</condition>

<Node id="9" bw="32" op_0_bw="64">
<![CDATA[
meminst.0:0  %left_part_0 = alloca [3072 x float], align 4

]]></Node>
<StgValue><ssdm name="left_part_0"/></StgValue>
</operation>

<operation id="29" st_id="1" stage="1" lat="1">
<core>RAM</core>
<MemPortIdVec></MemPortIdVec>
<condition id="0">
<or_exp><and_exp></and_exp></or_exp>
</condition>

<Node id="10" bw="32" op_0_bw="64">
<![CDATA[
meminst.0:1  %right_part_0 = alloca [3072 x float], align 4

]]></Node>
<StgValue><ssdm name="right_part_0"/></StgValue>
</operation>

<operation id="30" st_id="1" stage="1" lat="1">
<core>RAM</core>
<MemPortIdVec></MemPortIdVec>
<condition id="0">
<or_exp><and_exp></and_exp></or_exp>
</condition>

<Node id="11" bw="32" op_0_bw="64">
<![CDATA[
meminst.0:2  %conv1_output_0 = alloca [3072 x float], align 4

]]></Node>
<StgValue><ssdm name="conv1_output_0"/></StgValue>
</operation>

<operation id="31" st_id="1" stage="1" lat="1">
<core>RAM</core>
<MemPortIdVec></MemPortIdVec>
<condition id="0">
<or_exp><and_exp></and_exp></or_exp>
</condition>

<Node id="12" bw="32" op_0_bw="64">
<![CDATA[
meminst.0:3  %conv2_output_0 = alloca [3072 x float], align 4

]]></Node>
<StgValue><ssdm name="conv2_output_0"/></StgValue>
</operation>

<operation id="32" st_id="1" stage="1" lat="1">
<core>RAM</core>
<MemPortIdVec></MemPortIdVec>
<condition id="0">
<or_exp><and_exp></and_exp></or_exp>
</condition>

<Node id="13" bw="32" op_0_bw="64">
<![CDATA[
meminst.0:4  %conv3_output_0 = alloca [3072 x float], align 4

]]></Node>
<StgValue><ssdm name="conv3_output_0"/></StgValue>
</operation>

<operation id="33" st_id="1" stage="1" lat="1">
<core>NULL</core>
<MemPortIdVec></MemPortIdVec>
<condition id="0">
<or_exp><and_exp></and_exp></or_exp>
</condition>

<Node id="14" bw="0" op_0_bw="0">
<![CDATA[
meminst.0:5  br label %meminst5.0

]]></Node>
<StgValue><ssdm name=""/></StgValue>
</operation>
</state>

<state id="2" st_id="2">

<operation id="34" st_id="2" stage="1" lat="1">
<core>NULL</core>
<MemPortIdVec></MemPortIdVec>
<condition id="1">
<or_exp><and_exp></and_exp></or_exp>
</condition>

<Node id="16" bw="6" op_0_bw="6" op_1_bw="0">
<![CDATA[
meminst5.0:0  %invdar6 = phi i6 [ 0, %meminst.0 ], [ %indvarinc7, %meminst58.0 ]

]]></Node>
<StgValue><ssdm name="invdar6"/></StgValue>
</operation>

<operation id="35" st_id="2" stage="1" lat="1">
<core>AddSub</core>
<MemPortIdVec></MemPortIdVec>
<condition id="1">
<or_exp><and_exp></and_exp></or_exp>
</condition>

<Node id="17" bw="6" op_0_bw="6" op_1_bw="6">
<![CDATA[
meminst5.0:1  %indvarinc7 = add i6 %invdar6, 1

]]></Node>
<StgValue><ssdm name="indvarinc7"/></StgValue>
</operation>

<operation id="36" st_id="2" stage="1" lat="1">
<core>NULL</core>
<MemPortIdVec></MemPortIdVec>
<condition id="1">
<or_exp><and_exp></and_exp></or_exp>
</condition>

<Node id="18" bw="32" op_0_bw="32" op_1_bw="64" op_2_bw="64" op_3_bw="64">
<![CDATA[
meminst5.0:2  %empty_344 = call i32 (...)* @_ssdm_op_SpecLoopTripCount(i64 48, i64 48, i64 48)

]]></Node>
<StgValue><ssdm name="empty_344"/></StgValue>
</operation>

<operation id="37" st_id="2" stage="1" lat="1">
<core>NULL</core>
<MemPortIdVec></MemPortIdVec>
<condition id="1">
<or_exp><and_exp></and_exp></or_exp>
</condition>

<Node id="19" bw="0" op_0_bw="0">
<![CDATA[
meminst5.0:3  br label %meminst9.0

]]></Node>
<StgValue><ssdm name=""/></StgValue>
</operation>
</state>

<state id="3" st_id="3">

<operation id="38" st_id="3" stage="1" lat="1">
<core>NULL</core>
<MemPortIdVec></MemPortIdVec>
<condition id="2">
<or_exp><and_exp></and_exp></or_exp>
</condition>

<Node id="21" bw="3" op_0_bw="3" op_1_bw="0">
<![CDATA[
meminst9.0:0  %invdar10 = phi i3 [ 0, %meminst5.0 ], [ %indvarinc11, %meminst912.0 ]

]]></Node>
<StgValue><ssdm name="invdar10"/></StgValue>
</operation>

<operation id="39" st_id="3" stage="1" lat="1">
<core>AddSub</core>
<MemPortIdVec></MemPortIdVec>
<condition id="2">
<or_exp><and_exp></and_exp></or_exp>
</condition>

<Node id="22" bw="3" op_0_bw="3" op_1_bw="3">
<![CDATA[
meminst9.0:1  %indvarinc11 = add i3 %invdar10, 1

]]></Node>
<StgValue><ssdm name="indvarinc11"/></StgValue>
</operation>

<operation id="40" st_id="3" stage="1" lat="1">
<core>NULL</core>
<MemPortIdVec></MemPortIdVec>
<condition id="2">
<or_exp><and_exp></and_exp></or_exp>
</condition>

<Node id="23" bw="32" op_0_bw="32" op_1_bw="64" op_2_bw="64" op_3_bw="64">
<![CDATA[
meminst9.0:2  %empty_343 = call i32 (...)* @_ssdm_op_SpecLoopTripCount(i64 8, i64 8, i64 8)

]]></Node>
<StgValue><ssdm name="empty_343"/></StgValue>
</operation>

<operation id="41" st_id="3" stage="1" lat="1">
<core>NULL</core>
<MemPortIdVec></MemPortIdVec>
<condition id="2">
<or_exp><and_exp></and_exp></or_exp>
</condition>

<Node id="24" bw="0" op_0_bw="0">
<![CDATA[
meminst9.0:3  br label %meminst13.0

]]></Node>
<StgValue><ssdm name=""/></StgValue>
</operation>
</state>

<state id="4" st_id="4">

<operation id="42" st_id="4" stage="1" lat="1">
<core>NULL</core>
<MemPortIdVec></MemPortIdVec>
<condition id="3">
<or_exp><and_exp></and_exp></or_exp>
</condition>

<Node id="26" bw="3" op_0_bw="3" op_1_bw="0">
<![CDATA[
meminst13.0:0  %invdar14 = phi i3 [ 0, %meminst9.0 ], [ %indvarinc, %meminst13.0 ]

]]></Node>
<StgValue><ssdm name="invdar14"/></StgValue>
</operation>

<operation id="43" st_id="4" stage="1" lat="1">
<core>AddSub</core>
<MemPortIdVec></MemPortIdVec>
<condition id="3">
<or_exp><and_exp></and_exp></or_exp>
</condition>

<Node id="27" bw="3" op_0_bw="3" op_1_bw="3">
<![CDATA[
meminst13.0:1  %indvarinc = add i3 %invdar14, 1

]]></Node>
<StgValue><ssdm name="indvarinc"/></StgValue>
</operation>

<operation id="44" st_id="4" stage="1" lat="1">
<core>NULL</core>
<MemPortIdVec></MemPortIdVec>
<condition id="3">
<or_exp><and_exp></and_exp></or_exp>
</condition>

<Node id="28" bw="12" op_0_bw="12" op_1_bw="6" op_2_bw="3" op_3_bw="3">
<![CDATA[
meminst13.0:2  %tmp = call i12 @_ssdm_op_BitConcatenate.i12.i6.i3.i3(i6 %invdar6, i3 %invdar10, i3 %invdar14)

]]></Node>
<StgValue><ssdm name="tmp"/></StgValue>
</operation>

<operation id="45" st_id="4" stage="1" lat="1">
<core>NULL</core>
<MemPortIdVec></MemPortIdVec>
<condition id="3">
<or_exp><and_exp></and_exp></or_exp>
</condition>

<Node id="29" bw="64" op_0_bw="12">
<![CDATA[
meminst13.0:3  %tmp_191 = zext i12 %tmp to i64

]]></Node>
<StgValue><ssdm name="tmp_191"/></StgValue>
</operation>

<operation id="46" st_id="4" stage="1" lat="1">
<core>NULL</core>
<MemPortIdVec></MemPortIdVec>
<condition id="3">
<or_exp><and_exp></and_exp></or_exp>
</condition>

<Node id="30" bw="12" op_0_bw="32" op_1_bw="64" op_2_bw="64">
<![CDATA[
meminst13.0:4  %left_part_0_addr = getelementptr [3072 x float]* %left_part_0, i64 0, i64 %tmp_191

]]></Node>
<StgValue><ssdm name="left_part_0_addr"/></StgValue>
</operation>

<operation id="47" st_id="4" stage="1" lat="1">
<core>RAM</core>
<MemPortIdVec></MemPortIdVec>
<condition id="3">
<or_exp><and_exp></and_exp></or_exp>
</condition>

<Node id="31" bw="0" op_0_bw="32" op_1_bw="12">
<![CDATA[
meminst13.0:5  store float 0.000000e+00, float* %left_part_0_addr, align 4

]]></Node>
<StgValue><ssdm name=""/></StgValue>
</operation>

<operation id="48" st_id="4" stage="1" lat="1">
<core>Cmp</core>
<MemPortIdVec></MemPortIdVec>
<condition id="3">
<or_exp><and_exp></and_exp></or_exp>
</condition>

<Node id="32" bw="1" op_0_bw="3" op_1_bw="3">
<![CDATA[
meminst13.0:6  %tmp_s = icmp eq i3 %invdar14, -1

]]></Node>
<StgValue><ssdm name="tmp_s"/></StgValue>
</operation>

<operation id="49" st_id="4" stage="1" lat="1">
<core>NULL</core>
<MemPortIdVec></MemPortIdVec>
<condition id="3">
<or_exp><and_exp></and_exp></or_exp>
</condition>

<Node id="33" bw="32" op_0_bw="32" op_1_bw="0">
<![CDATA[
meminst13.0:7  %empty_341 = call i32 (...)* @_ssdm_op_SpecLoopName([17 x i8]* @memset_left_part_str) nounwind

]]></Node>
<StgValue><ssdm name="empty_341"/></StgValue>
</operation>

<operation id="50" st_id="4" stage="1" lat="1">
<core>NULL</core>
<MemPortIdVec></MemPortIdVec>
<condition id="3">
<or_exp><and_exp></and_exp></or_exp>
</condition>

<Node id="34" bw="32" op_0_bw="32" op_1_bw="64" op_2_bw="64" op_3_bw="64">
<![CDATA[
meminst13.0:8  %empty_342 = call i32 (...)* @_ssdm_op_SpecLoopTripCount(i64 8, i64 8, i64 8)

]]></Node>
<StgValue><ssdm name="empty_342"/></StgValue>
</operation>

<operation id="51" st_id="4" stage="1" lat="1">
<core>NULL</core>
<MemPortIdVec></MemPortIdVec>
<condition id="3">
<or_exp><and_exp></and_exp></or_exp>
</condition>

<Node id="35" bw="0" op_0_bw="1" op_1_bw="0" op_2_bw="0">
<![CDATA[
meminst13.0:9  br i1 %tmp_s, label %meminst912.0, label %meminst13.0

]]></Node>
<StgValue><ssdm name=""/></StgValue>
</operation>

<operation id="52" st_id="4" stage="1" lat="1">
<core>Cmp</core>
<MemPortIdVec></MemPortIdVec>
<condition id="5">
<or_exp><and_exp><literal name="tmp_s" val="1"/>
</and_exp></or_exp>
</condition>

<Node id="37" bw="1" op_0_bw="3" op_1_bw="3">
<![CDATA[
meminst912.0:0  %tmp_136 = icmp eq i3 %invdar10, -1

]]></Node>
<StgValue><ssdm name="tmp_136"/></StgValue>
</operation>

<operation id="53" st_id="4" stage="1" lat="1">
<core>NULL</core>
<MemPortIdVec></MemPortIdVec>
<condition id="5">
<or_exp><and_exp><literal name="tmp_s" val="1"/>
</and_exp></or_exp>
</condition>

<Node id="38" bw="32" op_0_bw="32" op_1_bw="0">
<![CDATA[
meminst912.0:1  %empty_340 = call i32 (...)* @_ssdm_op_SpecLoopName([17 x i8]* @memset_left_part_str) nounwind

]]></Node>
<StgValue><ssdm name="empty_340"/></StgValue>
</operation>

<operation id="54" st_id="4" stage="1" lat="1">
<core>NULL</core>
<MemPortIdVec></MemPortIdVec>
<condition id="5">
<or_exp><and_exp><literal name="tmp_s" val="1"/>
</and_exp></or_exp>
</condition>

<Node id="39" bw="0" op_0_bw="1" op_1_bw="0" op_2_bw="0">
<![CDATA[
meminst912.0:2  br i1 %tmp_136, label %meminst58.0, label %meminst9.0

]]></Node>
<StgValue><ssdm name=""/></StgValue>
</operation>

<operation id="55" st_id="4" stage="1" lat="1">
<core>Cmp</core>
<MemPortIdVec></MemPortIdVec>
<condition id="7">
<or_exp><and_exp><literal name="tmp_s" val="1"/>
<literal name="tmp_136" val="1"/>
</and_exp></or_exp>
</condition>

<Node id="41" bw="1" op_0_bw="6" op_1_bw="6">
<![CDATA[
meminst58.0:0  %tmp_137 = icmp eq i6 %invdar6, -17

]]></Node>
<StgValue><ssdm name="tmp_137"/></StgValue>
</operation>

<operation id="56" st_id="4" stage="1" lat="1">
<core>NULL</core>
<MemPortIdVec></MemPortIdVec>
<condition id="7">
<or_exp><and_exp><literal name="tmp_s" val="1"/>
<literal name="tmp_136" val="1"/>
</and_exp></or_exp>
</condition>

<Node id="42" bw="32" op_0_bw="32" op_1_bw="0">
<![CDATA[
meminst58.0:1  %empty = call i32 (...)* @_ssdm_op_SpecLoopName([17 x i8]* @memset_left_part_str) nounwind

]]></Node>
<StgValue><ssdm name="empty"/></StgValue>
</operation>

<operation id="57" st_id="4" stage="1" lat="1">
<core>NULL</core>
<MemPortIdVec></MemPortIdVec>
<condition id="7">
<or_exp><and_exp><literal name="tmp_s" val="1"/>
<literal name="tmp_136" val="1"/>
</and_exp></or_exp>
</condition>

<Node id="43" bw="0" op_0_bw="1" op_1_bw="0" op_2_bw="0">
<![CDATA[
meminst58.0:2  br i1 %tmp_137, label %meminst20.0.preheader, label %meminst5.0

]]></Node>
<StgValue><ssdm name=""/></StgValue>
</operation>

<operation id="58" st_id="4" stage="1" lat="1">
<core>NULL</core>
<MemPortIdVec></MemPortIdVec>
<condition id="9">
<or_exp><and_exp><literal name="tmp_s" val="1"/>
<literal name="tmp_136" val="1"/>
<literal name="tmp_137" val="1"/>
</and_exp></or_exp>
</condition>

<Node id="45" bw="0" op_0_bw="0">
<![CDATA[
meminst20.0.preheader:0  br label %meminst20.0

]]></Node>
<StgValue><ssdm name=""/></StgValue>
</operation>
</state>

<state id="5" st_id="5">

<operation id="59" st_id="5" stage="1" lat="1">
<core>NULL</core>
<MemPortIdVec></MemPortIdVec>
<condition id="10">
<or_exp><and_exp></and_exp></or_exp>
</condition>

<Node id="47" bw="6" op_0_bw="6" op_1_bw="0">
<![CDATA[
meminst20.0:0  %invdar = phi i6 [ %indvarinc15, %meminst2023.0 ], [ 0, %meminst20.0.preheader ]

]]></Node>
<StgValue><ssdm name="invdar"/></StgValue>
</operation>

<operation id="60" st_id="5" stage="1" lat="1">
<core>AddSub</core>
<MemPortIdVec></MemPortIdVec>
<condition id="10">
<or_exp><and_exp></and_exp></or_exp>
</condition>

<Node id="48" bw="6" op_0_bw="6" op_1_bw="6">
<![CDATA[
meminst20.0:1  %indvarinc15 = add i6 %invdar, 1

]]></Node>
<StgValue><ssdm name="indvarinc15"/></StgValue>
</operation>

<operation id="61" st_id="5" stage="1" lat="1">
<core>NULL</core>
<MemPortIdVec></MemPortIdVec>
<condition id="10">
<or_exp><and_exp></and_exp></or_exp>
</condition>

<Node id="49" bw="32" op_0_bw="32" op_1_bw="64" op_2_bw="64" op_3_bw="64">
<![CDATA[
meminst20.0:2  %empty_350 = call i32 (...)* @_ssdm_op_SpecLoopTripCount(i64 48, i64 48, i64 48)

]]></Node>
<StgValue><ssdm name="empty_350"/></StgValue>
</operation>

<operation id="62" st_id="5" stage="1" lat="1">
<core>NULL</core>
<MemPortIdVec></MemPortIdVec>
<condition id="10">
<or_exp><and_exp></and_exp></or_exp>
</condition>

<Node id="50" bw="0" op_0_bw="0">
<![CDATA[
meminst20.0:3  br label %meminst24.0

]]></Node>
<StgValue><ssdm name=""/></StgValue>
</operation>
</state>

<state id="6" st_id="6">

<operation id="63" st_id="6" stage="1" lat="1">
<core>NULL</core>
<MemPortIdVec></MemPortIdVec>
<condition id="11">
<or_exp><and_exp></and_exp></or_exp>
</condition>

<Node id="52" bw="3" op_0_bw="3" op_1_bw="0">
<![CDATA[
meminst24.0:0  %invdar15 = phi i3 [ 0, %meminst20.0 ], [ %indvarinc16, %meminst2427.0 ]

]]></Node>
<StgValue><ssdm name="invdar15"/></StgValue>
</operation>

<operation id="64" st_id="6" stage="1" lat="1">
<core>AddSub</core>
<MemPortIdVec></MemPortIdVec>
<condition id="11">
<or_exp><and_exp></and_exp></or_exp>
</condition>

<Node id="53" bw="3" op_0_bw="3" op_1_bw="3">
<![CDATA[
meminst24.0:1  %indvarinc16 = add i3 %invdar15, 1

]]></Node>
<StgValue><ssdm name="indvarinc16"/></StgValue>
</operation>

<operation id="65" st_id="6" stage="1" lat="1">
<core>NULL</core>
<MemPortIdVec></MemPortIdVec>
<condition id="11">
<or_exp><and_exp></and_exp></or_exp>
</condition>

<Node id="54" bw="32" op_0_bw="32" op_1_bw="64" op_2_bw="64" op_3_bw="64">
<![CDATA[
meminst24.0:2  %empty_349 = call i32 (...)* @_ssdm_op_SpecLoopTripCount(i64 8, i64 8, i64 8)

]]></Node>
<StgValue><ssdm name="empty_349"/></StgValue>
</operation>

<operation id="66" st_id="6" stage="1" lat="1">
<core>NULL</core>
<MemPortIdVec></MemPortIdVec>
<condition id="11">
<or_exp><and_exp></and_exp></or_exp>
</condition>

<Node id="55" bw="0" op_0_bw="0">
<![CDATA[
meminst24.0:3  br label %meminst28.0

]]></Node>
<StgValue><ssdm name=""/></StgValue>
</operation>
</state>

<state id="7" st_id="7">

<operation id="67" st_id="7" stage="1" lat="1">
<core>NULL</core>
<MemPortIdVec></MemPortIdVec>
<condition id="12">
<or_exp><and_exp></and_exp></or_exp>
</condition>

<Node id="57" bw="3" op_0_bw="3" op_1_bw="0">
<![CDATA[
meminst28.0:0  %invdar16 = phi i3 [ 0, %meminst24.0 ], [ %indvarinc17, %meminst28.0 ]

]]></Node>
<StgValue><ssdm name="invdar16"/></StgValue>
</operation>

<operation id="68" st_id="7" stage="1" lat="1">
<core>AddSub</core>
<MemPortIdVec></MemPortIdVec>
<condition id="12">
<or_exp><and_exp></and_exp></or_exp>
</condition>

<Node id="58" bw="3" op_0_bw="3" op_1_bw="3">
<![CDATA[
meminst28.0:1  %indvarinc17 = add i3 %invdar16, 1

]]></Node>
<StgValue><ssdm name="indvarinc17"/></StgValue>
</operation>

<operation id="69" st_id="7" stage="1" lat="1">
<core>NULL</core>
<MemPortIdVec></MemPortIdVec>
<condition id="12">
<or_exp><and_exp></and_exp></or_exp>
</condition>

<Node id="59" bw="12" op_0_bw="12" op_1_bw="6" op_2_bw="3" op_3_bw="3">
<![CDATA[
meminst28.0:2  %tmp_110 = call i12 @_ssdm_op_BitConcatenate.i12.i6.i3.i3(i6 %invdar, i3 %invdar15, i3 %invdar16)

]]></Node>
<StgValue><ssdm name="tmp_110"/></StgValue>
</operation>

<operation id="70" st_id="7" stage="1" lat="1">
<core>NULL</core>
<MemPortIdVec></MemPortIdVec>
<condition id="12">
<or_exp><and_exp></and_exp></or_exp>
</condition>

<Node id="60" bw="64" op_0_bw="12">
<![CDATA[
meminst28.0:3  %tmp_192 = zext i12 %tmp_110 to i64

]]></Node>
<StgValue><ssdm name="tmp_192"/></StgValue>
</operation>

<operation id="71" st_id="7" stage="1" lat="1">
<core>NULL</core>
<MemPortIdVec></MemPortIdVec>
<condition id="12">
<or_exp><and_exp></and_exp></or_exp>
</condition>

<Node id="61" bw="12" op_0_bw="32" op_1_bw="64" op_2_bw="64">
<![CDATA[
meminst28.0:4  %right_part_0_addr = getelementptr [3072 x float]* %right_part_0, i64 0, i64 %tmp_192

]]></Node>
<StgValue><ssdm name="right_part_0_addr"/></StgValue>
</operation>

<operation id="72" st_id="7" stage="1" lat="1">
<core>RAM</core>
<MemPortIdVec></MemPortIdVec>
<condition id="12">
<or_exp><and_exp></and_exp></or_exp>
</condition>

<Node id="62" bw="0" op_0_bw="32" op_1_bw="12">
<![CDATA[
meminst28.0:5  store float 0.000000e+00, float* %right_part_0_addr, align 4

]]></Node>
<StgValue><ssdm name=""/></StgValue>
</operation>

<operation id="73" st_id="7" stage="1" lat="1">
<core>Cmp</core>
<MemPortIdVec></MemPortIdVec>
<condition id="12">
<or_exp><and_exp></and_exp></or_exp>
</condition>

<Node id="63" bw="1" op_0_bw="3" op_1_bw="3">
<![CDATA[
meminst28.0:6  %tmp_138 = icmp eq i3 %invdar16, -1

]]></Node>
<StgValue><ssdm name="tmp_138"/></StgValue>
</operation>

<operation id="74" st_id="7" stage="1" lat="1">
<core>NULL</core>
<MemPortIdVec></MemPortIdVec>
<condition id="12">
<or_exp><and_exp></and_exp></or_exp>
</condition>

<Node id="64" bw="32" op_0_bw="32" op_1_bw="0">
<![CDATA[
meminst28.0:7  %empty_347 = call i32 (...)* @_ssdm_op_SpecLoopName([18 x i8]* @memset_right_part_st) nounwind

]]></Node>
<StgValue><ssdm name="empty_347"/></StgValue>
</operation>

<operation id="75" st_id="7" stage="1" lat="1">
<core>NULL</core>
<MemPortIdVec></MemPortIdVec>
<condition id="12">
<or_exp><and_exp></and_exp></or_exp>
</condition>

<Node id="65" bw="32" op_0_bw="32" op_1_bw="64" op_2_bw="64" op_3_bw="64">
<![CDATA[
meminst28.0:8  %empty_348 = call i32 (...)* @_ssdm_op_SpecLoopTripCount(i64 8, i64 8, i64 8)

]]></Node>
<StgValue><ssdm name="empty_348"/></StgValue>
</operation>

<operation id="76" st_id="7" stage="1" lat="1">
<core>NULL</core>
<MemPortIdVec></MemPortIdVec>
<condition id="12">
<or_exp><and_exp></and_exp></or_exp>
</condition>

<Node id="66" bw="0" op_0_bw="1" op_1_bw="0" op_2_bw="0">
<![CDATA[
meminst28.0:9  br i1 %tmp_138, label %meminst2427.0, label %meminst28.0

]]></Node>
<StgValue><ssdm name=""/></StgValue>
</operation>

<operation id="77" st_id="7" stage="1" lat="1">
<core>Cmp</core>
<MemPortIdVec></MemPortIdVec>
<condition id="14">
<or_exp><and_exp><literal name="tmp_138" val="1"/>
</and_exp></or_exp>
</condition>

<Node id="68" bw="1" op_0_bw="3" op_1_bw="3">
<![CDATA[
meminst2427.0:0  %tmp_139 = icmp eq i3 %invdar15, -1

]]></Node>
<StgValue><ssdm name="tmp_139"/></StgValue>
</operation>

<operation id="78" st_id="7" stage="1" lat="1">
<core>NULL</core>
<MemPortIdVec></MemPortIdVec>
<condition id="14">
<or_exp><and_exp><literal name="tmp_138" val="1"/>
</and_exp></or_exp>
</condition>

<Node id="69" bw="32" op_0_bw="32" op_1_bw="0">
<![CDATA[
meminst2427.0:1  %empty_346 = call i32 (...)* @_ssdm_op_SpecLoopName([18 x i8]* @memset_right_part_st) nounwind

]]></Node>
<StgValue><ssdm name="empty_346"/></StgValue>
</operation>

<operation id="79" st_id="7" stage="1" lat="1">
<core>NULL</core>
<MemPortIdVec></MemPortIdVec>
<condition id="14">
<or_exp><and_exp><literal name="tmp_138" val="1"/>
</and_exp></or_exp>
</condition>

<Node id="70" bw="0" op_0_bw="1" op_1_bw="0" op_2_bw="0">
<![CDATA[
meminst2427.0:2  br i1 %tmp_139, label %meminst2023.0, label %meminst24.0

]]></Node>
<StgValue><ssdm name=""/></StgValue>
</operation>

<operation id="80" st_id="7" stage="1" lat="1">
<core>Cmp</core>
<MemPortIdVec></MemPortIdVec>
<condition id="16">
<or_exp><and_exp><literal name="tmp_138" val="1"/>
<literal name="tmp_139" val="1"/>
</and_exp></or_exp>
</condition>

<Node id="72" bw="1" op_0_bw="6" op_1_bw="6">
<![CDATA[
meminst2023.0:0  %tmp_140 = icmp eq i6 %invdar, -17

]]></Node>
<StgValue><ssdm name="tmp_140"/></StgValue>
</operation>

<operation id="81" st_id="7" stage="1" lat="1">
<core>NULL</core>
<MemPortIdVec></MemPortIdVec>
<condition id="16">
<or_exp><and_exp><literal name="tmp_138" val="1"/>
<literal name="tmp_139" val="1"/>
</and_exp></or_exp>
</condition>

<Node id="73" bw="32" op_0_bw="32" op_1_bw="0">
<![CDATA[
meminst2023.0:1  %empty_345 = call i32 (...)* @_ssdm_op_SpecLoopName([18 x i8]* @memset_right_part_st) nounwind

]]></Node>
<StgValue><ssdm name="empty_345"/></StgValue>
</operation>

<operation id="82" st_id="7" stage="1" lat="1">
<core>NULL</core>
<MemPortIdVec></MemPortIdVec>
<condition id="16">
<or_exp><and_exp><literal name="tmp_138" val="1"/>
<literal name="tmp_139" val="1"/>
</and_exp></or_exp>
</condition>

<Node id="74" bw="0" op_0_bw="1" op_1_bw="0" op_2_bw="0">
<![CDATA[
meminst2023.0:2  br i1 %tmp_140, label %meminst35.0.preheader, label %meminst20.0

]]></Node>
<StgValue><ssdm name=""/></StgValue>
</operation>

<operation id="83" st_id="7" stage="1" lat="1">
<core>NULL</core>
<MemPortIdVec></MemPortIdVec>
<condition id="18">
<or_exp><and_exp><literal name="tmp_138" val="1"/>
<literal name="tmp_139" val="1"/>
<literal name="tmp_140" val="1"/>
</and_exp></or_exp>
</condition>

<Node id="76" bw="0" op_0_bw="0">
<![CDATA[
meminst35.0.preheader:0  br label %meminst35.0

]]></Node>
<StgValue><ssdm name=""/></StgValue>
</operation>
</state>

<state id="8" st_id="8">

<operation id="84" st_id="8" stage="1" lat="1">
<core>NULL</core>
<MemPortIdVec></MemPortIdVec>
<condition id="19">
<or_exp><and_exp></and_exp></or_exp>
</condition>

<Node id="78" bw="6" op_0_bw="6" op_1_bw="0">
<![CDATA[
meminst35.0:0  %invdar17 = phi i6 [ %indvarinc18, %meminst3538.0 ], [ 0, %meminst35.0.preheader ]

]]></Node>
<StgValue><ssdm name="invdar17"/></StgValue>
</operation>

<operation id="85" st_id="8" stage="1" lat="1">
<core>AddSub</core>
<MemPortIdVec></MemPortIdVec>
<condition id="19">
<or_exp><and_exp></and_exp></or_exp>
</condition>

<Node id="79" bw="6" op_0_bw="6" op_1_bw="6">
<![CDATA[
meminst35.0:1  %indvarinc18 = add i6 %invdar17, 1

]]></Node>
<StgValue><ssdm name="indvarinc18"/></StgValue>
</operation>

<operation id="86" st_id="8" stage="1" lat="1">
<core>NULL</core>
<MemPortIdVec></MemPortIdVec>
<condition id="19">
<or_exp><and_exp></and_exp></or_exp>
</condition>

<Node id="80" bw="32" op_0_bw="32" op_1_bw="64" op_2_bw="64" op_3_bw="64">
<![CDATA[
meminst35.0:2  %empty_356 = call i32 (...)* @_ssdm_op_SpecLoopTripCount(i64 48, i64 48, i64 48)

]]></Node>
<StgValue><ssdm name="empty_356"/></StgValue>
</operation>

<operation id="87" st_id="8" stage="1" lat="1">
<core>NULL</core>
<MemPortIdVec></MemPortIdVec>
<condition id="19">
<or_exp><and_exp></and_exp></or_exp>
</condition>

<Node id="81" bw="0" op_0_bw="0">
<![CDATA[
meminst35.0:3  br label %meminst39.0

]]></Node>
<StgValue><ssdm name=""/></StgValue>
</operation>
</state>

<state id="9" st_id="9">

<operation id="88" st_id="9" stage="1" lat="1">
<core>NULL</core>
<MemPortIdVec></MemPortIdVec>
<condition id="20">
<or_exp><and_exp></and_exp></or_exp>
</condition>

<Node id="83" bw="3" op_0_bw="3" op_1_bw="0">
<![CDATA[
meminst39.0:0  %invdar18 = phi i3 [ 0, %meminst35.0 ], [ %indvarinc19, %meminst3942.0 ]

]]></Node>
<StgValue><ssdm name="invdar18"/></StgValue>
</operation>

<operation id="89" st_id="9" stage="1" lat="1">
<core>AddSub</core>
<MemPortIdVec></MemPortIdVec>
<condition id="20">
<or_exp><and_exp></and_exp></or_exp>
</condition>

<Node id="84" bw="3" op_0_bw="3" op_1_bw="3">
<![CDATA[
meminst39.0:1  %indvarinc19 = add i3 %invdar18, 1

]]></Node>
<StgValue><ssdm name="indvarinc19"/></StgValue>
</operation>

<operation id="90" st_id="9" stage="1" lat="1">
<core>NULL</core>
<MemPortIdVec></MemPortIdVec>
<condition id="20">
<or_exp><and_exp></and_exp></or_exp>
</condition>

<Node id="85" bw="32" op_0_bw="32" op_1_bw="64" op_2_bw="64" op_3_bw="64">
<![CDATA[
meminst39.0:2  %empty_355 = call i32 (...)* @_ssdm_op_SpecLoopTripCount(i64 8, i64 8, i64 8)

]]></Node>
<StgValue><ssdm name="empty_355"/></StgValue>
</operation>

<operation id="91" st_id="9" stage="1" lat="1">
<core>NULL</core>
<MemPortIdVec></MemPortIdVec>
<condition id="20">
<or_exp><and_exp></and_exp></or_exp>
</condition>

<Node id="86" bw="0" op_0_bw="0">
<![CDATA[
meminst39.0:3  br label %meminst43.0

]]></Node>
<StgValue><ssdm name=""/></StgValue>
</operation>
</state>

<state id="10" st_id="10">

<operation id="92" st_id="10" stage="1" lat="1">
<core>NULL</core>
<MemPortIdVec></MemPortIdVec>
<condition id="21">
<or_exp><and_exp></and_exp></or_exp>
</condition>

<Node id="88" bw="3" op_0_bw="3" op_1_bw="0">
<![CDATA[
meminst43.0:0  %invdar19 = phi i3 [ 0, %meminst39.0 ], [ %indvarinc20, %meminst43.0 ]

]]></Node>
<StgValue><ssdm name="invdar19"/></StgValue>
</operation>

<operation id="93" st_id="10" stage="1" lat="1">
<core>AddSub</core>
<MemPortIdVec></MemPortIdVec>
<condition id="21">
<or_exp><and_exp></and_exp></or_exp>
</condition>

<Node id="89" bw="3" op_0_bw="3" op_1_bw="3">
<![CDATA[
meminst43.0:1  %indvarinc20 = add i3 %invdar19, 1

]]></Node>
<StgValue><ssdm name="indvarinc20"/></StgValue>
</operation>

<operation id="94" st_id="10" stage="1" lat="1">
<core>NULL</core>
<MemPortIdVec></MemPortIdVec>
<condition id="21">
<or_exp><and_exp></and_exp></or_exp>
</condition>

<Node id="90" bw="12" op_0_bw="12" op_1_bw="6" op_2_bw="3" op_3_bw="3">
<![CDATA[
meminst43.0:2  %tmp_111 = call i12 @_ssdm_op_BitConcatenate.i12.i6.i3.i3(i6 %invdar17, i3 %invdar18, i3 %invdar19)

]]></Node>
<StgValue><ssdm name="tmp_111"/></StgValue>
</operation>

<operation id="95" st_id="10" stage="1" lat="1">
<core>NULL</core>
<MemPortIdVec></MemPortIdVec>
<condition id="21">
<or_exp><and_exp></and_exp></or_exp>
</condition>

<Node id="91" bw="64" op_0_bw="12">
<![CDATA[
meminst43.0:3  %tmp_193 = zext i12 %tmp_111 to i64

]]></Node>
<StgValue><ssdm name="tmp_193"/></StgValue>
</operation>

<operation id="96" st_id="10" stage="1" lat="1">
<core>NULL</core>
<MemPortIdVec></MemPortIdVec>
<condition id="21">
<or_exp><and_exp></and_exp></or_exp>
</condition>

<Node id="92" bw="12" op_0_bw="32" op_1_bw="64" op_2_bw="64">
<![CDATA[
meminst43.0:4  %conv1_output_0_addr = getelementptr [3072 x float]* %conv1_output_0, i64 0, i64 %tmp_193

]]></Node>
<StgValue><ssdm name="conv1_output_0_addr"/></StgValue>
</operation>

<operation id="97" st_id="10" stage="1" lat="1">
<core>RAM</core>
<MemPortIdVec></MemPortIdVec>
<condition id="21">
<or_exp><and_exp></and_exp></or_exp>
</condition>

<Node id="93" bw="0" op_0_bw="32" op_1_bw="12">
<![CDATA[
meminst43.0:5  store float 0.000000e+00, float* %conv1_output_0_addr, align 4

]]></Node>
<StgValue><ssdm name=""/></StgValue>
</operation>

<operation id="98" st_id="10" stage="1" lat="1">
<core>Cmp</core>
<MemPortIdVec></MemPortIdVec>
<condition id="21">
<or_exp><and_exp></and_exp></or_exp>
</condition>

<Node id="94" bw="1" op_0_bw="3" op_1_bw="3">
<![CDATA[
meminst43.0:6  %tmp_141 = icmp eq i3 %invdar19, -1

]]></Node>
<StgValue><ssdm name="tmp_141"/></StgValue>
</operation>

<operation id="99" st_id="10" stage="1" lat="1">
<core>NULL</core>
<MemPortIdVec></MemPortIdVec>
<condition id="21">
<or_exp><and_exp></and_exp></or_exp>
</condition>

<Node id="95" bw="32" op_0_bw="32" op_1_bw="0">
<![CDATA[
meminst43.0:7  %empty_353 = call i32 (...)* @_ssdm_op_SpecLoopName([20 x i8]* @memset_conv1_output_s) nounwind

]]></Node>
<StgValue><ssdm name="empty_353"/></StgValue>
</operation>

<operation id="100" st_id="10" stage="1" lat="1">
<core>NULL</core>
<MemPortIdVec></MemPortIdVec>
<condition id="21">
<or_exp><and_exp></and_exp></or_exp>
</condition>

<Node id="96" bw="32" op_0_bw="32" op_1_bw="64" op_2_bw="64" op_3_bw="64">
<![CDATA[
meminst43.0:8  %empty_354 = call i32 (...)* @_ssdm_op_SpecLoopTripCount(i64 8, i64 8, i64 8)

]]></Node>
<StgValue><ssdm name="empty_354"/></StgValue>
</operation>

<operation id="101" st_id="10" stage="1" lat="1">
<core>NULL</core>
<MemPortIdVec></MemPortIdVec>
<condition id="21">
<or_exp><and_exp></and_exp></or_exp>
</condition>

<Node id="97" bw="0" op_0_bw="1" op_1_bw="0" op_2_bw="0">
<![CDATA[
meminst43.0:9  br i1 %tmp_141, label %meminst3942.0, label %meminst43.0

]]></Node>
<StgValue><ssdm name=""/></StgValue>
</operation>

<operation id="102" st_id="10" stage="1" lat="1">
<core>Cmp</core>
<MemPortIdVec></MemPortIdVec>
<condition id="23">
<or_exp><and_exp><literal name="tmp_141" val="1"/>
</and_exp></or_exp>
</condition>

<Node id="99" bw="1" op_0_bw="3" op_1_bw="3">
<![CDATA[
meminst3942.0:0  %tmp_142 = icmp eq i3 %invdar18, -1

]]></Node>
<StgValue><ssdm name="tmp_142"/></StgValue>
</operation>

<operation id="103" st_id="10" stage="1" lat="1">
<core>NULL</core>
<MemPortIdVec></MemPortIdVec>
<condition id="23">
<or_exp><and_exp><literal name="tmp_141" val="1"/>
</and_exp></or_exp>
</condition>

<Node id="100" bw="32" op_0_bw="32" op_1_bw="0">
<![CDATA[
meminst3942.0:1  %empty_352 = call i32 (...)* @_ssdm_op_SpecLoopName([20 x i8]* @memset_conv1_output_s) nounwind

]]></Node>
<StgValue><ssdm name="empty_352"/></StgValue>
</operation>

<operation id="104" st_id="10" stage="1" lat="1">
<core>NULL</core>
<MemPortIdVec></MemPortIdVec>
<condition id="23">
<or_exp><and_exp><literal name="tmp_141" val="1"/>
</and_exp></or_exp>
</condition>

<Node id="101" bw="0" op_0_bw="1" op_1_bw="0" op_2_bw="0">
<![CDATA[
meminst3942.0:2  br i1 %tmp_142, label %meminst3538.0, label %meminst39.0

]]></Node>
<StgValue><ssdm name=""/></StgValue>
</operation>

<operation id="105" st_id="10" stage="1" lat="1">
<core>Cmp</core>
<MemPortIdVec></MemPortIdVec>
<condition id="25">
<or_exp><and_exp><literal name="tmp_141" val="1"/>
<literal name="tmp_142" val="1"/>
</and_exp></or_exp>
</condition>

<Node id="103" bw="1" op_0_bw="6" op_1_bw="6">
<![CDATA[
meminst3538.0:0  %tmp_143 = icmp eq i6 %invdar17, -17

]]></Node>
<StgValue><ssdm name="tmp_143"/></StgValue>
</operation>

<operation id="106" st_id="10" stage="1" lat="1">
<core>NULL</core>
<MemPortIdVec></MemPortIdVec>
<condition id="25">
<or_exp><and_exp><literal name="tmp_141" val="1"/>
<literal name="tmp_142" val="1"/>
</and_exp></or_exp>
</condition>

<Node id="104" bw="32" op_0_bw="32" op_1_bw="0">
<![CDATA[
meminst3538.0:1  %empty_351 = call i32 (...)* @_ssdm_op_SpecLoopName([20 x i8]* @memset_conv1_output_s) nounwind

]]></Node>
<StgValue><ssdm name="empty_351"/></StgValue>
</operation>

<operation id="107" st_id="10" stage="1" lat="1">
<core>NULL</core>
<MemPortIdVec></MemPortIdVec>
<condition id="25">
<or_exp><and_exp><literal name="tmp_141" val="1"/>
<literal name="tmp_142" val="1"/>
</and_exp></or_exp>
</condition>

<Node id="105" bw="0" op_0_bw="1" op_1_bw="0" op_2_bw="0">
<![CDATA[
meminst3538.0:2  br i1 %tmp_143, label %meminst50.0.preheader, label %meminst35.0

]]></Node>
<StgValue><ssdm name=""/></StgValue>
</operation>

<operation id="108" st_id="10" stage="1" lat="1">
<core>NULL</core>
<MemPortIdVec></MemPortIdVec>
<condition id="27">
<or_exp><and_exp><literal name="tmp_141" val="1"/>
<literal name="tmp_142" val="1"/>
<literal name="tmp_143" val="1"/>
</and_exp></or_exp>
</condition>

<Node id="107" bw="0" op_0_bw="0">
<![CDATA[
meminst50.0.preheader:0  br label %meminst50.0

]]></Node>
<StgValue><ssdm name=""/></StgValue>
</operation>
</state>

<state id="11" st_id="11">

<operation id="109" st_id="11" stage="1" lat="1">
<core>NULL</core>
<MemPortIdVec></MemPortIdVec>
<condition id="28">
<or_exp><and_exp></and_exp></or_exp>
</condition>

<Node id="109" bw="6" op_0_bw="6" op_1_bw="0">
<![CDATA[
meminst50.0:0  %invdar20 = phi i6 [ %indvarinc21, %meminst5053.0 ], [ 0, %meminst50.0.preheader ]

]]></Node>
<StgValue><ssdm name="invdar20"/></StgValue>
</operation>

<operation id="110" st_id="11" stage="1" lat="1">
<core>AddSub</core>
<MemPortIdVec></MemPortIdVec>
<condition id="28">
<or_exp><and_exp></and_exp></or_exp>
</condition>

<Node id="110" bw="6" op_0_bw="6" op_1_bw="6">
<![CDATA[
meminst50.0:1  %indvarinc21 = add i6 %invdar20, 1

]]></Node>
<StgValue><ssdm name="indvarinc21"/></StgValue>
</operation>

<operation id="111" st_id="11" stage="1" lat="1">
<core>NULL</core>
<MemPortIdVec></MemPortIdVec>
<condition id="28">
<or_exp><and_exp></and_exp></or_exp>
</condition>

<Node id="111" bw="32" op_0_bw="32" op_1_bw="64" op_2_bw="64" op_3_bw="64">
<![CDATA[
meminst50.0:2  %empty_362 = call i32 (...)* @_ssdm_op_SpecLoopTripCount(i64 48, i64 48, i64 48)

]]></Node>
<StgValue><ssdm name="empty_362"/></StgValue>
</operation>

<operation id="112" st_id="11" stage="1" lat="1">
<core>NULL</core>
<MemPortIdVec></MemPortIdVec>
<condition id="28">
<or_exp><and_exp></and_exp></or_exp>
</condition>

<Node id="112" bw="0" op_0_bw="0">
<![CDATA[
meminst50.0:3  br label %meminst54.0

]]></Node>
<StgValue><ssdm name=""/></StgValue>
</operation>
</state>

<state id="12" st_id="12">

<operation id="113" st_id="12" stage="1" lat="1">
<core>NULL</core>
<MemPortIdVec></MemPortIdVec>
<condition id="29">
<or_exp><and_exp></and_exp></or_exp>
</condition>

<Node id="114" bw="3" op_0_bw="3" op_1_bw="0">
<![CDATA[
meminst54.0:0  %invdar21 = phi i3 [ 0, %meminst50.0 ], [ %indvarinc22, %meminst5457.0 ]

]]></Node>
<StgValue><ssdm name="invdar21"/></StgValue>
</operation>

<operation id="114" st_id="12" stage="1" lat="1">
<core>AddSub</core>
<MemPortIdVec></MemPortIdVec>
<condition id="29">
<or_exp><and_exp></and_exp></or_exp>
</condition>

<Node id="115" bw="3" op_0_bw="3" op_1_bw="3">
<![CDATA[
meminst54.0:1  %indvarinc22 = add i3 %invdar21, 1

]]></Node>
<StgValue><ssdm name="indvarinc22"/></StgValue>
</operation>

<operation id="115" st_id="12" stage="1" lat="1">
<core>NULL</core>
<MemPortIdVec></MemPortIdVec>
<condition id="29">
<or_exp><and_exp></and_exp></or_exp>
</condition>

<Node id="116" bw="32" op_0_bw="32" op_1_bw="64" op_2_bw="64" op_3_bw="64">
<![CDATA[
meminst54.0:2  %empty_361 = call i32 (...)* @_ssdm_op_SpecLoopTripCount(i64 8, i64 8, i64 8)

]]></Node>
<StgValue><ssdm name="empty_361"/></StgValue>
</operation>

<operation id="116" st_id="12" stage="1" lat="1">
<core>NULL</core>
<MemPortIdVec></MemPortIdVec>
<condition id="29">
<or_exp><and_exp></and_exp></or_exp>
</condition>

<Node id="117" bw="0" op_0_bw="0">
<![CDATA[
meminst54.0:3  br label %meminst59.0

]]></Node>
<StgValue><ssdm name=""/></StgValue>
</operation>
</state>

<state id="13" st_id="13">

<operation id="117" st_id="13" stage="1" lat="1">
<core>NULL</core>
<MemPortIdVec></MemPortIdVec>
<condition id="30">
<or_exp><and_exp></and_exp></or_exp>
</condition>

<Node id="119" bw="3" op_0_bw="3" op_1_bw="0">
<![CDATA[
meminst59.0:0  %invdar22 = phi i3 [ 0, %meminst54.0 ], [ %indvarinc23, %meminst59.0 ]

]]></Node>
<StgValue><ssdm name="invdar22"/></StgValue>
</operation>

<operation id="118" st_id="13" stage="1" lat="1">
<core>AddSub</core>
<MemPortIdVec></MemPortIdVec>
<condition id="30">
<or_exp><and_exp></and_exp></or_exp>
</condition>

<Node id="120" bw="3" op_0_bw="3" op_1_bw="3">
<![CDATA[
meminst59.0:1  %indvarinc23 = add i3 %invdar22, 1

]]></Node>
<StgValue><ssdm name="indvarinc23"/></StgValue>
</operation>

<operation id="119" st_id="13" stage="1" lat="1">
<core>NULL</core>
<MemPortIdVec></MemPortIdVec>
<condition id="30">
<or_exp><and_exp></and_exp></or_exp>
</condition>

<Node id="121" bw="12" op_0_bw="12" op_1_bw="6" op_2_bw="3" op_3_bw="3">
<![CDATA[
meminst59.0:2  %tmp_112 = call i12 @_ssdm_op_BitConcatenate.i12.i6.i3.i3(i6 %invdar20, i3 %invdar21, i3 %invdar22)

]]></Node>
<StgValue><ssdm name="tmp_112"/></StgValue>
</operation>

<operation id="120" st_id="13" stage="1" lat="1">
<core>NULL</core>
<MemPortIdVec></MemPortIdVec>
<condition id="30">
<or_exp><and_exp></and_exp></or_exp>
</condition>

<Node id="122" bw="64" op_0_bw="12">
<![CDATA[
meminst59.0:3  %tmp_194 = zext i12 %tmp_112 to i64

]]></Node>
<StgValue><ssdm name="tmp_194"/></StgValue>
</operation>

<operation id="121" st_id="13" stage="1" lat="1">
<core>NULL</core>
<MemPortIdVec></MemPortIdVec>
<condition id="30">
<or_exp><and_exp></and_exp></or_exp>
</condition>

<Node id="123" bw="12" op_0_bw="32" op_1_bw="64" op_2_bw="64">
<![CDATA[
meminst59.0:4  %conv2_output_0_addr = getelementptr [3072 x float]* %conv2_output_0, i64 0, i64 %tmp_194

]]></Node>
<StgValue><ssdm name="conv2_output_0_addr"/></StgValue>
</operation>

<operation id="122" st_id="13" stage="1" lat="1">
<core>RAM</core>
<MemPortIdVec></MemPortIdVec>
<condition id="30">
<or_exp><and_exp></and_exp></or_exp>
</condition>

<Node id="124" bw="0" op_0_bw="32" op_1_bw="12">
<![CDATA[
meminst59.0:5  store float 0.000000e+00, float* %conv2_output_0_addr, align 4

]]></Node>
<StgValue><ssdm name=""/></StgValue>
</operation>

<operation id="123" st_id="13" stage="1" lat="1">
<core>Cmp</core>
<MemPortIdVec></MemPortIdVec>
<condition id="30">
<or_exp><and_exp></and_exp></or_exp>
</condition>

<Node id="125" bw="1" op_0_bw="3" op_1_bw="3">
<![CDATA[
meminst59.0:6  %tmp_144 = icmp eq i3 %invdar22, -1

]]></Node>
<StgValue><ssdm name="tmp_144"/></StgValue>
</operation>

<operation id="124" st_id="13" stage="1" lat="1">
<core>NULL</core>
<MemPortIdVec></MemPortIdVec>
<condition id="30">
<or_exp><and_exp></and_exp></or_exp>
</condition>

<Node id="126" bw="32" op_0_bw="32" op_1_bw="0">
<![CDATA[
meminst59.0:7  %empty_359 = call i32 (...)* @_ssdm_op_SpecLoopName([20 x i8]* @memset_conv2_output_s) nounwind

]]></Node>
<StgValue><ssdm name="empty_359"/></StgValue>
</operation>

<operation id="125" st_id="13" stage="1" lat="1">
<core>NULL</core>
<MemPortIdVec></MemPortIdVec>
<condition id="30">
<or_exp><and_exp></and_exp></or_exp>
</condition>

<Node id="127" bw="32" op_0_bw="32" op_1_bw="64" op_2_bw="64" op_3_bw="64">
<![CDATA[
meminst59.0:8  %empty_360 = call i32 (...)* @_ssdm_op_SpecLoopTripCount(i64 8, i64 8, i64 8)

]]></Node>
<StgValue><ssdm name="empty_360"/></StgValue>
</operation>

<operation id="126" st_id="13" stage="1" lat="1">
<core>NULL</core>
<MemPortIdVec></MemPortIdVec>
<condition id="30">
<or_exp><and_exp></and_exp></or_exp>
</condition>

<Node id="128" bw="0" op_0_bw="1" op_1_bw="0" op_2_bw="0">
<![CDATA[
meminst59.0:9  br i1 %tmp_144, label %meminst5457.0, label %meminst59.0

]]></Node>
<StgValue><ssdm name=""/></StgValue>
</operation>

<operation id="127" st_id="13" stage="1" lat="1">
<core>Cmp</core>
<MemPortIdVec></MemPortIdVec>
<condition id="32">
<or_exp><and_exp><literal name="tmp_144" val="1"/>
</and_exp></or_exp>
</condition>

<Node id="130" bw="1" op_0_bw="3" op_1_bw="3">
<![CDATA[
meminst5457.0:0  %tmp_145 = icmp eq i3 %invdar21, -1

]]></Node>
<StgValue><ssdm name="tmp_145"/></StgValue>
</operation>

<operation id="128" st_id="13" stage="1" lat="1">
<core>NULL</core>
<MemPortIdVec></MemPortIdVec>
<condition id="32">
<or_exp><and_exp><literal name="tmp_144" val="1"/>
</and_exp></or_exp>
</condition>

<Node id="131" bw="32" op_0_bw="32" op_1_bw="0">
<![CDATA[
meminst5457.0:1  %empty_358 = call i32 (...)* @_ssdm_op_SpecLoopName([20 x i8]* @memset_conv2_output_s) nounwind

]]></Node>
<StgValue><ssdm name="empty_358"/></StgValue>
</operation>

<operation id="129" st_id="13" stage="1" lat="1">
<core>NULL</core>
<MemPortIdVec></MemPortIdVec>
<condition id="32">
<or_exp><and_exp><literal name="tmp_144" val="1"/>
</and_exp></or_exp>
</condition>

<Node id="132" bw="0" op_0_bw="1" op_1_bw="0" op_2_bw="0">
<![CDATA[
meminst5457.0:2  br i1 %tmp_145, label %meminst5053.0, label %meminst54.0

]]></Node>
<StgValue><ssdm name=""/></StgValue>
</operation>

<operation id="130" st_id="13" stage="1" lat="1">
<core>Cmp</core>
<MemPortIdVec></MemPortIdVec>
<condition id="34">
<or_exp><and_exp><literal name="tmp_144" val="1"/>
<literal name="tmp_145" val="1"/>
</and_exp></or_exp>
</condition>

<Node id="134" bw="1" op_0_bw="6" op_1_bw="6">
<![CDATA[
meminst5053.0:0  %tmp_146 = icmp eq i6 %invdar20, -17

]]></Node>
<StgValue><ssdm name="tmp_146"/></StgValue>
</operation>

<operation id="131" st_id="13" stage="1" lat="1">
<core>NULL</core>
<MemPortIdVec></MemPortIdVec>
<condition id="34">
<or_exp><and_exp><literal name="tmp_144" val="1"/>
<literal name="tmp_145" val="1"/>
</and_exp></or_exp>
</condition>

<Node id="135" bw="32" op_0_bw="32" op_1_bw="0">
<![CDATA[
meminst5053.0:1  %empty_357 = call i32 (...)* @_ssdm_op_SpecLoopName([20 x i8]* @memset_conv2_output_s) nounwind

]]></Node>
<StgValue><ssdm name="empty_357"/></StgValue>
</operation>

<operation id="132" st_id="13" stage="1" lat="1">
<core>NULL</core>
<MemPortIdVec></MemPortIdVec>
<condition id="34">
<or_exp><and_exp><literal name="tmp_144" val="1"/>
<literal name="tmp_145" val="1"/>
</and_exp></or_exp>
</condition>

<Node id="136" bw="0" op_0_bw="1" op_1_bw="0" op_2_bw="0">
<![CDATA[
meminst5053.0:2  br i1 %tmp_146, label %meminst66.0.preheader, label %meminst50.0

]]></Node>
<StgValue><ssdm name=""/></StgValue>
</operation>

<operation id="133" st_id="13" stage="1" lat="1">
<core>NULL</core>
<MemPortIdVec></MemPortIdVec>
<condition id="36">
<or_exp><and_exp><literal name="tmp_144" val="1"/>
<literal name="tmp_145" val="1"/>
<literal name="tmp_146" val="1"/>
</and_exp></or_exp>
</condition>

<Node id="138" bw="0" op_0_bw="0">
<![CDATA[
meminst66.0.preheader:0  br label %meminst66.0

]]></Node>
<StgValue><ssdm name=""/></StgValue>
</operation>
</state>

<state id="14" st_id="14">

<operation id="134" st_id="14" stage="1" lat="1">
<core>NULL</core>
<MemPortIdVec></MemPortIdVec>
<condition id="37">
<or_exp><and_exp></and_exp></or_exp>
</condition>

<Node id="140" bw="6" op_0_bw="6" op_1_bw="0">
<![CDATA[
meminst66.0:0  %invdar23 = phi i6 [ %indvarinc24, %meminst6669.0 ], [ 0, %meminst66.0.preheader ]

]]></Node>
<StgValue><ssdm name="invdar23"/></StgValue>
</operation>

<operation id="135" st_id="14" stage="1" lat="1">
<core>AddSub</core>
<MemPortIdVec></MemPortIdVec>
<condition id="37">
<or_exp><and_exp></and_exp></or_exp>
</condition>

<Node id="141" bw="6" op_0_bw="6" op_1_bw="6">
<![CDATA[
meminst66.0:1  %indvarinc24 = add i6 %invdar23, 1

]]></Node>
<StgValue><ssdm name="indvarinc24"/></StgValue>
</operation>

<operation id="136" st_id="14" stage="1" lat="1">
<core>NULL</core>
<MemPortIdVec></MemPortIdVec>
<condition id="37">
<or_exp><and_exp></and_exp></or_exp>
</condition>

<Node id="142" bw="32" op_0_bw="32" op_1_bw="64" op_2_bw="64" op_3_bw="64">
<![CDATA[
meminst66.0:2  %empty_368 = call i32 (...)* @_ssdm_op_SpecLoopTripCount(i64 48, i64 48, i64 48)

]]></Node>
<StgValue><ssdm name="empty_368"/></StgValue>
</operation>

<operation id="137" st_id="14" stage="1" lat="1">
<core>NULL</core>
<MemPortIdVec></MemPortIdVec>
<condition id="37">
<or_exp><and_exp></and_exp></or_exp>
</condition>

<Node id="143" bw="0" op_0_bw="0">
<![CDATA[
meminst66.0:3  br label %meminst70.0

]]></Node>
<StgValue><ssdm name=""/></StgValue>
</operation>
</state>

<state id="15" st_id="15">

<operation id="138" st_id="15" stage="1" lat="1">
<core>NULL</core>
<MemPortIdVec></MemPortIdVec>
<condition id="38">
<or_exp><and_exp></and_exp></or_exp>
</condition>

<Node id="145" bw="3" op_0_bw="3" op_1_bw="0">
<![CDATA[
meminst70.0:0  %invdar24 = phi i3 [ 0, %meminst66.0 ], [ %indvarinc25, %meminst7073.0 ]

]]></Node>
<StgValue><ssdm name="invdar24"/></StgValue>
</operation>

<operation id="139" st_id="15" stage="1" lat="1">
<core>AddSub</core>
<MemPortIdVec></MemPortIdVec>
<condition id="38">
<or_exp><and_exp></and_exp></or_exp>
</condition>

<Node id="146" bw="3" op_0_bw="3" op_1_bw="3">
<![CDATA[
meminst70.0:1  %indvarinc25 = add i3 %invdar24, 1

]]></Node>
<StgValue><ssdm name="indvarinc25"/></StgValue>
</operation>

<operation id="140" st_id="15" stage="1" lat="1">
<core>NULL</core>
<MemPortIdVec></MemPortIdVec>
<condition id="38">
<or_exp><and_exp></and_exp></or_exp>
</condition>

<Node id="147" bw="32" op_0_bw="32" op_1_bw="64" op_2_bw="64" op_3_bw="64">
<![CDATA[
meminst70.0:2  %empty_367 = call i32 (...)* @_ssdm_op_SpecLoopTripCount(i64 8, i64 8, i64 8)

]]></Node>
<StgValue><ssdm name="empty_367"/></StgValue>
</operation>

<operation id="141" st_id="15" stage="1" lat="1">
<core>NULL</core>
<MemPortIdVec></MemPortIdVec>
<condition id="38">
<or_exp><and_exp></and_exp></or_exp>
</condition>

<Node id="148" bw="0" op_0_bw="0">
<![CDATA[
meminst70.0:3  br label %meminst74.0

]]></Node>
<StgValue><ssdm name=""/></StgValue>
</operation>
</state>

<state id="16" st_id="16">

<operation id="142" st_id="16" stage="1" lat="1">
<core>NULL</core>
<MemPortIdVec></MemPortIdVec>
<condition id="39">
<or_exp><and_exp></and_exp></or_exp>
</condition>

<Node id="150" bw="3" op_0_bw="3" op_1_bw="0">
<![CDATA[
meminst74.0:0  %invdar25 = phi i3 [ 0, %meminst70.0 ], [ %indvarinc26, %meminst74.0 ]

]]></Node>
<StgValue><ssdm name="invdar25"/></StgValue>
</operation>

<operation id="143" st_id="16" stage="1" lat="1">
<core>AddSub</core>
<MemPortIdVec></MemPortIdVec>
<condition id="39">
<or_exp><and_exp></and_exp></or_exp>
</condition>

<Node id="151" bw="3" op_0_bw="3" op_1_bw="3">
<![CDATA[
meminst74.0:1  %indvarinc26 = add i3 %invdar25, 1

]]></Node>
<StgValue><ssdm name="indvarinc26"/></StgValue>
</operation>

<operation id="144" st_id="16" stage="1" lat="1">
<core>NULL</core>
<MemPortIdVec></MemPortIdVec>
<condition id="39">
<or_exp><and_exp></and_exp></or_exp>
</condition>

<Node id="152" bw="12" op_0_bw="12" op_1_bw="6" op_2_bw="3" op_3_bw="3">
<![CDATA[
meminst74.0:2  %tmp_113 = call i12 @_ssdm_op_BitConcatenate.i12.i6.i3.i3(i6 %invdar23, i3 %invdar24, i3 %invdar25)

]]></Node>
<StgValue><ssdm name="tmp_113"/></StgValue>
</operation>

<operation id="145" st_id="16" stage="1" lat="1">
<core>NULL</core>
<MemPortIdVec></MemPortIdVec>
<condition id="39">
<or_exp><and_exp></and_exp></or_exp>
</condition>

<Node id="153" bw="64" op_0_bw="12">
<![CDATA[
meminst74.0:3  %tmp_195 = zext i12 %tmp_113 to i64

]]></Node>
<StgValue><ssdm name="tmp_195"/></StgValue>
</operation>

<operation id="146" st_id="16" stage="1" lat="1">
<core>NULL</core>
<MemPortIdVec></MemPortIdVec>
<condition id="39">
<or_exp><and_exp></and_exp></or_exp>
</condition>

<Node id="154" bw="12" op_0_bw="32" op_1_bw="64" op_2_bw="64">
<![CDATA[
meminst74.0:4  %conv3_output_0_addr = getelementptr [3072 x float]* %conv3_output_0, i64 0, i64 %tmp_195

]]></Node>
<StgValue><ssdm name="conv3_output_0_addr"/></StgValue>
</operation>

<operation id="147" st_id="16" stage="1" lat="1">
<core>RAM</core>
<MemPortIdVec></MemPortIdVec>
<condition id="39">
<or_exp><and_exp></and_exp></or_exp>
</condition>

<Node id="155" bw="0" op_0_bw="32" op_1_bw="12">
<![CDATA[
meminst74.0:5  store float 0.000000e+00, float* %conv3_output_0_addr, align 4

]]></Node>
<StgValue><ssdm name=""/></StgValue>
</operation>

<operation id="148" st_id="16" stage="1" lat="1">
<core>Cmp</core>
<MemPortIdVec></MemPortIdVec>
<condition id="39">
<or_exp><and_exp></and_exp></or_exp>
</condition>

<Node id="156" bw="1" op_0_bw="3" op_1_bw="3">
<![CDATA[
meminst74.0:6  %tmp_147 = icmp eq i3 %invdar25, -1

]]></Node>
<StgValue><ssdm name="tmp_147"/></StgValue>
</operation>

<operation id="149" st_id="16" stage="1" lat="1">
<core>NULL</core>
<MemPortIdVec></MemPortIdVec>
<condition id="39">
<or_exp><and_exp></and_exp></or_exp>
</condition>

<Node id="157" bw="32" op_0_bw="32" op_1_bw="0">
<![CDATA[
meminst74.0:7  %empty_365 = call i32 (...)* @_ssdm_op_SpecLoopName([20 x i8]* @memset_conv3_output_s) nounwind

]]></Node>
<StgValue><ssdm name="empty_365"/></StgValue>
</operation>

<operation id="150" st_id="16" stage="1" lat="1">
<core>NULL</core>
<MemPortIdVec></MemPortIdVec>
<condition id="39">
<or_exp><and_exp></and_exp></or_exp>
</condition>

<Node id="158" bw="32" op_0_bw="32" op_1_bw="64" op_2_bw="64" op_3_bw="64">
<![CDATA[
meminst74.0:8  %empty_366 = call i32 (...)* @_ssdm_op_SpecLoopTripCount(i64 8, i64 8, i64 8)

]]></Node>
<StgValue><ssdm name="empty_366"/></StgValue>
</operation>

<operation id="151" st_id="16" stage="1" lat="1">
<core>NULL</core>
<MemPortIdVec></MemPortIdVec>
<condition id="39">
<or_exp><and_exp></and_exp></or_exp>
</condition>

<Node id="159" bw="0" op_0_bw="1" op_1_bw="0" op_2_bw="0">
<![CDATA[
meminst74.0:9  br i1 %tmp_147, label %meminst7073.0, label %meminst74.0

]]></Node>
<StgValue><ssdm name=""/></StgValue>
</operation>

<operation id="152" st_id="16" stage="1" lat="1">
<core>Cmp</core>
<MemPortIdVec></MemPortIdVec>
<condition id="41">
<or_exp><and_exp><literal name="tmp_147" val="1"/>
</and_exp></or_exp>
</condition>

<Node id="161" bw="1" op_0_bw="3" op_1_bw="3">
<![CDATA[
meminst7073.0:0  %tmp_148 = icmp eq i3 %invdar24, -1

]]></Node>
<StgValue><ssdm name="tmp_148"/></StgValue>
</operation>

<operation id="153" st_id="16" stage="1" lat="1">
<core>NULL</core>
<MemPortIdVec></MemPortIdVec>
<condition id="41">
<or_exp><and_exp><literal name="tmp_147" val="1"/>
</and_exp></or_exp>
</condition>

<Node id="162" bw="32" op_0_bw="32" op_1_bw="0">
<![CDATA[
meminst7073.0:1  %empty_364 = call i32 (...)* @_ssdm_op_SpecLoopName([20 x i8]* @memset_conv3_output_s) nounwind

]]></Node>
<StgValue><ssdm name="empty_364"/></StgValue>
</operation>

<operation id="154" st_id="16" stage="1" lat="1">
<core>NULL</core>
<MemPortIdVec></MemPortIdVec>
<condition id="41">
<or_exp><and_exp><literal name="tmp_147" val="1"/>
</and_exp></or_exp>
</condition>

<Node id="163" bw="0" op_0_bw="1" op_1_bw="0" op_2_bw="0">
<![CDATA[
meminst7073.0:2  br i1 %tmp_148, label %meminst6669.0, label %meminst70.0

]]></Node>
<StgValue><ssdm name=""/></StgValue>
</operation>

<operation id="155" st_id="16" stage="1" lat="1">
<core>Cmp</core>
<MemPortIdVec></MemPortIdVec>
<condition id="43">
<or_exp><and_exp><literal name="tmp_147" val="1"/>
<literal name="tmp_148" val="1"/>
</and_exp></or_exp>
</condition>

<Node id="165" bw="1" op_0_bw="6" op_1_bw="6">
<![CDATA[
meminst6669.0:0  %tmp_149 = icmp eq i6 %invdar23, -17

]]></Node>
<StgValue><ssdm name="tmp_149"/></StgValue>
</operation>

<operation id="156" st_id="16" stage="1" lat="1">
<core>NULL</core>
<MemPortIdVec></MemPortIdVec>
<condition id="43">
<or_exp><and_exp><literal name="tmp_147" val="1"/>
<literal name="tmp_148" val="1"/>
</and_exp></or_exp>
</condition>

<Node id="166" bw="32" op_0_bw="32" op_1_bw="0">
<![CDATA[
meminst6669.0:1  %empty_363 = call i32 (...)* @_ssdm_op_SpecLoopName([20 x i8]* @memset_conv3_output_s) nounwind

]]></Node>
<StgValue><ssdm name="empty_363"/></StgValue>
</operation>

<operation id="157" st_id="16" stage="1" lat="1">
<core>NULL</core>
<MemPortIdVec></MemPortIdVec>
<condition id="43">
<or_exp><and_exp><literal name="tmp_147" val="1"/>
<literal name="tmp_148" val="1"/>
</and_exp></or_exp>
</condition>

<Node id="167" bw="0" op_0_bw="1" op_1_bw="0" op_2_bw="0">
<![CDATA[
meminst6669.0:2  br i1 %tmp_149, label %.preheader77.preheader, label %meminst66.0

]]></Node>
<StgValue><ssdm name=""/></StgValue>
</operation>

<operation id="158" st_id="16" stage="1" lat="1">
<core>NULL</core>
<MemPortIdVec></MemPortIdVec>
<condition id="45">
<or_exp><and_exp><literal name="tmp_147" val="1"/>
<literal name="tmp_148" val="1"/>
<literal name="tmp_149" val="1"/>
</and_exp></or_exp>
</condition>

<Node id="169" bw="0" op_0_bw="0">
<![CDATA[
.preheader77.preheader:0  br label %.preheader77

]]></Node>
<StgValue><ssdm name=""/></StgValue>
</operation>
</state>

<state id="17" st_id="17">

<operation id="159" st_id="17" stage="1" lat="1">
<core>NULL</core>
<MemPortIdVec></MemPortIdVec>
<condition id="46">
<or_exp><and_exp></and_exp></or_exp>
</condition>

<Node id="171" bw="6" op_0_bw="6" op_1_bw="0">
<![CDATA[
.preheader77:0  %co = phi i6 [ %co_20, %.preheader77.loopexit ], [ 0, %.preheader77.preheader ]

]]></Node>
<StgValue><ssdm name="co"/></StgValue>
</operation>

<operation id="160" st_id="17" stage="1" lat="1">
<core>NULL</core>
<MemPortIdVec></MemPortIdVec>
<condition id="46">
<or_exp><and_exp></and_exp></or_exp>
</condition>

<Node id="172" bw="7" op_0_bw="6">
<![CDATA[
.preheader77:1  %co_cast = zext i6 %co to i7

]]></Node>
<StgValue><ssdm name="co_cast"/></StgValue>
</operation>

<operation id="161" st_id="17" stage="1" lat="1">
<core>Cmp</core>
<MemPortIdVec></MemPortIdVec>
<condition id="46">
<or_exp><and_exp></and_exp></or_exp>
</condition>

<Node id="173" bw="1" op_0_bw="6" op_1_bw="6">
<![CDATA[
.preheader77:2  %exitcond2 = icmp eq i6 %co, -16

]]></Node>
<StgValue><ssdm name="exitcond2"/></StgValue>
</operation>

<operation id="162" st_id="17" stage="1" lat="1">
<core>NULL</core>
<MemPortIdVec></MemPortIdVec>
<condition id="46">
<or_exp><and_exp></and_exp></or_exp>
</condition>

<Node id="174" bw="32" op_0_bw="32" op_1_bw="64" op_2_bw="64" op_3_bw="64">
<![CDATA[
.preheader77:3  %empty_369 = call i32 (...)* @_ssdm_op_SpecLoopTripCount(i64 48, i64 48, i64 48)

]]></Node>
<StgValue><ssdm name="empty_369"/></StgValue>
</operation>

<operation id="163" st_id="17" stage="1" lat="1">
<core>AddSub</core>
<MemPortIdVec></MemPortIdVec>
<condition id="46">
<or_exp><and_exp></and_exp></or_exp>
</condition>

<Node id="175" bw="6" op_0_bw="6" op_1_bw="6">
<![CDATA[
.preheader77:4  %co_20 = add i6 %co, 1

]]></Node>
<StgValue><ssdm name="co_20"/></StgValue>
</operation>

<operation id="164" st_id="17" stage="1" lat="1">
<core>NULL</core>
<MemPortIdVec></MemPortIdVec>
<condition id="46">
<or_exp><and_exp></and_exp></or_exp>
</condition>

<Node id="176" bw="0" op_0_bw="1" op_1_bw="0" op_2_bw="0">
<![CDATA[
.preheader77:5  br i1 %exitcond2, label %1, label %.preheader3.preheader

]]></Node>
<StgValue><ssdm name=""/></StgValue>
</operation>

<operation id="165" st_id="17" stage="1" lat="1">
<core>AddSub</core>
<MemPortIdVec></MemPortIdVec>
<condition id="48">
<or_exp><and_exp><literal name="exitcond2" val="0"/>
</and_exp></or_exp>
</condition>

<Node id="178" bw="7" op_0_bw="7" op_1_bw="7">
<![CDATA[
.preheader3.preheader:0  %tmp_150 = add i7 %co_cast, 48

]]></Node>
<StgValue><ssdm name="tmp_150"/></StgValue>
</operation>

<operation id="166" st_id="17" stage="1" lat="1">
<core>NULL</core>
<MemPortIdVec></MemPortIdVec>
<condition id="48">
<or_exp><and_exp><literal name="exitcond2" val="0"/>
</and_exp></or_exp>
</condition>

<Node id="179" bw="10" op_0_bw="10" op_1_bw="7" op_2_bw="3">
<![CDATA[
.preheader3.preheader:1  %tmp_196 = call i10 @_ssdm_op_BitConcatenate.i10.i7.i3(i7 %tmp_150, i3 0)

]]></Node>
<StgValue><ssdm name="tmp_196"/></StgValue>
</operation>

<operation id="167" st_id="17" stage="1" lat="1">
<core>NULL</core>
<MemPortIdVec></MemPortIdVec>
<condition id="48">
<or_exp><and_exp><literal name="exitcond2" val="0"/>
</and_exp></or_exp>
</condition>

<Node id="180" bw="11" op_0_bw="10">
<![CDATA[
.preheader3.preheader:2  %tmp_328_cast = zext i10 %tmp_196 to i11

]]></Node>
<StgValue><ssdm name="tmp_328_cast"/></StgValue>
</operation>

<operation id="168" st_id="17" stage="1" lat="1">
<core>NULL</core>
<MemPortIdVec></MemPortIdVec>
<condition id="48">
<or_exp><and_exp><literal name="exitcond2" val="0"/>
</and_exp></or_exp>
</condition>

<Node id="181" bw="9" op_0_bw="9" op_1_bw="6" op_2_bw="3">
<![CDATA[
.preheader3.preheader:3  %tmp_197 = call i9 @_ssdm_op_BitConcatenate.i9.i6.i3(i6 %co, i3 0)

]]></Node>
<StgValue><ssdm name="tmp_197"/></StgValue>
</operation>

<operation id="169" st_id="17" stage="1" lat="1">
<core>NULL</core>
<MemPortIdVec></MemPortIdVec>
<condition id="48">
<or_exp><and_exp><literal name="exitcond2" val="0"/>
</and_exp></or_exp>
</condition>

<Node id="182" bw="10" op_0_bw="9">
<![CDATA[
.preheader3.preheader:4  %tmp_330_cast = zext i9 %tmp_197 to i10

]]></Node>
<StgValue><ssdm name="tmp_330_cast"/></StgValue>
</operation>

<operation id="170" st_id="17" stage="1" lat="1">
<core>NULL</core>
<MemPortIdVec></MemPortIdVec>
<condition id="48">
<or_exp><and_exp><literal name="exitcond2" val="0"/>
</and_exp></or_exp>
</condition>

<Node id="183" bw="0" op_0_bw="0">
<![CDATA[
.preheader3.preheader:5  br label %.preheader3

]]></Node>
<StgValue><ssdm name=""/></StgValue>
</operation>

<operation id="171" st_id="17" stage="2" lat="2">
<core></core>
<MemPortIdVec></MemPortIdVec>
<condition id="50">
<or_exp><and_exp><literal name="exitcond2" val="1"/>
</and_exp></or_exp>
</condition>

<Node id="225" bw="0" op_0_bw="0" op_1_bw="32" op_2_bw="32" op_3_bw="32" op_4_bw="32">
<![CDATA[
:0  call fastcc void @subconv_1x1_89([3072 x float]* %right_part_0, [2304 x float]* %conv1_weight, [48 x float]* %conv1_bias, [3072 x float]* %conv1_output_0)

]]></Node>
<StgValue><ssdm name=""/></StgValue>
</operation>
</state>

<state id="18" st_id="18">

<operation id="172" st_id="18" stage="1" lat="1">
<core>NULL</core>
<MemPortIdVec></MemPortIdVec>
<condition id="51">
<or_exp><and_exp></and_exp></or_exp>
</condition>

<Node id="185" bw="4" op_0_bw="4" op_1_bw="0">
<![CDATA[
.preheader3:0  %h = phi i4 [ 0, %.preheader3.preheader ], [ %h_20, %.preheader3.loopexit ]

]]></Node>
<StgValue><ssdm name="h"/></StgValue>
</operation>

<operation id="173" st_id="18" stage="1" lat="1">
<core>Cmp</core>
<MemPortIdVec></MemPortIdVec>
<condition id="51">
<or_exp><and_exp></and_exp></or_exp>
</condition>

<Node id="186" bw="1" op_0_bw="4" op_1_bw="4">
<![CDATA[
.preheader3:1  %exitcond1 = icmp eq i4 %h, -8

]]></Node>
<StgValue><ssdm name="exitcond1"/></StgValue>
</operation>

<operation id="174" st_id="18" stage="1" lat="1">
<core>NULL</core>
<MemPortIdVec></MemPortIdVec>
<condition id="51">
<or_exp><and_exp></and_exp></or_exp>
</condition>

<Node id="187" bw="32" op_0_bw="32" op_1_bw="64" op_2_bw="64" op_3_bw="64">
<![CDATA[
.preheader3:2  %empty_370 = call i32 (...)* @_ssdm_op_SpecLoopTripCount(i64 8, i64 8, i64 8)

]]></Node>
<StgValue><ssdm name="empty_370"/></StgValue>
</operation>

<operation id="175" st_id="18" stage="1" lat="1">
<core>AddSub</core>
<MemPortIdVec></MemPortIdVec>
<condition id="51">
<or_exp><and_exp></and_exp></or_exp>
</condition>

<Node id="188" bw="4" op_0_bw="4" op_1_bw="4">
<![CDATA[
.preheader3:3  %h_20 = add i4 %h, 1

]]></Node>
<StgValue><ssdm name="h_20"/></StgValue>
</operation>

<operation id="176" st_id="18" stage="1" lat="1">
<core>NULL</core>
<MemPortIdVec></MemPortIdVec>
<condition id="51">
<or_exp><and_exp></and_exp></or_exp>
</condition>

<Node id="189" bw="0" op_0_bw="1" op_1_bw="0" op_2_bw="0">
<![CDATA[
.preheader3:4  br i1 %exitcond1, label %.preheader77.loopexit, label %.preheader.preheader

]]></Node>
<StgValue><ssdm name=""/></StgValue>
</operation>

<operation id="177" st_id="18" stage="1" lat="1">
<core>NULL</core>
<MemPortIdVec></MemPortIdVec>
<condition id="53">
<or_exp><and_exp><literal name="exitcond1" val="0"/>
</and_exp></or_exp>
</condition>

<Node id="191" bw="10" op_0_bw="4">
<![CDATA[
.preheader.preheader:0  %tmp_151_cast1 = zext i4 %h to i10

]]></Node>
<StgValue><ssdm name="tmp_151_cast1"/></StgValue>
</operation>

<operation id="178" st_id="18" stage="1" lat="1">
<core>NULL</core>
<MemPortIdVec></MemPortIdVec>
<condition id="53">
<or_exp><and_exp><literal name="exitcond1" val="0"/>
</and_exp></or_exp>
</condition>

<Node id="192" bw="11" op_0_bw="4">
<![CDATA[
.preheader.preheader:1  %tmp_151_cast = zext i4 %h to i11

]]></Node>
<StgValue><ssdm name="tmp_151_cast"/></StgValue>
</operation>

<operation id="179" st_id="18" stage="1" lat="1">
<core>AddSub</core>
<MemPortIdVec></MemPortIdVec>
<condition id="53">
<or_exp><and_exp><literal name="exitcond1" val="0"/>
</and_exp></or_exp>
</condition>

<Node id="193" bw="11" op_0_bw="11" op_1_bw="11">
<![CDATA[
.preheader.preheader:2  %tmp_198 = add i11 %tmp_328_cast, %tmp_151_cast

]]></Node>
<StgValue><ssdm name="tmp_198"/></StgValue>
</operation>

<operation id="180" st_id="18" stage="1" lat="1">
<core>NULL</core>
<MemPortIdVec></MemPortIdVec>
<condition id="53">
<or_exp><and_exp><literal name="exitcond1" val="0"/>
</and_exp></or_exp>
</condition>

<Node id="194" bw="14" op_0_bw="14" op_1_bw="11" op_2_bw="3">
<![CDATA[
.preheader.preheader:3  %tmp_333_cast = call i14 @_ssdm_op_BitConcatenate.i14.i11.i3(i11 %tmp_198, i3 0)

]]></Node>
<StgValue><ssdm name="tmp_333_cast"/></StgValue>
</operation>

<operation id="181" st_id="18" stage="1" lat="1">
<core>AddSub</core>
<MemPortIdVec></MemPortIdVec>
<condition id="53">
<or_exp><and_exp><literal name="exitcond1" val="0"/>
</and_exp></or_exp>
</condition>

<Node id="195" bw="10" op_0_bw="10" op_1_bw="10">
<![CDATA[
.preheader.preheader:4  %tmp_199 = add i10 %tmp_330_cast, %tmp_151_cast1

]]></Node>
<StgValue><ssdm name="tmp_199"/></StgValue>
</operation>

<operation id="182" st_id="18" stage="1" lat="1">
<core>NULL</core>
<MemPortIdVec></MemPortIdVec>
<condition id="53">
<or_exp><and_exp><literal name="exitcond1" val="0"/>
</and_exp></or_exp>
</condition>

<Node id="196" bw="13" op_0_bw="13" op_1_bw="10" op_2_bw="3">
<![CDATA[
.preheader.preheader:5  %tmp_114 = call i13 @_ssdm_op_BitConcatenate.i13.i10.i3(i10 %tmp_199, i3 0)

]]></Node>
<StgValue><ssdm name="tmp_114"/></StgValue>
</operation>

<operation id="183" st_id="18" stage="1" lat="1">
<core>NULL</core>
<MemPortIdVec></MemPortIdVec>
<condition id="53">
<or_exp><and_exp><literal name="exitcond1" val="0"/>
</and_exp></or_exp>
</condition>

<Node id="197" bw="14" op_0_bw="13">
<![CDATA[
.preheader.preheader:6  %tmp_336_cast = zext i13 %tmp_114 to i14

]]></Node>
<StgValue><ssdm name="tmp_336_cast"/></StgValue>
</operation>

<operation id="184" st_id="18" stage="1" lat="1">
<core>NULL</core>
<MemPortIdVec></MemPortIdVec>
<condition id="53">
<or_exp><and_exp><literal name="exitcond1" val="0"/>
</and_exp></or_exp>
</condition>

<Node id="198" bw="0" op_0_bw="0">
<![CDATA[
.preheader.preheader:7  br label %.preheader

]]></Node>
<StgValue><ssdm name=""/></StgValue>
</operation>

<operation id="185" st_id="18" stage="1" lat="1">
<core>NULL</core>
<MemPortIdVec></MemPortIdVec>
<condition id="55">
<or_exp><and_exp><literal name="exitcond1" val="1"/>
</and_exp></or_exp>
</condition>

<Node id="223" bw="0" op_0_bw="0">
<![CDATA[
.preheader77.loopexit:0  br label %.preheader77

]]></Node>
<StgValue><ssdm name=""/></StgValue>
</operation>
</state>

<state id="19" st_id="19">

<operation id="186" st_id="19" stage="1" lat="1">
<core>NULL</core>
<MemPortIdVec></MemPortIdVec>
<condition id="56">
<or_exp><and_exp></and_exp></or_exp>
</condition>

<Node id="200" bw="4" op_0_bw="4" op_1_bw="0">
<![CDATA[
.preheader:0  %w = phi i4 [ %w_20, %0 ], [ 0, %.preheader.preheader ]

]]></Node>
<StgValue><ssdm name="w"/></StgValue>
</operation>

<operation id="187" st_id="19" stage="1" lat="1">
<core>Cmp</core>
<MemPortIdVec></MemPortIdVec>
<condition id="56">
<or_exp><and_exp></and_exp></or_exp>
</condition>

<Node id="201" bw="1" op_0_bw="4" op_1_bw="4">
<![CDATA[
.preheader:1  %exitcond = icmp eq i4 %w, -8

]]></Node>
<StgValue><ssdm name="exitcond"/></StgValue>
</operation>

<operation id="188" st_id="19" stage="1" lat="1">
<core>NULL</core>
<MemPortIdVec></MemPortIdVec>
<condition id="56">
<or_exp><and_exp></and_exp></or_exp>
</condition>

<Node id="202" bw="32" op_0_bw="32" op_1_bw="64" op_2_bw="64" op_3_bw="64">
<![CDATA[
.preheader:2  %empty_371 = call i32 (...)* @_ssdm_op_SpecLoopTripCount(i64 8, i64 8, i64 8)

]]></Node>
<StgValue><ssdm name="empty_371"/></StgValue>
</operation>

<operation id="189" st_id="19" stage="1" lat="1">
<core>AddSub</core>
<MemPortIdVec></MemPortIdVec>
<condition id="56">
<or_exp><and_exp></and_exp></or_exp>
</condition>

<Node id="203" bw="4" op_0_bw="4" op_1_bw="4">
<![CDATA[
.preheader:3  %w_20 = add i4 %w, 1

]]></Node>
<StgValue><ssdm name="w_20"/></StgValue>
</operation>

<operation id="190" st_id="19" stage="1" lat="1">
<core>NULL</core>
<MemPortIdVec></MemPortIdVec>
<condition id="56">
<or_exp><and_exp></and_exp></or_exp>
</condition>

<Node id="204" bw="0" op_0_bw="1" op_1_bw="0" op_2_bw="0">
<![CDATA[
.preheader:4  br i1 %exitcond, label %.preheader3.loopexit, label %0

]]></Node>
<StgValue><ssdm name=""/></StgValue>
</operation>

<operation id="191" st_id="19" stage="1" lat="1">
<core>NULL</core>
<MemPortIdVec></MemPortIdVec>
<condition id="58">
<or_exp><and_exp><literal name="exitcond" val="0"/>
</and_exp></or_exp>
</condition>

<Node id="206" bw="14" op_0_bw="4">
<![CDATA[
:0  %tmp_152_cast = zext i4 %w to i14

]]></Node>
<StgValue><ssdm name="tmp_152_cast"/></StgValue>
</operation>

<operation id="192" st_id="19" stage="1" lat="1">
<core>AddSub</core>
<MemPortIdVec></MemPortIdVec>
<condition id="58">
<or_exp><and_exp><literal name="exitcond" val="0"/>
</and_exp></or_exp>
</condition>

<Node id="207" bw="14" op_0_bw="14" op_1_bw="14">
<![CDATA[
:1  %tmp_200 = add i14 %tmp_333_cast, %tmp_152_cast

]]></Node>
<StgValue><ssdm name="tmp_200"/></StgValue>
</operation>

<operation id="193" st_id="19" stage="1" lat="1">
<core>NULL</core>
<MemPortIdVec></MemPortIdVec>
<condition id="58">
<or_exp><and_exp><literal name="exitcond" val="0"/>
</and_exp></or_exp>
</condition>

<Node id="208" bw="64" op_0_bw="14">
<![CDATA[
:2  %tmp_337_cast = zext i14 %tmp_200 to i64

]]></Node>
<StgValue><ssdm name="tmp_337_cast"/></StgValue>
</operation>

<operation id="194" st_id="19" stage="1" lat="1">
<core>NULL</core>
<MemPortIdVec></MemPortIdVec>
<condition id="58">
<or_exp><and_exp><literal name="exitcond" val="0"/>
</and_exp></or_exp>
</condition>

<Node id="209" bw="13" op_0_bw="32" op_1_bw="64" op_2_bw="64">
<![CDATA[
:3  %input_addr = getelementptr [6144 x float]* %input_r, i64 0, i64 %tmp_337_cast

]]></Node>
<StgValue><ssdm name="input_addr"/></StgValue>
</operation>

<operation id="195" st_id="19" stage="1" lat="1">
<core>AddSub</core>
<MemPortIdVec></MemPortIdVec>
<condition id="58">
<or_exp><and_exp><literal name="exitcond" val="0"/>
</and_exp></or_exp>
</condition>

<Node id="210" bw="14" op_0_bw="14" op_1_bw="14">
<![CDATA[
:4  %tmp_201 = add i14 %tmp_336_cast, %tmp_152_cast

]]></Node>
<StgValue><ssdm name="tmp_201"/></StgValue>
</operation>

<operation id="196" st_id="19" stage="1" lat="1">
<core>NULL</core>
<MemPortIdVec></MemPortIdVec>
<condition id="58">
<or_exp><and_exp><literal name="exitcond" val="0"/>
</and_exp></or_exp>
</condition>

<Node id="211" bw="64" op_0_bw="14">
<![CDATA[
:5  %tmp_338_cast = zext i14 %tmp_201 to i64

]]></Node>
<StgValue><ssdm name="tmp_338_cast"/></StgValue>
</operation>

<operation id="197" st_id="19" stage="1" lat="1">
<core>NULL</core>
<MemPortIdVec></MemPortIdVec>
<condition id="58">
<or_exp><and_exp><literal name="exitcond" val="0"/>
</and_exp></or_exp>
</condition>

<Node id="212" bw="13" op_0_bw="32" op_1_bw="64" op_2_bw="64">
<![CDATA[
:6  %input_addr_2 = getelementptr [6144 x float]* %input_r, i64 0, i64 %tmp_338_cast

]]></Node>
<StgValue><ssdm name="input_addr_2"/></StgValue>
</operation>

<operation id="198" st_id="19" stage="2" lat="2">
<core>RAM</core>
<MemPortIdVec></MemPortIdVec>
<condition id="58">
<or_exp><and_exp><literal name="exitcond" val="0"/>
</and_exp></or_exp>
</condition>

<Node id="215" bw="32" op_0_bw="13">
<![CDATA[
:9  %input_load = load float* %input_addr, align 4

]]></Node>
<StgValue><ssdm name="input_load"/></StgValue>
</operation>

<operation id="199" st_id="19" stage="2" lat="2">
<core>RAM</core>
<MemPortIdVec></MemPortIdVec>
<condition id="58">
<or_exp><and_exp><literal name="exitcond" val="0"/>
</and_exp></or_exp>
</condition>

<Node id="217" bw="32" op_0_bw="13">
<![CDATA[
:11  %input_load_2 = load float* %input_addr_2, align 4

]]></Node>
<StgValue><ssdm name="input_load_2"/></StgValue>
</operation>

<operation id="200" st_id="19" stage="1" lat="1">
<core>NULL</core>
<MemPortIdVec></MemPortIdVec>
<condition id="60">
<or_exp><and_exp><literal name="exitcond" val="1"/>
</and_exp></or_exp>
</condition>

<Node id="221" bw="0" op_0_bw="0">
<![CDATA[
.preheader3.loopexit:0  br label %.preheader3

]]></Node>
<StgValue><ssdm name=""/></StgValue>
</operation>
</state>

<state id="20" st_id="20">

<operation id="201" st_id="20" stage="1" lat="1">
<core>NULL</core>
<MemPortIdVec></MemPortIdVec>
<condition id="61">
<or_exp><and_exp></and_exp></or_exp>
</condition>

<Node id="213" bw="12" op_0_bw="32" op_1_bw="64" op_2_bw="64">
<![CDATA[
:7  %right_part_0_addr_2 = getelementptr [3072 x float]* %right_part_0, i64 0, i64 %tmp_338_cast

]]></Node>
<StgValue><ssdm name="right_part_0_addr_2"/></StgValue>
</operation>

<operation id="202" st_id="20" stage="1" lat="1">
<core>NULL</core>
<MemPortIdVec></MemPortIdVec>
<condition id="61">
<or_exp><and_exp></and_exp></or_exp>
</condition>

<Node id="214" bw="12" op_0_bw="32" op_1_bw="64" op_2_bw="64">
<![CDATA[
:8  %left_part_0_addr_2 = getelementptr [3072 x float]* %left_part_0, i64 0, i64 %tmp_338_cast

]]></Node>
<StgValue><ssdm name="left_part_0_addr_2"/></StgValue>
</operation>

<operation id="203" st_id="20" stage="1" lat="2">
<core>RAM</core>
<MemPortIdVec></MemPortIdVec>
<condition id="61">
<or_exp><and_exp></and_exp></or_exp>
</condition>

<Node id="215" bw="32" op_0_bw="13">
<![CDATA[
:9  %input_load = load float* %input_addr, align 4

]]></Node>
<StgValue><ssdm name="input_load"/></StgValue>
</operation>

<operation id="204" st_id="20" stage="1" lat="1">
<core>RAM</core>
<MemPortIdVec></MemPortIdVec>
<condition id="61">
<or_exp><and_exp></and_exp></or_exp>
</condition>

<Node id="216" bw="0" op_0_bw="32" op_1_bw="12">
<![CDATA[
:10  store float %input_load, float* %right_part_0_addr_2, align 4

]]></Node>
<StgValue><ssdm name=""/></StgValue>
</operation>

<operation id="205" st_id="20" stage="1" lat="2">
<core>RAM</core>
<MemPortIdVec></MemPortIdVec>
<condition id="61">
<or_exp><and_exp></and_exp></or_exp>
</condition>

<Node id="217" bw="32" op_0_bw="13">
<![CDATA[
:11  %input_load_2 = load float* %input_addr_2, align 4

]]></Node>
<StgValue><ssdm name="input_load_2"/></StgValue>
</operation>

<operation id="206" st_id="20" stage="1" lat="1">
<core>RAM</core>
<MemPortIdVec></MemPortIdVec>
<condition id="61">
<or_exp><and_exp></and_exp></or_exp>
</condition>

<Node id="218" bw="0" op_0_bw="32" op_1_bw="12">
<![CDATA[
:12  store float %input_load_2, float* %left_part_0_addr_2, align 4

]]></Node>
<StgValue><ssdm name=""/></StgValue>
</operation>

<operation id="207" st_id="20" stage="1" lat="1">
<core>NULL</core>
<MemPortIdVec></MemPortIdVec>
<condition id="61">
<or_exp><and_exp></and_exp></or_exp>
</condition>

<Node id="219" bw="0" op_0_bw="0">
<![CDATA[
:13  br label %.preheader

]]></Node>
<StgValue><ssdm name=""/></StgValue>
</operation>
</state>

<state id="21" st_id="21">

<operation id="208" st_id="21" stage="1" lat="2">
<core></core>
<MemPortIdVec></MemPortIdVec>
<condition id="62">
<or_exp><and_exp></and_exp></or_exp>
</condition>

<Node id="225" bw="0" op_0_bw="0" op_1_bw="32" op_2_bw="32" op_3_bw="32" op_4_bw="32">
<![CDATA[
:0  call fastcc void @subconv_1x1_89([3072 x float]* %right_part_0, [2304 x float]* %conv1_weight, [48 x float]* %conv1_bias, [3072 x float]* %conv1_output_0)

]]></Node>
<StgValue><ssdm name=""/></StgValue>
</operation>
</state>

<state id="22" st_id="22">

<operation id="209" st_id="22" stage="2" lat="2">
<core></core>
<MemPortIdVec></MemPortIdVec>
<condition id="63">
<or_exp><and_exp></and_exp></or_exp>
</condition>

<Node id="226" bw="0" op_0_bw="0" op_1_bw="32" op_2_bw="32" op_3_bw="32" op_4_bw="32">
<![CDATA[
:1  call fastcc void @subconv_3x3_8_no_rel([3072 x float]* %conv1_output_0, [432 x float]* %conv2_weight, [48 x float]* %conv2_bias, [3072 x float]* %conv2_output_0)

]]></Node>
<StgValue><ssdm name=""/></StgValue>
</operation>
</state>

<state id="23" st_id="23">

<operation id="210" st_id="23" stage="1" lat="2">
<core></core>
<MemPortIdVec></MemPortIdVec>
<condition id="64">
<or_exp><and_exp></and_exp></or_exp>
</condition>

<Node id="226" bw="0" op_0_bw="0" op_1_bw="32" op_2_bw="32" op_3_bw="32" op_4_bw="32">
<![CDATA[
:1  call fastcc void @subconv_3x3_8_no_rel([3072 x float]* %conv1_output_0, [432 x float]* %conv2_weight, [48 x float]* %conv2_bias, [3072 x float]* %conv2_output_0)

]]></Node>
<StgValue><ssdm name=""/></StgValue>
</operation>
</state>

<state id="24" st_id="24">

<operation id="211" st_id="24" stage="2" lat="2">
<core></core>
<MemPortIdVec></MemPortIdVec>
<condition id="65">
<or_exp><and_exp></and_exp></or_exp>
</condition>

<Node id="227" bw="0" op_0_bw="0" op_1_bw="32" op_2_bw="32" op_3_bw="32" op_4_bw="32">
<![CDATA[
:2  call fastcc void @subconv_1x1_89([3072 x float]* %conv2_output_0, [2304 x float]* %conv3_weight, [48 x float]* %conv3_bias, [3072 x float]* %conv3_output_0)

]]></Node>
<StgValue><ssdm name=""/></StgValue>
</operation>
</state>

<state id="25" st_id="25">

<operation id="212" st_id="25" stage="1" lat="2">
<core></core>
<MemPortIdVec></MemPortIdVec>
<condition id="66">
<or_exp><and_exp></and_exp></or_exp>
</condition>

<Node id="227" bw="0" op_0_bw="0" op_1_bw="32" op_2_bw="32" op_3_bw="32" op_4_bw="32">
<![CDATA[
:2  call fastcc void @subconv_1x1_89([3072 x float]* %conv2_output_0, [2304 x float]* %conv3_weight, [48 x float]* %conv3_bias, [3072 x float]* %conv3_output_0)

]]></Node>
<StgValue><ssdm name=""/></StgValue>
</operation>
</state>

<state id="26" st_id="26">

<operation id="213" st_id="26" stage="2" lat="2">
<core></core>
<MemPortIdVec></MemPortIdVec>
<condition id="67">
<or_exp><and_exp></and_exp></or_exp>
</condition>

<Node id="228" bw="0" op_0_bw="0" op_1_bw="32" op_2_bw="32" op_3_bw="32">
<![CDATA[
:3  call fastcc void @shuffle_4811([3072 x float]* %left_part_0, [3072 x float]* %conv3_output_0, [6144 x float]* %output_r)

]]></Node>
<StgValue><ssdm name=""/></StgValue>
</operation>
</state>

<state id="27" st_id="27">

<operation id="214" st_id="27" stage="1" lat="2">
<core></core>
<MemPortIdVec></MemPortIdVec>
<condition id="68">
<or_exp><and_exp></and_exp></or_exp>
</condition>

<Node id="228" bw="0" op_0_bw="0" op_1_bw="32" op_2_bw="32" op_3_bw="32">
<![CDATA[
:3  call fastcc void @shuffle_4811([3072 x float]* %left_part_0, [3072 x float]* %conv3_output_0, [6144 x float]* %output_r)

]]></Node>
<StgValue><ssdm name=""/></StgValue>
</operation>

<operation id="215" st_id="27" stage="1" lat="1">
<core>NULL</core>
<MemPortIdVec></MemPortIdVec>
<condition id="68">
<or_exp><and_exp></and_exp></or_exp>
</condition>

<Node id="229" bw="0">
<![CDATA[
:4  ret void

]]></Node>
<StgValue><ssdm name=""/></StgValue>
</operation>
</state>
</state_list>


<ports>
</ports>


<dataflows>
</dataflows>


</stg>
