<profile>

<section name = "Vivado HLS Report for 'ShuffleNetV2'" level="0">
<item name = "Date">Mon Dec 10 14:57:28 2018
</item>
<item name = "Version">2017.2 (Build 1909853 on Thu Jun 15 18:55:24 MDT 2017)</item>
<item name = "Project">accelerator_hls</item>
<item name = "Solution">naive</item>
<item name = "Product family">zynq</item>
<item name = "Target device">xc7z020clg484-1</item>
</section>

<section name = "Performance Estimates" level="0">
<item name = "Timing (ns)">
<section name = "" level="1">
<item name = "Target clock period (ns)">10.00</item>
<item name = "Clock uncertainty (ns)">1.25</item>
<item name = "Estimated clock period (ns)">8.54</item>
</section>
</item>
<item name = "Latency (clock cycles)">
<section name = "" level="1">
<item name = "Summary"><table name="" hasTotal="0">
<keys size="6">, min, max, min, max, Type</keys>
<column name="">110591624, 110591624, 110591625, 110591625, none</column>
</table>
</item>
<item name = "Detail">
<section name = "" level="1">
<item name = "Instance"><table name="" hasTotal="0">
<keys size="7">Instance, Module, min, max, min, max, Type</keys>
<column name="grp_DownsampleUnit0_fu_3317">DownsampleUnit0, 10938278, 10938278, 10938278, 10938278, none</column>
<column name="grp_DownsampleUnit1_fu_3345">DownsampleUnit1, 10339646, 10339646, 10339646, 10339646, none</column>
<column name="grp_DownsampleUnit2_fu_3373">DownsampleUnit2, 10040942, 10040942, 10040942, 10040942, none</column>
<column name="grp_ShuffleUnit0_fu_3401">ShuffleUnit0, 4197156, 4197156, 4197156, 4197156, none</column>
<column name="grp_ShuffleUnit1_fu_3437">ShuffleUnit1, 3724476, 3724476, 3724476, 3724476, none</column>
<column name="grp_ShuffleUnit2_fu_3513">ShuffleUnit2, 3488748, 3488748, 3488748, 3488748, none</column>
<column name="grp_conv1_fu_3549">conv1, 8799793, 8799793, 8799793, 8799793, none</column>
<column name="grp_conv_last_fu_3561">conv_last, 17388545, 17388545, 17388545, 17388545, none</column>
<column name="grp_avgpool_fu_3573">avgpool, 64513, 64513, 64513, 64513, none</column>
</table>
</item>
<item name = "Loop"><table name="" hasTotal="0">
<keys size="8">Loop Name, min, max, Latency, achieved, target, Count, Pipelined</keys>
<column name="- Loop 1">96816, 96816, 4034, -, -, 24, no</column>
<column name=" + Loop 1.1">4032, 4032, 168, -, -, 24, no</column>
<column name="  ++ Loop 1.1.1">48, 48, 12, -, -, 4, no</column>
<column name="  ++ Loop 1.1.2">112, 112, 7, -, -, 16, no</column>
<column name="- Loop 2">10128, 10128, 422, -, -, 24, no</column>
<column name=" + Loop 2.1">420, 420, 140, -, -, 3, no</column>
<column name="  ++ Loop 2.1.1">138, 138, 46, -, -, 3, no</column>
<column name="   +++ Loop 2.1.1.1">16, 16, 8, -, -, 2, no</column>
<column name="   +++ Loop 2.1.1.2">24, 24, 6, -, -, 4, no</column>
<column name="- Loop 3">1944, 1944, 81, -, -, 24, no</column>
<column name=" + Loop 3.1">34, 34, 17, -, -, 2, no</column>
<column name=" + Loop 3.2">36, 36, 9, -, -, 4, no</column>
<column name="- Loop 4">1024, 1024, 2, -, -, 512, no</column>
<column name="- Loop 5">20, 20, 2, -, -, 10, no</column>
<column name="- Loop 6">56410, 56410, 5641, -, -, 10, no</column>
<column name=" + Loop 6.1">5632, 5632, 11, -, -, 512, no</column>
</table>
</item>
</section>
</item>
</section>
</item>
</section>

<section name = "Utilization Estimates" level="0">
<item name = "Summary"><table name="" hasTotal="1">
<keys size="5">Name, BRAM_18K, DSP48E, FF, LUT</keys>
<column name="DSP">-, -, -, -</column>
<column name="Expression">-, -, 7118, 5682</column>
<column name="FIFO">-, -, -, -</column>
<column name="Instance">364, 95, 26005, 30776</column>
<column name="Memory">912, -, 1024, 185</column>
<column name="Multiplexer">-, -, -, 6710</column>
<column name="Register">-, -, 2246, -</column>
<specialColumn name="Available">280, 220, 106400, 53200</specialColumn>
<specialColumn name="Utilization (%)">455, 43, 34, 81</specialColumn>
</table>
</item>
<item name = "Detail">
<section name = "" level="1">
<item name = "Instance"><table name="" hasTotal="1">
<keys size="6">Instance, Module, BRAM_18K, DSP48E, FF, LUT</keys>
<column name="grp_DownsampleUnit0_fu_3317">DownsampleUnit0, 128, 15, 4077, 5026</column>
<column name="grp_DownsampleUnit1_fu_3345">DownsampleUnit1, 64, 15, 4052, 5021</column>
<column name="grp_DownsampleUnit2_fu_3373">DownsampleUnit2, 32, 15, 4027, 5029</column>
<column name="ShuffleNetV2_faddbkb_x_U171">ShuffleNetV2_faddbkb, 0, 2, 205, 390</column>
<column name="ShuffleNetV2_fmulcud_x_U172">ShuffleNetV2_fmulcud, 0, 3, 143, 321</column>
<column name="grp_ShuffleUnit0_fu_3401">ShuffleUnit0, 80, 10, 3317, 3688</column>
<column name="grp_ShuffleUnit1_fu_3437">ShuffleUnit1, 40, 10, 3279, 3680</column>
<column name="grp_ShuffleUnit2_fu_3513">ShuffleUnit2, 20, 10, 3241, 3686</column>
<column name="grp_avgpool_fu_3573">avgpool, 0, 5, 712, 902</column>
<column name="grp_conv1_fu_3549">conv1, 0, 5, 1825, 1679</column>
<column name="grp_conv_last_fu_3561">conv_last, 0, 5, 1127, 1354</column>
</table>
</item>
<item name = "DSP48"><table name="" hasTotal="0">
<keys size="3">Instance, Module, Expression</keys>
</table>
</item>
<item name = "Memory"><table name="" hasTotal="1">
<keys size="9">Memory, Module, BRAM_18K, FF, LUT, Words, Bits, Banks, W*Bits*Banks</keys>
<column name="ShuffleConvs_0_Downs_7_U">ShuffleNetV2_ShufIfE, 2, 0, 0, 576, 32, 1, 18432</column>
<column name="ShuffleConvs_0_Downs_10_U">ShuffleNetV2_ShufIfE, 2, 0, 0, 576, 32, 1, 18432</column>
<column name="ShuffleConvs_0_Downs_8_U">ShuffleNetV2_ShufIfE, 2, 0, 0, 576, 32, 1, 18432</column>
<column name="ShuffleConvs_0_Shuff_5_U">ShuffleNetV2_ShufIfE, 2, 0, 0, 576, 32, 1, 18432</column>
<column name="ShuffleConvs_0_Shuff_7_U">ShuffleNetV2_ShufIfE, 2, 0, 0, 576, 32, 1, 18432</column>
<column name="ShuffleConvs_0_Shuff_8_U">ShuffleNetV2_ShufIfE, 2, 0, 0, 576, 32, 1, 18432</column>
<column name="ShuffleConvs_0_Shuff_11_U">ShuffleNetV2_ShufIfE, 2, 0, 0, 576, 32, 1, 18432</column>
<column name="ShuffleConvs_0_Shuff_13_U">ShuffleNetV2_ShufIfE, 2, 0, 0, 576, 32, 1, 18432</column>
<column name="ShuffleConvs_0_Shuff_18_U">ShuffleNetV2_ShufIfE, 2, 0, 0, 576, 32, 1, 18432</column>
<column name="ShuffleConvs_1_Downs_7_U">ShuffleNetV2_ShufRg6, 8, 0, 0, 2304, 32, 1, 73728</column>
<column name="ShuffleConvs_1_Downs_10_U">ShuffleNetV2_ShufRg6, 8, 0, 0, 2304, 32, 1, 73728</column>
<column name="ShuffleConvs_1_Downs_8_U">ShuffleNetV2_ShufRg6, 8, 0, 0, 2304, 32, 1, 73728</column>
<column name="ShuffleConvs_1_Shuff_1_U">ShuffleNetV2_ShufRg6, 8, 0, 0, 2304, 32, 1, 73728</column>
<column name="ShuffleConvs_1_Shuff_5_U">ShuffleNetV2_ShufRg6, 8, 0, 0, 2304, 32, 1, 73728</column>
<column name="ShuffleConvs_1_Shuff_7_U">ShuffleNetV2_ShufRg6, 8, 0, 0, 2304, 32, 1, 73728</column>
<column name="ShuffleConvs_1_Shuff_11_U">ShuffleNetV2_ShufRg6, 8, 0, 0, 2304, 32, 1, 73728</column>
<column name="ShuffleConvs_1_Shuff_13_U">ShuffleNetV2_ShufRg6, 8, 0, 0, 2304, 32, 1, 73728</column>
<column name="ShuffleConvs_1_Shuff_19_U">ShuffleNetV2_ShufRg6, 8, 0, 0, 2304, 32, 1, 73728</column>
<column name="ShuffleConvs_1_Shuff_21_U">ShuffleNetV2_ShufRg6, 8, 0, 0, 2304, 32, 1, 73728</column>
<column name="ShuffleConvs_1_Shuff_25_U">ShuffleNetV2_ShufRg6, 8, 0, 0, 2304, 32, 1, 73728</column>
<column name="ShuffleConvs_1_Shuff_27_U">ShuffleNetV2_ShufRg6, 8, 0, 0, 2304, 32, 1, 73728</column>
<column name="ShuffleConvs_1_Shuff_31_U">ShuffleNetV2_ShufRg6, 8, 0, 0, 2304, 32, 1, 73728</column>
<column name="ShuffleConvs_1_Shuff_33_U">ShuffleNetV2_ShufRg6, 8, 0, 0, 2304, 32, 1, 73728</column>
<column name="ShuffleConvs_1_Shuff_37_U">ShuffleNetV2_ShufRg6, 8, 0, 0, 2304, 32, 1, 73728</column>
<column name="ShuffleConvs_1_Shuff_41_U">ShuffleNetV2_ShufRg6, 8, 0, 0, 2304, 32, 1, 73728</column>
<column name="ShuffleConvs_1_Shuff_45_U">ShuffleNetV2_ShufRg6, 8, 0, 0, 2304, 32, 1, 73728</column>
<column name="ShuffleConvs_1_Shuff_47_U">ShuffleNetV2_ShufRg6, 8, 0, 0, 2304, 32, 1, 73728</column>
<column name="ShuffleConvs_1_Shuff_50_U">ShuffleNetV2_ShufRg6, 8, 0, 0, 2304, 32, 1, 73728</column>
<column name="ShuffleConvs_1_Downs_3_U">ShuffleNetV2_ShufbSr, 1, 0, 0, 48, 32, 1, 1536</column>
<column name="ShuffleConvs_1_Downs_5_U">ShuffleNetV2_ShufbSr, 1, 0, 0, 48, 32, 1, 1536</column>
<column name="ShuffleConvs_1_Downs_U">ShuffleNetV2_ShufbSr, 1, 0, 0, 48, 32, 1, 1536</column>
<column name="ShuffleConvs_1_Downs_1_U">ShuffleNetV2_ShufbSr, 1, 0, 0, 48, 32, 1, 1536</column>
<column name="ShuffleConvs_1_Downs_4_U">ShuffleNetV2_ShufbSr, 1, 0, 0, 48, 32, 1, 1536</column>
<column name="ShuffleConvs_1_Shuff_51_U">ShuffleNetV2_ShufbSr, 1, 0, 0, 48, 32, 1, 1536</column>
<column name="ShuffleConvs_1_Shuff_52_U">ShuffleNetV2_ShufbSr, 1, 0, 0, 48, 32, 1, 1536</column>
<column name="ShuffleConvs_1_Shuff_53_U">ShuffleNetV2_ShufbSr, 1, 0, 0, 48, 32, 1, 1536</column>
<column name="ShuffleConvs_1_Shuff_54_U">ShuffleNetV2_ShufbSr, 1, 0, 0, 48, 32, 1, 1536</column>
<column name="ShuffleConvs_1_Shuff_56_U">ShuffleNetV2_ShufbSr, 1, 0, 0, 48, 32, 1, 1536</column>
<column name="ShuffleConvs_1_Shuff_57_U">ShuffleNetV2_ShufbSr, 1, 0, 0, 48, 32, 1, 1536</column>
<column name="ShuffleConvs_1_Shuff_58_U">ShuffleNetV2_ShufbSr, 1, 0, 0, 48, 32, 1, 1536</column>
<column name="ShuffleConvs_1_Shuff_59_U">ShuffleNetV2_ShufbSr, 1, 0, 0, 48, 32, 1, 1536</column>
<column name="ShuffleConvs_1_Shuff_60_U">ShuffleNetV2_ShufbSr, 1, 0, 0, 48, 32, 1, 1536</column>
<column name="ShuffleConvs_1_Shuff_61_U">ShuffleNetV2_ShufbSr, 1, 0, 0, 48, 32, 1, 1536</column>
<column name="ShuffleConvs_1_Shuff_62_U">ShuffleNetV2_ShufbSr, 1, 0, 0, 48, 32, 1, 1536</column>
<column name="ShuffleConvs_1_Shuff_63_U">ShuffleNetV2_ShufbSr, 1, 0, 0, 48, 32, 1, 1536</column>
<column name="ShuffleConvs_1_Shuff_64_U">ShuffleNetV2_ShufbSr, 1, 0, 0, 48, 32, 1, 1536</column>
<column name="ShuffleConvs_1_Shuff_65_U">ShuffleNetV2_ShufbSr, 1, 0, 0, 48, 32, 1, 1536</column>
<column name="ShuffleConvs_1_Shuff_67_U">ShuffleNetV2_ShufbSr, 1, 0, 0, 48, 32, 1, 1536</column>
<column name="ShuffleConvs_1_Shuff_68_U">ShuffleNetV2_ShufbSr, 1, 0, 0, 48, 32, 1, 1536</column>
<column name="ShuffleConvs_1_Shuff_69_U">ShuffleNetV2_ShufbSr, 1, 0, 0, 48, 32, 1, 1536</column>
<column name="ShuffleConvs_1_Shuff_70_U">ShuffleNetV2_ShufbSr, 1, 0, 0, 48, 32, 1, 1536</column>
<column name="ShuffleConvs_1_Shuff_71_U">ShuffleNetV2_ShufbSr, 1, 0, 0, 48, 32, 1, 1536</column>
<column name="ShuffleConvs_1_Shuff_17_U">ShuffleNetV2_ShufbSr, 1, 0, 0, 48, 32, 1, 1536</column>
<column name="ShuffleConvs_1_Shuff_39_U">ShuffleNetV2_ShufbSr, 1, 0, 0, 48, 32, 1, 1536</column>
<column name="ShuffleConvs_1_Shuff_55_U">ShuffleNetV2_ShufbSr, 1, 0, 0, 48, 32, 1, 1536</column>
<column name="ShuffleConvs_1_Shuff_66_U">ShuffleNetV2_ShufbSr, 1, 0, 0, 48, 32, 1, 1536</column>
<column name="ShuffleConvs_1_Shuff_U">ShuffleNetV2_ShufbSr, 1, 0, 0, 48, 32, 1, 1536</column>
<column name="ShuffleConvs_2_Downs_7_U">ShuffleNetV2_Shufbak, 32, 0, 0, 9216, 32, 1, 294912</column>
<column name="ShuffleConvs_2_Downs_10_U">ShuffleNetV2_Shufbak, 32, 0, 0, 9216, 32, 1, 294912</column>
<column name="ShuffleConvs_2_Downs_8_U">ShuffleNetV2_Shufbak, 32, 0, 0, 9216, 32, 1, 294912</column>
<column name="ShuffleConvs_2_Shuff_5_U">ShuffleNetV2_Shufbak, 32, 0, 0, 9216, 32, 1, 294912</column>
<column name="ShuffleConvs_2_Shuff_7_U">ShuffleNetV2_Shufbak, 32, 0, 0, 9216, 32, 1, 294912</column>
<column name="ShuffleConvs_2_Shuff_8_U">ShuffleNetV2_Shufbak, 32, 0, 0, 9216, 32, 1, 294912</column>
<column name="ShuffleConvs_2_Shuff_11_U">ShuffleNetV2_Shufbak, 32, 0, 0, 9216, 32, 1, 294912</column>
<column name="ShuffleConvs_2_Shuff_13_U">ShuffleNetV2_Shufbak, 32, 0, 0, 9216, 32, 1, 294912</column>
<column name="ShuffleConvs_2_Shuff_18_U">ShuffleNetV2_Shufbak, 32, 0, 0, 9216, 32, 1, 294912</column>
<column name="ShuffleConvs_0_Downs_9_U">ShuffleNetV2_Shufbjl, 1, 0, 0, 216, 32, 1, 6912</column>
<column name="ShuffleConvs_0_Downs_6_U">ShuffleNetV2_Shufbjl, 1, 0, 0, 216, 32, 1, 6912</column>
<column name="ShuffleConvs_0_Shuff_6_U">ShuffleNetV2_Shufbjl, 1, 0, 0, 216, 32, 1, 6912</column>
<column name="ShuffleConvs_0_Shuff_9_U">ShuffleNetV2_Shufbjl, 1, 0, 0, 216, 32, 1, 6912</column>
<column name="ShuffleConvs_0_Shuff_15_U">ShuffleNetV2_Shufbjl, 1, 0, 0, 216, 32, 1, 6912</column>
<column name="ShuffleConvs_1_Downs_9_U">ShuffleNetV2_Shufbom, 1, 0, 0, 432, 32, 1, 13824</column>
<column name="ShuffleConvs_1_Downs_6_U">ShuffleNetV2_Shufbom, 1, 0, 0, 432, 32, 1, 13824</column>
<column name="ShuffleConvs_1_Shuff_3_U">ShuffleNetV2_Shufbom, 1, 0, 0, 432, 32, 1, 13824</column>
<column name="ShuffleConvs_1_Shuff_9_U">ShuffleNetV2_Shufbom, 1, 0, 0, 432, 32, 1, 13824</column>
<column name="ShuffleConvs_1_Shuff_15_U">ShuffleNetV2_Shufbom, 1, 0, 0, 432, 32, 1, 13824</column>
<column name="ShuffleConvs_1_Shuff_23_U">ShuffleNetV2_Shufbom, 1, 0, 0, 432, 32, 1, 13824</column>
<column name="ShuffleConvs_1_Shuff_29_U">ShuffleNetV2_Shufbom, 1, 0, 0, 432, 32, 1, 13824</column>
<column name="ShuffleConvs_1_Shuff_35_U">ShuffleNetV2_Shufbom, 1, 0, 0, 432, 32, 1, 13824</column>
<column name="ShuffleConvs_1_Shuff_43_U">ShuffleNetV2_Shufbom, 1, 0, 0, 432, 32, 1, 13824</column>
<column name="ShuffleConvs_1_Shuff_49_U">ShuffleNetV2_Shufbom, 1, 0, 0, 432, 32, 1, 13824</column>
<column name="ShuffleConvs_2_Downs_9_U">ShuffleNetV2_Shufbyn, 2, 0, 0, 864, 32, 1, 27648</column>
<column name="ShuffleConvs_2_Downs_6_U">ShuffleNetV2_Shufbyn, 2, 0, 0, 864, 32, 1, 27648</column>
<column name="ShuffleConvs_2_Shuff_6_U">ShuffleNetV2_Shufbyn, 2, 0, 0, 864, 32, 1, 27648</column>
<column name="ShuffleConvs_2_Shuff_9_U">ShuffleNetV2_Shufbyn, 2, 0, 0, 864, 32, 1, 27648</column>
<column name="ShuffleConvs_2_Shuff_15_U">ShuffleNetV2_Shufbyn, 2, 0, 0, 864, 32, 1, 27648</column>
<column name="ShuffleConvs_2_Downs_3_U">ShuffleNetV2_Shufclv, 1, 0, 0, 96, 32, 1, 3072</column>
<column name="ShuffleConvs_2_Downs_5_U">ShuffleNetV2_Shufclv, 1, 0, 0, 96, 32, 1, 3072</column>
<column name="ShuffleConvs_2_Downs_U">ShuffleNetV2_Shufclv, 1, 0, 0, 96, 32, 1, 3072</column>
<column name="ShuffleConvs_2_Downs_1_U">ShuffleNetV2_Shufclv, 1, 0, 0, 96, 32, 1, 3072</column>
<column name="ShuffleConvs_2_Downs_4_U">ShuffleNetV2_Shufclv, 1, 0, 0, 96, 32, 1, 3072</column>
<column name="ShuffleConvs_2_Shuff_19_U">ShuffleNetV2_Shufclv, 1, 0, 0, 96, 32, 1, 3072</column>
<column name="ShuffleConvs_2_Shuff_20_U">ShuffleNetV2_Shufclv, 1, 0, 0, 96, 32, 1, 3072</column>
<column name="ShuffleConvs_2_Shuff_21_U">ShuffleNetV2_Shufclv, 1, 0, 0, 96, 32, 1, 3072</column>
<column name="ShuffleConvs_2_Shuff_22_U">ShuffleNetV2_Shufclv, 1, 0, 0, 96, 32, 1, 3072</column>
<column name="ShuffleConvs_2_Shuff_1_U">ShuffleNetV2_Shufclv, 1, 0, 0, 96, 32, 1, 3072</column>
<column name="ShuffleConvs_2_Shuff_3_U">ShuffleNetV2_Shufclv, 1, 0, 0, 96, 32, 1, 3072</column>
<column name="ShuffleConvs_2_Shuff_4_U">ShuffleNetV2_Shufclv, 1, 0, 0, 96, 32, 1, 3072</column>
<column name="ShuffleConvs_2_Shuff_17_U">ShuffleNetV2_Shufclv, 1, 0, 0, 96, 32, 1, 3072</column>
<column name="ShuffleConvs_2_Shuff_U">ShuffleNetV2_Shufclv, 1, 0, 0, 96, 32, 1, 3072</column>
<column name="conv1_bias_U">ShuffleNetV2_convbDo, 0, 64, 12, 24, 32, 1, 768</column>
<column name="ShuffleConvs_0_Downs_3_U">ShuffleNetV2_convbDo, 0, 64, 12, 24, 32, 1, 768</column>
<column name="ShuffleConvs_0_Downs_5_U">ShuffleNetV2_convbDo, 0, 64, 12, 24, 32, 1, 768</column>
<column name="ShuffleConvs_0_Downs_U">ShuffleNetV2_convbDo, 0, 64, 12, 24, 32, 1, 768</column>
<column name="ShuffleConvs_0_Downs_1_U">ShuffleNetV2_convbDo, 0, 64, 12, 24, 32, 1, 768</column>
<column name="ShuffleConvs_0_Downs_4_U">ShuffleNetV2_convbDo, 0, 64, 12, 24, 32, 1, 768</column>
<column name="ShuffleConvs_0_Shuff_19_U">ShuffleNetV2_convbDo, 0, 64, 12, 24, 32, 1, 768</column>
<column name="ShuffleConvs_0_Shuff_20_U">ShuffleNetV2_convbDo, 0, 64, 12, 24, 32, 1, 768</column>
<column name="ShuffleConvs_0_Shuff_21_U">ShuffleNetV2_convbDo, 0, 64, 12, 24, 32, 1, 768</column>
<column name="ShuffleConvs_0_Shuff_22_U">ShuffleNetV2_convbDo, 0, 64, 12, 24, 32, 1, 768</column>
<column name="ShuffleConvs_0_Shuff_1_U">ShuffleNetV2_convbDo, 0, 64, 12, 24, 32, 1, 768</column>
<column name="ShuffleConvs_0_Shuff_3_U">ShuffleNetV2_convbDo, 0, 64, 12, 24, 32, 1, 768</column>
<column name="ShuffleConvs_0_Shuff_4_U">ShuffleNetV2_convbDo, 0, 64, 12, 24, 32, 1, 768</column>
<column name="ShuffleConvs_0_Shuff_17_U">ShuffleNetV2_convbDo, 0, 64, 12, 24, 32, 1, 768</column>
<column name="ShuffleConvs_0_Shuff_U">ShuffleNetV2_convbDo, 0, 64, 12, 24, 32, 1, 768</column>
<column name="conv1_output_U">ShuffleNetV2_convcBy, 64, 0, 0, 24576, 32, 1, 786432</column>
<column name="conv_last_output_U">ShuffleNetV2_convcTB, 16, 0, 0, 8192, 32, 1, 262144</column>
<column name="conv_last_bias_U">ShuffleNetV2_convczy, 1, 0, 0, 512, 32, 1, 16384</column>
<column name="avgpool_output_U">ShuffleNetV2_convczy, 1, 0, 0, 512, 32, 1, 16384</column>
<column name="downsampleunit0_outp_U">ShuffleNetV2_downcCy, 32, 0, 0, 12288, 32, 1, 393216</column>
<column name="shuffleunit0_0_outpu_U">ShuffleNetV2_downcCy, 32, 0, 0, 12288, 32, 1, 393216</column>
<column name="shuffleunit0_1_outpu_U">ShuffleNetV2_downcCy, 32, 0, 0, 12288, 32, 1, 393216</column>
<column name="downsampleunit1_outp_U">ShuffleNetV2_downcGz, 16, 0, 0, 6144, 32, 1, 196608</column>
<column name="shuffleunit1_0_outpu_U">ShuffleNetV2_downcGz, 16, 0, 0, 6144, 32, 1, 196608</column>
<column name="shuffleunit1_1_outpu_U">ShuffleNetV2_downcGz, 16, 0, 0, 6144, 32, 1, 196608</column>
<column name="shuffleunit1_2_outpu_U">ShuffleNetV2_downcGz, 16, 0, 0, 6144, 32, 1, 196608</column>
<column name="shuffleunit1_3_outpu_U">ShuffleNetV2_downcGz, 16, 0, 0, 6144, 32, 1, 196608</column>
<column name="shuffleunit1_4_outpu_U">ShuffleNetV2_downcGz, 16, 0, 0, 6144, 32, 1, 196608</column>
<column name="shuffleunit1_5_outpu_U">ShuffleNetV2_downcGz, 16, 0, 0, 6144, 32, 1, 196608</column>
<column name="shuffleunit1_6_outpu_U">ShuffleNetV2_downcGz, 16, 0, 0, 6144, 32, 1, 196608</column>
<column name="downsampleunit2_outp_U">ShuffleNetV2_downcPA, 8, 0, 0, 3072, 32, 1, 98304</column>
<column name="shuffleunit2_0_outpu_U">ShuffleNetV2_downcPA, 8, 0, 0, 3072, 32, 1, 98304</column>
<column name="shuffleunit2_1_outpu_U">ShuffleNetV2_downcPA, 8, 0, 0, 3072, 32, 1, 98304</column>
<column name="fc_bias_U">ShuffleNetV2_fc_bcAy, 0, 64, 5, 10, 32, 1, 320</column>
<column name="shuffleunit0_2_outpu_U">ShuffleNetV2_shufcFz, 32, 0, 0, 12288, 32, 1, 393216</column>
<column name="shuffleunit1_7_outpu_U">ShuffleNetV2_shufcOA, 16, 0, 0, 6144, 32, 1, 196608</column>
<column name="shuffleunit2_2_outpu_U">ShuffleNetV2_shufcSB, 8, 0, 0, 3072, 32, 1, 98304</column>
</table>
</item>
<item name = "FIFO"><table name="" hasTotal="1">
<keys size="7">Name, BRAM_18K, FF, LUT, Depth, Bits, Size:D*B</keys>
</table>
</item>
<item name = "Expression"><table name="" hasTotal="1">
<keys size="7">Variable Name, Operation, DSP48E, FF, LUT, Bitwidth P0, Bitwidth P1</keys>
<column name="ci_10_fu_8849_p2">+, 0, 35, 15, 10, 1</column>
<column name="ci_9_fu_4108_p2">+, 0, 20, 10, 5, 1</column>
<column name="co_22_fu_3628_p2">+, 0, 20, 10, 5, 1</column>
<column name="co_23_fu_5988_p2">+, 0, 20, 10, 5, 1</column>
<column name="co_24_fu_8821_p2">+, 0, 17, 9, 4, 1</column>
<column name="h_22_fu_6329_p2">+, 0, 11, 8, 2, 1</column>
<column name="i_1_fu_4246_p2">+, 0, 14, 9, 3, 1</column>
<column name="i_2_fu_8753_p2">+, 0, 35, 15, 10, 1</column>
<column name="i_3_fu_5384_p2">+, 0, 20, 10, 5, 1</column>
<column name="i_4_fu_8789_p2">+, 0, 17, 9, 4, 1</column>
<column name="i_5_fu_7712_p2">+, 0, 20, 10, 5, 1</column>
<column name="i_6_fu_6400_p2">+, 0, 11, 8, 2, 1</column>
<column name="i_7_fu_7225_p2">+, 0, 14, 9, 3, 1</column>
<column name="k_1_fu_7891_p2">+, 0, 11, 8, 2, 1</column>
<column name="k_2_fu_8451_p2">+, 0, 14, 9, 3, 1</column>
<column name="tmp10_fu_4851_p2">+, 0, 0, 12, 11, 11</column>
<column name="tmp11_fu_4946_p2">+, 0, 0, 12, 11, 11</column>
<column name="tmp12_fu_4956_p2">+, 0, 0, 12, 11, 11</column>
<column name="tmp13_fu_5087_p2">+, 0, 0, 12, 11, 11</column>
<column name="tmp14_fu_5097_p2">+, 0, 0, 12, 11, 11</column>
<column name="tmp15_fu_5107_p2">+, 0, 0, 12, 10, 11</column>
<column name="tmp16_fu_5201_p2">+, 0, 0, 12, 10, 10</column>
<column name="tmp17_fu_5211_p2">+, 0, 0, 12, 10, 10</column>
<column name="tmp1_fu_4290_p2">+, 0, 0, 12, 8, 9</column>
<column name="tmp20_fu_5432_p2">+, 0, 0, 12, 11, 12</column>
<column name="tmp21_fu_5495_p2">+, 0, 0, 12, 12, 12</column>
<column name="tmp22_fu_5590_p2">+, 0, 0, 12, 12, 12</column>
<column name="tmp23_fu_5600_p2">+, 0, 0, 12, 11, 12</column>
<column name="tmp24_fu_5705_p2">+, 0, 0, 12, 11, 11</column>
<column name="tmp25_fu_5716_p2">+, 0, 0, 12, 12, 13</column>
<column name="tmp26_fu_5815_p2">+, 0, 0, 12, 13, 13</column>
<column name="tmp27_fu_5825_p2">+, 0, 0, 12, 13, 13</column>
<column name="tmp28_fu_5835_p2">+, 0, 0, 12, 13, 13</column>
<column name="tmp29_fu_6448_p2">+, 0, 0, 12, 7, 8</column>
<column name="tmp2_fu_4367_p2">+, 0, 0, 12, 9, 9</column>
<column name="tmp30_fu_6535_p2">+, 0, 0, 12, 8, 8</column>
<column name="tmp31_fu_6573_p2">+, 0, 26, 12, 7, 7</column>
<column name="tmp32_fu_6701_p2">+, 0, 0, 12, 9, 9</column>
<column name="tmp33_fu_6743_p2">+, 0, 0, 12, 9, 9</column>
<column name="tmp34_fu_6781_p2">+, 0, 0, 12, 9, 9</column>
<column name="tmp35_fu_6819_p2">+, 0, 0, 12, 8, 8</column>
<column name="tmp36_fu_6864_p2">+, 0, 0, 12, 7, 8</column>
<column name="tmp37_fu_6971_p2">+, 0, 0, 12, 9, 10</column>
<column name="tmp38_fu_6982_p2">+, 0, 0, 12, 10, 10</column>
<column name="tmp39_fu_7274_p2">+, 0, 0, 12, 10, 10</column>
<column name="tmp3_fu_4473_p2">+, 0, 32, 14, 8, 9</column>
<column name="tmp40_fu_7459_p2">+, 0, 0, 12, 10, 10</column>
<column name="tmp41_fu_7496_p2">+, 0, 0, 12, 9, 10</column>
<column name="tmp42_fu_7363_p2">+, 0, 0, 12, 9, 9</column>
<column name="tmp43_fu_7374_p2">+, 0, 0, 12, 10, 11</column>
<column name="tmp44_fu_7934_p2">+, 0, 0, 12, 9, 9</column>
<column name="tmp45_fu_7953_p2">+, 0, 0, 12, 8, 8</column>
<column name="tmp46_fu_7973_p2">+, 0, 0, 12, 7, 8</column>
<column name="tmp47_fu_8011_p2">+, 0, 0, 12, 9, 10</column>
<column name="tmp48_fu_8027_p2">+, 0, 0, 12, 10, 10</column>
<column name="tmp49_fu_8053_p2">+, 0, 0, 12, 10, 10</column>
<column name="tmp4_fu_4487_p2">+, 0, 0, 12, 9, 10</column>
<column name="tmp50_fu_8068_p2">+, 0, 0, 12, 10, 10</column>
<column name="tmp51_fu_8083_p2">+, 0, 0, 12, 10, 10</column>
<column name="tmp52_fu_8098_p2">+, 0, 0, 12, 10, 10</column>
<column name="tmp53_fu_8113_p2">+, 0, 0, 12, 9, 9</column>
<column name="tmp54_fu_8132_p2">+, 0, 0, 12, 9, 9</column>
<column name="tmp55_fu_8151_p2">+, 0, 0, 12, 9, 9</column>
<column name="tmp56_fu_8043_p2">+, 0, 0, 12, 8, 8</column>
<column name="tmp57_fu_8180_p2">+, 0, 26, 12, 7, 7</column>
<column name="tmp58_fu_8203_p2">+, 0, 0, 12, 11, 11</column>
<column name="tmp59_fu_8219_p2">+, 0, 0, 12, 11, 11</column>
<column name="tmp5_fu_4619_p2">+, 0, 0, 12, 10, 10</column>
<column name="tmp60_fu_8234_p2">+, 0, 0, 12, 11, 11</column>
<column name="tmp61_fu_8249_p2">+, 0, 0, 12, 11, 11</column>
<column name="tmp62_fu_8264_p2">+, 0, 0, 12, 11, 11</column>
<column name="tmp63_fu_8279_p2">+, 0, 0, 12, 11, 11</column>
<column name="tmp64_fu_8294_p2">+, 0, 0, 12, 11, 11</column>
<column name="tmp65_fu_8309_p2">+, 0, 0, 12, 11, 11</column>
<column name="tmp66_fu_8324_p2">+, 0, 0, 12, 11, 11</column>
<column name="tmp67_fu_8339_p2">+, 0, 0, 12, 11, 11</column>
<column name="tmp68_fu_8354_p2">+, 0, 0, 12, 11, 11</column>
<column name="tmp69_fu_8369_p2">+, 0, 0, 12, 10, 10</column>
<column name="tmp6_fu_4629_p2">+, 0, 0, 12, 10, 10</column>
<column name="tmp70_fu_8388_p2">+, 0, 0, 12, 10, 10</column>
<column name="tmp71_fu_8407_p2">+, 0, 0, 12, 10, 10</column>
<column name="tmp72_fu_8426_p2">+, 0, 0, 12, 10, 10</column>
<column name="tmp73_fu_8497_p2">+, 0, 0, 12, 10, 10</column>
<column name="tmp74_fu_8517_p2">+, 0, 0, 12, 9, 9</column>
<column name="tmp75_fu_8554_p2">+, 0, 32, 14, 8, 9</column>
<column name="tmp76_fu_8577_p2">+, 0, 0, 12, 11, 12</column>
<column name="tmp77_fu_8593_p2">+, 0, 0, 12, 12, 12</column>
<column name="tmp78_fu_8608_p2">+, 0, 0, 12, 12, 12</column>
<column name="tmp79_fu_8623_p2">+, 0, 0, 12, 12, 12</column>
<column name="tmp7_fu_4735_p2">+, 0, 0, 12, 9, 10</column>
<column name="tmp80_fu_8638_p2">+, 0, 0, 12, 12, 12</column>
<column name="tmp81_fu_8653_p2">+, 0, 0, 12, 12, 12</column>
<column name="tmp82_fu_8668_p2">+, 0, 0, 12, 12, 12</column>
<column name="tmp83_fu_8683_p2">+, 0, 0, 12, 12, 12</column>
<column name="tmp84_fu_8698_p2">+, 0, 0, 12, 12, 12</column>
<column name="tmp85_fu_8713_p2">+, 0, 0, 12, 12, 12</column>
<column name="tmp86_fu_8728_p2">+, 0, 0, 12, 12, 12</column>
<column name="tmp8_fu_4498_p2">+, 0, 0, 12, 9, 9</column>
<column name="tmp9_fu_4840_p2">+, 0, 0, 12, 10, 11</column>
<column name="tmp_170_fu_3708_p2">+, 0, 26, 12, 6, 7</column>
<column name="tmp_171_fu_3748_p2">+, 0, 26, 12, 7, 7</column>
<column name="tmp_172_fu_3834_p2">+, 0, 29, 13, 7, 8</column>
<column name="tmp_173_fu_3874_p2">+, 0, 29, 13, 8, 8</column>
<column name="tmp_174_fu_3914_p2">+, 0, 29, 13, 8, 8</column>
<column name="tmp_178_fu_6016_p2">+, 0, 23, 11, 6, 5</column>
<column name="tmp_180_fu_6044_p2">+, 0, 26, 12, 7, 6</column>
<column name="tmp_182_fu_6072_p2">+, 0, 26, 12, 7, 7</column>
<column name="tmp_187_fu_4142_p2">+, 0, 26, 12, 7, 7</column>
<column name="tmp_190_fu_7723_p2">+, 0, 23, 11, 6, 5</column>
<column name="tmp_192_fu_7734_p2">+, 0, 26, 12, 7, 6</column>
<column name="tmp_194_fu_7744_p2">+, 0, 26, 12, 7, 7</column>
<column name="tmp_198_fu_7771_p2">+, 0, 29, 13, 8, 7</column>
<column name="tmp_200_fu_7781_p2">+, 0, 29, 13, 8, 8</column>
<column name="tmp_202_fu_7791_p2">+, 0, 29, 13, 8, 8</column>
<column name="tmp_206_fu_7818_p2">+, 0, 26, 12, 7, 7</column>
<column name="tmp_208_fu_7832_p2">+, 0, 32, 14, 9, 8</column>
<column name="tmp_210_fu_7842_p2">+, 0, 32, 14, 9, 9</column>
<column name="tmp_214_fu_7865_p2">+, 0, 32, 14, 9, 9</column>
<column name="tmp_216_fu_7875_p2">+, 0, 32, 14, 9, 9</column>
<column name="tmp_219_fu_4378_p2">+, 0, 29, 13, 8, 8</column>
<column name="tmp_222_fu_4296_p2">+, 0, 0, 12, 9, 9</column>
<column name="tmp_224_fu_4331_p2">+, 0, 0, 12, 7, 7</column>
<column name="tmp_225_fu_4373_p2">+, 0, 0, 12, 9, 9</column>
<column name="tmp_226_fu_4482_p2">+, 0, 35, 15, 10, 10</column>
<column name="tmp_227_fu_4493_p2">+, 0, 0, 12, 10, 10</column>
<column name="tmp_228_fu_4624_p2">+, 0, 0, 12, 10, 10</column>
<column name="tmp_229_fu_4634_p2">+, 0, 0, 12, 10, 10</column>
<column name="tmp_230_fu_4740_p2">+, 0, 0, 12, 10, 10</column>
<column name="tmp_231_fu_8759_p2">+, 0, 38, 16, 11, 11</column>
<column name="tmp_234_fu_4503_p2">+, 0, 0, 12, 9, 9</column>
<column name="tmp_235_fu_8795_p2">+, 0, 35, 15, 10, 10</column>
<column name="tmp_239_fu_4846_p2">+, 0, 0, 12, 11, 11</column>
<column name="tmp_240_fu_7940_p2">+, 0, 0, 12, 9, 9</column>
<column name="tmp_242_fu_7996_p2">+, 0, 26, 12, 7, 7</column>
<column name="tmp_244_fu_4857_p2">+, 0, 0, 12, 11, 11</column>
<column name="tmp_245_fu_7959_p2">+, 0, 0, 12, 8, 8</column>
<column name="tmp_247_fu_4951_p2">+, 0, 0, 12, 11, 11</column>
<column name="tmp_248_fu_7979_p2">+, 0, 0, 12, 8, 8</column>
<column name="tmp_250_fu_4961_p2">+, 0, 0, 12, 11, 11</column>
<column name="tmp_251_fu_8017_p2">+, 0, 0, 12, 10, 10</column>
<column name="tmp_253_fu_5092_p2">+, 0, 0, 12, 11, 11</column>
<column name="tmp_254_fu_8033_p2">+, 0, 0, 12, 10, 10</column>
<column name="tmp_256_fu_5102_p2">+, 0, 0, 12, 11, 11</column>
<column name="tmp_257_fu_8058_p2">+, 0, 0, 12, 10, 10</column>
<column name="tmp_259_fu_5112_p2">+, 0, 0, 12, 11, 11</column>
<column name="tmp_260_fu_8073_p2">+, 0, 0, 12, 10, 10</column>
<column name="tmp_262_fu_5206_p2">+, 0, 0, 12, 10, 10</column>
<column name="tmp_263_fu_8088_p2">+, 0, 0, 12, 10, 10</column>
<column name="tmp_265_fu_5216_p2">+, 0, 0, 12, 10, 10</column>
<column name="tmp_266_fu_8103_p2">+, 0, 0, 12, 10, 10</column>
<column name="tmp_268_fu_4646_p2">+, 0, 41, 17, 12, 12</column>
<column name="tmp_269_fu_8118_p2">+, 0, 0, 12, 9, 9</column>
<column name="tmp_271_fu_8137_p2">+, 0, 0, 12, 9, 9</column>
<column name="tmp_273_fu_8156_p2">+, 0, 0, 12, 9, 9</column>
<column name="tmp_275_fu_8048_p2">+, 0, 0, 12, 8, 8</column>
<column name="tmp_277_fu_8193_p2">+, 0, 38, 16, 11, 11</column>
<column name="tmp_279_fu_8209_p2">+, 0, 0, 12, 11, 11</column>
<column name="tmp_281_fu_8224_p2">+, 0, 0, 12, 11, 11</column>
<column name="tmp_283_fu_8239_p2">+, 0, 0, 12, 11, 11</column>
<column name="tmp_285_fu_8254_p2">+, 0, 0, 12, 11, 11</column>
<column name="tmp_287_fu_8269_p2">+, 0, 0, 12, 11, 11</column>
<column name="tmp_289_fu_8284_p2">+, 0, 0, 12, 11, 11</column>
<column name="tmp_291_fu_8299_p2">+, 0, 0, 12, 11, 11</column>
<column name="tmp_293_fu_8314_p2">+, 0, 0, 12, 11, 11</column>
<column name="tmp_295_fu_8329_p2">+, 0, 0, 12, 11, 11</column>
<column name="tmp_297_fu_8344_p2">+, 0, 0, 12, 11, 11</column>
<column name="tmp_299_fu_8359_p2">+, 0, 0, 12, 11, 11</column>
<column name="tmp_301_fu_8374_p2">+, 0, 0, 12, 10, 10</column>
<column name="tmp_303_fu_8393_p2">+, 0, 0, 12, 10, 10</column>
<column name="tmp_305_fu_8412_p2">+, 0, 0, 12, 10, 10</column>
<column name="tmp_307_fu_8431_p2">+, 0, 0, 12, 10, 10</column>
<column name="tmp_311_fu_5438_p2">+, 0, 0, 12, 12, 12</column>
<column name="tmp_313_fu_5459_p2">+, 0, 0, 12, 8, 8</column>
<column name="tmp_314_fu_5501_p2">+, 0, 0, 12, 12, 12</column>
<column name="tmp_315_fu_5595_p2">+, 0, 0, 12, 12, 12</column>
<column name="tmp_316_fu_5605_p2">+, 0, 0, 12, 12, 12</column>
<column name="tmp_317_fu_5711_p2">+, 0, 0, 12, 11, 11</column>
<column name="tmp_318_fu_5722_p2">+, 0, 0, 12, 13, 13</column>
<column name="tmp_319_fu_5820_p2">+, 0, 0, 12, 13, 13</column>
<column name="tmp_320_fu_5830_p2">+, 0, 0, 12, 13, 13</column>
<column name="tmp_321_fu_5840_p2">+, 0, 0, 12, 13, 13</column>
<column name="tmp_323_fu_8503_p2">+, 0, 0, 12, 10, 10</column>
<column name="tmp_325_fu_8540_p2">+, 0, 29, 13, 8, 8</column>
<column name="tmp_327_fu_8523_p2">+, 0, 0, 12, 9, 9</column>
<column name="tmp_329_fu_8567_p2">+, 0, 41, 17, 12, 12</column>
<column name="tmp_331_fu_8583_p2">+, 0, 0, 12, 12, 12</column>
<column name="tmp_333_fu_8598_p2">+, 0, 0, 12, 12, 12</column>
<column name="tmp_335_fu_8613_p2">+, 0, 0, 12, 12, 12</column>
<column name="tmp_337_fu_8628_p2">+, 0, 0, 12, 12, 12</column>
<column name="tmp_339_fu_8643_p2">+, 0, 0, 12, 12, 12</column>
<column name="tmp_341_fu_8658_p2">+, 0, 0, 12, 12, 12</column>
<column name="tmp_343_fu_8673_p2">+, 0, 0, 12, 12, 12</column>
<column name="tmp_345_fu_8688_p2">+, 0, 0, 12, 12, 12</column>
<column name="tmp_347_fu_8703_p2">+, 0, 0, 12, 12, 12</column>
<column name="tmp_349_fu_8718_p2">+, 0, 0, 12, 12, 12</column>
<column name="tmp_351_fu_8733_p2">+, 0, 0, 12, 12, 12</column>
<column name="tmp_354_fu_6454_p2">+, 0, 0, 12, 8, 8</column>
<column name="tmp_356_fu_6440_p2">+, 0, 26, 12, 7, 7</column>
<column name="tmp_358_fu_6541_p2">+, 0, 0, 12, 8, 8</column>
<column name="tmp_361_fu_6665_p2">+, 0, 32, 14, 9, 9</column>
<column name="tmp_365_fu_6707_p2">+, 0, 0, 12, 9, 9</column>
<column name="tmp_369_fu_6749_p2">+, 0, 0, 12, 9, 9</column>
<column name="tmp_372_fu_6787_p2">+, 0, 0, 12, 9, 9</column>
<column name="tmp_374_fu_6824_p2">+, 0, 0, 12, 8, 8</column>
<column name="tmp_376_fu_6869_p2">+, 0, 0, 12, 8, 8</column>
<column name="tmp_378_fu_6977_p2">+, 0, 0, 12, 10, 10</column>
<column name="tmp_380_fu_6988_p2">+, 0, 0, 12, 10, 10</column>
<column name="tmp_383_fu_7280_p2">+, 0, 0, 12, 10, 10</column>
<column name="tmp_385_fu_7312_p2">+, 0, 29, 13, 8, 8</column>
<column name="tmp_387_fu_7464_p2">+, 0, 0, 12, 10, 10</column>
<column name="tmp_389_fu_7501_p2">+, 0, 0, 12, 10, 10</column>
<column name="tmp_391_fu_7369_p2">+, 0, 0, 12, 9, 9</column>
<column name="tmp_393_fu_7380_p2">+, 0, 0, 12, 11, 11</column>
<column name="tmp_410_fu_4122_p2">+, 0, 41, 17, 12, 12</column>
<column name="tmp_411_fu_4132_p2">+, 0, 44, 18, 13, 13</column>
<column name="tmp_412_fu_4151_p2">+, 0, 47, 19, 14, 14</column>
<column name="tmp_413_fu_4161_p2">+, 0, 47, 19, 14, 14</column>
<column name="tmp_414_fu_4171_p2">+, 0, 47, 19, 14, 14</column>
<column name="tmp_415_fu_4184_p2">+, 0, 50, 20, 15, 15</column>
<column name="tmp_416_fu_4194_p2">+, 0, 50, 20, 15, 15</column>
<column name="tmp_417_fu_4199_p2">+, 0, 50, 20, 15, 15</column>
<column name="tmp_418_fu_4204_p2">+, 0, 50, 20, 15, 15</column>
<column name="tmp_419_fu_6188_p2">+, 0, 32, 14, 9, 9</column>
<column name="tmp_421_fu_6215_p2">+, 0, 32, 14, 9, 9</column>
<column name="tmp_423_fu_6242_p2">+, 0, 35, 15, 10, 10</column>
<column name="tmp_425_fu_6269_p2">+, 0, 35, 15, 10, 10</column>
<column name="tmp_427_fu_6296_p2">+, 0, 38, 16, 11, 11</column>
<column name="tmp_432_fu_4421_p2">+, 0, 53, 21, 16, 16</column>
<column name="tmp_436_fu_4362_p2">+, 0, 0, 12, 13, 13</column>
<column name="tmp_440_fu_4463_p2">+, 0, 53, 21, 16, 16</column>
<column name="tmp_444_fu_4567_p2">+, 0, 56, 22, 17, 17</column>
<column name="tmp_448_fu_4609_p2">+, 0, 56, 22, 17, 17</column>
<column name="tmp_452_fu_4683_p2">+, 0, 56, 22, 17, 17</column>
<column name="tmp_456_fu_4725_p2">+, 0, 56, 22, 17, 17</column>
<column name="tmp_460_fu_4779_p2">+, 0, 56, 22, 17, 17</column>
<column name="tmp_466_fu_4824_p2">+, 0, 56, 22, 17, 17</column>
<column name="tmp_470_fu_4894_p2">+, 0, 59, 23, 18, 18</column>
<column name="tmp_474_fu_4936_p2">+, 0, 59, 23, 18, 18</column>
<column name="tmp_478_fu_5035_p2">+, 0, 59, 23, 18, 18</column>
<column name="tmp_482_fu_5077_p2">+, 0, 59, 23, 18, 18</column>
<column name="tmp_486_fu_5149_p2">+, 0, 59, 23, 18, 18</column>
<column name="tmp_490_fu_5191_p2">+, 0, 59, 23, 18, 18</column>
<column name="tmp_494_fu_5253_p2">+, 0, 59, 23, 18, 18</column>
<column name="tmp_500_fu_5303_p2">+, 0, 59, 23, 18, 18</column>
<column name="tmp_506_fu_5353_p2">+, 0, 59, 23, 18, 18</column>
<column name="tmp_510_fu_5361_p2">+, 0, 59, 23, 18, 18</column>
<column name="tmp_514_fu_4998_p2">+, 0, 62, 24, 19, 19</column>
<column name="tmp_515_fu_6339_p2">+, 0, 50, 20, 15, 15</column>
<column name="tmp_516_fu_6349_p2">+, 0, 50, 20, 15, 15</column>
<column name="tmp_517_fu_6359_p2">+, 0, 50, 20, 15, 15</column>
<column name="tmp_518_fu_6368_p2">+, 0, 50, 20, 15, 15</column>
<column name="tmp_519_fu_6377_p2">+, 0, 50, 20, 15, 15</column>
<column name="tmp_523_fu_5538_p2">+, 0, 62, 24, 19, 19</column>
<column name="tmp_527_fu_5490_p2">+, 0, 0, 12, 15, 15</column>
<column name="tmp_531_fu_5580_p2">+, 0, 62, 24, 19, 19</column>
<column name="tmp_535_fu_5653_p2">+, 0, 62, 24, 19, 19</column>
<column name="tmp_539_fu_5695_p2">+, 0, 62, 24, 19, 19</column>
<column name="tmp_545_fu_5767_p2">+, 0, 62, 24, 19, 19</column>
<column name="tmp_549_fu_5805_p2">+, 0, 0, 12, 19, 19</column>
<column name="tmp_553_fu_5873_p2">+, 0, 0, 12, 19, 19</column>
<column name="tmp_557_fu_5911_p2">+, 0, 0, 12, 19, 19</column>
<column name="tmp_561_fu_5949_p2">+, 0, 0, 12, 19, 19</column>
<column name="tmp_564_fu_6485_p2">+, 0, 41, 17, 12, 12</column>
<column name="tmp_566_fu_6601_p2">+, 0, 0, 12, 15, 15</column>
<column name="tmp_570_fu_6522_p2">+, 0, 113, 41, 36, 36</column>
<column name="tmp_572_fu_6623_p2">+, 0, 0, 12, 10, 10</column>
<column name="tmp_575_fu_6568_p2">+, 0, 0, 12, 11, 11</column>
<column name="tmp_577_fu_6648_p2">+, 0, 0, 12, 15, 15</column>
<column name="tmp_580_fu_6696_p2">+, 0, 44, 18, 13, 13</column>
<column name="tmp_582_fu_6898_p2">+, 0, 0, 12, 15, 15</column>
<column name="tmp_585_fu_6738_p2">+, 0, 44, 18, 13, 13</column>
<column name="tmp_587_fu_6924_p2">+, 0, 0, 12, 15, 15</column>
<column name="tmp_590_fu_6776_p2">+, 0, 0, 12, 12, 12</column>
<column name="tmp_592_fu_7040_p2">+, 0, 0, 12, 15, 15</column>
<column name="tmp_595_fu_6814_p2">+, 0, 0, 12, 12, 12</column>
<column name="tmp_597_fu_7070_p2">+, 0, 0, 12, 15, 15</column>
<column name="tmp_601_fu_6859_p2">+, 0, 0, 12, 12, 12</column>
<column name="tmp_603_fu_7100_p2">+, 0, 0, 12, 15, 15</column>
<column name="tmp_607_fu_6966_p2">+, 0, 44, 18, 13, 13</column>
<column name="tmp_609_fu_7121_p2">+, 0, 0, 12, 15, 15</column>
<column name="tmp_612_fu_7150_p2">+, 0, 47, 19, 14, 14</column>
<column name="tmp_614_fu_7177_p2">+, 0, 0, 12, 15, 15</column>
<column name="tmp_617_fu_7015_p2">+, 0, 0, 12, 13, 13</column>
<column name="tmp_619_fu_7198_p2">+, 0, 0, 12, 15, 15</column>
<column name="tmp_623_fu_7307_p2">+, 0, 0, 12, 13, 13</column>
<column name="tmp_625_fu_7432_p2">+, 0, 0, 12, 15, 15</column>
<column name="tmp_629_fu_7350_p2">+, 0, 113, 41, 36, 36</column>
<column name="tmp_631_fu_7454_p2">+, 0, 0, 12, 11, 11</column>
<column name="tmp_634_fu_7491_p2">+, 0, 0, 12, 13, 13</column>
<column name="tmp_636_fu_7549_p2">+, 0, 0, 12, 15, 15</column>
<column name="tmp_639_fu_7528_p2">+, 0, 0, 12, 13, 13</column>
<column name="tmp_641_fu_7575_p2">+, 0, 0, 12, 15, 15</column>
<column name="tmp_645_fu_7617_p2">+, 0, 47, 19, 14, 14</column>
<column name="tmp_647_fu_7644_p2">+, 0, 0, 12, 15, 15</column>
<column name="tmp_650_fu_7411_p2">+, 0, 50, 20, 15, 15</column>
<column name="tmp_652_fu_7659_p2">+, 0, 0, 12, 15, 15</column>
<column name="tmp_653_fu_8864_p2">+, 0, 47, 19, 14, 14</column>
<column name="tmp_s_fu_3668_p2">+, 0, 23, 11, 5, 6</column>
<column name="w_22_fu_6150_p2">+, 0, 11, 8, 2, 1</column>
<column name="tmp_175_fu_4028_p2">-, 0, 26, 12, 7, 7</column>
<column name="tmp_176_fu_4074_p2">-, 0, 29, 13, 8, 8</column>
<column name="tmp_220_fu_3658_p2">-, 0, 38, 16, 11, 11</column>
<column name="tmp_221_fu_4280_p2">-, 0, 29, 13, 8, 8</column>
<column name="tmp_223_fu_4325_p2">-, 0, 0, 12, 7, 7</column>
<column name="tmp_238_fu_7925_p2">-, 0, 26, 12, 7, 7</column>
<column name="tmp_310_fu_5422_p2">-, 0, 35, 15, 10, 10</column>
<column name="tmp_312_fu_5453_p2">-, 0, 0, 12, 8, 8</column>
<column name="tmp_322_fu_8485_p2">-, 0, 29, 13, 8, 8</column>
<column name="tmp_353_fu_6434_p2">-, 0, 26, 12, 7, 7</column>
<column name="tmp_357_fu_3698_p2">-, 0, 41, 17, 12, 12</column>
<column name="tmp_362_fu_3738_p2">-, 0, 44, 18, 13, 13</column>
<column name="tmp_366_fu_3778_p2">-, 0, 44, 18, 13, 13</column>
<column name="tmp_373_fu_3824_p2">-, 0, 44, 18, 13, 13</column>
<column name="tmp_379_fu_3864_p2">-, 0, 47, 19, 14, 14</column>
<column name="tmp_382_fu_7259_p2">-, 0, 29, 13, 8, 8</column>
<column name="tmp_386_fu_3904_p2">-, 0, 47, 19, 14, 14</column>
<column name="tmp_392_fu_3944_p2">-, 0, 47, 19, 14, 14</column>
<column name="tmp_398_fu_3990_p2">-, 0, 47, 19, 14, 14</column>
<column name="tmp_400_fu_6006_p2">-, 0, 29, 13, 8, 8</column>
<column name="tmp_402_fu_6038_p2">-, 0, 32, 14, 9, 9</column>
<column name="tmp_404_fu_6066_p2">-, 0, 35, 15, 10, 10</column>
<column name="tmp_406_fu_6094_p2">-, 0, 35, 15, 10, 10</column>
<column name="tmp_409_fu_6134_p2">-, 0, 35, 15, 10, 10</column>
<column name="tmp_420_fu_6209_p2">-, 0, 50, 20, 15, 15</column>
<column name="tmp_422_fu_6236_p2">-, 0, 50, 20, 15, 15</column>
<column name="tmp_424_fu_6263_p2">-, 0, 50, 20, 15, 15</column>
<column name="tmp_426_fu_6290_p2">-, 0, 50, 20, 15, 15</column>
<column name="tmp_428_fu_6317_p2">-, 0, 50, 20, 15, 15</column>
<column name="tmp_431_fu_4411_p2">-, 0, 50, 20, 15, 15</column>
<column name="tmp_435_fu_4356_p2">-, 0, 0, 12, 13, 13</column>
<column name="tmp_439_fu_4453_p2">-, 0, 50, 20, 15, 15</column>
<column name="tmp_443_fu_4557_p2">-, 0, 53, 21, 16, 16</column>
<column name="tmp_447_fu_4599_p2">-, 0, 53, 21, 16, 16</column>
<column name="tmp_451_fu_4673_p2">-, 0, 53, 21, 16, 16</column>
<column name="tmp_455_fu_4715_p2">-, 0, 53, 21, 16, 16</column>
<column name="tmp_459_fu_4769_p2">-, 0, 53, 21, 16, 16</column>
<column name="tmp_465_fu_4814_p2">-, 0, 53, 21, 16, 16</column>
<column name="tmp_469_fu_4884_p2">-, 0, 56, 22, 17, 17</column>
<column name="tmp_473_fu_4926_p2">-, 0, 56, 22, 17, 17</column>
<column name="tmp_477_fu_5025_p2">-, 0, 56, 22, 17, 17</column>
<column name="tmp_481_fu_5067_p2">-, 0, 56, 22, 17, 17</column>
<column name="tmp_485_fu_5139_p2">-, 0, 56, 22, 17, 17</column>
<column name="tmp_489_fu_5181_p2">-, 0, 56, 22, 17, 17</column>
<column name="tmp_493_fu_5243_p2">-, 0, 56, 22, 17, 17</column>
<column name="tmp_499_fu_5293_p2">-, 0, 56, 22, 17, 17</column>
<column name="tmp_505_fu_5343_p2">-, 0, 56, 22, 17, 17</column>
<column name="tmp_509_fu_4524_p2">-, 0, 56, 22, 17, 17</column>
<column name="tmp_513_fu_4988_p2">-, 0, 59, 23, 18, 18</column>
<column name="tmp_522_fu_5528_p2">-, 0, 59, 23, 18, 18</column>
<column name="tmp_526_fu_5484_p2">-, 0, 0, 12, 15, 15</column>
<column name="tmp_530_fu_5570_p2">-, 0, 59, 23, 18, 18</column>
<column name="tmp_534_fu_5643_p2">-, 0, 59, 23, 18, 18</column>
<column name="tmp_538_fu_5685_p2">-, 0, 59, 23, 18, 18</column>
<column name="tmp_544_fu_5757_p2">-, 0, 59, 23, 18, 18</column>
<column name="tmp_548_fu_5799_p2">-, 0, 0, 12, 19, 19</column>
<column name="tmp_552_fu_5867_p2">-, 0, 0, 12, 19, 19</column>
<column name="tmp_556_fu_5905_p2">-, 0, 0, 12, 19, 19</column>
<column name="tmp_560_fu_5943_p2">-, 0, 0, 12, 19, 19</column>
<column name="tmp_563_fu_6475_p2">-, 0, 38, 16, 11, 11</column>
<column name="tmp_565_fu_6595_p2">-, 0, 0, 12, 15, 15</column>
<column name="tmp_569_fu_6512_p2">-, 0, 110, 40, 35, 35</column>
<column name="tmp_571_fu_6618_p2">-, 0, 0, 12, 10, 10</column>
<column name="tmp_574_fu_6562_p2">-, 0, 0, 12, 11, 11</column>
<column name="tmp_576_fu_6642_p2">-, 0, 0, 12, 15, 15</column>
<column name="tmp_579_fu_6686_p2">-, 0, 41, 17, 12, 12</column>
<column name="tmp_581_fu_6892_p2">-, 0, 0, 12, 15, 15</column>
<column name="tmp_584_fu_6728_p2">-, 0, 41, 17, 12, 12</column>
<column name="tmp_586_fu_6918_p2">-, 0, 0, 12, 15, 15</column>
<column name="tmp_589_fu_6770_p2">-, 0, 0, 12, 12, 12</column>
<column name="tmp_591_fu_7034_p2">-, 0, 0, 12, 15, 15</column>
<column name="tmp_594_fu_6808_p2">-, 0, 0, 12, 12, 12</column>
<column name="tmp_596_fu_7064_p2">-, 0, 0, 12, 15, 15</column>
<column name="tmp_600_fu_6853_p2">-, 0, 0, 12, 12, 12</column>
<column name="tmp_602_fu_7094_p2">-, 0, 0, 12, 15, 15</column>
<column name="tmp_606_fu_6956_p2">-, 0, 41, 17, 12, 12</column>
<column name="tmp_608_fu_7115_p2">-, 0, 0, 12, 15, 15</column>
<column name="tmp_611_fu_7140_p2">-, 0, 44, 18, 13, 13</column>
<column name="tmp_613_fu_7171_p2">-, 0, 0, 12, 15, 15</column>
<column name="tmp_616_fu_7009_p2">-, 0, 0, 12, 13, 13</column>
<column name="tmp_618_fu_7192_p2">-, 0, 0, 12, 15, 15</column>
<column name="tmp_622_fu_7301_p2">-, 0, 0, 12, 13, 13</column>
<column name="tmp_624_fu_7426_p2">-, 0, 0, 12, 15, 15</column>
<column name="tmp_628_fu_7340_p2">-, 0, 110, 40, 35, 35</column>
<column name="tmp_630_fu_7449_p2">-, 0, 0, 12, 11, 11</column>
<column name="tmp_633_fu_7485_p2">-, 0, 0, 12, 13, 13</column>
<column name="tmp_635_fu_7543_p2">-, 0, 0, 12, 15, 15</column>
<column name="tmp_638_fu_7522_p2">-, 0, 0, 12, 13, 13</column>
<column name="tmp_640_fu_7569_p2">-, 0, 0, 12, 15, 15</column>
<column name="tmp_644_fu_7607_p2">-, 0, 44, 18, 13, 13</column>
<column name="tmp_646_fu_7638_p2">-, 0, 0, 12, 15, 15</column>
<column name="tmp_649_fu_7401_p2">-, 0, 47, 19, 14, 14</column>
<column name="tmp_651_fu_7654_p2">-, 0, 0, 12, 15, 15</column>
<column name="exitcond10_fu_6323_p2">icmp, 0, 0, 1, 2, 2</column>
<column name="exitcond11_fu_5378_p2">icmp, 0, 0, 3, 5, 6</column>
<column name="exitcond12_fu_7219_p2">icmp, 0, 0, 2, 3, 4</column>
<column name="exitcond13_fu_6394_p2">icmp, 0, 0, 1, 2, 3</column>
<column name="exitcond1_fu_5982_p2">icmp, 0, 0, 2, 5, 5</column>
<column name="exitcond1_i_fu_8815_p2">icmp, 0, 0, 2, 4, 4</column>
<column name="exitcond2_fu_4102_p2">icmp, 0, 0, 2, 5, 5</column>
<column name="exitcond3_fu_7706_p2">icmp, 0, 0, 2, 5, 5</column>
<column name="exitcond4_fu_6144_p2">icmp, 0, 0, 1, 2, 2</column>
<column name="exitcond5_fu_4240_p2">icmp, 0, 0, 2, 3, 4</column>
<column name="exitcond6_fu_7885_p2">icmp, 0, 0, 1, 2, 3</column>
<column name="exitcond7_fu_8783_p2">icmp, 0, 0, 2, 4, 4</column>
<column name="exitcond8_fu_8747_p2">icmp, 0, 0, 6, 10, 11</column>
<column name="exitcond9_fu_8445_p2">icmp, 0, 0, 2, 3, 4</column>
<column name="exitcond_fu_3622_p2">icmp, 0, 0, 2, 5, 5</column>
<column name="exitcond_i_fu_8843_p2">icmp, 0, 0, 6, 10, 11</column>
</table>
</item>
<item name = "Multiplexer"><table name="" hasTotal="1">
<keys size="5">Name, LUT, Input Size, Bits, Total Bits</keys>
<column name="ShuffleConvs_0_Downs_10_address0">15, 3, 10, 30</column>
<column name="ShuffleConvs_0_Downs_10_ce0">15, 3, 1, 3</column>
<column name="ShuffleConvs_0_Downs_1_address0">15, 3, 5, 15</column>
<column name="ShuffleConvs_0_Downs_1_ce0">15, 3, 1, 3</column>
<column name="ShuffleConvs_0_Downs_3_address0">15, 3, 5, 15</column>
<column name="ShuffleConvs_0_Downs_3_ce0">15, 3, 1, 3</column>
<column name="ShuffleConvs_0_Downs_4_address0">15, 3, 5, 15</column>
<column name="ShuffleConvs_0_Downs_4_ce0">15, 3, 1, 3</column>
<column name="ShuffleConvs_0_Downs_5_address0">15, 3, 5, 15</column>
<column name="ShuffleConvs_0_Downs_5_ce0">15, 3, 1, 3</column>
<column name="ShuffleConvs_0_Downs_6_address0">15, 3, 8, 24</column>
<column name="ShuffleConvs_0_Downs_6_ce0">15, 3, 1, 3</column>
<column name="ShuffleConvs_0_Downs_7_address0">15, 3, 10, 30</column>
<column name="ShuffleConvs_0_Downs_7_ce0">15, 3, 1, 3</column>
<column name="ShuffleConvs_0_Downs_8_address0">15, 3, 10, 30</column>
<column name="ShuffleConvs_0_Downs_8_ce0">15, 3, 1, 3</column>
<column name="ShuffleConvs_0_Downs_9_address0">15, 3, 8, 24</column>
<column name="ShuffleConvs_0_Downs_9_ce0">15, 3, 1, 3</column>
<column name="ShuffleConvs_0_Downs_address0">15, 3, 5, 15</column>
<column name="ShuffleConvs_0_Downs_ce0">15, 3, 1, 3</column>
<column name="ShuffleConvs_0_Shuff_11_address0">15, 3, 10, 30</column>
<column name="ShuffleConvs_0_Shuff_11_ce0">15, 3, 1, 3</column>
<column name="ShuffleConvs_0_Shuff_13_address0">15, 3, 10, 30</column>
<column name="ShuffleConvs_0_Shuff_13_ce0">15, 3, 1, 3</column>
<column name="ShuffleConvs_0_Shuff_15_address0">15, 3, 8, 24</column>
<column name="ShuffleConvs_0_Shuff_15_ce0">15, 3, 1, 3</column>
<column name="ShuffleConvs_0_Shuff_17_address0">15, 3, 5, 15</column>
<column name="ShuffleConvs_0_Shuff_17_ce0">15, 3, 1, 3</column>
<column name="ShuffleConvs_0_Shuff_18_address0">15, 3, 10, 30</column>
<column name="ShuffleConvs_0_Shuff_18_ce0">15, 3, 1, 3</column>
<column name="ShuffleConvs_0_Shuff_19_address0">15, 3, 5, 15</column>
<column name="ShuffleConvs_0_Shuff_19_ce0">15, 3, 1, 3</column>
<column name="ShuffleConvs_0_Shuff_1_address0">15, 3, 5, 15</column>
<column name="ShuffleConvs_0_Shuff_1_ce0">15, 3, 1, 3</column>
<column name="ShuffleConvs_0_Shuff_20_address0">15, 3, 5, 15</column>
<column name="ShuffleConvs_0_Shuff_20_ce0">15, 3, 1, 3</column>
<column name="ShuffleConvs_0_Shuff_21_address0">15, 3, 5, 15</column>
<column name="ShuffleConvs_0_Shuff_21_ce0">15, 3, 1, 3</column>
<column name="ShuffleConvs_0_Shuff_22_address0">15, 3, 5, 15</column>
<column name="ShuffleConvs_0_Shuff_22_ce0">15, 3, 1, 3</column>
<column name="ShuffleConvs_0_Shuff_3_address0">15, 3, 5, 15</column>
<column name="ShuffleConvs_0_Shuff_3_ce0">15, 3, 1, 3</column>
<column name="ShuffleConvs_0_Shuff_4_address0">15, 3, 5, 15</column>
<column name="ShuffleConvs_0_Shuff_4_ce0">15, 3, 1, 3</column>
<column name="ShuffleConvs_0_Shuff_5_address0">15, 3, 10, 30</column>
<column name="ShuffleConvs_0_Shuff_5_ce0">15, 3, 1, 3</column>
<column name="ShuffleConvs_0_Shuff_6_address0">15, 3, 8, 24</column>
<column name="ShuffleConvs_0_Shuff_6_ce0">15, 3, 1, 3</column>
<column name="ShuffleConvs_0_Shuff_7_address0">15, 3, 10, 30</column>
<column name="ShuffleConvs_0_Shuff_7_ce0">15, 3, 1, 3</column>
<column name="ShuffleConvs_0_Shuff_8_address0">15, 3, 10, 30</column>
<column name="ShuffleConvs_0_Shuff_8_ce0">15, 3, 1, 3</column>
<column name="ShuffleConvs_0_Shuff_9_address0">15, 3, 8, 24</column>
<column name="ShuffleConvs_0_Shuff_9_ce0">15, 3, 1, 3</column>
<column name="ShuffleConvs_0_Shuff_address0">15, 3, 5, 15</column>
<column name="ShuffleConvs_0_Shuff_ce0">15, 3, 1, 3</column>
<column name="ShuffleConvs_1_Downs_10_address0">15, 3, 12, 36</column>
<column name="ShuffleConvs_1_Downs_10_ce0">15, 3, 1, 3</column>
<column name="ShuffleConvs_1_Downs_1_address0">15, 3, 6, 18</column>
<column name="ShuffleConvs_1_Downs_1_ce0">15, 3, 1, 3</column>
<column name="ShuffleConvs_1_Downs_3_address0">15, 3, 6, 18</column>
<column name="ShuffleConvs_1_Downs_3_ce0">15, 3, 1, 3</column>
<column name="ShuffleConvs_1_Downs_4_address0">15, 3, 6, 18</column>
<column name="ShuffleConvs_1_Downs_4_ce0">15, 3, 1, 3</column>
<column name="ShuffleConvs_1_Downs_5_address0">15, 3, 6, 18</column>
<column name="ShuffleConvs_1_Downs_5_ce0">15, 3, 1, 3</column>
<column name="ShuffleConvs_1_Downs_6_address0">15, 3, 9, 27</column>
<column name="ShuffleConvs_1_Downs_6_ce0">15, 3, 1, 3</column>
<column name="ShuffleConvs_1_Downs_7_address0">15, 3, 12, 36</column>
<column name="ShuffleConvs_1_Downs_7_ce0">15, 3, 1, 3</column>
<column name="ShuffleConvs_1_Downs_8_address0">15, 3, 12, 36</column>
<column name="ShuffleConvs_1_Downs_8_ce0">15, 3, 1, 3</column>
<column name="ShuffleConvs_1_Downs_9_address0">15, 3, 9, 27</column>
<column name="ShuffleConvs_1_Downs_9_ce0">15, 3, 1, 3</column>
<column name="ShuffleConvs_1_Downs_address0">15, 3, 6, 18</column>
<column name="ShuffleConvs_1_Downs_ce0">15, 3, 1, 3</column>
<column name="ShuffleConvs_1_Shuff_11_address0">15, 3, 12, 36</column>
<column name="ShuffleConvs_1_Shuff_11_ce0">15, 3, 1, 3</column>
<column name="ShuffleConvs_1_Shuff_13_address0">15, 3, 12, 36</column>
<column name="ShuffleConvs_1_Shuff_13_ce0">15, 3, 1, 3</column>
<column name="ShuffleConvs_1_Shuff_15_address0">15, 3, 9, 27</column>
<column name="ShuffleConvs_1_Shuff_15_ce0">15, 3, 1, 3</column>
<column name="ShuffleConvs_1_Shuff_17_address0">15, 3, 6, 18</column>
<column name="ShuffleConvs_1_Shuff_17_ce0">15, 3, 1, 3</column>
<column name="ShuffleConvs_1_Shuff_19_address0">15, 3, 12, 36</column>
<column name="ShuffleConvs_1_Shuff_19_ce0">15, 3, 1, 3</column>
<column name="ShuffleConvs_1_Shuff_1_address0">15, 3, 12, 36</column>
<column name="ShuffleConvs_1_Shuff_1_ce0">15, 3, 1, 3</column>
<column name="ShuffleConvs_1_Shuff_21_address0">15, 3, 12, 36</column>
<column name="ShuffleConvs_1_Shuff_21_ce0">15, 3, 1, 3</column>
<column name="ShuffleConvs_1_Shuff_23_address0">15, 3, 9, 27</column>
<column name="ShuffleConvs_1_Shuff_23_ce0">15, 3, 1, 3</column>
<column name="ShuffleConvs_1_Shuff_25_address0">15, 3, 12, 36</column>
<column name="ShuffleConvs_1_Shuff_25_ce0">15, 3, 1, 3</column>
<column name="ShuffleConvs_1_Shuff_27_address0">15, 3, 12, 36</column>
<column name="ShuffleConvs_1_Shuff_27_ce0">15, 3, 1, 3</column>
<column name="ShuffleConvs_1_Shuff_29_address0">15, 3, 9, 27</column>
<column name="ShuffleConvs_1_Shuff_29_ce0">15, 3, 1, 3</column>
<column name="ShuffleConvs_1_Shuff_31_address0">15, 3, 12, 36</column>
<column name="ShuffleConvs_1_Shuff_31_ce0">15, 3, 1, 3</column>
<column name="ShuffleConvs_1_Shuff_33_address0">15, 3, 12, 36</column>
<column name="ShuffleConvs_1_Shuff_33_ce0">15, 3, 1, 3</column>
<column name="ShuffleConvs_1_Shuff_35_address0">15, 3, 9, 27</column>
<column name="ShuffleConvs_1_Shuff_35_ce0">15, 3, 1, 3</column>
<column name="ShuffleConvs_1_Shuff_37_address0">15, 3, 12, 36</column>
<column name="ShuffleConvs_1_Shuff_37_ce0">15, 3, 1, 3</column>
<column name="ShuffleConvs_1_Shuff_39_address0">15, 3, 6, 18</column>
<column name="ShuffleConvs_1_Shuff_39_ce0">15, 3, 1, 3</column>
<column name="ShuffleConvs_1_Shuff_3_address0">15, 3, 9, 27</column>
<column name="ShuffleConvs_1_Shuff_3_ce0">15, 3, 1, 3</column>
<column name="ShuffleConvs_1_Shuff_41_address0">15, 3, 12, 36</column>
<column name="ShuffleConvs_1_Shuff_41_ce0">15, 3, 1, 3</column>
<column name="ShuffleConvs_1_Shuff_43_address0">15, 3, 9, 27</column>
<column name="ShuffleConvs_1_Shuff_43_ce0">15, 3, 1, 3</column>
<column name="ShuffleConvs_1_Shuff_45_address0">15, 3, 12, 36</column>
<column name="ShuffleConvs_1_Shuff_45_ce0">15, 3, 1, 3</column>
<column name="ShuffleConvs_1_Shuff_47_address0">15, 3, 12, 36</column>
<column name="ShuffleConvs_1_Shuff_47_ce0">15, 3, 1, 3</column>
<column name="ShuffleConvs_1_Shuff_49_address0">15, 3, 9, 27</column>
<column name="ShuffleConvs_1_Shuff_49_ce0">15, 3, 1, 3</column>
<column name="ShuffleConvs_1_Shuff_50_address0">15, 3, 12, 36</column>
<column name="ShuffleConvs_1_Shuff_50_ce0">15, 3, 1, 3</column>
<column name="ShuffleConvs_1_Shuff_51_address0">15, 3, 6, 18</column>
<column name="ShuffleConvs_1_Shuff_51_ce0">15, 3, 1, 3</column>
<column name="ShuffleConvs_1_Shuff_52_address0">15, 3, 6, 18</column>
<column name="ShuffleConvs_1_Shuff_52_ce0">15, 3, 1, 3</column>
<column name="ShuffleConvs_1_Shuff_53_address0">15, 3, 6, 18</column>
<column name="ShuffleConvs_1_Shuff_53_ce0">15, 3, 1, 3</column>
<column name="ShuffleConvs_1_Shuff_54_address0">15, 3, 6, 18</column>
<column name="ShuffleConvs_1_Shuff_54_ce0">15, 3, 1, 3</column>
<column name="ShuffleConvs_1_Shuff_55_address0">15, 3, 6, 18</column>
<column name="ShuffleConvs_1_Shuff_55_ce0">15, 3, 1, 3</column>
<column name="ShuffleConvs_1_Shuff_56_address0">15, 3, 6, 18</column>
<column name="ShuffleConvs_1_Shuff_56_ce0">15, 3, 1, 3</column>
<column name="ShuffleConvs_1_Shuff_57_address0">15, 3, 6, 18</column>
<column name="ShuffleConvs_1_Shuff_57_ce0">15, 3, 1, 3</column>
<column name="ShuffleConvs_1_Shuff_58_address0">15, 3, 6, 18</column>
<column name="ShuffleConvs_1_Shuff_58_ce0">15, 3, 1, 3</column>
<column name="ShuffleConvs_1_Shuff_59_address0">15, 3, 6, 18</column>
<column name="ShuffleConvs_1_Shuff_59_ce0">15, 3, 1, 3</column>
<column name="ShuffleConvs_1_Shuff_5_address0">15, 3, 12, 36</column>
<column name="ShuffleConvs_1_Shuff_5_ce0">15, 3, 1, 3</column>
<column name="ShuffleConvs_1_Shuff_60_address0">15, 3, 6, 18</column>
<column name="ShuffleConvs_1_Shuff_60_ce0">15, 3, 1, 3</column>
<column name="ShuffleConvs_1_Shuff_61_address0">15, 3, 6, 18</column>
<column name="ShuffleConvs_1_Shuff_61_ce0">15, 3, 1, 3</column>
<column name="ShuffleConvs_1_Shuff_62_address0">15, 3, 6, 18</column>
<column name="ShuffleConvs_1_Shuff_62_ce0">15, 3, 1, 3</column>
<column name="ShuffleConvs_1_Shuff_63_address0">15, 3, 6, 18</column>
<column name="ShuffleConvs_1_Shuff_63_ce0">15, 3, 1, 3</column>
<column name="ShuffleConvs_1_Shuff_64_address0">15, 3, 6, 18</column>
<column name="ShuffleConvs_1_Shuff_64_ce0">15, 3, 1, 3</column>
<column name="ShuffleConvs_1_Shuff_65_address0">15, 3, 6, 18</column>
<column name="ShuffleConvs_1_Shuff_65_ce0">15, 3, 1, 3</column>
<column name="ShuffleConvs_1_Shuff_66_address0">15, 3, 6, 18</column>
<column name="ShuffleConvs_1_Shuff_66_ce0">15, 3, 1, 3</column>
<column name="ShuffleConvs_1_Shuff_67_address0">15, 3, 6, 18</column>
<column name="ShuffleConvs_1_Shuff_67_ce0">15, 3, 1, 3</column>
<column name="ShuffleConvs_1_Shuff_68_address0">15, 3, 6, 18</column>
<column name="ShuffleConvs_1_Shuff_68_ce0">15, 3, 1, 3</column>
<column name="ShuffleConvs_1_Shuff_69_address0">15, 3, 6, 18</column>
<column name="ShuffleConvs_1_Shuff_69_ce0">15, 3, 1, 3</column>
<column name="ShuffleConvs_1_Shuff_70_address0">15, 3, 6, 18</column>
<column name="ShuffleConvs_1_Shuff_70_ce0">15, 3, 1, 3</column>
<column name="ShuffleConvs_1_Shuff_71_address0">15, 3, 6, 18</column>
<column name="ShuffleConvs_1_Shuff_71_ce0">15, 3, 1, 3</column>
<column name="ShuffleConvs_1_Shuff_7_address0">15, 3, 12, 36</column>
<column name="ShuffleConvs_1_Shuff_7_ce0">15, 3, 1, 3</column>
<column name="ShuffleConvs_1_Shuff_9_address0">15, 3, 9, 27</column>
<column name="ShuffleConvs_1_Shuff_9_ce0">15, 3, 1, 3</column>
<column name="ShuffleConvs_1_Shuff_address0">15, 3, 6, 18</column>
<column name="ShuffleConvs_1_Shuff_ce0">15, 3, 1, 3</column>
<column name="ShuffleConvs_2_Downs_10_address0">15, 3, 14, 42</column>
<column name="ShuffleConvs_2_Downs_10_ce0">15, 3, 1, 3</column>
<column name="ShuffleConvs_2_Downs_1_address0">15, 3, 7, 21</column>
<column name="ShuffleConvs_2_Downs_1_ce0">15, 3, 1, 3</column>
<column name="ShuffleConvs_2_Downs_3_address0">15, 3, 7, 21</column>
<column name="ShuffleConvs_2_Downs_3_ce0">15, 3, 1, 3</column>
<column name="ShuffleConvs_2_Downs_4_address0">15, 3, 7, 21</column>
<column name="ShuffleConvs_2_Downs_4_ce0">15, 3, 1, 3</column>
<column name="ShuffleConvs_2_Downs_5_address0">15, 3, 7, 21</column>
<column name="ShuffleConvs_2_Downs_5_ce0">15, 3, 1, 3</column>
<column name="ShuffleConvs_2_Downs_6_address0">15, 3, 10, 30</column>
<column name="ShuffleConvs_2_Downs_6_ce0">15, 3, 1, 3</column>
<column name="ShuffleConvs_2_Downs_7_address0">15, 3, 14, 42</column>
<column name="ShuffleConvs_2_Downs_7_ce0">15, 3, 1, 3</column>
<column name="ShuffleConvs_2_Downs_8_address0">15, 3, 14, 42</column>
<column name="ShuffleConvs_2_Downs_8_ce0">15, 3, 1, 3</column>
<column name="ShuffleConvs_2_Downs_9_address0">15, 3, 10, 30</column>
<column name="ShuffleConvs_2_Downs_9_ce0">15, 3, 1, 3</column>
<column name="ShuffleConvs_2_Downs_address0">15, 3, 7, 21</column>
<column name="ShuffleConvs_2_Downs_ce0">15, 3, 1, 3</column>
<column name="ShuffleConvs_2_Shuff_11_address0">15, 3, 14, 42</column>
<column name="ShuffleConvs_2_Shuff_11_ce0">15, 3, 1, 3</column>
<column name="ShuffleConvs_2_Shuff_13_address0">15, 3, 14, 42</column>
<column name="ShuffleConvs_2_Shuff_13_ce0">15, 3, 1, 3</column>
<column name="ShuffleConvs_2_Shuff_15_address0">15, 3, 10, 30</column>
<column name="ShuffleConvs_2_Shuff_15_ce0">15, 3, 1, 3</column>
<column name="ShuffleConvs_2_Shuff_17_address0">15, 3, 7, 21</column>
<column name="ShuffleConvs_2_Shuff_17_ce0">15, 3, 1, 3</column>
<column name="ShuffleConvs_2_Shuff_18_address0">15, 3, 14, 42</column>
<column name="ShuffleConvs_2_Shuff_18_ce0">15, 3, 1, 3</column>
<column name="ShuffleConvs_2_Shuff_19_address0">15, 3, 7, 21</column>
<column name="ShuffleConvs_2_Shuff_19_ce0">15, 3, 1, 3</column>
<column name="ShuffleConvs_2_Shuff_1_address0">15, 3, 7, 21</column>
<column name="ShuffleConvs_2_Shuff_1_ce0">15, 3, 1, 3</column>
<column name="ShuffleConvs_2_Shuff_20_address0">15, 3, 7, 21</column>
<column name="ShuffleConvs_2_Shuff_20_ce0">15, 3, 1, 3</column>
<column name="ShuffleConvs_2_Shuff_21_address0">15, 3, 7, 21</column>
<column name="ShuffleConvs_2_Shuff_21_ce0">15, 3, 1, 3</column>
<column name="ShuffleConvs_2_Shuff_22_address0">15, 3, 7, 21</column>
<column name="ShuffleConvs_2_Shuff_22_ce0">15, 3, 1, 3</column>
<column name="ShuffleConvs_2_Shuff_3_address0">15, 3, 7, 21</column>
<column name="ShuffleConvs_2_Shuff_3_ce0">15, 3, 1, 3</column>
<column name="ShuffleConvs_2_Shuff_4_address0">15, 3, 7, 21</column>
<column name="ShuffleConvs_2_Shuff_4_ce0">15, 3, 1, 3</column>
<column name="ShuffleConvs_2_Shuff_5_address0">15, 3, 14, 42</column>
<column name="ShuffleConvs_2_Shuff_5_ce0">15, 3, 1, 3</column>
<column name="ShuffleConvs_2_Shuff_6_address0">15, 3, 10, 30</column>
<column name="ShuffleConvs_2_Shuff_6_ce0">15, 3, 1, 3</column>
<column name="ShuffleConvs_2_Shuff_7_address0">15, 3, 14, 42</column>
<column name="ShuffleConvs_2_Shuff_7_ce0">15, 3, 1, 3</column>
<column name="ShuffleConvs_2_Shuff_8_address0">15, 3, 14, 42</column>
<column name="ShuffleConvs_2_Shuff_8_ce0">15, 3, 1, 3</column>
<column name="ShuffleConvs_2_Shuff_9_address0">15, 3, 10, 30</column>
<column name="ShuffleConvs_2_Shuff_9_ce0">15, 3, 1, 3</column>
<column name="ShuffleConvs_2_Shuff_address0">15, 3, 7, 21</column>
<column name="ShuffleConvs_2_Shuff_ce0">15, 3, 1, 3</column>
<column name="ap_NS_fsm">807, 145, 1, 145</column>
<column name="avgpool_output_address0">15, 3, 9, 27</column>
<column name="avgpool_output_ce0">15, 3, 1, 3</column>
<column name="avgpool_output_we0">9, 2, 1, 2</column>
<column name="bias_address0">141, 31, 12, 372</column>
<column name="bias_address1">141, 31, 12, 372</column>
<column name="ci_i_reg_3306">9, 2, 10, 20</column>
<column name="ci_reg_3135">9, 2, 5, 10</column>
<column name="co2_reg_3169">9, 2, 5, 10</column>
<column name="co_i_reg_3283">9, 2, 4, 8</column>
<column name="co_reg_3124">9, 2, 5, 10</column>
<column name="conv1_bias_address0">15, 3, 5, 15</column>
<column name="conv1_bias_ce0">15, 3, 1, 3</column>
<column name="conv1_output_address0">15, 3, 15, 45</column>
<column name="conv1_output_ce0">15, 3, 1, 3</column>
<column name="conv1_output_we0">9, 2, 1, 2</column>
<column name="conv_last_bias_address0">15, 3, 9, 27</column>
<column name="conv_last_bias_ce0">15, 3, 1, 3</column>
<column name="conv_last_output_address0">15, 3, 13, 39</column>
<column name="conv_last_output_ce0">15, 3, 1, 3</column>
<column name="conv_last_output_we0">9, 2, 1, 2</column>
<column name="downsampleunit0_outp_address0">15, 3, 14, 42</column>
<column name="downsampleunit0_outp_ce0">15, 3, 1, 3</column>
<column name="downsampleunit0_outp_ce1">9, 2, 1, 2</column>
<column name="downsampleunit0_outp_we0">9, 2, 1, 2</column>
<column name="downsampleunit1_outp_address0">15, 3, 13, 39</column>
<column name="downsampleunit1_outp_ce0">15, 3, 1, 3</column>
<column name="downsampleunit1_outp_ce1">9, 2, 1, 2</column>
<column name="downsampleunit1_outp_we0">9, 2, 1, 2</column>
<column name="downsampleunit2_outp_address0">15, 3, 12, 36</column>
<column name="downsampleunit2_outp_ce0">15, 3, 1, 3</column>
<column name="downsampleunit2_outp_ce1">9, 2, 1, 2</column>
<column name="downsampleunit2_outp_we0">9, 2, 1, 2</column>
<column name="fc_bias_address0">15, 3, 4, 12</column>
<column name="grp_ShuffleUnit0_fu_3401_conv1_bias_q0">21, 4, 32, 128</column>
<column name="grp_ShuffleUnit0_fu_3401_conv1_weight_q0">21, 4, 32, 128</column>
<column name="grp_ShuffleUnit0_fu_3401_conv2_bias_q0">21, 4, 32, 128</column>
<column name="grp_ShuffleUnit0_fu_3401_conv2_weight_q0">21, 4, 32, 128</column>
<column name="grp_ShuffleUnit0_fu_3401_conv3_bias_q0">21, 4, 32, 128</column>
<column name="grp_ShuffleUnit0_fu_3401_conv3_weight_q0">21, 4, 32, 128</column>
<column name="grp_ShuffleUnit0_fu_3401_input_r_q0">21, 4, 32, 128</column>
<column name="grp_ShuffleUnit0_fu_3401_input_r_q1">21, 4, 32, 128</column>
<column name="grp_ShuffleUnit1_fu_3437_conv1_bias_q0">50, 9, 32, 288</column>
<column name="grp_ShuffleUnit1_fu_3437_conv1_weight_q0">50, 9, 32, 288</column>
<column name="grp_ShuffleUnit1_fu_3437_conv2_bias_q0">50, 9, 32, 288</column>
<column name="grp_ShuffleUnit1_fu_3437_conv2_weight_q0">50, 9, 32, 288</column>
<column name="grp_ShuffleUnit1_fu_3437_conv3_bias_q0">50, 9, 32, 288</column>
<column name="grp_ShuffleUnit1_fu_3437_conv3_weight_q0">50, 9, 32, 288</column>
<column name="grp_ShuffleUnit1_fu_3437_input_r_q0">50, 9, 32, 288</column>
<column name="grp_ShuffleUnit1_fu_3437_input_r_q1">50, 9, 32, 288</column>
<column name="grp_ShuffleUnit2_fu_3513_conv1_bias_q0">21, 4, 32, 128</column>
<column name="grp_ShuffleUnit2_fu_3513_conv1_weight_q0">21, 4, 32, 128</column>
<column name="grp_ShuffleUnit2_fu_3513_conv2_bias_q0">21, 4, 32, 128</column>
<column name="grp_ShuffleUnit2_fu_3513_conv2_weight_q0">21, 4, 32, 128</column>
<column name="grp_ShuffleUnit2_fu_3513_conv3_bias_q0">21, 4, 32, 128</column>
<column name="grp_ShuffleUnit2_fu_3513_conv3_weight_q0">21, 4, 32, 128</column>
<column name="grp_ShuffleUnit2_fu_3513_input_r_q0">21, 4, 32, 128</column>
<column name="grp_ShuffleUnit2_fu_3513_input_r_q1">21, 4, 32, 128</column>
<column name="grp_fu_3581_p1">15, 3, 32, 96</column>
<column name="h_reg_3191">9, 2, 2, 4</column>
<column name="i1_reg_3158">9, 2, 5, 10</column>
<column name="i3_reg_3203">9, 2, 2, 4</column>
<column name="i4_reg_3214">9, 2, 3, 6</column>
<column name="i5_reg_3225">9, 2, 5, 10</column>
<column name="i7_reg_3259">9, 2, 10, 20</column>
<column name="i8_reg_3271">9, 2, 4, 8</column>
<column name="i_reg_3147">9, 2, 3, 6</column>
<column name="k6_reg_3248">9, 2, 3, 6</column>
<column name="k_reg_3237">9, 2, 2, 4</column>
<column name="shuffle_conv_1x1_address0">101, 20, 18, 360</column>
<column name="shuffle_conv_1x1_address1">95, 19, 18, 342</column>
<column name="shuffle_conv_3x3_address0">60, 11, 14, 154</column>
<column name="shuffle_conv_3x3_address1">60, 11, 14, 154</column>
<column name="shuffleunit0_0_outpu_address0">15, 3, 14, 42</column>
<column name="shuffleunit0_0_outpu_ce0">15, 3, 1, 3</column>
<column name="shuffleunit0_0_outpu_ce1">9, 2, 1, 2</column>
<column name="shuffleunit0_0_outpu_we0">9, 2, 1, 2</column>
<column name="shuffleunit0_1_outpu_address0">15, 3, 14, 42</column>
<column name="shuffleunit0_1_outpu_ce0">15, 3, 1, 3</column>
<column name="shuffleunit0_1_outpu_ce1">9, 2, 1, 2</column>
<column name="shuffleunit0_1_outpu_we0">9, 2, 1, 2</column>
<column name="shuffleunit0_2_outpu_address0">15, 3, 14, 42</column>
<column name="shuffleunit0_2_outpu_ce0">15, 3, 1, 3</column>
<column name="shuffleunit0_2_outpu_we0">9, 2, 1, 2</column>
<column name="shuffleunit1_0_outpu_address0">15, 3, 13, 39</column>
<column name="shuffleunit1_0_outpu_ce0">15, 3, 1, 3</column>
<column name="shuffleunit1_0_outpu_ce1">9, 2, 1, 2</column>
<column name="shuffleunit1_0_outpu_we0">9, 2, 1, 2</column>
<column name="shuffleunit1_1_outpu_address0">15, 3, 13, 39</column>
<column name="shuffleunit1_1_outpu_ce0">15, 3, 1, 3</column>
<column name="shuffleunit1_1_outpu_ce1">9, 2, 1, 2</column>
<column name="shuffleunit1_1_outpu_we0">9, 2, 1, 2</column>
<column name="shuffleunit1_2_outpu_address0">15, 3, 13, 39</column>
<column name="shuffleunit1_2_outpu_ce0">15, 3, 1, 3</column>
<column name="shuffleunit1_2_outpu_ce1">9, 2, 1, 2</column>
<column name="shuffleunit1_2_outpu_we0">9, 2, 1, 2</column>
<column name="shuffleunit1_3_outpu_address0">15, 3, 13, 39</column>
<column name="shuffleunit1_3_outpu_ce0">15, 3, 1, 3</column>
<column name="shuffleunit1_3_outpu_ce1">9, 2, 1, 2</column>
<column name="shuffleunit1_3_outpu_we0">9, 2, 1, 2</column>
<column name="shuffleunit1_4_outpu_address0">15, 3, 13, 39</column>
<column name="shuffleunit1_4_outpu_ce0">15, 3, 1, 3</column>
<column name="shuffleunit1_4_outpu_ce1">9, 2, 1, 2</column>
<column name="shuffleunit1_4_outpu_we0">9, 2, 1, 2</column>
<column name="shuffleunit1_5_outpu_address0">15, 3, 13, 39</column>
<column name="shuffleunit1_5_outpu_ce0">15, 3, 1, 3</column>
<column name="shuffleunit1_5_outpu_ce1">9, 2, 1, 2</column>
<column name="shuffleunit1_5_outpu_we0">9, 2, 1, 2</column>
<column name="shuffleunit1_6_outpu_address0">15, 3, 13, 39</column>
<column name="shuffleunit1_6_outpu_ce0">15, 3, 1, 3</column>
<column name="shuffleunit1_6_outpu_ce1">9, 2, 1, 2</column>
<column name="shuffleunit1_6_outpu_we0">9, 2, 1, 2</column>
<column name="shuffleunit1_7_outpu_address0">15, 3, 13, 39</column>
<column name="shuffleunit1_7_outpu_ce0">15, 3, 1, 3</column>
<column name="shuffleunit1_7_outpu_we0">9, 2, 1, 2</column>
<column name="shuffleunit2_0_outpu_address0">15, 3, 12, 36</column>
<column name="shuffleunit2_0_outpu_ce0">15, 3, 1, 3</column>
<column name="shuffleunit2_0_outpu_ce1">9, 2, 1, 2</column>
<column name="shuffleunit2_0_outpu_we0">9, 2, 1, 2</column>
<column name="shuffleunit2_1_outpu_address0">15, 3, 12, 36</column>
<column name="shuffleunit2_1_outpu_ce0">15, 3, 1, 3</column>
<column name="shuffleunit2_1_outpu_ce1">9, 2, 1, 2</column>
<column name="shuffleunit2_1_outpu_we0">9, 2, 1, 2</column>
<column name="shuffleunit2_2_outpu_address0">15, 3, 12, 36</column>
<column name="shuffleunit2_2_outpu_ce0">15, 3, 1, 3</column>
<column name="shuffleunit2_2_outpu_we0">9, 2, 1, 2</column>
<column name="sum_i_reg_3294">9, 2, 32, 64</column>
<column name="w_reg_3180">9, 2, 2, 4</column>
</table>
</item>
<item name = "Register"><table name="" hasTotal="1">
<keys size="5">Name, FF, LUT, Bits, Const Bits</keys>
<column name="ap_CS_fsm">144, 0, 144, 0</column>
<column name="ap_reg_grp_DownsampleUnit0_fu_3317_ap_start">1, 0, 1, 0</column>
<column name="ap_reg_grp_DownsampleUnit1_fu_3345_ap_start">1, 0, 1, 0</column>
<column name="ap_reg_grp_DownsampleUnit2_fu_3373_ap_start">1, 0, 1, 0</column>
<column name="ap_reg_grp_ShuffleUnit0_fu_3401_ap_start">1, 0, 1, 0</column>
<column name="ap_reg_grp_ShuffleUnit1_fu_3437_ap_start">1, 0, 1, 0</column>
<column name="ap_reg_grp_ShuffleUnit2_fu_3513_ap_start">1, 0, 1, 0</column>
<column name="ap_reg_grp_avgpool_fu_3573_ap_start">1, 0, 1, 0</column>
<column name="ap_reg_grp_conv1_fu_3549_ap_start">1, 0, 1, 0</column>
<column name="ap_reg_grp_conv_last_fu_3561_ap_start">1, 0, 1, 0</column>
<column name="avgpool_output_load_reg_10735">32, 0, 32, 0</column>
<column name="bias_load_16_reg_10330">32, 0, 32, 0</column>
<column name="ci_10_reg_10710">10, 0, 10, 0</column>
<column name="ci_9_reg_9002">5, 0, 5, 0</column>
<column name="ci_cast_reg_8994">5, 0, 8, 3</column>
<column name="ci_i_reg_3306">10, 0, 10, 0</column>
<column name="ci_reg_3135">5, 0, 5, 0</column>
<column name="co2_cast119_cast_reg_9610">5, 0, 8, 3</column>
<column name="co2_cast120_cast_reg_9601">5, 0, 9, 4</column>
<column name="co2_cast1_reg_9587">5, 0, 11, 6</column>
<column name="co2_cast2_reg_9592">5, 0, 10, 5</column>
<column name="co2_cast5_reg_9619">5, 0, 7, 2</column>
<column name="co2_reg_3169">5, 0, 5, 0</column>
<column name="co_22_reg_8924">5, 0, 5, 0</column>
<column name="co_23_reg_9627">5, 0, 5, 0</column>
<column name="co_24_reg_10691">4, 0, 4, 0</column>
<column name="co_cast143_cast1_reg_8903">5, 0, 9, 4</column>
<column name="co_cast143_cast_reg_8910">5, 0, 10, 5</column>
<column name="co_cast144_cast_reg_8891">5, 0, 11, 6</column>
<column name="co_cast1_reg_8874">5, 0, 13, 8</column>
<column name="co_cast2_reg_8882">5, 0, 12, 7</column>
<column name="co_i_reg_3283">4, 0, 4, 0</column>
<column name="co_reg_3124">5, 0, 5, 0</column>
<column name="fc_bias_load_reg_10750">32, 0, 32, 0</column>
<column name="fc_weight_load_reg_10730">32, 0, 32, 0</column>
<column name="h_22_reg_9734">2, 0, 2, 0</column>
<column name="h_reg_3191">2, 0, 2, 0</column>
<column name="i1_reg_3158">5, 0, 5, 0</column>
<column name="i3_reg_3203">2, 0, 2, 0</column>
<column name="i4_reg_3214">3, 0, 3, 0</column>
<column name="i5_cast102_cast_reg_10185">5, 0, 7, 2</column>
<column name="i5_cast104_cast1_reg_10174">5, 0, 8, 3</column>
<column name="i5_cast105_cast1_reg_10146">5, 0, 9, 4</column>
<column name="i5_cast105_cast_reg_10159">5, 0, 10, 5</column>
<column name="i5_cast1_reg_10114">5, 0, 12, 7</column>
<column name="i5_cast2_reg_10130">5, 0, 11, 6</column>
<column name="i5_reg_3225">5, 0, 5, 0</column>
<column name="i7_reg_3259">10, 0, 10, 0</column>
<column name="i8_reg_3271">4, 0, 4, 0</column>
<column name="i_1_reg_9142">3, 0, 3, 0</column>
<column name="i_2_reg_10665">10, 0, 10, 0</column>
<column name="i_3_reg_9443">5, 0, 5, 0</column>
<column name="i_4_reg_10678">4, 0, 4, 0</column>
<column name="i_5_reg_10196">5, 0, 5, 0</column>
<column name="i_6_reg_9808">2, 0, 2, 0</column>
<column name="i_7_reg_10004">3, 0, 3, 0</column>
<column name="i_reg_3147">3, 0, 3, 0</column>
<column name="k6_reg_3248">3, 0, 3, 0</column>
<column name="k_1_reg_10298">2, 0, 2, 0</column>
<column name="k_2_reg_10544">3, 0, 3, 0</column>
<column name="k_reg_3237">2, 0, 2, 0</column>
<column name="result_reg_10755">32, 0, 32, 0</column>
<column name="shuffle_conv_3x3_loa_15_reg_10073">32, 0, 32, 0</column>
<column name="sum_i_reg_3294">32, 0, 32, 0</column>
<column name="tmp31_reg_9855">4, 0, 7, 3</column>
<column name="tmp3_reg_9200">6, 0, 9, 3</column>
<column name="tmp_130_i_reg_10740">32, 0, 32, 0</column>
<column name="tmp_135_reg_9839">10, 0, 10, 0</column>
<column name="tmp_136_reg_9844">8, 0, 8, 0</column>
<column name="tmp_143_reg_10029">11, 0, 11, 0</column>
<column name="tmp_144_reg_10034">9, 0, 9, 0</column>
<column name="tmp_175_reg_8974">4, 0, 7, 3</column>
<column name="tmp_176_reg_8984">5, 0, 8, 3</column>
<column name="tmp_186_cast1_reg_9090">5, 0, 18, 13</column>
<column name="tmp_186_cast2_reg_9104">5, 0, 17, 12</column>
<column name="tmp_186_cast3_reg_9114">5, 0, 16, 11</column>
<column name="tmp_186_cast4_reg_9120">5, 0, 19, 14</column>
<column name="tmp_186_cast_reg_8979">4, 0, 7, 3</column>
<column name="tmp_187_reg_9030">7, 0, 7, 0</column>
<column name="tmp_188_cast_reg_9134">13, 0, 13, 0</column>
<column name="tmp_189_cast_reg_8989">3, 0, 8, 5</column>
<column name="tmp_189_reg_10201">5, 0, 64, 59</column>
<column name="tmp_218_cast1_reg_9665">2, 0, 12, 10</column>
<column name="tmp_218_cast2_reg_9673">2, 0, 15, 13</column>
<column name="tmp_218_cast3_reg_9678">2, 0, 14, 12</column>
<column name="tmp_218_cast4_reg_9684">2, 0, 36, 34</column>
<column name="tmp_218_cast5_reg_9690">2, 0, 13, 11</column>
<column name="tmp_218_cast6_reg_9701">2, 0, 11, 9</column>
<column name="tmp_220_cast_reg_9176">15, 0, 15, 0</column>
<column name="tmp_221_reg_9147">5, 0, 8, 3</column>
<column name="tmp_222_reg_9159">9, 0, 9, 0</column>
<column name="tmp_225_reg_9170">9, 0, 9, 0</column>
<column name="tmp_226_reg_9205">10, 0, 10, 0</column>
<column name="tmp_227_reg_9211">10, 0, 10, 0</column>
<column name="tmp_228_reg_9259">10, 0, 10, 0</column>
<column name="tmp_229_reg_9265">10, 0, 10, 0</column>
<column name="tmp_234_reg_9217">9, 0, 9, 0</column>
<column name="tmp_238_cast1_reg_10447">8, 0, 11, 3</column>
<column name="tmp_238_cast96_cast1_reg_10325">5, 0, 8, 3</column>
<column name="tmp_238_cast96_cast_reg_10313">6, 0, 9, 3</column>
<column name="tmp_238_cast97_cast_reg_10345">7, 0, 10, 3</column>
<column name="tmp_238_reg_10303">4, 0, 7, 3</column>
<column name="tmp_239_reg_9316">11, 0, 11, 0</column>
<column name="tmp_243_reg_10357">32, 0, 64, 32</column>
<column name="tmp_244_reg_9322">11, 0, 11, 0</column>
<column name="tmp_247_reg_9338">11, 0, 11, 0</column>
<column name="tmp_250_reg_9344">11, 0, 11, 0</column>
<column name="tmp_253_reg_9365">11, 0, 11, 0</column>
<column name="tmp_256_reg_9371">11, 0, 11, 0</column>
<column name="tmp_259_reg_9377">11, 0, 11, 0</column>
<column name="tmp_262_reg_9393">10, 0, 10, 0</column>
<column name="tmp_265_reg_9399">10, 0, 10, 0</column>
<column name="tmp_268_reg_9271">12, 0, 12, 0</column>
<column name="tmp_273_reg_10432">9, 0, 9, 0</column>
<column name="tmp_275_reg_10397">8, 0, 8, 0</column>
<column name="tmp_309_cast1_reg_9795">2, 0, 10, 8</column>
<column name="tmp_309_cast2_reg_9800">2, 0, 11, 9</column>
<column name="tmp_309_cast_reg_9739">2, 0, 15, 13</column>
<column name="tmp_310_reg_9448">7, 0, 10, 3</column>
<column name="tmp_311_reg_9460">12, 0, 12, 0</column>
<column name="tmp_314_reg_9471">12, 0, 12, 0</column>
<column name="tmp_315_reg_9487">12, 0, 12, 0</column>
<column name="tmp_316_reg_9493">12, 0, 12, 0</column>
<column name="tmp_317_reg_9527">11, 0, 11, 0</column>
<column name="tmp_318_reg_9533">13, 0, 13, 0</column>
<column name="tmp_319_reg_9549">13, 0, 13, 0</column>
<column name="tmp_320_reg_9555">13, 0, 13, 0</column>
<column name="tmp_321_reg_9561">13, 0, 13, 0</column>
<column name="tmp_322_reg_10549">5, 0, 8, 3</column>
<column name="tmp_326_reg_10586">32, 0, 64, 32</column>
<column name="tmp_330_cast127_cast_1_reg_9153">6, 0, 9, 3</column>
<column name="tmp_330_cast127_cast_reg_9181">7, 0, 10, 3</column>
<column name="tmp_330_cast1_reg_9297">8, 0, 11, 3</column>
<column name="tmp_353_reg_9813">4, 0, 7, 3</column>
<column name="tmp_356_reg_9821">7, 0, 7, 0</column>
<column name="tmp_362_cast_reg_8929">9, 0, 12, 3</column>
<column name="tmp_368_cast_reg_8934">10, 0, 13, 3</column>
<column name="tmp_376_reg_9905">8, 0, 8, 0</column>
<column name="tmp_378_reg_9939">10, 0, 10, 0</column>
<column name="tmp_382_reg_10009">5, 0, 8, 3</column>
<column name="tmp_391_cast_cast1_reg_10557">6, 0, 9, 3</column>
<column name="tmp_391_cast_reg_10572">9, 0, 12, 3</column>
<column name="tmp_391_reg_10039">9, 0, 9, 0</column>
<column name="tmp_402_reg_9637">9, 0, 9, 0</column>
<column name="tmp_404_reg_9642">10, 0, 10, 0</column>
<column name="tmp_406_reg_9647">10, 0, 10, 0</column>
<column name="tmp_414_reg_9045">14, 0, 14, 0</column>
<column name="tmp_416_reg_9060">15, 0, 15, 0</column>
<column name="tmp_417_reg_9065">15, 0, 15, 0</column>
<column name="tmp_418_reg_9070">15, 0, 15, 0</column>
<column name="tmp_420_reg_9706">15, 0, 15, 0</column>
<column name="tmp_422_reg_9711">15, 0, 15, 0</column>
<column name="tmp_424_reg_9716">15, 0, 15, 0</column>
<column name="tmp_426_reg_9721">15, 0, 15, 0</column>
<column name="tmp_428_reg_9726">15, 0, 15, 0</column>
<column name="tmp_436_reg_9165">13, 0, 13, 0</column>
<column name="tmp_438_cast1_reg_9499">10, 0, 13, 3</column>
<column name="tmp_438_cast_reg_9454">9, 0, 12, 3</column>
<column name="tmp_439_cast_reg_8939">11, 0, 14, 3</column>
<column name="tmp_442_cast_reg_8944">11, 0, 14, 3</column>
<column name="tmp_447_cast_reg_8949">11, 0, 14, 3</column>
<column name="tmp_450_cast_reg_8954">12, 0, 15, 3</column>
<column name="tmp_453_cast_reg_8959">12, 0, 15, 3</column>
<column name="tmp_456_cast_reg_8964">12, 0, 15, 3</column>
<column name="tmp_460_reg_9287">17, 0, 17, 0</column>
<column name="tmp_461_cast_reg_8969">12, 0, 15, 3</column>
<column name="tmp_466_reg_9292">17, 0, 17, 0</column>
<column name="tmp_467_cast_reg_9632">9, 0, 9, 0</column>
<column name="tmp_470_cast110_cast_reg_9827">5, 0, 8, 3</column>
<column name="tmp_476_cast_reg_9652">11, 0, 11, 0</column>
<column name="tmp_477_cast_reg_9007">64, 0, 64, 0</column>
<column name="tmp_505_cast_reg_10017">7, 0, 10, 3</column>
<column name="tmp_506_reg_9415">18, 0, 18, 0</column>
<column name="tmp_509_reg_9223">14, 0, 17, 3</column>
<column name="tmp_510_reg_9420">18, 0, 18, 0</column>
<column name="tmp_514_cast_reg_9228">64, 0, 64, 0</column>
<column name="tmp_514_reg_9350">19, 0, 19, 0</column>
<column name="tmp_527_reg_9466">15, 0, 15, 0</column>
<column name="tmp_561_reg_9577">19, 0, 19, 0</column>
<column name="tmp_564_reg_9833">12, 0, 12, 0</column>
<column name="tmp_572_reg_9865">10, 0, 10, 0</column>
<column name="tmp_575_reg_9849">11, 0, 11, 0</column>
<column name="tmp_580_reg_9875">13, 0, 13, 0</column>
<column name="tmp_585_reg_9881">13, 0, 13, 0</column>
<column name="tmp_590_reg_9887">12, 0, 12, 0</column>
<column name="tmp_595_reg_9893">12, 0, 12, 0</column>
<column name="tmp_597_cast_reg_9761">15, 0, 64, 49</column>
<column name="tmp_601_reg_9899">12, 0, 12, 0</column>
<column name="tmp_603_reg_9961">15, 0, 15, 0</column>
<column name="tmp_607_reg_9933">13, 0, 13, 0</column>
<column name="tmp_609_reg_9966">15, 0, 15, 0</column>
<column name="tmp_614_cast_reg_9506">64, 0, 64, 0</column>
<column name="tmp_614_reg_9971">15, 0, 15, 0</column>
<column name="tmp_617_reg_9945">13, 0, 13, 0</column>
<column name="tmp_619_reg_9976">15, 0, 15, 0</column>
<column name="tmp_623_reg_10023">13, 0, 13, 0</column>
<column name="tmp_631_reg_10056">11, 0, 11, 0</column>
<column name="tmp_634_reg_10061">13, 0, 13, 0</column>
<column name="tmp_639_reg_10067">13, 0, 13, 0</column>
<column name="tmp_647_reg_10088">15, 0, 15, 0</column>
<column name="tmp_650_reg_10045">15, 0, 15, 0</column>
<column name="tmp_652_reg_10093">15, 0, 15, 0</column>
<column name="tmp_665_cast_reg_9911">10, 0, 64, 54</column>
<column name="tmp_723_cast_reg_10702">4, 0, 14, 10</column>
<column name="tmp_738_cast_reg_10098">11, 0, 64, 53</column>
<column name="tmp_i_reg_10696">4, 0, 64, 60</column>
<column name="w_22_reg_9660">2, 0, 2, 0</column>
<column name="w_reg_3180">2, 0, 2, 0</column>
</table>
</item>
</section>
</item>
</section>

<section name = "Interface" level="0">
<item name = "Summary"><table name="" hasTotal="0">
<keys size="6">RTL Ports, Dir, Bits, Protocol, Source Object, C Type</keys>
<column name="ap_clk">in, 1, ap_ctrl_hs, ShuffleNetV2, return value</column>
<column name="ap_rst">in, 1, ap_ctrl_hs, ShuffleNetV2, return value</column>
<column name="ap_start">in, 1, ap_ctrl_hs, ShuffleNetV2, return value</column>
<column name="ap_done">out, 1, ap_ctrl_hs, ShuffleNetV2, return value</column>
<column name="ap_idle">out, 1, ap_ctrl_hs, ShuffleNetV2, return value</column>
<column name="ap_ready">out, 1, ap_ctrl_hs, ShuffleNetV2, return value</column>
<column name="image_r_address0">out, 12, ap_memory, image_r, array</column>
<column name="image_r_ce0">out, 1, ap_memory, image_r, array</column>
<column name="image_r_q0">in, 32, ap_memory, image_r, array</column>
<column name="conv1_weight_address0">out, 10, ap_memory, conv1_weight, array</column>
<column name="conv1_weight_ce0">out, 1, ap_memory, conv1_weight, array</column>
<column name="conv1_weight_q0">in, 32, ap_memory, conv1_weight, array</column>
<column name="shuffle_conv_3x3_address0">out, 14, ap_memory, shuffle_conv_3x3, array</column>
<column name="shuffle_conv_3x3_ce0">out, 1, ap_memory, shuffle_conv_3x3, array</column>
<column name="shuffle_conv_3x3_q0">in, 32, ap_memory, shuffle_conv_3x3, array</column>
<column name="shuffle_conv_3x3_address1">out, 14, ap_memory, shuffle_conv_3x3, array</column>
<column name="shuffle_conv_3x3_ce1">out, 1, ap_memory, shuffle_conv_3x3, array</column>
<column name="shuffle_conv_3x3_q1">in, 32, ap_memory, shuffle_conv_3x3, array</column>
<column name="shuffle_conv_1x1_address0">out, 18, ap_memory, shuffle_conv_1x1, array</column>
<column name="shuffle_conv_1x1_ce0">out, 1, ap_memory, shuffle_conv_1x1, array</column>
<column name="shuffle_conv_1x1_q0">in, 32, ap_memory, shuffle_conv_1x1, array</column>
<column name="shuffle_conv_1x1_address1">out, 18, ap_memory, shuffle_conv_1x1, array</column>
<column name="shuffle_conv_1x1_ce1">out, 1, ap_memory, shuffle_conv_1x1, array</column>
<column name="shuffle_conv_1x1_q1">in, 32, ap_memory, shuffle_conv_1x1, array</column>
<column name="conv_last_weight_address0">out, 17, ap_memory, conv_last_weight, array</column>
<column name="conv_last_weight_ce0">out, 1, ap_memory, conv_last_weight, array</column>
<column name="conv_last_weight_q0">in, 32, ap_memory, conv_last_weight, array</column>
<column name="fc_weight_address0">out, 13, ap_memory, fc_weight, array</column>
<column name="fc_weight_ce0">out, 1, ap_memory, fc_weight, array</column>
<column name="fc_weight_q0">in, 32, ap_memory, fc_weight, array</column>
<column name="bias_address0">out, 12, ap_memory, bias, array</column>
<column name="bias_ce0">out, 1, ap_memory, bias, array</column>
<column name="bias_q0">in, 32, ap_memory, bias, array</column>
<column name="bias_address1">out, 12, ap_memory, bias, array</column>
<column name="bias_ce1">out, 1, ap_memory, bias, array</column>
<column name="bias_q1">in, 32, ap_memory, bias, array</column>
<column name="fc_output_address0">out, 10, ap_memory, fc_output, array</column>
<column name="fc_output_ce0">out, 1, ap_memory, fc_output, array</column>
<column name="fc_output_we0">out, 1, ap_memory, fc_output, array</column>
<column name="fc_output_d0">out, 32, ap_memory, fc_output, array</column>
</table>
</item>
</section>

<section name = "Critical Path" level="0">
<item name = "Max Delay">8.54</item>
<item name = "Critical Path Table"><table name="Critical Path Table" hasTotal="0">
<keys size="15">Name, Operator, Delay, Accumulated Delay, Store Source, Resource, Core, Interface, Type, Port, Array, Scope, Pointer, Callee, Phi Node</keys>
<column name="'tmp_379_cast', accelerator_hls/shufflenet.cpp:221">zext, 0.00, 0.00, -, -, -, -, -, -, -, -, -, -, -</column>
<column name="'tmp_611', accelerator_hls/shufflenet.cpp:221">sub, 2.33, 2.33, -, -, -, -, -, -, -, -, -, -, -</column>
<column name="'tmp_711_cast', accelerator_hls/shufflenet.cpp:221">sext, 0.00, 2.33, -, -, -, -, -, -, -, -, -, -, -</column>
<column name="'tmp_612', accelerator_hls/shufflenet.cpp:221">add, 2.34, 4.66, -, -, -, -, -, -, -, -, -, -, -</column>
<column name="'tmp_712_cast', accelerator_hls/shufflenet.cpp:221">sext, 0.00, 4.66, -, -, -, -, -, -, -, -, -, -, -</column>
<column name="'tmp_613', accelerator_hls/shufflenet.cpp:221">sub, 1.94, 6.60, -, -, -, -, -, -, -, -, -, -, -</column>
<column name="'tmp_614', accelerator_hls/shufflenet.cpp:221">add, 1.94, 8.54, -, -, -, -, -, -, -, -, -, -, -</column>
</table>
</item>
</section>
</profile>
