<profile>

<section name = "Vivado HLS Report for 'ShuffleNetV2'" level="0">
<item name = "Date">Mon Dec 10 14:57:15 2018
</item>
<item name = "Version">2017.2 (Build 1909853 on Thu Jun 15 18:55:24 MDT 2017)</item>
<item name = "Project">accelerator_hls</item>
<item name = "Solution">naive</item>
<item name = "Product family">zynq</item>
<item name = "Target device">xc7z020clg484-1</item>
</section>

<section name = "Performance Estimates" level="0">
<item name = "Timing (ns)">
<section name = "" level="1">
<item name = "Summary"><table name="" hasTotal="0">
<keys size="4">Clock, Target, Estimated, Uncertainty</keys>
<column name="ap_clk">10.00, 8.54, 1.25</column>
</table>
</item>
</section>
</item>
<item name = "Latency (clock cycles)">
<section name = "" level="1">
<item name = "Summary"><table name="" hasTotal="0">
<keys size="6">, min, max, min, max, Type</keys>
<column name="">110591624, 110591624, 110591625, 110591625, none</column>
</table>
</item>
<item name = "Detail">
<section name = "" level="1">
<item name = "Instance"><table name="" hasTotal="0">
<keys size="7">Instance, Module, min, max, min, max, Type</keys>
</table>
</item>
<item name = "Loop"><table name="" hasTotal="0">
<keys size="8">Loop Name, min, max, Latency, achieved, target, Count, Pipelined</keys>
<column name="- Loop 1">96816, 96816, 4034, -, -, 24, no</column>
<column name=" + Loop 1.1">4032, 4032, 168, -, -, 24, no</column>
<column name="  ++ Loop 1.1.1">48, 48, 12, -, -, 4, no</column>
<column name="  ++ Loop 1.1.2">112, 112, 7, -, -, 16, no</column>
<column name="- Loop 2">10128, 10128, 422, -, -, 24, no</column>
<column name=" + Loop 2.1">420, 420, 140, -, -, 3, no</column>
<column name="  ++ Loop 2.1.1">138, 138, 46, -, -, 3, no</column>
<column name="   +++ Loop 2.1.1.1">16, 16, 8, -, -, 2, no</column>
<column name="   +++ Loop 2.1.1.2">24, 24, 6, -, -, 4, no</column>
<column name="- Loop 3">1944, 1944, 81, -, -, 24, no</column>
<column name=" + Loop 3.1">34, 34, 17, -, -, 2, no</column>
<column name=" + Loop 3.2">36, 36, 9, -, -, 4, no</column>
<column name="- Loop 4">1024, 1024, 2, -, -, 512, no</column>
<column name="- Loop 5">20, 20, 2, -, -, 10, no</column>
<column name="- Loop 6">56410, 56410, 5641, -, -, 10, no</column>
<column name=" + Loop 6.1">5632, 5632, 11, -, -, 512, no</column>
</table>
</item>
</section>
</item>
</section>
</item>
</section>
</profile>
