<profile>

<section name = "Vivado HLS Report for 'shuffle_9621'" level="0">
<item name = "Date">Mon Dec 10 14:57:24 2018
</item>
<item name = "Version">2017.2 (Build 1909853 on Thu Jun 15 18:55:24 MDT 2017)</item>
<item name = "Project">accelerator_hls</item>
<item name = "Solution">naive</item>
<item name = "Product family">zynq</item>
<item name = "Target device">xc7z020clg484-1</item>
</section>

<section name = "Performance Estimates" level="0">
<item name = "Timing (ns)">
<section name = "" level="1">
<item name = "Summary"><table name="" hasTotal="0">
<keys size="4">Clock, Target, Estimated, Uncertainty</keys>
<column name="ap_clk">10.00, 8.10, 1.25</column>
</table>
</item>
</section>
</item>
<item name = "Latency (clock cycles)">
<section name = "" level="1">
<item name = "Summary"><table name="" hasTotal="0">
<keys size="6">, min, max, min, max, Type</keys>
<column name="">8065, 8065, 8065, 8065, none</column>
</table>
</item>
<item name = "Detail">
<section name = "" level="1">
<item name = "Instance"><table name="" hasTotal="0">
<keys size="7">Instance, Module, min, max, min, max, Type</keys>
</table>
</item>
<item name = "Loop"><table name="" hasTotal="0">
<keys size="8">Loop Name, min, max, Latency, achieved, target, Count, Pipelined</keys>
<column name="- Loop 1">8064, 8064, 42, -, -, 192, no</column>
<column name=" + Loop 1.1">40, 40, 10, -, -, 4, no</column>
<column name="  ++ Loop 1.1.1">8, 8, 2, -, -, 4, no</column>
</table>
</item>
</section>
</item>
</section>
</item>
</section>

<section name = "Utilization Estimates" level="0">
<item name = "Summary"><table name="" hasTotal="1">
<keys size="5">Name, BRAM_18K, DSP48E, FF, LUT</keys>
<column name="DSP">-, -, -, -</column>
<column name="Expression">-, -, 215, 105</column>
<column name="FIFO">-, -, -, -</column>
<column name="Instance">-, -, -, -</column>
<column name="Memory">-, -, -, -</column>
<column name="Multiplexer">-, -, -, 75</column>
<column name="Register">-, -, 82, -</column>
<specialColumn name="Available">280, 220, 106400, 53200</specialColumn>
<specialColumn name="Utilization (%)">0, 0, ~0, ~0</specialColumn>
</table>
</item>
<item name = "Detail">
<section name = "" level="1">
<item name = "Instance"><table name="" hasTotal="1">
<keys size="6">Instance, Module, BRAM_18K, DSP48E, FF, LUT</keys>
</table>
</item>
<item name = "DSP48"><table name="" hasTotal="0">
<keys size="3">Instance, Module, Expression</keys>
</table>
</item>
<item name = "Memory"><table name="" hasTotal="1">
<keys size="9">Memory, Module, BRAM_18K, FF, LUT, Words, Bits, Banks, W*Bits*Banks</keys>
</table>
</item>
<item name = "FIFO"><table name="" hasTotal="1">
<keys size="7">Name, BRAM_18K, FF, LUT, Depth, Bits, Size:D*B</keys>
</table>
</item>
<item name = "Expression"><table name="" hasTotal="1">
<keys size="7">Variable Name, Operation, DSP48E, FF, LUT, Bitwidth P0, Bitwidth P1</keys>
<column name="co_13_fu_132_p2">+, 0, 29, 13, 1, 8</column>
<column name="h_13_fu_178_p2">+, 0, 14, 9, 3, 1</column>
<column name="tmp_142_fu_192_p2">+, 0, 35, 15, 10, 10</column>
<column name="tmp_143_fu_205_p2">+, 0, 38, 16, 11, 11</column>
<column name="tmp_144_fu_238_p2">+, 0, 41, 17, 12, 12</column>
<column name="tmp_145_fu_249_p2">+, 0, 44, 18, 13, 13</column>
<column name="w_13_fu_224_p2">+, 0, 14, 9, 3, 1</column>
<column name="exitcond1_fu_172_p2">icmp, 0, 0, 2, 3, 4</column>
<column name="exitcond2_fu_126_p2">icmp, 0, 0, 4, 8, 8</column>
<column name="exitcond_fu_218_p2">icmp, 0, 0, 2, 3, 4</column>
</table>
</item>
<item name = "Multiplexer"><table name="" hasTotal="1">
<keys size="5">Name, LUT, Input Size, Bits, Total Bits</keys>
<column name="ap_NS_fsm">33, 6, 1, 6</column>
<column name="co_reg_77">9, 2, 8, 16</column>
<column name="h_reg_88">9, 2, 3, 6</column>
<column name="storemerge_phi_fu_113_p4">15, 3, 32, 96</column>
<column name="w_reg_99">9, 2, 3, 6</column>
</table>
</item>
<item name = "Register"><table name="" hasTotal="1">
<keys size="5">Name, FF, LUT, Bits, Const Bits</keys>
<column name="ap_CS_fsm">5, 0, 5, 0</column>
<column name="co_13_reg_266">8, 0, 8, 0</column>
<column name="co_reg_77">8, 0, 8, 0</column>
<column name="h_13_reg_284">3, 0, 3, 0</column>
<column name="h_reg_88">3, 0, 3, 0</column>
<column name="output_addr_reg_317">12, 0, 12, 0</column>
<column name="tmp_219_cast_reg_271">7, 0, 10, 3</column>
<column name="tmp_221_cast_reg_276">8, 0, 11, 3</column>
<column name="tmp_224_cast_reg_289">10, 0, 12, 2</column>
<column name="tmp_227_cast_reg_294">11, 0, 13, 2</column>
<column name="tmp_94_reg_259">1, 0, 1, 0</column>
<column name="w_13_reg_302">3, 0, 3, 0</column>
<column name="w_reg_99">3, 0, 3, 0</column>
</table>
</item>
</section>
</item>
</section>

<section name = "Interface" level="0">
<item name = "Summary"><table name="" hasTotal="0">
<keys size="6">RTL Ports, Dir, Bits, Protocol, Source Object, C Type</keys>
<column name="ap_clk">in, 1, ap_ctrl_hs, shuffle_9621, return value</column>
<column name="ap_rst">in, 1, ap_ctrl_hs, shuffle_9621, return value</column>
<column name="ap_start">in, 1, ap_ctrl_hs, shuffle_9621, return value</column>
<column name="ap_done">out, 1, ap_ctrl_hs, shuffle_9621, return value</column>
<column name="ap_idle">out, 1, ap_ctrl_hs, shuffle_9621, return value</column>
<column name="ap_ready">out, 1, ap_ctrl_hs, shuffle_9621, return value</column>
<column name="left_0_address0">out, 11, ap_memory, left_0, array</column>
<column name="left_0_ce0">out, 1, ap_memory, left_0, array</column>
<column name="left_0_q0">in, 32, ap_memory, left_0, array</column>
<column name="right_0_address0">out, 11, ap_memory, right_0, array</column>
<column name="right_0_ce0">out, 1, ap_memory, right_0, array</column>
<column name="right_0_q0">in, 32, ap_memory, right_0, array</column>
<column name="output_r_address0">out, 12, ap_memory, output_r, array</column>
<column name="output_r_ce0">out, 1, ap_memory, output_r, array</column>
<column name="output_r_we0">out, 1, ap_memory, output_r, array</column>
<column name="output_r_d0">out, 32, ap_memory, output_r, array</column>
</table>
</item>
</section>
</profile>
