<stg><name>subconv_3x3_8_stride</name>


<trans_list>

<trans id="134" from="1" to="2">
<condition id="45">
<or_exp><and_exp></and_exp></or_exp>
</condition>
</trans>

<trans id="135" from="2" to="3">
<condition id="47">
<or_exp><and_exp><literal name="exitcond4" val="0"/>
</and_exp></or_exp>
</condition>
</trans>

<trans id="136" from="3" to="4">
<condition id="49">
<or_exp><and_exp><literal name="exitcond3" val="0"/>
</and_exp></or_exp>
</condition>
</trans>

<trans id="163" from="3" to="2">
<condition id="83">
<or_exp><and_exp><literal name="exitcond3" val="1"/>
</and_exp></or_exp>
</condition>
</trans>

<trans id="137" from="4" to="5">
<condition id="51">
<or_exp><and_exp><literal name="exitcond2" val="0"/>
</and_exp></or_exp>
</condition>
</trans>

<trans id="162" from="4" to="3">
<condition id="81">
<or_exp><and_exp><literal name="exitcond2" val="1"/>
</and_exp></or_exp>
</condition>
</trans>

<trans id="138" from="5" to="18">
<condition id="52">
<or_exp><and_exp><literal name="exitcond1" val="1"/>
</and_exp></or_exp>
</condition>
</trans>

<trans id="139" from="5" to="6">
<condition id="54">
<or_exp><and_exp><literal name="exitcond1" val="0"/>
</and_exp></or_exp>
</condition>
</trans>

<trans id="140" from="6" to="7">
<condition id="55">
<or_exp><and_exp><literal name="exitcond" val="0"/>
</and_exp></or_exp>
</condition>
</trans>

<trans id="153" from="6" to="5">
<condition id="70">
<or_exp><and_exp><literal name="exitcond" val="1"/>
</and_exp></or_exp>
</condition>
</trans>

<trans id="142" from="7" to="8">
<condition id="57">
<or_exp><and_exp></and_exp></or_exp>
</condition>
</trans>

<trans id="143" from="8" to="9">
<condition id="58">
<or_exp><and_exp></and_exp></or_exp>
</condition>
</trans>

<trans id="144" from="9" to="10">
<condition id="59">
<or_exp><and_exp></and_exp></or_exp>
</condition>
</trans>

<trans id="145" from="10" to="11">
<condition id="60">
<or_exp><and_exp></and_exp></or_exp>
</condition>
</trans>

<trans id="146" from="11" to="12">
<condition id="61">
<or_exp><and_exp></and_exp></or_exp>
</condition>
</trans>

<trans id="147" from="12" to="13">
<condition id="62">
<or_exp><and_exp></and_exp></or_exp>
</condition>
</trans>

<trans id="148" from="13" to="14">
<condition id="63">
<or_exp><and_exp></and_exp></or_exp>
</condition>
</trans>

<trans id="149" from="14" to="15">
<condition id="64">
<or_exp><and_exp></and_exp></or_exp>
</condition>
</trans>

<trans id="150" from="15" to="16">
<condition id="65">
<or_exp><and_exp></and_exp></or_exp>
</condition>
</trans>

<trans id="151" from="16" to="17">
<condition id="66">
<or_exp><and_exp></and_exp></or_exp>
</condition>
</trans>

<trans id="152" from="17" to="6">
<condition id="68">
<or_exp><and_exp></and_exp></or_exp>
</condition>
</trans>

<trans id="155" from="18" to="19">
<condition id="72">
<or_exp><and_exp></and_exp></or_exp>
</condition>
</trans>

<trans id="156" from="19" to="20">
<condition id="73">
<or_exp><and_exp></and_exp></or_exp>
</condition>
</trans>

<trans id="157" from="20" to="21">
<condition id="74">
<or_exp><and_exp></and_exp></or_exp>
</condition>
</trans>

<trans id="158" from="21" to="22">
<condition id="75">
<or_exp><and_exp></and_exp></or_exp>
</condition>
</trans>

<trans id="159" from="22" to="23">
<condition id="76">
<or_exp><and_exp></and_exp></or_exp>
</condition>
</trans>

<trans id="160" from="23" to="24">
<condition id="77">
<or_exp><and_exp></and_exp></or_exp>
</condition>
</trans>

<trans id="161" from="24" to="4">
<condition id="79">
<or_exp><and_exp></and_exp></or_exp>
</condition>
</trans>
</trans_list>



<state_list>

<state id="1" st_id="1">

<operation id="25" st_id="1" stage="1" lat="1">
<core>NULL</core>
<MemPortIdVec></MemPortIdVec>
<condition id="0">
<or_exp><and_exp></and_exp></or_exp>
</condition>

<Node id="5" bw="0" op_0_bw="0">
<![CDATA[
:0  br label %.loopexit

]]></Node>
<StgValue><ssdm name=""/></StgValue>
</operation>
</state>

<state id="2" st_id="2">

<operation id="26" st_id="2" stage="1" lat="1">
<core>NULL</core>
<MemPortIdVec></MemPortIdVec>
<condition id="1">
<or_exp><and_exp></and_exp></or_exp>
</condition>

<Node id="7" bw="7" op_0_bw="7" op_1_bw="0">
<![CDATA[
.loopexit:0  %co = phi i7 [ 0, %0 ], [ %co_1, %.loopexit.loopexit ]

]]></Node>
<StgValue><ssdm name="co"/></StgValue>
</operation>

<operation id="27" st_id="2" stage="1" lat="1">
<core>Cmp</core>
<MemPortIdVec></MemPortIdVec>
<condition id="1">
<or_exp><and_exp></and_exp></or_exp>
</condition>

<Node id="8" bw="1" op_0_bw="7" op_1_bw="7">
<![CDATA[
.loopexit:1  %exitcond4 = icmp eq i7 %co, -32

]]></Node>
<StgValue><ssdm name="exitcond4"/></StgValue>
</operation>

<operation id="28" st_id="2" stage="1" lat="1">
<core>NULL</core>
<MemPortIdVec></MemPortIdVec>
<condition id="1">
<or_exp><and_exp></and_exp></or_exp>
</condition>

<Node id="9" bw="32" op_0_bw="32" op_1_bw="64" op_2_bw="64" op_3_bw="64">
<![CDATA[
.loopexit:2  %empty = call i32 (...)* @_ssdm_op_SpecLoopTripCount(i64 96, i64 96, i64 96)

]]></Node>
<StgValue><ssdm name="empty"/></StgValue>
</operation>

<operation id="29" st_id="2" stage="1" lat="1">
<core>AddSub</core>
<MemPortIdVec></MemPortIdVec>
<condition id="1">
<or_exp><and_exp></and_exp></or_exp>
</condition>

<Node id="10" bw="7" op_0_bw="7" op_1_bw="7">
<![CDATA[
.loopexit:3  %co_1 = add i7 %co, 1

]]></Node>
<StgValue><ssdm name="co_1"/></StgValue>
</operation>

<operation id="30" st_id="2" stage="1" lat="1">
<core>NULL</core>
<MemPortIdVec></MemPortIdVec>
<condition id="1">
<or_exp><and_exp></and_exp></or_exp>
</condition>

<Node id="11" bw="0" op_0_bw="1" op_1_bw="0" op_2_bw="0">
<![CDATA[
.loopexit:4  br i1 %exitcond4, label %2, label %.preheader7.preheader

]]></Node>
<StgValue><ssdm name=""/></StgValue>
</operation>

<operation id="31" st_id="2" stage="1" lat="1">
<core>NULL</core>
<MemPortIdVec></MemPortIdVec>
<condition id="3">
<or_exp><and_exp><literal name="exitcond4" val="0"/>
</and_exp></or_exp>
</condition>

<Node id="13" bw="64" op_0_bw="7">
<![CDATA[
.preheader7.preheader:0  %tmp = zext i7 %co to i64

]]></Node>
<StgValue><ssdm name="tmp"/></StgValue>
</operation>

<operation id="32" st_id="2" stage="1" lat="1">
<core>NULL</core>
<MemPortIdVec></MemPortIdVec>
<condition id="3">
<or_exp><and_exp><literal name="exitcond4" val="0"/>
</and_exp></or_exp>
</condition>

<Node id="14" bw="10" op_0_bw="7">
<![CDATA[
.preheader7.preheader:1  %tmp_cast = zext i7 %co to i10

]]></Node>
<StgValue><ssdm name="tmp_cast"/></StgValue>
</operation>

<operation id="33" st_id="2" stage="1" lat="1">
<core>NULL</core>
<MemPortIdVec></MemPortIdVec>
<condition id="3">
<or_exp><and_exp><literal name="exitcond4" val="0"/>
</and_exp></or_exp>
</condition>

<Node id="15" bw="10" op_0_bw="10" op_1_bw="7" op_2_bw="3">
<![CDATA[
.preheader7.preheader:2  %tmp_s = call i10 @_ssdm_op_BitConcatenate.i10.i7.i3(i7 %co, i3 0)

]]></Node>
<StgValue><ssdm name="tmp_s"/></StgValue>
</operation>

<operation id="34" st_id="2" stage="1" lat="1">
<core>NULL</core>
<MemPortIdVec></MemPortIdVec>
<condition id="3">
<or_exp><and_exp><literal name="exitcond4" val="0"/>
</and_exp></or_exp>
</condition>

<Node id="16" bw="11" op_0_bw="10">
<![CDATA[
.preheader7.preheader:3  %tmp_15_cast = zext i10 %tmp_s to i11

]]></Node>
<StgValue><ssdm name="tmp_15_cast"/></StgValue>
</operation>

<operation id="35" st_id="2" stage="1" lat="1">
<core>NULL</core>
<MemPortIdVec></MemPortIdVec>
<condition id="3">
<or_exp><and_exp><literal name="exitcond4" val="0"/>
</and_exp></or_exp>
</condition>

<Node id="17" bw="9" op_0_bw="9" op_1_bw="7" op_2_bw="2">
<![CDATA[
.preheader7.preheader:4  %tmp_2 = call i9 @_ssdm_op_BitConcatenate.i9.i7.i2(i7 %co, i2 0)

]]></Node>
<StgValue><ssdm name="tmp_2"/></StgValue>
</operation>

<operation id="36" st_id="2" stage="1" lat="1">
<core>NULL</core>
<MemPortIdVec></MemPortIdVec>
<condition id="3">
<or_exp><and_exp><literal name="exitcond4" val="0"/>
</and_exp></or_exp>
</condition>

<Node id="18" bw="10" op_0_bw="9">
<![CDATA[
.preheader7.preheader:5  %p_shl_cast = zext i9 %tmp_2 to i10

]]></Node>
<StgValue><ssdm name="p_shl_cast"/></StgValue>
</operation>

<operation id="37" st_id="2" stage="1" lat="1">
<core>AddSub</core>
<MemPortIdVec></MemPortIdVec>
<condition id="3">
<or_exp><and_exp><literal name="exitcond4" val="0"/>
</and_exp></or_exp>
</condition>

<Node id="19" bw="10" op_0_bw="10" op_1_bw="10">
<![CDATA[
.preheader7.preheader:6  %tmp_3 = sub i10 %p_shl_cast, %tmp_cast

]]></Node>
<StgValue><ssdm name="tmp_3"/></StgValue>
</operation>

<operation id="38" st_id="2" stage="1" lat="1">
<core>NULL</core>
<MemPortIdVec></MemPortIdVec>
<condition id="3">
<or_exp><and_exp><literal name="exitcond4" val="0"/>
</and_exp></or_exp>
</condition>

<Node id="20" bw="11" op_0_bw="10">
<![CDATA[
.preheader7.preheader:7  %tmp_17_cast = sext i10 %tmp_3 to i11

]]></Node>
<StgValue><ssdm name="tmp_17_cast"/></StgValue>
</operation>

<operation id="39" st_id="2" stage="1" lat="1">
<core>NULL</core>
<MemPortIdVec></MemPortIdVec>
<condition id="3">
<or_exp><and_exp><literal name="exitcond4" val="0"/>
</and_exp></or_exp>
</condition>

<Node id="21" bw="7" op_0_bw="32" op_1_bw="64" op_2_bw="64">
<![CDATA[
.preheader7.preheader:8  %bias_addr = getelementptr [96 x float]* %bias, i64 0, i64 %tmp

]]></Node>
<StgValue><ssdm name="bias_addr"/></StgValue>
</operation>

<operation id="40" st_id="2" stage="1" lat="1">
<core>NULL</core>
<MemPortIdVec></MemPortIdVec>
<condition id="3">
<or_exp><and_exp><literal name="exitcond4" val="0"/>
</and_exp></or_exp>
</condition>

<Node id="22" bw="0" op_0_bw="0">
<![CDATA[
.preheader7.preheader:9  br label %.preheader7

]]></Node>
<StgValue><ssdm name=""/></StgValue>
</operation>

<operation id="41" st_id="2" stage="1" lat="1">
<core>NULL</core>
<MemPortIdVec></MemPortIdVec>
<condition id="5">
<or_exp><and_exp><literal name="exitcond4" val="1"/>
</and_exp></or_exp>
</condition>

<Node id="114" bw="0">
<![CDATA[
:0  ret void

]]></Node>
<StgValue><ssdm name=""/></StgValue>
</operation>
</state>

<state id="3" st_id="3">

<operation id="42" st_id="3" stage="1" lat="1">
<core>NULL</core>
<MemPortIdVec></MemPortIdVec>
<condition id="6">
<or_exp><and_exp></and_exp></or_exp>
</condition>

<Node id="24" bw="3" op_0_bw="3" op_1_bw="0">
<![CDATA[
.preheader7:0  %h = phi i3 [ 0, %.preheader7.preheader ], [ %h_1, %.preheader7.loopexit ]

]]></Node>
<StgValue><ssdm name="h"/></StgValue>
</operation>

<operation id="43" st_id="3" stage="1" lat="1">
<core>Cmp</core>
<MemPortIdVec></MemPortIdVec>
<condition id="6">
<or_exp><and_exp></and_exp></or_exp>
</condition>

<Node id="25" bw="1" op_0_bw="3" op_1_bw="3">
<![CDATA[
.preheader7:1  %exitcond3 = icmp eq i3 %h, -4

]]></Node>
<StgValue><ssdm name="exitcond3"/></StgValue>
</operation>

<operation id="44" st_id="3" stage="1" lat="1">
<core>NULL</core>
<MemPortIdVec></MemPortIdVec>
<condition id="6">
<or_exp><and_exp></and_exp></or_exp>
</condition>

<Node id="26" bw="32" op_0_bw="32" op_1_bw="64" op_2_bw="64" op_3_bw="64">
<![CDATA[
.preheader7:2  %empty_15 = call i32 (...)* @_ssdm_op_SpecLoopTripCount(i64 4, i64 4, i64 4)

]]></Node>
<StgValue><ssdm name="empty_15"/></StgValue>
</operation>

<operation id="45" st_id="3" stage="1" lat="1">
<core>AddSub</core>
<MemPortIdVec></MemPortIdVec>
<condition id="6">
<or_exp><and_exp></and_exp></or_exp>
</condition>

<Node id="27" bw="3" op_0_bw="3" op_1_bw="3">
<![CDATA[
.preheader7:3  %h_1 = add i3 %h, 1

]]></Node>
<StgValue><ssdm name="h_1"/></StgValue>
</operation>

<operation id="46" st_id="3" stage="1" lat="1">
<core>NULL</core>
<MemPortIdVec></MemPortIdVec>
<condition id="6">
<or_exp><and_exp></and_exp></or_exp>
</condition>

<Node id="28" bw="0" op_0_bw="1" op_1_bw="0" op_2_bw="0">
<![CDATA[
.preheader7:4  br i1 %exitcond3, label %.loopexit.loopexit, label %.preheader6.preheader

]]></Node>
<StgValue><ssdm name=""/></StgValue>
</operation>

<operation id="47" st_id="3" stage="1" lat="1">
<core>NULL</core>
<MemPortIdVec></MemPortIdVec>
<condition id="8">
<or_exp><and_exp><literal name="exitcond3" val="0"/>
</and_exp></or_exp>
</condition>

<Node id="30" bw="3" op_0_bw="3" op_1_bw="3">
<![CDATA[
.preheader6.preheader:0  %tmp_5 = shl i3 %h, 1

]]></Node>
<StgValue><ssdm name="tmp_5"/></StgValue>
</operation>

<operation id="48" st_id="3" stage="1" lat="1">
<core>NULL</core>
<MemPortIdVec></MemPortIdVec>
<condition id="8">
<or_exp><and_exp><literal name="exitcond3" val="0"/>
</and_exp></or_exp>
</condition>

<Node id="31" bw="4" op_0_bw="3">
<![CDATA[
.preheader6.preheader:1  %tmp_2_cast = zext i3 %tmp_5 to i4

]]></Node>
<StgValue><ssdm name="tmp_2_cast"/></StgValue>
</operation>

<operation id="49" st_id="3" stage="1" lat="1">
<core>NULL</core>
<MemPortIdVec></MemPortIdVec>
<condition id="8">
<or_exp><and_exp><literal name="exitcond3" val="0"/>
</and_exp></or_exp>
</condition>

<Node id="32" bw="10" op_0_bw="3">
<![CDATA[
.preheader6.preheader:2  %tmp_3_cast = zext i3 %h to i10

]]></Node>
<StgValue><ssdm name="tmp_3_cast"/></StgValue>
</operation>

<operation id="50" st_id="3" stage="1" lat="1">
<core>AddSub</core>
<MemPortIdVec></MemPortIdVec>
<condition id="8">
<or_exp><and_exp><literal name="exitcond3" val="0"/>
</and_exp></or_exp>
</condition>

<Node id="33" bw="10" op_0_bw="10" op_1_bw="10">
<![CDATA[
.preheader6.preheader:3  %tmp_6 = add i10 %p_shl_cast, %tmp_3_cast

]]></Node>
<StgValue><ssdm name="tmp_6"/></StgValue>
</operation>

<operation id="51" st_id="3" stage="1" lat="1">
<core>NULL</core>
<MemPortIdVec></MemPortIdVec>
<condition id="8">
<or_exp><and_exp><literal name="exitcond3" val="0"/>
</and_exp></or_exp>
</condition>

<Node id="34" bw="12" op_0_bw="12" op_1_bw="10" op_2_bw="2">
<![CDATA[
.preheader6.preheader:4  %tmp_23_cast = call i12 @_ssdm_op_BitConcatenate.i12.i10.i2(i10 %tmp_6, i2 0)

]]></Node>
<StgValue><ssdm name="tmp_23_cast"/></StgValue>
</operation>

<operation id="52" st_id="3" stage="1" lat="1">
<core>NULL</core>
<MemPortIdVec></MemPortIdVec>
<condition id="8">
<or_exp><and_exp><literal name="exitcond3" val="0"/>
</and_exp></or_exp>
</condition>

<Node id="35" bw="0" op_0_bw="0">
<![CDATA[
.preheader6.preheader:5  br label %.preheader6

]]></Node>
<StgValue><ssdm name=""/></StgValue>
</operation>

<operation id="53" st_id="3" stage="1" lat="1">
<core>NULL</core>
<MemPortIdVec></MemPortIdVec>
<condition id="10">
<or_exp><and_exp><literal name="exitcond3" val="1"/>
</and_exp></or_exp>
</condition>

<Node id="112" bw="0" op_0_bw="0">
<![CDATA[
.loopexit.loopexit:0  br label %.loopexit

]]></Node>
<StgValue><ssdm name=""/></StgValue>
</operation>
</state>

<state id="4" st_id="4">

<operation id="54" st_id="4" stage="1" lat="1">
<core>NULL</core>
<MemPortIdVec></MemPortIdVec>
<condition id="11">
<or_exp><and_exp></and_exp></or_exp>
</condition>

<Node id="37" bw="3" op_0_bw="3" op_1_bw="0">
<![CDATA[
.preheader6:0  %w = phi i3 [ %w_1, %1 ], [ 0, %.preheader6.preheader ]

]]></Node>
<StgValue><ssdm name="w"/></StgValue>
</operation>

<operation id="55" st_id="4" stage="1" lat="1">
<core>Cmp</core>
<MemPortIdVec></MemPortIdVec>
<condition id="11">
<or_exp><and_exp></and_exp></or_exp>
</condition>

<Node id="38" bw="1" op_0_bw="3" op_1_bw="3">
<![CDATA[
.preheader6:1  %exitcond2 = icmp eq i3 %w, -4

]]></Node>
<StgValue><ssdm name="exitcond2"/></StgValue>
</operation>

<operation id="56" st_id="4" stage="1" lat="1">
<core>NULL</core>
<MemPortIdVec></MemPortIdVec>
<condition id="11">
<or_exp><and_exp></and_exp></or_exp>
</condition>

<Node id="39" bw="32" op_0_bw="32" op_1_bw="64" op_2_bw="64" op_3_bw="64">
<![CDATA[
.preheader6:2  %empty_16 = call i32 (...)* @_ssdm_op_SpecLoopTripCount(i64 4, i64 4, i64 4)

]]></Node>
<StgValue><ssdm name="empty_16"/></StgValue>
</operation>

<operation id="57" st_id="4" stage="1" lat="1">
<core>AddSub</core>
<MemPortIdVec></MemPortIdVec>
<condition id="11">
<or_exp><and_exp></and_exp></or_exp>
</condition>

<Node id="40" bw="3" op_0_bw="3" op_1_bw="3">
<![CDATA[
.preheader6:3  %w_1 = add i3 %w, 1

]]></Node>
<StgValue><ssdm name="w_1"/></StgValue>
</operation>

<operation id="58" st_id="4" stage="1" lat="1">
<core>NULL</core>
<MemPortIdVec></MemPortIdVec>
<condition id="11">
<or_exp><and_exp></and_exp></or_exp>
</condition>

<Node id="41" bw="0" op_0_bw="1" op_1_bw="0" op_2_bw="0">
<![CDATA[
.preheader6:4  br i1 %exitcond2, label %.preheader7.loopexit, label %.preheader5.preheader

]]></Node>
<StgValue><ssdm name=""/></StgValue>
</operation>

<operation id="59" st_id="4" stage="1" lat="1">
<core>NULL</core>
<MemPortIdVec></MemPortIdVec>
<condition id="13">
<or_exp><and_exp><literal name="exitcond2" val="0"/>
</and_exp></or_exp>
</condition>

<Node id="43" bw="3" op_0_bw="3" op_1_bw="3">
<![CDATA[
.preheader5.preheader:0  %tmp_7 = shl i3 %w, 1

]]></Node>
<StgValue><ssdm name="tmp_7"/></StgValue>
</operation>

<operation id="60" st_id="4" stage="1" lat="1">
<core>NULL</core>
<MemPortIdVec></MemPortIdVec>
<condition id="13">
<or_exp><and_exp><literal name="exitcond2" val="0"/>
</and_exp></or_exp>
</condition>

<Node id="44" bw="4" op_0_bw="3">
<![CDATA[
.preheader5.preheader:1  %tmp_5_cast = zext i3 %tmp_7 to i4

]]></Node>
<StgValue><ssdm name="tmp_5_cast"/></StgValue>
</operation>

<operation id="61" st_id="4" stage="1" lat="1">
<core>AddSub</core>
<MemPortIdVec></MemPortIdVec>
<condition id="13">
<or_exp><and_exp><literal name="exitcond2" val="0"/>
</and_exp></or_exp>
</condition>

<Node id="45" bw="4" op_0_bw="4" op_1_bw="4">
<![CDATA[
.preheader5.preheader:2  %tmp_1 = sub i4 0, %tmp_5_cast

]]></Node>
<StgValue><ssdm name="tmp_1"/></StgValue>
</operation>

<operation id="62" st_id="4" stage="1" lat="1">
<core>NULL</core>
<MemPortIdVec></MemPortIdVec>
<condition id="13">
<or_exp><and_exp><literal name="exitcond2" val="0"/>
</and_exp></or_exp>
</condition>

<Node id="46" bw="0" op_0_bw="0">
<![CDATA[
.preheader5.preheader:3  br label %.preheader5

]]></Node>
<StgValue><ssdm name=""/></StgValue>
</operation>

<operation id="63" st_id="4" stage="1" lat="1">
<core>NULL</core>
<MemPortIdVec></MemPortIdVec>
<condition id="15">
<or_exp><and_exp><literal name="exitcond2" val="1"/>
</and_exp></or_exp>
</condition>

<Node id="110" bw="0" op_0_bw="0">
<![CDATA[
.preheader7.loopexit:0  br label %.preheader7

]]></Node>
<StgValue><ssdm name=""/></StgValue>
</operation>
</state>

<state id="5" st_id="5">

<operation id="64" st_id="5" stage="1" lat="1">
<core>NULL</core>
<MemPortIdVec></MemPortIdVec>
<condition id="16">
<or_exp><and_exp></and_exp></or_exp>
</condition>

<Node id="48" bw="32" op_0_bw="32" op_1_bw="0">
<![CDATA[
.preheader5:0  %sum = phi float [ 0.000000e+00, %.preheader5.preheader ], [ %sum_1, %.preheader5.loopexit ]

]]></Node>
<StgValue><ssdm name="sum"/></StgValue>
</operation>

<operation id="65" st_id="5" stage="1" lat="1">
<core>NULL</core>
<MemPortIdVec></MemPortIdVec>
<condition id="16">
<or_exp><and_exp></and_exp></or_exp>
</condition>

<Node id="49" bw="2" op_0_bw="2" op_1_bw="0">
<![CDATA[
.preheader5:1  %m = phi i2 [ 0, %.preheader5.preheader ], [ %m_1, %.preheader5.loopexit ]

]]></Node>
<StgValue><ssdm name="m"/></StgValue>
</operation>

<operation id="66" st_id="5" stage="1" lat="1">
<core>NULL</core>
<MemPortIdVec></MemPortIdVec>
<condition id="16">
<or_exp><and_exp></and_exp></or_exp>
</condition>

<Node id="50" bw="3" op_0_bw="2">
<![CDATA[
.preheader5:2  %m_cast8_cast = zext i2 %m to i3

]]></Node>
<StgValue><ssdm name="m_cast8_cast"/></StgValue>
</operation>

<operation id="67" st_id="5" stage="1" lat="1">
<core>Cmp</core>
<MemPortIdVec></MemPortIdVec>
<condition id="16">
<or_exp><and_exp></and_exp></or_exp>
</condition>

<Node id="51" bw="1" op_0_bw="2" op_1_bw="2">
<![CDATA[
.preheader5:3  %exitcond1 = icmp eq i2 %m, -1

]]></Node>
<StgValue><ssdm name="exitcond1"/></StgValue>
</operation>

<operation id="68" st_id="5" stage="1" lat="1">
<core>NULL</core>
<MemPortIdVec></MemPortIdVec>
<condition id="16">
<or_exp><and_exp></and_exp></or_exp>
</condition>

<Node id="52" bw="32" op_0_bw="32" op_1_bw="64" op_2_bw="64" op_3_bw="64">
<![CDATA[
.preheader5:4  %empty_17 = call i32 (...)* @_ssdm_op_SpecLoopTripCount(i64 3, i64 3, i64 3)

]]></Node>
<StgValue><ssdm name="empty_17"/></StgValue>
</operation>

<operation id="69" st_id="5" stage="1" lat="1">
<core>AddSub</core>
<MemPortIdVec></MemPortIdVec>
<condition id="16">
<or_exp><and_exp></and_exp></or_exp>
</condition>

<Node id="53" bw="2" op_0_bw="2" op_1_bw="2">
<![CDATA[
.preheader5:5  %m_1 = add i2 %m, 1

]]></Node>
<StgValue><ssdm name="m_1"/></StgValue>
</operation>

<operation id="70" st_id="5" stage="1" lat="1">
<core>NULL</core>
<MemPortIdVec></MemPortIdVec>
<condition id="16">
<or_exp><and_exp></and_exp></or_exp>
</condition>

<Node id="54" bw="0" op_0_bw="1" op_1_bw="0" op_2_bw="0">
<![CDATA[
.preheader5:6  br i1 %exitcond1, label %1, label %.preheader.preheader

]]></Node>
<StgValue><ssdm name=""/></StgValue>
</operation>

<operation id="71" st_id="5" stage="1" lat="1">
<core>NULL</core>
<MemPortIdVec></MemPortIdVec>
<condition id="18">
<or_exp><and_exp><literal name="exitcond1" val="0"/>
</and_exp></or_exp>
</condition>

<Node id="56" bw="11" op_0_bw="2">
<![CDATA[
.preheader.preheader:0  %tmp_8_cast = zext i2 %m to i11

]]></Node>
<StgValue><ssdm name="tmp_8_cast"/></StgValue>
</operation>

<operation id="72" st_id="5" stage="1" lat="1">
<core>AddSub</core>
<MemPortIdVec></MemPortIdVec>
<condition id="18">
<or_exp><and_exp><literal name="exitcond1" val="0"/>
</and_exp></or_exp>
</condition>

<Node id="57" bw="11" op_0_bw="11" op_1_bw="11">
<![CDATA[
.preheader.preheader:1  %tmp_11 = add i11 %tmp_8_cast, %tmp_17_cast

]]></Node>
<StgValue><ssdm name="tmp_11"/></StgValue>
</operation>

<operation id="73" st_id="5" stage="1" lat="1">
<core>NULL</core>
<MemPortIdVec></MemPortIdVec>
<condition id="18">
<or_exp><and_exp><literal name="exitcond1" val="0"/>
</and_exp></or_exp>
</condition>

<Node id="58" bw="11" op_0_bw="11" op_1_bw="11">
<![CDATA[
.preheader.preheader:2  %tmp_14 = shl i11 %tmp_11, 2

]]></Node>
<StgValue><ssdm name="tmp_14"/></StgValue>
</operation>

<operation id="74" st_id="5" stage="1" lat="1">
<core>AddSub</core>
<MemPortIdVec></MemPortIdVec>
<condition id="18">
<or_exp><and_exp><literal name="exitcond1" val="0"/>
</and_exp></or_exp>
</condition>

<Node id="59" bw="11" op_0_bw="11" op_1_bw="11">
<![CDATA[
.preheader.preheader:3  %tmp_15 = sub i11 %tmp_14, %tmp_11

]]></Node>
<StgValue><ssdm name="tmp_15"/></StgValue>
</operation>

<operation id="75" st_id="5" stage="1" lat="1">
<core>AddSub</core>
<MemPortIdVec></MemPortIdVec>
<condition id="18">
<or_exp><and_exp><literal name="exitcond1" val="0"/>
</and_exp></or_exp>
</condition>

<Node id="60" bw="2" op_0_bw="2" op_1_bw="2">
<![CDATA[
.preheader.preheader:4  %tmp3 = add i2 -1, %m

]]></Node>
<StgValue><ssdm name="tmp3"/></StgValue>
</operation>

<operation id="76" st_id="5" stage="1" lat="1">
<core>NULL</core>
<MemPortIdVec></MemPortIdVec>
<condition id="18">
<or_exp><and_exp><literal name="exitcond1" val="0"/>
</and_exp></or_exp>
</condition>

<Node id="61" bw="4" op_0_bw="2">
<![CDATA[
.preheader.preheader:5  %tmp3_cast = sext i2 %tmp3 to i4

]]></Node>
<StgValue><ssdm name="tmp3_cast"/></StgValue>
</operation>

<operation id="77" st_id="5" stage="1" lat="1">
<core>AddSub</core>
<MemPortIdVec></MemPortIdVec>
<condition id="18">
<or_exp><and_exp><literal name="exitcond1" val="0"/>
</and_exp></or_exp>
</condition>

<Node id="62" bw="4" op_0_bw="4" op_1_bw="4">
<![CDATA[
.preheader.preheader:6  %tmp_4 = add i4 %tmp3_cast, %tmp_2_cast

]]></Node>
<StgValue><ssdm name="tmp_4"/></StgValue>
</operation>

<operation id="78" st_id="5" stage="1" lat="1">
<core>NULL</core>
<MemPortIdVec></MemPortIdVec>
<condition id="18">
<or_exp><and_exp><literal name="exitcond1" val="0"/>
</and_exp></or_exp>
</condition>

<Node id="63" bw="11" op_0_bw="4">
<![CDATA[
.preheader.preheader:7  %tmp_7_cast = sext i4 %tmp_4 to i11

]]></Node>
<StgValue><ssdm name="tmp_7_cast"/></StgValue>
</operation>

<operation id="79" st_id="5" stage="1" lat="1">
<core>AddSub</core>
<MemPortIdVec></MemPortIdVec>
<condition id="18">
<or_exp><and_exp><literal name="exitcond1" val="0"/>
</and_exp></or_exp>
</condition>

<Node id="64" bw="11" op_0_bw="11" op_1_bw="11">
<![CDATA[
.preheader.preheader:8  %tmp_16 = add i11 %tmp_7_cast, %tmp_15_cast

]]></Node>
<StgValue><ssdm name="tmp_16"/></StgValue>
</operation>

<operation id="80" st_id="5" stage="1" lat="1">
<core>NULL</core>
<MemPortIdVec></MemPortIdVec>
<condition id="18">
<or_exp><and_exp><literal name="exitcond1" val="0"/>
</and_exp></or_exp>
</condition>

<Node id="65" bw="14" op_0_bw="14" op_1_bw="11" op_2_bw="3">
<![CDATA[
.preheader.preheader:9  %tmp_31_cast = call i14 @_ssdm_op_BitConcatenate.i14.i11.i3(i11 %tmp_16, i3 0)

]]></Node>
<StgValue><ssdm name="tmp_31_cast"/></StgValue>
</operation>

<operation id="81" st_id="5" stage="1" lat="1">
<core>AddSub</core>
<MemPortIdVec></MemPortIdVec>
<condition id="18">
<or_exp><and_exp><literal name="exitcond1" val="0"/>
</and_exp></or_exp>
</condition>

<Node id="66" bw="3" op_0_bw="3" op_1_bw="3">
<![CDATA[
.preheader.preheader:10  %tmp_9 = sub i3 0, %m_cast8_cast

]]></Node>
<StgValue><ssdm name="tmp_9"/></StgValue>
</operation>

<operation id="82" st_id="5" stage="1" lat="1">
<core>NULL</core>
<MemPortIdVec></MemPortIdVec>
<condition id="18">
<or_exp><and_exp><literal name="exitcond1" val="0"/>
</and_exp></or_exp>
</condition>

<Node id="67" bw="4" op_0_bw="3">
<![CDATA[
.preheader.preheader:11  %tmp_9_cast = sext i3 %tmp_9 to i4

]]></Node>
<StgValue><ssdm name="tmp_9_cast"/></StgValue>
</operation>

<operation id="83" st_id="5" stage="1" lat="1">
<core>Cmp</core>
<MemPortIdVec></MemPortIdVec>
<condition id="18">
<or_exp><and_exp><literal name="exitcond1" val="0"/>
</and_exp></or_exp>
</condition>

<Node id="68" bw="1" op_0_bw="4" op_1_bw="4">
<![CDATA[
.preheader.preheader:12  %sel_tmp = icmp eq i4 %tmp_2_cast, %tmp_9_cast

]]></Node>
<StgValue><ssdm name="sel_tmp"/></StgValue>
</operation>

<operation id="84" st_id="5" stage="1" lat="1">
<core>NULL</core>
<MemPortIdVec></MemPortIdVec>
<condition id="18">
<or_exp><and_exp><literal name="exitcond1" val="0"/>
</and_exp></or_exp>
</condition>

<Node id="69" bw="0" op_0_bw="0">
<![CDATA[
.preheader.preheader:13  br label %.preheader

]]></Node>
<StgValue><ssdm name=""/></StgValue>
</operation>

<operation id="85" st_id="5" stage="2" lat="2">
<core>RAM</core>
<MemPortIdVec>0 </MemPortIdVec>
<condition id="20">
<or_exp><and_exp><literal name="exitcond1" val="1"/>
</and_exp></or_exp>
</condition>

<Node id="101" bw="32" op_0_bw="7">
<![CDATA[
:0  %bias_load = load float* %bias_addr, align 4

]]></Node>
<StgValue><ssdm name="bias_load"/></StgValue>
</operation>

<operation id="86" st_id="5" stage="1" lat="1">
<core>NULL</core>
<MemPortIdVec></MemPortIdVec>
<condition id="20">
<or_exp><and_exp><literal name="exitcond1" val="1"/>
</and_exp></or_exp>
</condition>

<Node id="103" bw="12" op_0_bw="3">
<![CDATA[
:2  %tmp_6_cast = zext i3 %w to i12

]]></Node>
<StgValue><ssdm name="tmp_6_cast"/></StgValue>
</operation>

<operation id="87" st_id="5" stage="1" lat="1">
<core>AddSub</core>
<MemPortIdVec></MemPortIdVec>
<condition id="20">
<or_exp><and_exp><literal name="exitcond1" val="1"/>
</and_exp></or_exp>
</condition>

<Node id="104" bw="12" op_0_bw="12" op_1_bw="12">
<![CDATA[
:3  %tmp_8 = add i12 %tmp_23_cast, %tmp_6_cast

]]></Node>
<StgValue><ssdm name="tmp_8"/></StgValue>
</operation>
</state>

<state id="6" st_id="6">

<operation id="88" st_id="6" stage="1" lat="1">
<core>NULL</core>
<MemPortIdVec></MemPortIdVec>
<condition id="21">
<or_exp><and_exp></and_exp></or_exp>
</condition>

<Node id="71" bw="32" op_0_bw="32" op_1_bw="0">
<![CDATA[
.preheader:0  %sum_1 = phi float [ %sum_2, %_ifconv ], [ %sum, %.preheader.preheader ]

]]></Node>
<StgValue><ssdm name="sum_1"/></StgValue>
</operation>

<operation id="89" st_id="6" stage="1" lat="1">
<core>NULL</core>
<MemPortIdVec></MemPortIdVec>
<condition id="21">
<or_exp><and_exp></and_exp></or_exp>
</condition>

<Node id="72" bw="2" op_0_bw="2" op_1_bw="0">
<![CDATA[
.preheader:1  %n = phi i2 [ %n_1, %_ifconv ], [ 0, %.preheader.preheader ]

]]></Node>
<StgValue><ssdm name="n"/></StgValue>
</operation>

<operation id="90" st_id="6" stage="1" lat="1">
<core>NULL</core>
<MemPortIdVec></MemPortIdVec>
<condition id="21">
<or_exp><and_exp></and_exp></or_exp>
</condition>

<Node id="73" bw="4" op_0_bw="2">
<![CDATA[
.preheader:2  %n_cast6 = zext i2 %n to i4

]]></Node>
<StgValue><ssdm name="n_cast6"/></StgValue>
</operation>

<operation id="91" st_id="6" stage="1" lat="1">
<core>Cmp</core>
<MemPortIdVec></MemPortIdVec>
<condition id="21">
<or_exp><and_exp></and_exp></or_exp>
</condition>

<Node id="74" bw="1" op_0_bw="2" op_1_bw="2">
<![CDATA[
.preheader:3  %exitcond = icmp eq i2 %n, -1

]]></Node>
<StgValue><ssdm name="exitcond"/></StgValue>
</operation>

<operation id="92" st_id="6" stage="1" lat="1">
<core>NULL</core>
<MemPortIdVec></MemPortIdVec>
<condition id="21">
<or_exp><and_exp></and_exp></or_exp>
</condition>

<Node id="75" bw="32" op_0_bw="32" op_1_bw="64" op_2_bw="64" op_3_bw="64">
<![CDATA[
.preheader:4  %empty_18 = call i32 (...)* @_ssdm_op_SpecLoopTripCount(i64 3, i64 3, i64 3)

]]></Node>
<StgValue><ssdm name="empty_18"/></StgValue>
</operation>

<operation id="93" st_id="6" stage="1" lat="1">
<core>AddSub</core>
<MemPortIdVec></MemPortIdVec>
<condition id="21">
<or_exp><and_exp></and_exp></or_exp>
</condition>

<Node id="76" bw="2" op_0_bw="2" op_1_bw="2">
<![CDATA[
.preheader:5  %n_1 = add i2 %n, 1

]]></Node>
<StgValue><ssdm name="n_1"/></StgValue>
</operation>

<operation id="94" st_id="6" stage="1" lat="1">
<core>NULL</core>
<MemPortIdVec></MemPortIdVec>
<condition id="21">
<or_exp><and_exp></and_exp></or_exp>
</condition>

<Node id="77" bw="0" op_0_bw="1" op_1_bw="0" op_2_bw="0">
<![CDATA[
.preheader:6  br i1 %exitcond, label %.preheader5.loopexit, label %_ifconv

]]></Node>
<StgValue><ssdm name=""/></StgValue>
</operation>

<operation id="95" st_id="6" stage="1" lat="1">
<core>NULL</core>
<MemPortIdVec></MemPortIdVec>
<condition id="23">
<or_exp><and_exp><literal name="exitcond" val="0"/>
</and_exp></or_exp>
</condition>

<Node id="79" bw="11" op_0_bw="2">
<![CDATA[
_ifconv:0  %tmp_cast_19 = zext i2 %n to i11

]]></Node>
<StgValue><ssdm name="tmp_cast_19"/></StgValue>
</operation>

<operation id="96" st_id="6" stage="1" lat="1">
<core>AddSub</core>
<MemPortIdVec></MemPortIdVec>
<condition id="23">
<or_exp><and_exp><literal name="exitcond" val="0"/>
</and_exp></or_exp>
</condition>

<Node id="80" bw="11" op_0_bw="11" op_1_bw="11">
<![CDATA[
_ifconv:1  %tmp_17 = add i11 %tmp_15, %tmp_cast_19

]]></Node>
<StgValue><ssdm name="tmp_17"/></StgValue>
</operation>

<operation id="97" st_id="6" stage="1" lat="1">
<core>Cmp</core>
<MemPortIdVec></MemPortIdVec>
<condition id="23">
<or_exp><and_exp><literal name="exitcond" val="0"/>
</and_exp></or_exp>
</condition>

<Node id="84" bw="1" op_0_bw="4" op_1_bw="4">
<![CDATA[
_ifconv:5  %p_not = icmp eq i4 %n_cast6, %tmp_1

]]></Node>
<StgValue><ssdm name="p_not"/></StgValue>
</operation>

<operation id="98" st_id="6" stage="1" lat="1">
<core>AddSub</core>
<MemPortIdVec></MemPortIdVec>
<condition id="23">
<or_exp><and_exp><literal name="exitcond" val="0"/>
</and_exp></or_exp>
</condition>

<Node id="85" bw="2" op_0_bw="2" op_1_bw="2">
<![CDATA[
_ifconv:6  %tmp4 = add i2 %n, -1

]]></Node>
<StgValue><ssdm name="tmp4"/></StgValue>
</operation>

<operation id="99" st_id="6" stage="1" lat="1">
<core>NULL</core>
<MemPortIdVec></MemPortIdVec>
<condition id="23">
<or_exp><and_exp><literal name="exitcond" val="0"/>
</and_exp></or_exp>
</condition>

<Node id="86" bw="4" op_0_bw="2">
<![CDATA[
_ifconv:7  %tmp4_cast = sext i2 %tmp4 to i4

]]></Node>
<StgValue><ssdm name="tmp4_cast"/></StgValue>
</operation>

<operation id="100" st_id="6" stage="1" lat="1">
<core>AddSub</core>
<MemPortIdVec></MemPortIdVec>
<condition id="23">
<or_exp><and_exp><literal name="exitcond" val="0"/>
</and_exp></or_exp>
</condition>

<Node id="87" bw="4" op_0_bw="4" op_1_bw="4">
<![CDATA[
_ifconv:8  %tmp_10 = add i4 %tmp_5_cast, %tmp4_cast

]]></Node>
<StgValue><ssdm name="tmp_10"/></StgValue>
</operation>

<operation id="101" st_id="6" stage="1" lat="1">
<core>NULL</core>
<MemPortIdVec></MemPortIdVec>
<condition id="23">
<or_exp><and_exp><literal name="exitcond" val="0"/>
</and_exp></or_exp>
</condition>

<Node id="88" bw="14" op_0_bw="4">
<![CDATA[
_ifconv:9  %tmp_11_cast = sext i4 %tmp_10 to i14

]]></Node>
<StgValue><ssdm name="tmp_11_cast"/></StgValue>
</operation>

<operation id="102" st_id="6" stage="1" lat="1">
<core>AddSub</core>
<MemPortIdVec></MemPortIdVec>
<condition id="23">
<or_exp><and_exp><literal name="exitcond" val="0"/>
</and_exp></or_exp>
</condition>

<Node id="89" bw="14" op_0_bw="14" op_1_bw="14">
<![CDATA[
_ifconv:10  %tmp_18 = add i14 %tmp_31_cast, %tmp_11_cast

]]></Node>
<StgValue><ssdm name="tmp_18"/></StgValue>
</operation>

<operation id="103" st_id="6" stage="1" lat="1">
<core>NULL</core>
<MemPortIdVec></MemPortIdVec>
<condition id="25">
<or_exp><and_exp><literal name="exitcond" val="1"/>
</and_exp></or_exp>
</condition>

<Node id="99" bw="0" op_0_bw="0">
<![CDATA[
.preheader5.loopexit:0  br label %.preheader5

]]></Node>
<StgValue><ssdm name=""/></StgValue>
</operation>
</state>

<state id="7" st_id="7">

<operation id="104" st_id="7" stage="1" lat="1">
<core>NULL</core>
<MemPortIdVec></MemPortIdVec>
<condition id="26">
<or_exp><and_exp></and_exp></or_exp>
</condition>

<Node id="81" bw="64" op_0_bw="11">
<![CDATA[
_ifconv:2  %tmp_32_cast = zext i11 %tmp_17 to i64

]]></Node>
<StgValue><ssdm name="tmp_32_cast"/></StgValue>
</operation>

<operation id="105" st_id="7" stage="1" lat="1">
<core>NULL</core>
<MemPortIdVec></MemPortIdVec>
<condition id="26">
<or_exp><and_exp></and_exp></or_exp>
</condition>

<Node id="82" bw="10" op_0_bw="32" op_1_bw="64" op_2_bw="64">
<![CDATA[
_ifconv:3  %weight_addr = getelementptr [864 x float]* %weight, i64 0, i64 %tmp_32_cast

]]></Node>
<StgValue><ssdm name="weight_addr"/></StgValue>
</operation>

<operation id="106" st_id="7" stage="2" lat="2">
<core>RAM</core>
<MemPortIdVec>0 </MemPortIdVec>
<condition id="26">
<or_exp><and_exp></and_exp></or_exp>
</condition>

<Node id="83" bw="32" op_0_bw="10">
<![CDATA[
_ifconv:4  %weight_load = load float* %weight_addr, align 4

]]></Node>
<StgValue><ssdm name="weight_load"/></StgValue>
</operation>

<operation id="107" st_id="7" stage="1" lat="1">
<core>NULL</core>
<MemPortIdVec></MemPortIdVec>
<condition id="26">
<or_exp><and_exp></and_exp></or_exp>
</condition>

<Node id="90" bw="64" op_0_bw="14">
<![CDATA[
_ifconv:11  %tmp_33_cast = zext i14 %tmp_18 to i64

]]></Node>
<StgValue><ssdm name="tmp_33_cast"/></StgValue>
</operation>

<operation id="108" st_id="7" stage="1" lat="1">
<core>NULL</core>
<MemPortIdVec></MemPortIdVec>
<condition id="26">
<or_exp><and_exp></and_exp></or_exp>
</condition>

<Node id="91" bw="13" op_0_bw="32" op_1_bw="64" op_2_bw="64">
<![CDATA[
_ifconv:12  %input_addr = getelementptr [6144 x float]* %input_r, i64 0, i64 %tmp_33_cast

]]></Node>
<StgValue><ssdm name="input_addr"/></StgValue>
</operation>

<operation id="109" st_id="7" stage="2" lat="2">
<core>RAM</core>
<MemPortIdVec>0 </MemPortIdVec>
<condition id="26">
<or_exp><and_exp></and_exp></or_exp>
</condition>

<Node id="92" bw="32" op_0_bw="13">
<![CDATA[
_ifconv:13  %input_load = load float* %input_addr, align 4

]]></Node>
<StgValue><ssdm name="input_load"/></StgValue>
</operation>
</state>

<state id="8" st_id="8">

<operation id="110" st_id="8" stage="1" lat="2">
<core>RAM</core>
<MemPortIdVec>0 </MemPortIdVec>
<condition id="27">
<or_exp><and_exp></and_exp></or_exp>
</condition>

<Node id="83" bw="32" op_0_bw="10">
<![CDATA[
_ifconv:4  %weight_load = load float* %weight_addr, align 4

]]></Node>
<StgValue><ssdm name="weight_load"/></StgValue>
</operation>

<operation id="111" st_id="8" stage="1" lat="2">
<core>RAM</core>
<MemPortIdVec>0 </MemPortIdVec>
<condition id="27">
<or_exp><and_exp></and_exp></or_exp>
</condition>

<Node id="92" bw="32" op_0_bw="13">
<![CDATA[
_ifconv:13  %input_load = load float* %input_addr, align 4

]]></Node>
<StgValue><ssdm name="input_load"/></StgValue>
</operation>

<operation id="112" st_id="8" stage="1" lat="1">
<core>LogicGate</core>
<MemPortIdVec></MemPortIdVec>
<condition id="27">
<or_exp><and_exp></and_exp></or_exp>
</condition>

<Node id="93" bw="1" op_0_bw="1" op_1_bw="1">
<![CDATA[
_ifconv:14  %sel_tmp1 = or i1 %sel_tmp, %p_not

]]></Node>
<StgValue><ssdm name="sel_tmp1"/></StgValue>
</operation>

<operation id="113" st_id="8" stage="1" lat="1">
<core>Sel</core>
<MemPortIdVec></MemPortIdVec>
<condition id="27">
<or_exp><and_exp></and_exp></or_exp>
</condition>

<Node id="94" bw="32" op_0_bw="1" op_1_bw="32" op_2_bw="32">
<![CDATA[
_ifconv:15  %tmp_12 = select i1 %sel_tmp1, float 0.000000e+00, float %input_load

]]></Node>
<StgValue><ssdm name="tmp_12"/></StgValue>
</operation>
</state>

<state id="9" st_id="9">

<operation id="114" st_id="9" stage="4" lat="4">
<core>FMul</core>
<MemPortIdVec></MemPortIdVec>
<condition id="28">
<or_exp><and_exp></and_exp></or_exp>
</condition>

<Node id="95" bw="32" op_0_bw="32" op_1_bw="32">
<![CDATA[
_ifconv:16  %tmp_13 = fmul float %weight_load, %tmp_12

]]></Node>
<StgValue><ssdm name="tmp_13"/></StgValue>
</operation>
</state>

<state id="10" st_id="10">

<operation id="115" st_id="10" stage="3" lat="4">
<core>FMul</core>
<MemPortIdVec></MemPortIdVec>
<condition id="29">
<or_exp><and_exp></and_exp></or_exp>
</condition>

<Node id="95" bw="32" op_0_bw="32" op_1_bw="32">
<![CDATA[
_ifconv:16  %tmp_13 = fmul float %weight_load, %tmp_12

]]></Node>
<StgValue><ssdm name="tmp_13"/></StgValue>
</operation>
</state>

<state id="11" st_id="11">

<operation id="116" st_id="11" stage="2" lat="4">
<core>FMul</core>
<MemPortIdVec></MemPortIdVec>
<condition id="30">
<or_exp><and_exp></and_exp></or_exp>
</condition>

<Node id="95" bw="32" op_0_bw="32" op_1_bw="32">
<![CDATA[
_ifconv:16  %tmp_13 = fmul float %weight_load, %tmp_12

]]></Node>
<StgValue><ssdm name="tmp_13"/></StgValue>
</operation>
</state>

<state id="12" st_id="12">

<operation id="117" st_id="12" stage="1" lat="4">
<core>FMul</core>
<MemPortIdVec></MemPortIdVec>
<condition id="31">
<or_exp><and_exp></and_exp></or_exp>
</condition>

<Node id="95" bw="32" op_0_bw="32" op_1_bw="32">
<![CDATA[
_ifconv:16  %tmp_13 = fmul float %weight_load, %tmp_12

]]></Node>
<StgValue><ssdm name="tmp_13"/></StgValue>
</operation>
</state>

<state id="13" st_id="13">

<operation id="118" st_id="13" stage="5" lat="5">
<core>FAddSub</core>
<MemPortIdVec></MemPortIdVec>
<condition id="32">
<or_exp><and_exp></and_exp></or_exp>
</condition>

<Node id="96" bw="32" op_0_bw="32" op_1_bw="32">
<![CDATA[
_ifconv:17  %sum_2 = fadd float %sum_1, %tmp_13

]]></Node>
<StgValue><ssdm name="sum_2"/></StgValue>
</operation>
</state>

<state id="14" st_id="14">

<operation id="119" st_id="14" stage="4" lat="5">
<core>FAddSub</core>
<MemPortIdVec></MemPortIdVec>
<condition id="33">
<or_exp><and_exp></and_exp></or_exp>
</condition>

<Node id="96" bw="32" op_0_bw="32" op_1_bw="32">
<![CDATA[
_ifconv:17  %sum_2 = fadd float %sum_1, %tmp_13

]]></Node>
<StgValue><ssdm name="sum_2"/></StgValue>
</operation>
</state>

<state id="15" st_id="15">

<operation id="120" st_id="15" stage="3" lat="5">
<core>FAddSub</core>
<MemPortIdVec></MemPortIdVec>
<condition id="34">
<or_exp><and_exp></and_exp></or_exp>
</condition>

<Node id="96" bw="32" op_0_bw="32" op_1_bw="32">
<![CDATA[
_ifconv:17  %sum_2 = fadd float %sum_1, %tmp_13

]]></Node>
<StgValue><ssdm name="sum_2"/></StgValue>
</operation>
</state>

<state id="16" st_id="16">

<operation id="121" st_id="16" stage="2" lat="5">
<core>FAddSub</core>
<MemPortIdVec></MemPortIdVec>
<condition id="35">
<or_exp><and_exp></and_exp></or_exp>
</condition>

<Node id="96" bw="32" op_0_bw="32" op_1_bw="32">
<![CDATA[
_ifconv:17  %sum_2 = fadd float %sum_1, %tmp_13

]]></Node>
<StgValue><ssdm name="sum_2"/></StgValue>
</operation>
</state>

<state id="17" st_id="17">

<operation id="122" st_id="17" stage="1" lat="5">
<core>FAddSub</core>
<MemPortIdVec></MemPortIdVec>
<condition id="36">
<or_exp><and_exp></and_exp></or_exp>
</condition>

<Node id="96" bw="32" op_0_bw="32" op_1_bw="32">
<![CDATA[
_ifconv:17  %sum_2 = fadd float %sum_1, %tmp_13

]]></Node>
<StgValue><ssdm name="sum_2"/></StgValue>
</operation>

<operation id="123" st_id="17" stage="1" lat="1">
<core>NULL</core>
<MemPortIdVec></MemPortIdVec>
<condition id="36">
<or_exp><and_exp></and_exp></or_exp>
</condition>

<Node id="97" bw="0" op_0_bw="0">
<![CDATA[
_ifconv:18  br label %.preheader

]]></Node>
<StgValue><ssdm name=""/></StgValue>
</operation>
</state>

<state id="18" st_id="18">

<operation id="124" st_id="18" stage="1" lat="2">
<core>RAM</core>
<MemPortIdVec>0 </MemPortIdVec>
<condition id="37">
<or_exp><and_exp></and_exp></or_exp>
</condition>

<Node id="101" bw="32" op_0_bw="7">
<![CDATA[
:0  %bias_load = load float* %bias_addr, align 4

]]></Node>
<StgValue><ssdm name="bias_load"/></StgValue>
</operation>
</state>

<state id="19" st_id="19">

<operation id="125" st_id="19" stage="5" lat="5">
<core>FAddSub</core>
<MemPortIdVec></MemPortIdVec>
<condition id="38">
<or_exp><and_exp></and_exp></or_exp>
</condition>

<Node id="102" bw="32" op_0_bw="32" op_1_bw="32">
<![CDATA[
:1  %result = fadd float %sum, %bias_load

]]></Node>
<StgValue><ssdm name="result"/></StgValue>
</operation>
</state>

<state id="20" st_id="20">

<operation id="126" st_id="20" stage="4" lat="5">
<core>FAddSub</core>
<MemPortIdVec></MemPortIdVec>
<condition id="39">
<or_exp><and_exp></and_exp></or_exp>
</condition>

<Node id="102" bw="32" op_0_bw="32" op_1_bw="32">
<![CDATA[
:1  %result = fadd float %sum, %bias_load

]]></Node>
<StgValue><ssdm name="result"/></StgValue>
</operation>
</state>

<state id="21" st_id="21">

<operation id="127" st_id="21" stage="3" lat="5">
<core>FAddSub</core>
<MemPortIdVec></MemPortIdVec>
<condition id="40">
<or_exp><and_exp></and_exp></or_exp>
</condition>

<Node id="102" bw="32" op_0_bw="32" op_1_bw="32">
<![CDATA[
:1  %result = fadd float %sum, %bias_load

]]></Node>
<StgValue><ssdm name="result"/></StgValue>
</operation>
</state>

<state id="22" st_id="22">

<operation id="128" st_id="22" stage="2" lat="5">
<core>FAddSub</core>
<MemPortIdVec></MemPortIdVec>
<condition id="41">
<or_exp><and_exp></and_exp></or_exp>
</condition>

<Node id="102" bw="32" op_0_bw="32" op_1_bw="32">
<![CDATA[
:1  %result = fadd float %sum, %bias_load

]]></Node>
<StgValue><ssdm name="result"/></StgValue>
</operation>
</state>

<state id="23" st_id="23">

<operation id="129" st_id="23" stage="1" lat="5">
<core>FAddSub</core>
<MemPortIdVec></MemPortIdVec>
<condition id="42">
<or_exp><and_exp></and_exp></or_exp>
</condition>

<Node id="102" bw="32" op_0_bw="32" op_1_bw="32">
<![CDATA[
:1  %result = fadd float %sum, %bias_load

]]></Node>
<StgValue><ssdm name="result"/></StgValue>
</operation>
</state>

<state id="24" st_id="24">

<operation id="130" st_id="24" stage="1" lat="1">
<core>NULL</core>
<MemPortIdVec></MemPortIdVec>
<condition id="43">
<or_exp><and_exp></and_exp></or_exp>
</condition>

<Node id="105" bw="64" op_0_bw="12">
<![CDATA[
:4  %tmp_25_cast = zext i12 %tmp_8 to i64

]]></Node>
<StgValue><ssdm name="tmp_25_cast"/></StgValue>
</operation>

<operation id="131" st_id="24" stage="1" lat="1">
<core>NULL</core>
<MemPortIdVec></MemPortIdVec>
<condition id="43">
<or_exp><and_exp></and_exp></or_exp>
</condition>

<Node id="106" bw="11" op_0_bw="32" op_1_bw="64" op_2_bw="64">
<![CDATA[
:5  %output_0_addr = getelementptr [1536 x float]* %output_0, i64 0, i64 %tmp_25_cast

]]></Node>
<StgValue><ssdm name="output_0_addr"/></StgValue>
</operation>

<operation id="132" st_id="24" stage="1" lat="1">
<core>RAM</core>
<MemPortIdVec>0 </MemPortIdVec>
<condition id="43">
<or_exp><and_exp></and_exp></or_exp>
</condition>

<Node id="107" bw="0" op_0_bw="32" op_1_bw="11">
<![CDATA[
:6  store float %result, float* %output_0_addr, align 4

]]></Node>
<StgValue><ssdm name=""/></StgValue>
</operation>

<operation id="133" st_id="24" stage="1" lat="1">
<core>NULL</core>
<MemPortIdVec></MemPortIdVec>
<condition id="43">
<or_exp><and_exp></and_exp></or_exp>
</condition>

<Node id="108" bw="0" op_0_bw="0">
<![CDATA[
:7  br label %.preheader6

]]></Node>
<StgValue><ssdm name=""/></StgValue>
</operation>
</state>
</state_list>


<ports>
<port id="164" name="input_r" dir="0" iftype="1">
<core>RAM</core><StgValue><ssdm name="input_r"/><MemPortTyVec>1 3 </MemPortTyVec>
</StgValue>
</port>
<port id="165" name="weight" dir="0" iftype="1">
<core>RAM</core><StgValue><ssdm name="weight"/><MemPortTyVec>1 3 </MemPortTyVec>
</StgValue>
</port>
<port id="166" name="bias" dir="0" iftype="1">
<core>RAM</core><StgValue><ssdm name="bias"/><MemPortTyVec>1 3 </MemPortTyVec>
</StgValue>
</port>
<port id="167" name="output_0" dir="1" iftype="1">
<core>RAM</core><StgValue><ssdm name="output_0"/><MemPortTyVec>0 3 </MemPortTyVec>
</StgValue>
</port>
</ports>


<dataflows>
<dataflow id="169" from="StgValue_168" to="co" fromId="168" toId="26">
<condition id="108">
<or_exp><and_exp></and_exp></or_exp>
</condition>
</dataflow>
<dataflow id="170" from="StgValue_25" to="co" fromId="25" toId="26">
</dataflow>
<dataflow id="171" from="co_1" to="co" fromId="29" toId="26">
<BackEdge/>
<condition id="109">
<or_exp><and_exp><literal name="exitcond3" val="1"/>
</and_exp></or_exp>
</condition>
</dataflow>
<dataflow id="172" from="StgValue_53" to="co" fromId="53" toId="26">
<BackEdge/>
</dataflow>
<dataflow id="173" from="co" to="exitcond4" fromId="26" toId="27">
</dataflow>
<dataflow id="175" from="StgValue_174" to="exitcond4" fromId="174" toId="27">
</dataflow>
<dataflow id="177" from="_ssdm_op_SpecLoopTripCount" to="empty" fromId="176" toId="28">
</dataflow>
<dataflow id="179" from="StgValue_178" to="empty" fromId="178" toId="28">
</dataflow>
<dataflow id="180" from="StgValue_178" to="empty" fromId="178" toId="28">
</dataflow>
<dataflow id="181" from="StgValue_178" to="empty" fromId="178" toId="28">
</dataflow>
<dataflow id="182" from="co" to="co_1" fromId="26" toId="29">
</dataflow>
<dataflow id="184" from="StgValue_183" to="co_1" fromId="183" toId="29">
</dataflow>
<dataflow id="185" from="exitcond4" to="StgValue_30" fromId="27" toId="30">
</dataflow>
<dataflow id="186" from="co" to="tmp" fromId="26" toId="31">
</dataflow>
<dataflow id="187" from="co" to="tmp_cast" fromId="26" toId="32">
</dataflow>
<dataflow id="189" from="_ssdm_op_BitConcatenate.i10.i7.i3" to="tmp_s" fromId="188" toId="33">
</dataflow>
<dataflow id="190" from="co" to="tmp_s" fromId="26" toId="33">
</dataflow>
<dataflow id="192" from="StgValue_191" to="tmp_s" fromId="191" toId="33">
</dataflow>
<dataflow id="193" from="tmp_s" to="tmp_15_cast" fromId="33" toId="34">
</dataflow>
<dataflow id="195" from="_ssdm_op_BitConcatenate.i9.i7.i2" to="tmp_2" fromId="194" toId="35">
</dataflow>
<dataflow id="196" from="co" to="tmp_2" fromId="26" toId="35">
</dataflow>
<dataflow id="198" from="StgValue_197" to="tmp_2" fromId="197" toId="35">
</dataflow>
<dataflow id="199" from="tmp_2" to="p_shl_cast" fromId="35" toId="36">
</dataflow>
<dataflow id="200" from="p_shl_cast" to="tmp_3" fromId="36" toId="37">
</dataflow>
<dataflow id="201" from="tmp_cast" to="tmp_3" fromId="32" toId="37">
</dataflow>
<dataflow id="202" from="tmp_3" to="tmp_17_cast" fromId="37" toId="38">
</dataflow>
<dataflow id="203" from="bias" to="bias_addr" fromId="166" toId="39">
</dataflow>
<dataflow id="205" from="StgValue_204" to="bias_addr" fromId="204" toId="39">
</dataflow>
<dataflow id="206" from="tmp" to="bias_addr" fromId="31" toId="39">
</dataflow>
<dataflow id="207" from="StgValue_191" to="h" fromId="191" toId="42">
<condition id="110">
<or_exp><and_exp><literal name="exitcond4" val="0"/>
</and_exp></or_exp>
</condition>
</dataflow>
<dataflow id="208" from="StgValue_40" to="h" fromId="40" toId="42">
</dataflow>
<dataflow id="209" from="h_1" to="h" fromId="45" toId="42">
<BackEdge/>
<condition id="111">
<or_exp><and_exp><literal name="exitcond2" val="1"/>
</and_exp></or_exp>
</condition>
</dataflow>
<dataflow id="210" from="StgValue_63" to="h" fromId="63" toId="42">
<BackEdge/>
</dataflow>
<dataflow id="211" from="h" to="exitcond3" fromId="42" toId="43">
</dataflow>
<dataflow id="213" from="StgValue_212" to="exitcond3" fromId="212" toId="43">
</dataflow>
<dataflow id="214" from="_ssdm_op_SpecLoopTripCount" to="empty_15" fromId="176" toId="44">
</dataflow>
<dataflow id="216" from="StgValue_215" to="empty_15" fromId="215" toId="44">
</dataflow>
<dataflow id="217" from="StgValue_215" to="empty_15" fromId="215" toId="44">
</dataflow>
<dataflow id="218" from="StgValue_215" to="empty_15" fromId="215" toId="44">
</dataflow>
<dataflow id="219" from="h" to="h_1" fromId="42" toId="45">
</dataflow>
<dataflow id="221" from="StgValue_220" to="h_1" fromId="220" toId="45">
</dataflow>
<dataflow id="222" from="exitcond3" to="StgValue_46" fromId="43" toId="46">
</dataflow>
<dataflow id="223" from="h" to="tmp_5" fromId="42" toId="47">
</dataflow>
<dataflow id="224" from="StgValue_220" to="tmp_5" fromId="220" toId="47">
</dataflow>
<dataflow id="225" from="tmp_5" to="tmp_2_cast" fromId="47" toId="48">
</dataflow>
<dataflow id="226" from="h" to="tmp_3_cast" fromId="42" toId="49">
</dataflow>
<dataflow id="227" from="p_shl_cast" to="tmp_6" fromId="36" toId="50">
</dataflow>
<dataflow id="228" from="tmp_3_cast" to="tmp_6" fromId="49" toId="50">
</dataflow>
<dataflow id="230" from="_ssdm_op_BitConcatenate.i12.i10.i2" to="tmp_23_cast" fromId="229" toId="51">
</dataflow>
<dataflow id="231" from="tmp_6" to="tmp_23_cast" fromId="50" toId="51">
</dataflow>
<dataflow id="232" from="StgValue_197" to="tmp_23_cast" fromId="197" toId="51">
</dataflow>
<dataflow id="233" from="w_1" to="w" fromId="57" toId="54">
<BackEdge/>
<condition id="112">
<or_exp><and_exp></and_exp></or_exp>
</condition>
</dataflow>
<dataflow id="234" from="StgValue_133" to="w" fromId="133" toId="54">
<BackEdge/>
</dataflow>
<dataflow id="235" from="StgValue_191" to="w" fromId="191" toId="54">
<condition id="113">
<or_exp><and_exp><literal name="exitcond3" val="0"/>
</and_exp></or_exp>
</condition>
</dataflow>
<dataflow id="236" from="StgValue_52" to="w" fromId="52" toId="54">
</dataflow>
<dataflow id="237" from="w" to="exitcond2" fromId="54" toId="55">
</dataflow>
<dataflow id="238" from="StgValue_212" to="exitcond2" fromId="212" toId="55">
</dataflow>
<dataflow id="239" from="_ssdm_op_SpecLoopTripCount" to="empty_16" fromId="176" toId="56">
</dataflow>
<dataflow id="240" from="StgValue_215" to="empty_16" fromId="215" toId="56">
</dataflow>
<dataflow id="241" from="StgValue_215" to="empty_16" fromId="215" toId="56">
</dataflow>
<dataflow id="242" from="StgValue_215" to="empty_16" fromId="215" toId="56">
</dataflow>
<dataflow id="243" from="w" to="w_1" fromId="54" toId="57">
</dataflow>
<dataflow id="244" from="StgValue_220" to="w_1" fromId="220" toId="57">
</dataflow>
<dataflow id="245" from="exitcond2" to="StgValue_58" fromId="55" toId="58">
</dataflow>
<dataflow id="246" from="w" to="tmp_7" fromId="54" toId="59">
</dataflow>
<dataflow id="247" from="StgValue_220" to="tmp_7" fromId="220" toId="59">
</dataflow>
<dataflow id="248" from="tmp_7" to="tmp_5_cast" fromId="59" toId="60">
</dataflow>
<dataflow id="250" from="StgValue_249" to="tmp_1" fromId="249" toId="61">
</dataflow>
<dataflow id="251" from="tmp_5_cast" to="tmp_1" fromId="60" toId="61">
</dataflow>
<dataflow id="253" from="StgValue_252" to="sum" fromId="252" toId="64">
<condition id="114">
<or_exp><and_exp><literal name="exitcond2" val="0"/>
</and_exp></or_exp>
</condition>
</dataflow>
<dataflow id="254" from="StgValue_62" to="sum" fromId="62" toId="64">
</dataflow>
<dataflow id="255" from="sum_1" to="sum" fromId="88" toId="64">
<BackEdge/>
<condition id="115">
<or_exp><and_exp><literal name="exitcond" val="1"/>
</and_exp></or_exp>
</condition>
</dataflow>
<dataflow id="256" from="StgValue_103" to="sum" fromId="103" toId="64">
<BackEdge/>
</dataflow>
<dataflow id="257" from="StgValue_197" to="m" fromId="197" toId="65">
<condition id="116">
<or_exp><and_exp><literal name="exitcond2" val="0"/>
</and_exp></or_exp>
</condition>
</dataflow>
<dataflow id="258" from="StgValue_62" to="m" fromId="62" toId="65">
</dataflow>
<dataflow id="259" from="m_1" to="m" fromId="69" toId="65">
<BackEdge/>
<condition id="117">
<or_exp><and_exp><literal name="exitcond" val="1"/>
</and_exp></or_exp>
</condition>
</dataflow>
<dataflow id="260" from="StgValue_103" to="m" fromId="103" toId="65">
<BackEdge/>
</dataflow>
<dataflow id="261" from="m" to="m_cast8_cast" fromId="65" toId="66">
</dataflow>
<dataflow id="262" from="m" to="exitcond1" fromId="65" toId="67">
</dataflow>
<dataflow id="264" from="StgValue_263" to="exitcond1" fromId="263" toId="67">
</dataflow>
<dataflow id="265" from="_ssdm_op_SpecLoopTripCount" to="empty_17" fromId="176" toId="68">
</dataflow>
<dataflow id="267" from="StgValue_266" to="empty_17" fromId="266" toId="68">
</dataflow>
<dataflow id="268" from="StgValue_266" to="empty_17" fromId="266" toId="68">
</dataflow>
<dataflow id="269" from="StgValue_266" to="empty_17" fromId="266" toId="68">
</dataflow>
<dataflow id="270" from="m" to="m_1" fromId="65" toId="69">
</dataflow>
<dataflow id="272" from="StgValue_271" to="m_1" fromId="271" toId="69">
</dataflow>
<dataflow id="273" from="exitcond1" to="StgValue_70" fromId="67" toId="70">
</dataflow>
<dataflow id="274" from="m" to="tmp_8_cast" fromId="65" toId="71">
</dataflow>
<dataflow id="275" from="tmp_8_cast" to="tmp_11" fromId="71" toId="72">
</dataflow>
<dataflow id="276" from="tmp_17_cast" to="tmp_11" fromId="38" toId="72">
</dataflow>
<dataflow id="277" from="tmp_11" to="tmp_14" fromId="72" toId="73">
</dataflow>
<dataflow id="279" from="StgValue_278" to="tmp_14" fromId="278" toId="73">
</dataflow>
<dataflow id="280" from="tmp_14" to="tmp_15" fromId="73" toId="74">
</dataflow>
<dataflow id="281" from="tmp_11" to="tmp_15" fromId="72" toId="74">
</dataflow>
<dataflow id="282" from="StgValue_263" to="tmp3" fromId="263" toId="75">
</dataflow>
<dataflow id="283" from="m" to="tmp3" fromId="65" toId="75">
</dataflow>
<dataflow id="284" from="tmp3" to="tmp3_cast" fromId="75" toId="76">
</dataflow>
<dataflow id="285" from="tmp3_cast" to="tmp_4" fromId="76" toId="77">
</dataflow>
<dataflow id="286" from="tmp_2_cast" to="tmp_4" fromId="48" toId="77">
</dataflow>
<dataflow id="287" from="tmp_4" to="tmp_7_cast" fromId="77" toId="78">
</dataflow>
<dataflow id="288" from="tmp_7_cast" to="tmp_16" fromId="78" toId="79">
</dataflow>
<dataflow id="289" from="tmp_15_cast" to="tmp_16" fromId="34" toId="79">
</dataflow>
<dataflow id="291" from="_ssdm_op_BitConcatenate.i14.i11.i3" to="tmp_31_cast" fromId="290" toId="80">
</dataflow>
<dataflow id="292" from="tmp_16" to="tmp_31_cast" fromId="79" toId="80">
</dataflow>
<dataflow id="293" from="StgValue_191" to="tmp_31_cast" fromId="191" toId="80">
</dataflow>
<dataflow id="294" from="StgValue_191" to="tmp_9" fromId="191" toId="81">
</dataflow>
<dataflow id="295" from="m_cast8_cast" to="tmp_9" fromId="66" toId="81">
</dataflow>
<dataflow id="296" from="tmp_9" to="tmp_9_cast" fromId="81" toId="82">
</dataflow>
<dataflow id="297" from="tmp_2_cast" to="sel_tmp" fromId="48" toId="83">
</dataflow>
<dataflow id="298" from="tmp_9_cast" to="sel_tmp" fromId="82" toId="83">
</dataflow>
<dataflow id="299" from="bias_addr" to="bias_load" fromId="39" toId="85">
</dataflow>
<dataflow id="300" from="w" to="tmp_6_cast" fromId="54" toId="86">
</dataflow>
<dataflow id="301" from="tmp_23_cast" to="tmp_8" fromId="51" toId="87">
</dataflow>
<dataflow id="302" from="tmp_6_cast" to="tmp_8" fromId="86" toId="87">
</dataflow>
<dataflow id="303" from="sum_2" to="sum_1" fromId="122" toId="88">
<BackEdge/>
<condition id="118">
<or_exp><and_exp></and_exp></or_exp>
</condition>
</dataflow>
<dataflow id="304" from="StgValue_123" to="sum_1" fromId="123" toId="88">
<BackEdge/>
</dataflow>
<dataflow id="305" from="sum" to="sum_1" fromId="64" toId="88">
<condition id="119">
<or_exp><and_exp><literal name="exitcond1" val="0"/>
</and_exp></or_exp>
</condition>
</dataflow>
<dataflow id="306" from="StgValue_84" to="sum_1" fromId="84" toId="88">
</dataflow>
<dataflow id="307" from="n_1" to="n" fromId="93" toId="89">
<BackEdge/>
<condition id="120">
<or_exp><and_exp></and_exp></or_exp>
</condition>
</dataflow>
<dataflow id="308" from="StgValue_123" to="n" fromId="123" toId="89">
<BackEdge/>
</dataflow>
<dataflow id="309" from="StgValue_197" to="n" fromId="197" toId="89">
<condition id="121">
<or_exp><and_exp><literal name="exitcond1" val="0"/>
</and_exp></or_exp>
</condition>
</dataflow>
<dataflow id="310" from="StgValue_84" to="n" fromId="84" toId="89">
</dataflow>
<dataflow id="311" from="n" to="n_cast6" fromId="89" toId="90">
</dataflow>
<dataflow id="312" from="n" to="exitcond" fromId="89" toId="91">
</dataflow>
<dataflow id="313" from="StgValue_263" to="exitcond" fromId="263" toId="91">
</dataflow>
<dataflow id="314" from="_ssdm_op_SpecLoopTripCount" to="empty_18" fromId="176" toId="92">
</dataflow>
<dataflow id="315" from="StgValue_266" to="empty_18" fromId="266" toId="92">
</dataflow>
<dataflow id="316" from="StgValue_266" to="empty_18" fromId="266" toId="92">
</dataflow>
<dataflow id="317" from="StgValue_266" to="empty_18" fromId="266" toId="92">
</dataflow>
<dataflow id="318" from="n" to="n_1" fromId="89" toId="93">
</dataflow>
<dataflow id="319" from="StgValue_271" to="n_1" fromId="271" toId="93">
</dataflow>
<dataflow id="320" from="exitcond" to="StgValue_94" fromId="91" toId="94">
</dataflow>
<dataflow id="321" from="n" to="tmp_cast_19" fromId="89" toId="95">
</dataflow>
<dataflow id="322" from="tmp_15" to="tmp_17" fromId="74" toId="96">
</dataflow>
<dataflow id="323" from="tmp_cast_19" to="tmp_17" fromId="95" toId="96">
</dataflow>
<dataflow id="324" from="n_cast6" to="p_not" fromId="90" toId="97">
</dataflow>
<dataflow id="325" from="tmp_1" to="p_not" fromId="61" toId="97">
</dataflow>
<dataflow id="326" from="n" to="tmp4" fromId="89" toId="98">
</dataflow>
<dataflow id="327" from="StgValue_263" to="tmp4" fromId="263" toId="98">
</dataflow>
<dataflow id="328" from="tmp4" to="tmp4_cast" fromId="98" toId="99">
</dataflow>
<dataflow id="329" from="tmp_5_cast" to="tmp_10" fromId="60" toId="100">
</dataflow>
<dataflow id="330" from="tmp4_cast" to="tmp_10" fromId="99" toId="100">
</dataflow>
<dataflow id="331" from="tmp_10" to="tmp_11_cast" fromId="100" toId="101">
</dataflow>
<dataflow id="332" from="tmp_31_cast" to="tmp_18" fromId="80" toId="102">
</dataflow>
<dataflow id="333" from="tmp_11_cast" to="tmp_18" fromId="101" toId="102">
</dataflow>
<dataflow id="334" from="tmp_17" to="tmp_32_cast" fromId="96" toId="104">
</dataflow>
<dataflow id="335" from="weight" to="weight_addr" fromId="165" toId="105">
</dataflow>
<dataflow id="336" from="StgValue_204" to="weight_addr" fromId="204" toId="105">
</dataflow>
<dataflow id="337" from="tmp_32_cast" to="weight_addr" fromId="104" toId="105">
</dataflow>
<dataflow id="338" from="weight_addr" to="weight_load" fromId="105" toId="106">
</dataflow>
<dataflow id="339" from="tmp_18" to="tmp_33_cast" fromId="102" toId="107">
</dataflow>
<dataflow id="340" from="input_r" to="input_addr" fromId="164" toId="108">
</dataflow>
<dataflow id="341" from="StgValue_204" to="input_addr" fromId="204" toId="108">
</dataflow>
<dataflow id="342" from="tmp_33_cast" to="input_addr" fromId="107" toId="108">
</dataflow>
<dataflow id="343" from="input_addr" to="input_load" fromId="108" toId="109">
</dataflow>
<dataflow id="344" from="weight_addr" to="weight_load" fromId="105" toId="110">
</dataflow>
<dataflow id="345" from="input_addr" to="input_load" fromId="108" toId="111">
</dataflow>
<dataflow id="346" from="sel_tmp" to="sel_tmp1" fromId="83" toId="112">
</dataflow>
<dataflow id="347" from="p_not" to="sel_tmp1" fromId="97" toId="112">
</dataflow>
<dataflow id="348" from="sel_tmp1" to="tmp_12" fromId="112" toId="113">
</dataflow>
<dataflow id="349" from="StgValue_252" to="tmp_12" fromId="252" toId="113">
</dataflow>
<dataflow id="350" from="input_load" to="tmp_12" fromId="111" toId="113">
</dataflow>
<dataflow id="351" from="weight_load" to="tmp_13" fromId="110" toId="114">
</dataflow>
<dataflow id="352" from="tmp_12" to="tmp_13" fromId="113" toId="114">
</dataflow>
<dataflow id="353" from="weight_load" to="tmp_13" fromId="110" toId="115">
</dataflow>
<dataflow id="354" from="tmp_12" to="tmp_13" fromId="113" toId="115">
</dataflow>
<dataflow id="355" from="weight_load" to="tmp_13" fromId="110" toId="116">
</dataflow>
<dataflow id="356" from="tmp_12" to="tmp_13" fromId="113" toId="116">
</dataflow>
<dataflow id="357" from="weight_load" to="tmp_13" fromId="110" toId="117">
</dataflow>
<dataflow id="358" from="tmp_12" to="tmp_13" fromId="113" toId="117">
</dataflow>
<dataflow id="359" from="sum_1" to="sum_2" fromId="88" toId="118">
</dataflow>
<dataflow id="360" from="tmp_13" to="sum_2" fromId="117" toId="118">
</dataflow>
<dataflow id="361" from="sum_1" to="sum_2" fromId="88" toId="119">
</dataflow>
<dataflow id="362" from="tmp_13" to="sum_2" fromId="117" toId="119">
</dataflow>
<dataflow id="363" from="sum_1" to="sum_2" fromId="88" toId="120">
</dataflow>
<dataflow id="364" from="tmp_13" to="sum_2" fromId="117" toId="120">
</dataflow>
<dataflow id="365" from="sum_1" to="sum_2" fromId="88" toId="121">
</dataflow>
<dataflow id="366" from="tmp_13" to="sum_2" fromId="117" toId="121">
</dataflow>
<dataflow id="367" from="sum_1" to="sum_2" fromId="88" toId="122">
</dataflow>
<dataflow id="368" from="tmp_13" to="sum_2" fromId="117" toId="122">
</dataflow>
<dataflow id="369" from="bias_addr" to="bias_load" fromId="39" toId="124">
</dataflow>
<dataflow id="370" from="sum" to="result" fromId="64" toId="125">
</dataflow>
<dataflow id="371" from="bias_load" to="result" fromId="124" toId="125">
</dataflow>
<dataflow id="372" from="sum" to="result" fromId="64" toId="126">
</dataflow>
<dataflow id="373" from="bias_load" to="result" fromId="124" toId="126">
</dataflow>
<dataflow id="374" from="sum" to="result" fromId="64" toId="127">
</dataflow>
<dataflow id="375" from="bias_load" to="result" fromId="124" toId="127">
</dataflow>
<dataflow id="376" from="sum" to="result" fromId="64" toId="128">
</dataflow>
<dataflow id="377" from="bias_load" to="result" fromId="124" toId="128">
</dataflow>
<dataflow id="378" from="sum" to="result" fromId="64" toId="129">
</dataflow>
<dataflow id="379" from="bias_load" to="result" fromId="124" toId="129">
</dataflow>
<dataflow id="380" from="tmp_8" to="tmp_25_cast" fromId="87" toId="130">
</dataflow>
<dataflow id="381" from="output_0" to="output_0_addr" fromId="167" toId="131">
</dataflow>
<dataflow id="382" from="StgValue_204" to="output_0_addr" fromId="204" toId="131">
</dataflow>
<dataflow id="383" from="tmp_25_cast" to="output_0_addr" fromId="130" toId="131">
</dataflow>
<dataflow id="384" from="result" to="StgValue_132" fromId="129" toId="132">
</dataflow>
<dataflow id="385" from="output_0_addr" to="StgValue_132" fromId="131" toId="132">
</dataflow>
<dataflow id="386" from="exitcond4" to="StgValue_2" fromId="27" toId="2">
</dataflow>
<dataflow id="387" from="exitcond3" to="StgValue_3" fromId="43" toId="3">
</dataflow>
<dataflow id="388" from="exitcond2" to="StgValue_4" fromId="55" toId="4">
</dataflow>
<dataflow id="389" from="exitcond1" to="StgValue_5" fromId="67" toId="5">
</dataflow>
<dataflow id="390" from="exitcond" to="StgValue_6" fromId="91" toId="6">
</dataflow>
</dataflows>


</stg>
