<stg><name>subconv_3x3_4_no_rel</name>


<trans_list>

<trans id="136" from="1" to="2">
<condition id="45">
<or_exp><and_exp></and_exp></or_exp>
</condition>
</trans>

<trans id="137" from="2" to="3">
<condition id="47">
<or_exp><and_exp><literal name="exitcond4" val="0"/>
</and_exp></or_exp>
</condition>
</trans>

<trans id="138" from="3" to="4">
<condition id="49">
<or_exp><and_exp><literal name="exitcond3" val="0"/>
</and_exp></or_exp>
</condition>
</trans>

<trans id="165" from="3" to="2">
<condition id="83">
<or_exp><and_exp><literal name="exitcond3" val="1"/>
</and_exp></or_exp>
</condition>
</trans>

<trans id="139" from="4" to="5">
<condition id="51">
<or_exp><and_exp><literal name="exitcond2" val="0"/>
</and_exp></or_exp>
</condition>
</trans>

<trans id="164" from="4" to="3">
<condition id="81">
<or_exp><and_exp><literal name="exitcond2" val="1"/>
</and_exp></or_exp>
</condition>
</trans>

<trans id="140" from="5" to="18">
<condition id="52">
<or_exp><and_exp><literal name="exitcond1" val="1"/>
</and_exp></or_exp>
</condition>
</trans>

<trans id="141" from="5" to="6">
<condition id="54">
<or_exp><and_exp><literal name="exitcond1" val="0"/>
</and_exp></or_exp>
</condition>
</trans>

<trans id="142" from="6" to="7">
<condition id="55">
<or_exp><and_exp><literal name="exitcond" val="0"/>
</and_exp></or_exp>
</condition>
</trans>

<trans id="155" from="6" to="5">
<condition id="70">
<or_exp><and_exp><literal name="exitcond" val="1"/>
</and_exp></or_exp>
</condition>
</trans>

<trans id="144" from="7" to="8">
<condition id="57">
<or_exp><and_exp></and_exp></or_exp>
</condition>
</trans>

<trans id="145" from="8" to="9">
<condition id="58">
<or_exp><and_exp></and_exp></or_exp>
</condition>
</trans>

<trans id="146" from="9" to="10">
<condition id="59">
<or_exp><and_exp></and_exp></or_exp>
</condition>
</trans>

<trans id="147" from="10" to="11">
<condition id="60">
<or_exp><and_exp></and_exp></or_exp>
</condition>
</trans>

<trans id="148" from="11" to="12">
<condition id="61">
<or_exp><and_exp></and_exp></or_exp>
</condition>
</trans>

<trans id="149" from="12" to="13">
<condition id="62">
<or_exp><and_exp></and_exp></or_exp>
</condition>
</trans>

<trans id="150" from="13" to="14">
<condition id="63">
<or_exp><and_exp></and_exp></or_exp>
</condition>
</trans>

<trans id="151" from="14" to="15">
<condition id="64">
<or_exp><and_exp></and_exp></or_exp>
</condition>
</trans>

<trans id="152" from="15" to="16">
<condition id="65">
<or_exp><and_exp></and_exp></or_exp>
</condition>
</trans>

<trans id="153" from="16" to="17">
<condition id="66">
<or_exp><and_exp></and_exp></or_exp>
</condition>
</trans>

<trans id="154" from="17" to="6">
<condition id="68">
<or_exp><and_exp></and_exp></or_exp>
</condition>
</trans>

<trans id="157" from="18" to="19">
<condition id="72">
<or_exp><and_exp></and_exp></or_exp>
</condition>
</trans>

<trans id="158" from="19" to="20">
<condition id="73">
<or_exp><and_exp></and_exp></or_exp>
</condition>
</trans>

<trans id="159" from="20" to="21">
<condition id="74">
<or_exp><and_exp></and_exp></or_exp>
</condition>
</trans>

<trans id="160" from="21" to="22">
<condition id="75">
<or_exp><and_exp></and_exp></or_exp>
</condition>
</trans>

<trans id="161" from="22" to="23">
<condition id="76">
<or_exp><and_exp></and_exp></or_exp>
</condition>
</trans>

<trans id="162" from="23" to="24">
<condition id="77">
<or_exp><and_exp></and_exp></or_exp>
</condition>
</trans>

<trans id="163" from="24" to="4">
<condition id="79">
<or_exp><and_exp></and_exp></or_exp>
</condition>
</trans>
</trans_list>



<state_list>

<state id="1" st_id="1">

<operation id="25" st_id="1" stage="1" lat="1">
<core>NULL</core>
<MemPortIdVec></MemPortIdVec>
<condition id="0">
<or_exp><and_exp></and_exp></or_exp>
</condition>

<Node id="5" bw="0" op_0_bw="0">
<![CDATA[
:0  br label %.loopexit

]]></Node>
<StgValue><ssdm name=""/></StgValue>
</operation>
</state>

<state id="2" st_id="2">

<operation id="26" st_id="2" stage="1" lat="1">
<core>NULL</core>
<MemPortIdVec></MemPortIdVec>
<condition id="1">
<or_exp><and_exp></and_exp></or_exp>
</condition>

<Node id="7" bw="7" op_0_bw="7" op_1_bw="0">
<![CDATA[
.loopexit:0  %co = phi i7 [ 0, %0 ], [ %co_3, %.loopexit.loopexit ]

]]></Node>
<StgValue><ssdm name="co"/></StgValue>
</operation>

<operation id="27" st_id="2" stage="1" lat="1">
<core>Cmp</core>
<MemPortIdVec></MemPortIdVec>
<condition id="1">
<or_exp><and_exp></and_exp></or_exp>
</condition>

<Node id="8" bw="1" op_0_bw="7" op_1_bw="7">
<![CDATA[
.loopexit:1  %exitcond4 = icmp eq i7 %co, -32

]]></Node>
<StgValue><ssdm name="exitcond4"/></StgValue>
</operation>

<operation id="28" st_id="2" stage="1" lat="1">
<core>NULL</core>
<MemPortIdVec></MemPortIdVec>
<condition id="1">
<or_exp><and_exp></and_exp></or_exp>
</condition>

<Node id="9" bw="32" op_0_bw="32" op_1_bw="64" op_2_bw="64" op_3_bw="64">
<![CDATA[
.loopexit:2  %empty = call i32 (...)* @_ssdm_op_SpecLoopTripCount(i64 96, i64 96, i64 96)

]]></Node>
<StgValue><ssdm name="empty"/></StgValue>
</operation>

<operation id="29" st_id="2" stage="1" lat="1">
<core>AddSub</core>
<MemPortIdVec></MemPortIdVec>
<condition id="1">
<or_exp><and_exp></and_exp></or_exp>
</condition>

<Node id="10" bw="7" op_0_bw="7" op_1_bw="7">
<![CDATA[
.loopexit:3  %co_3 = add i7 %co, 1

]]></Node>
<StgValue><ssdm name="co_3"/></StgValue>
</operation>

<operation id="30" st_id="2" stage="1" lat="1">
<core>NULL</core>
<MemPortIdVec></MemPortIdVec>
<condition id="1">
<or_exp><and_exp></and_exp></or_exp>
</condition>

<Node id="11" bw="0" op_0_bw="1" op_1_bw="0" op_2_bw="0">
<![CDATA[
.loopexit:4  br i1 %exitcond4, label %2, label %.preheader7.preheader

]]></Node>
<StgValue><ssdm name=""/></StgValue>
</operation>

<operation id="31" st_id="2" stage="1" lat="1">
<core>NULL</core>
<MemPortIdVec></MemPortIdVec>
<condition id="3">
<or_exp><and_exp><literal name="exitcond4" val="0"/>
</and_exp></or_exp>
</condition>

<Node id="13" bw="64" op_0_bw="7">
<![CDATA[
.preheader7.preheader:0  %tmp = zext i7 %co to i64

]]></Node>
<StgValue><ssdm name="tmp"/></StgValue>
</operation>

<operation id="32" st_id="2" stage="1" lat="1">
<core>NULL</core>
<MemPortIdVec></MemPortIdVec>
<condition id="3">
<or_exp><and_exp><literal name="exitcond4" val="0"/>
</and_exp></or_exp>
</condition>

<Node id="14" bw="10" op_0_bw="7">
<![CDATA[
.preheader7.preheader:1  %tmp_cast = zext i7 %co to i10

]]></Node>
<StgValue><ssdm name="tmp_cast"/></StgValue>
</operation>

<operation id="33" st_id="2" stage="1" lat="1">
<core>NULL</core>
<MemPortIdVec></MemPortIdVec>
<condition id="3">
<or_exp><and_exp><literal name="exitcond4" val="0"/>
</and_exp></or_exp>
</condition>

<Node id="15" bw="9" op_0_bw="9" op_1_bw="7" op_2_bw="2">
<![CDATA[
.preheader7.preheader:2  %tmp_s = call i9 @_ssdm_op_BitConcatenate.i9.i7.i2(i7 %co, i2 0)

]]></Node>
<StgValue><ssdm name="tmp_s"/></StgValue>
</operation>

<operation id="34" st_id="2" stage="1" lat="1">
<core>NULL</core>
<MemPortIdVec></MemPortIdVec>
<condition id="3">
<or_exp><and_exp><literal name="exitcond4" val="0"/>
</and_exp></or_exp>
</condition>

<Node id="16" bw="10" op_0_bw="9">
<![CDATA[
.preheader7.preheader:3  %tmp_51_cast2 = zext i9 %tmp_s to i10

]]></Node>
<StgValue><ssdm name="tmp_51_cast2"/></StgValue>
</operation>

<operation id="35" st_id="2" stage="1" lat="1">
<core>NULL</core>
<MemPortIdVec></MemPortIdVec>
<condition id="3">
<or_exp><and_exp><literal name="exitcond4" val="0"/>
</and_exp></or_exp>
</condition>

<Node id="17" bw="10" op_0_bw="9">
<![CDATA[
.preheader7.preheader:4  %tmp_51_cast = zext i9 %tmp_s to i10

]]></Node>
<StgValue><ssdm name="tmp_51_cast"/></StgValue>
</operation>

<operation id="36" st_id="2" stage="1" lat="1">
<core>AddSub</core>
<MemPortIdVec></MemPortIdVec>
<condition id="3">
<or_exp><and_exp><literal name="exitcond4" val="0"/>
</and_exp></or_exp>
</condition>

<Node id="18" bw="10" op_0_bw="10" op_1_bw="10">
<![CDATA[
.preheader7.preheader:5  %tmp_35 = sub i10 %tmp_51_cast, %tmp_cast

]]></Node>
<StgValue><ssdm name="tmp_35"/></StgValue>
</operation>

<operation id="37" st_id="2" stage="1" lat="1">
<core>NULL</core>
<MemPortIdVec></MemPortIdVec>
<condition id="3">
<or_exp><and_exp><literal name="exitcond4" val="0"/>
</and_exp></or_exp>
</condition>

<Node id="19" bw="11" op_0_bw="10">
<![CDATA[
.preheader7.preheader:6  %tmp_53_cast = sext i10 %tmp_35 to i11

]]></Node>
<StgValue><ssdm name="tmp_53_cast"/></StgValue>
</operation>

<operation id="38" st_id="2" stage="1" lat="1">
<core>NULL</core>
<MemPortIdVec></MemPortIdVec>
<condition id="3">
<or_exp><and_exp><literal name="exitcond4" val="0"/>
</and_exp></or_exp>
</condition>

<Node id="20" bw="7" op_0_bw="32" op_1_bw="64" op_2_bw="64">
<![CDATA[
.preheader7.preheader:7  %bias_addr = getelementptr [96 x float]* %bias, i64 0, i64 %tmp

]]></Node>
<StgValue><ssdm name="bias_addr"/></StgValue>
</operation>

<operation id="39" st_id="2" stage="1" lat="1">
<core>NULL</core>
<MemPortIdVec></MemPortIdVec>
<condition id="3">
<or_exp><and_exp><literal name="exitcond4" val="0"/>
</and_exp></or_exp>
</condition>

<Node id="21" bw="0" op_0_bw="0">
<![CDATA[
.preheader7.preheader:8  br label %.preheader7

]]></Node>
<StgValue><ssdm name=""/></StgValue>
</operation>

<operation id="40" st_id="2" stage="1" lat="1">
<core>NULL</core>
<MemPortIdVec></MemPortIdVec>
<condition id="5">
<or_exp><and_exp><literal name="exitcond4" val="1"/>
</and_exp></or_exp>
</condition>

<Node id="116" bw="0">
<![CDATA[
:0  ret void

]]></Node>
<StgValue><ssdm name=""/></StgValue>
</operation>
</state>

<state id="3" st_id="3">

<operation id="41" st_id="3" stage="1" lat="1">
<core>NULL</core>
<MemPortIdVec></MemPortIdVec>
<condition id="6">
<or_exp><and_exp></and_exp></or_exp>
</condition>

<Node id="23" bw="3" op_0_bw="3" op_1_bw="0">
<![CDATA[
.preheader7:0  %h = phi i3 [ 0, %.preheader7.preheader ], [ %h_3, %.preheader7.loopexit ]

]]></Node>
<StgValue><ssdm name="h"/></StgValue>
</operation>

<operation id="42" st_id="3" stage="1" lat="1">
<core>NULL</core>
<MemPortIdVec></MemPortIdVec>
<condition id="6">
<or_exp><and_exp></and_exp></or_exp>
</condition>

<Node id="24" bw="4" op_0_bw="3">
<![CDATA[
.preheader7:1  %h_cast = zext i3 %h to i4

]]></Node>
<StgValue><ssdm name="h_cast"/></StgValue>
</operation>

<operation id="43" st_id="3" stage="1" lat="1">
<core>Cmp</core>
<MemPortIdVec></MemPortIdVec>
<condition id="6">
<or_exp><and_exp></and_exp></or_exp>
</condition>

<Node id="25" bw="1" op_0_bw="3" op_1_bw="3">
<![CDATA[
.preheader7:2  %exitcond3 = icmp eq i3 %h, -4

]]></Node>
<StgValue><ssdm name="exitcond3"/></StgValue>
</operation>

<operation id="44" st_id="3" stage="1" lat="1">
<core>NULL</core>
<MemPortIdVec></MemPortIdVec>
<condition id="6">
<or_exp><and_exp></and_exp></or_exp>
</condition>

<Node id="26" bw="32" op_0_bw="32" op_1_bw="64" op_2_bw="64" op_3_bw="64">
<![CDATA[
.preheader7:3  %empty_25 = call i32 (...)* @_ssdm_op_SpecLoopTripCount(i64 4, i64 4, i64 4)

]]></Node>
<StgValue><ssdm name="empty_25"/></StgValue>
</operation>

<operation id="45" st_id="3" stage="1" lat="1">
<core>AddSub</core>
<MemPortIdVec></MemPortIdVec>
<condition id="6">
<or_exp><and_exp></and_exp></or_exp>
</condition>

<Node id="27" bw="3" op_0_bw="3" op_1_bw="3">
<![CDATA[
.preheader7:4  %h_3 = add i3 %h, 1

]]></Node>
<StgValue><ssdm name="h_3"/></StgValue>
</operation>

<operation id="46" st_id="3" stage="1" lat="1">
<core>NULL</core>
<MemPortIdVec></MemPortIdVec>
<condition id="6">
<or_exp><and_exp></and_exp></or_exp>
</condition>

<Node id="28" bw="0" op_0_bw="1" op_1_bw="0" op_2_bw="0">
<![CDATA[
.preheader7:5  br i1 %exitcond3, label %.loopexit.loopexit, label %.preheader6.preheader

]]></Node>
<StgValue><ssdm name=""/></StgValue>
</operation>

<operation id="47" st_id="3" stage="1" lat="1">
<core>NULL</core>
<MemPortIdVec></MemPortIdVec>
<condition id="8">
<or_exp><and_exp><literal name="exitcond3" val="0"/>
</and_exp></or_exp>
</condition>

<Node id="30" bw="10" op_0_bw="3">
<![CDATA[
.preheader6.preheader:0  %tmp_cast_26 = zext i3 %h to i10

]]></Node>
<StgValue><ssdm name="tmp_cast_26"/></StgValue>
</operation>

<operation id="48" st_id="3" stage="1" lat="1">
<core>AddSub</core>
<MemPortIdVec></MemPortIdVec>
<condition id="8">
<or_exp><and_exp><literal name="exitcond3" val="0"/>
</and_exp></or_exp>
</condition>

<Node id="31" bw="10" op_0_bw="10" op_1_bw="10">
<![CDATA[
.preheader6.preheader:1  %tmp_36 = add i10 %tmp_cast_26, %tmp_51_cast

]]></Node>
<StgValue><ssdm name="tmp_36"/></StgValue>
</operation>

<operation id="49" st_id="3" stage="1" lat="1">
<core>NULL</core>
<MemPortIdVec></MemPortIdVec>
<condition id="8">
<or_exp><and_exp><literal name="exitcond3" val="0"/>
</and_exp></or_exp>
</condition>

<Node id="32" bw="12" op_0_bw="12" op_1_bw="10" op_2_bw="2">
<![CDATA[
.preheader6.preheader:2  %tmp_56_cast = call i12 @_ssdm_op_BitConcatenate.i12.i10.i2(i10 %tmp_36, i2 0)

]]></Node>
<StgValue><ssdm name="tmp_56_cast"/></StgValue>
</operation>

<operation id="50" st_id="3" stage="1" lat="1">
<core>NULL</core>
<MemPortIdVec></MemPortIdVec>
<condition id="8">
<or_exp><and_exp><literal name="exitcond3" val="0"/>
</and_exp></or_exp>
</condition>

<Node id="33" bw="0" op_0_bw="0">
<![CDATA[
.preheader6.preheader:3  br label %.preheader6

]]></Node>
<StgValue><ssdm name=""/></StgValue>
</operation>

<operation id="51" st_id="3" stage="1" lat="1">
<core>NULL</core>
<MemPortIdVec></MemPortIdVec>
<condition id="10">
<or_exp><and_exp><literal name="exitcond3" val="1"/>
</and_exp></or_exp>
</condition>

<Node id="114" bw="0" op_0_bw="0">
<![CDATA[
.loopexit.loopexit:0  br label %.loopexit

]]></Node>
<StgValue><ssdm name=""/></StgValue>
</operation>
</state>

<state id="4" st_id="4">

<operation id="52" st_id="4" stage="1" lat="1">
<core>NULL</core>
<MemPortIdVec></MemPortIdVec>
<condition id="11">
<or_exp><and_exp></and_exp></or_exp>
</condition>

<Node id="35" bw="3" op_0_bw="3" op_1_bw="0">
<![CDATA[
.preheader6:0  %w = phi i3 [ %w_3, %1 ], [ 0, %.preheader6.preheader ]

]]></Node>
<StgValue><ssdm name="w"/></StgValue>
</operation>

<operation id="53" st_id="4" stage="1" lat="1">
<core>NULL</core>
<MemPortIdVec></MemPortIdVec>
<condition id="11">
<or_exp><and_exp></and_exp></or_exp>
</condition>

<Node id="36" bw="4" op_0_bw="3">
<![CDATA[
.preheader6:1  %w_cast = zext i3 %w to i4

]]></Node>
<StgValue><ssdm name="w_cast"/></StgValue>
</operation>

<operation id="54" st_id="4" stage="1" lat="1">
<core>Cmp</core>
<MemPortIdVec></MemPortIdVec>
<condition id="11">
<or_exp><and_exp></and_exp></or_exp>
</condition>

<Node id="37" bw="1" op_0_bw="3" op_1_bw="3">
<![CDATA[
.preheader6:2  %exitcond2 = icmp eq i3 %w, -4

]]></Node>
<StgValue><ssdm name="exitcond2"/></StgValue>
</operation>

<operation id="55" st_id="4" stage="1" lat="1">
<core>NULL</core>
<MemPortIdVec></MemPortIdVec>
<condition id="11">
<or_exp><and_exp></and_exp></or_exp>
</condition>

<Node id="38" bw="32" op_0_bw="32" op_1_bw="64" op_2_bw="64" op_3_bw="64">
<![CDATA[
.preheader6:3  %empty_27 = call i32 (...)* @_ssdm_op_SpecLoopTripCount(i64 4, i64 4, i64 4)

]]></Node>
<StgValue><ssdm name="empty_27"/></StgValue>
</operation>

<operation id="56" st_id="4" stage="1" lat="1">
<core>AddSub</core>
<MemPortIdVec></MemPortIdVec>
<condition id="11">
<or_exp><and_exp></and_exp></or_exp>
</condition>

<Node id="39" bw="3" op_0_bw="3" op_1_bw="3">
<![CDATA[
.preheader6:4  %w_3 = add i3 %w, 1

]]></Node>
<StgValue><ssdm name="w_3"/></StgValue>
</operation>

<operation id="57" st_id="4" stage="1" lat="1">
<core>NULL</core>
<MemPortIdVec></MemPortIdVec>
<condition id="11">
<or_exp><and_exp></and_exp></or_exp>
</condition>

<Node id="40" bw="0" op_0_bw="1" op_1_bw="0" op_2_bw="0">
<![CDATA[
.preheader6:5  br i1 %exitcond2, label %.preheader7.loopexit, label %.preheader5.preheader

]]></Node>
<StgValue><ssdm name=""/></StgValue>
</operation>

<operation id="58" st_id="4" stage="1" lat="1">
<core>AddSub</core>
<MemPortIdVec></MemPortIdVec>
<condition id="13">
<or_exp><and_exp><literal name="exitcond2" val="0"/>
</and_exp></or_exp>
</condition>

<Node id="42" bw="3" op_0_bw="3" op_1_bw="3">
<![CDATA[
.preheader5.preheader:0  %tmp_37 = sub i3 0, %w

]]></Node>
<StgValue><ssdm name="tmp_37"/></StgValue>
</operation>

<operation id="59" st_id="4" stage="1" lat="1">
<core>NULL</core>
<MemPortIdVec></MemPortIdVec>
<condition id="13">
<or_exp><and_exp><literal name="exitcond2" val="0"/>
</and_exp></or_exp>
</condition>

<Node id="43" bw="0" op_0_bw="0">
<![CDATA[
.preheader5.preheader:1  br label %.preheader5

]]></Node>
<StgValue><ssdm name=""/></StgValue>
</operation>

<operation id="60" st_id="4" stage="1" lat="1">
<core>NULL</core>
<MemPortIdVec></MemPortIdVec>
<condition id="15">
<or_exp><and_exp><literal name="exitcond2" val="1"/>
</and_exp></or_exp>
</condition>

<Node id="112" bw="0" op_0_bw="0">
<![CDATA[
.preheader7.loopexit:0  br label %.preheader7

]]></Node>
<StgValue><ssdm name=""/></StgValue>
</operation>
</state>

<state id="5" st_id="5">

<operation id="61" st_id="5" stage="1" lat="1">
<core>NULL</core>
<MemPortIdVec></MemPortIdVec>
<condition id="16">
<or_exp><and_exp></and_exp></or_exp>
</condition>

<Node id="45" bw="32" op_0_bw="32" op_1_bw="0">
<![CDATA[
.preheader5:0  %sum = phi float [ 0.000000e+00, %.preheader5.preheader ], [ %sum_1, %.preheader5.loopexit ]

]]></Node>
<StgValue><ssdm name="sum"/></StgValue>
</operation>

<operation id="62" st_id="5" stage="1" lat="1">
<core>NULL</core>
<MemPortIdVec></MemPortIdVec>
<condition id="16">
<or_exp><and_exp></and_exp></or_exp>
</condition>

<Node id="46" bw="2" op_0_bw="2" op_1_bw="0">
<![CDATA[
.preheader5:1  %m = phi i2 [ 0, %.preheader5.preheader ], [ %m_3, %.preheader5.loopexit ]

]]></Node>
<StgValue><ssdm name="m"/></StgValue>
</operation>

<operation id="63" st_id="5" stage="1" lat="1">
<core>NULL</core>
<MemPortIdVec></MemPortIdVec>
<condition id="16">
<or_exp><and_exp></and_exp></or_exp>
</condition>

<Node id="47" bw="3" op_0_bw="2">
<![CDATA[
.preheader5:2  %m_cast = zext i2 %m to i3

]]></Node>
<StgValue><ssdm name="m_cast"/></StgValue>
</operation>

<operation id="64" st_id="5" stage="1" lat="1">
<core>Cmp</core>
<MemPortIdVec></MemPortIdVec>
<condition id="16">
<or_exp><and_exp></and_exp></or_exp>
</condition>

<Node id="48" bw="1" op_0_bw="2" op_1_bw="2">
<![CDATA[
.preheader5:3  %exitcond1 = icmp eq i2 %m, -1

]]></Node>
<StgValue><ssdm name="exitcond1"/></StgValue>
</operation>

<operation id="65" st_id="5" stage="1" lat="1">
<core>NULL</core>
<MemPortIdVec></MemPortIdVec>
<condition id="16">
<or_exp><and_exp></and_exp></or_exp>
</condition>

<Node id="49" bw="32" op_0_bw="32" op_1_bw="64" op_2_bw="64" op_3_bw="64">
<![CDATA[
.preheader5:4  %empty_28 = call i32 (...)* @_ssdm_op_SpecLoopTripCount(i64 3, i64 3, i64 3)

]]></Node>
<StgValue><ssdm name="empty_28"/></StgValue>
</operation>

<operation id="66" st_id="5" stage="1" lat="1">
<core>AddSub</core>
<MemPortIdVec></MemPortIdVec>
<condition id="16">
<or_exp><and_exp></and_exp></or_exp>
</condition>

<Node id="50" bw="2" op_0_bw="2" op_1_bw="2">
<![CDATA[
.preheader5:5  %m_3 = add i2 %m, 1

]]></Node>
<StgValue><ssdm name="m_3"/></StgValue>
</operation>

<operation id="67" st_id="5" stage="1" lat="1">
<core>NULL</core>
<MemPortIdVec></MemPortIdVec>
<condition id="16">
<or_exp><and_exp></and_exp></or_exp>
</condition>

<Node id="51" bw="0" op_0_bw="1" op_1_bw="0" op_2_bw="0">
<![CDATA[
.preheader5:6  br i1 %exitcond1, label %1, label %.preheader.preheader

]]></Node>
<StgValue><ssdm name=""/></StgValue>
</operation>

<operation id="68" st_id="5" stage="1" lat="1">
<core>NULL</core>
<MemPortIdVec></MemPortIdVec>
<condition id="18">
<or_exp><and_exp><literal name="exitcond1" val="0"/>
</and_exp></or_exp>
</condition>

<Node id="53" bw="11" op_0_bw="2">
<![CDATA[
.preheader.preheader:0  %tmp_28_cast = zext i2 %m to i11

]]></Node>
<StgValue><ssdm name="tmp_28_cast"/></StgValue>
</operation>

<operation id="69" st_id="5" stage="1" lat="1">
<core>AddSub</core>
<MemPortIdVec></MemPortIdVec>
<condition id="18">
<or_exp><and_exp><literal name="exitcond1" val="0"/>
</and_exp></or_exp>
</condition>

<Node id="54" bw="11" op_0_bw="11" op_1_bw="11">
<![CDATA[
.preheader.preheader:1  %tmp_41 = add i11 %tmp_28_cast, %tmp_53_cast

]]></Node>
<StgValue><ssdm name="tmp_41"/></StgValue>
</operation>

<operation id="70" st_id="5" stage="1" lat="1">
<core>NULL</core>
<MemPortIdVec></MemPortIdVec>
<condition id="18">
<or_exp><and_exp><literal name="exitcond1" val="0"/>
</and_exp></or_exp>
</condition>

<Node id="55" bw="11" op_0_bw="11" op_1_bw="11">
<![CDATA[
.preheader.preheader:2  %tmp_33 = shl i11 %tmp_41, 2

]]></Node>
<StgValue><ssdm name="tmp_33"/></StgValue>
</operation>

<operation id="71" st_id="5" stage="1" lat="1">
<core>AddSub</core>
<MemPortIdVec></MemPortIdVec>
<condition id="18">
<or_exp><and_exp><literal name="exitcond1" val="0"/>
</and_exp></or_exp>
</condition>

<Node id="56" bw="11" op_0_bw="11" op_1_bw="11">
<![CDATA[
.preheader.preheader:3  %tmp_42 = sub i11 %tmp_33, %tmp_41

]]></Node>
<StgValue><ssdm name="tmp_42"/></StgValue>
</operation>

<operation id="72" st_id="5" stage="1" lat="1">
<core>AddSub</core>
<MemPortIdVec></MemPortIdVec>
<condition id="18">
<or_exp><and_exp><literal name="exitcond1" val="0"/>
</and_exp></or_exp>
</condition>

<Node id="57" bw="3" op_0_bw="3" op_1_bw="3">
<![CDATA[
.preheader.preheader:4  %tmp_29 = sub i3 0, %m_cast

]]></Node>
<StgValue><ssdm name="tmp_29"/></StgValue>
</operation>

<operation id="73" st_id="5" stage="1" lat="1">
<core>Cmp</core>
<MemPortIdVec></MemPortIdVec>
<condition id="18">
<or_exp><and_exp><literal name="exitcond1" val="0"/>
</and_exp></or_exp>
</condition>

<Node id="58" bw="1" op_0_bw="3" op_1_bw="3">
<![CDATA[
.preheader.preheader:5  %tmp_30 = icmp ne i3 %h, %tmp_29

]]></Node>
<StgValue><ssdm name="tmp_30"/></StgValue>
</operation>

<operation id="74" st_id="5" stage="1" lat="1">
<core>AddSub</core>
<MemPortIdVec></MemPortIdVec>
<condition id="18">
<or_exp><and_exp><literal name="exitcond1" val="0"/>
</and_exp></or_exp>
</condition>

<Node id="59" bw="2" op_0_bw="2" op_1_bw="2">
<![CDATA[
.preheader.preheader:6  %tmp4 = add i2 -1, %m

]]></Node>
<StgValue><ssdm name="tmp4"/></StgValue>
</operation>

<operation id="75" st_id="5" stage="1" lat="1">
<core>NULL</core>
<MemPortIdVec></MemPortIdVec>
<condition id="18">
<or_exp><and_exp><literal name="exitcond1" val="0"/>
</and_exp></or_exp>
</condition>

<Node id="60" bw="4" op_0_bw="2">
<![CDATA[
.preheader.preheader:7  %tmp4_cast = sext i2 %tmp4 to i4

]]></Node>
<StgValue><ssdm name="tmp4_cast"/></StgValue>
</operation>

<operation id="76" st_id="5" stage="1" lat="1">
<core>AddSub</core>
<MemPortIdVec></MemPortIdVec>
<condition id="18">
<or_exp><and_exp><literal name="exitcond1" val="0"/>
</and_exp></or_exp>
</condition>

<Node id="61" bw="4" op_0_bw="4" op_1_bw="4">
<![CDATA[
.preheader.preheader:8  %tmp_31 = add i4 %tmp4_cast, %h_cast

]]></Node>
<StgValue><ssdm name="tmp_31"/></StgValue>
</operation>

<operation id="77" st_id="5" stage="1" lat="1">
<core>NULL</core>
<MemPortIdVec></MemPortIdVec>
<condition id="18">
<or_exp><and_exp><literal name="exitcond1" val="0"/>
</and_exp></or_exp>
</condition>

<Node id="62" bw="10" op_0_bw="4">
<![CDATA[
.preheader.preheader:9  %tmp_32_cast = sext i4 %tmp_31 to i10

]]></Node>
<StgValue><ssdm name="tmp_32_cast"/></StgValue>
</operation>

<operation id="78" st_id="5" stage="1" lat="1">
<core>AddSub</core>
<MemPortIdVec></MemPortIdVec>
<condition id="18">
<or_exp><and_exp><literal name="exitcond1" val="0"/>
</and_exp></or_exp>
</condition>

<Node id="63" bw="10" op_0_bw="10" op_1_bw="10">
<![CDATA[
.preheader.preheader:10  %tmp_43 = add i10 %tmp_32_cast, %tmp_51_cast2

]]></Node>
<StgValue><ssdm name="tmp_43"/></StgValue>
</operation>

<operation id="79" st_id="5" stage="1" lat="1">
<core>NULL</core>
<MemPortIdVec></MemPortIdVec>
<condition id="18">
<or_exp><and_exp><literal name="exitcond1" val="0"/>
</and_exp></or_exp>
</condition>

<Node id="64" bw="12" op_0_bw="12" op_1_bw="10" op_2_bw="2">
<![CDATA[
.preheader.preheader:11  %tmp_63_cast = call i12 @_ssdm_op_BitConcatenate.i12.i10.i2(i10 %tmp_43, i2 0)

]]></Node>
<StgValue><ssdm name="tmp_63_cast"/></StgValue>
</operation>

<operation id="80" st_id="5" stage="1" lat="1">
<core>NULL</core>
<MemPortIdVec></MemPortIdVec>
<condition id="18">
<or_exp><and_exp><literal name="exitcond1" val="0"/>
</and_exp></or_exp>
</condition>

<Node id="65" bw="2" op_0_bw="2" op_1_bw="4" op_2_bw="32" op_3_bw="32">
<![CDATA[
.preheader.preheader:12  %tmp_44 = call i2 @_ssdm_op_PartSelect.i2.i4.i32.i32(i4 %tmp_31, i32 2, i32 3)

]]></Node>
<StgValue><ssdm name="tmp_44"/></StgValue>
</operation>

<operation id="81" st_id="5" stage="1" lat="1">
<core>Cmp</core>
<MemPortIdVec></MemPortIdVec>
<condition id="18">
<or_exp><and_exp><literal name="exitcond1" val="0"/>
</and_exp></or_exp>
</condition>

<Node id="66" bw="1" op_0_bw="2" op_1_bw="2">
<![CDATA[
.preheader.preheader:13  %icmp = icmp ne i2 %tmp_44, 1

]]></Node>
<StgValue><ssdm name="icmp"/></StgValue>
</operation>

<operation id="82" st_id="5" stage="1" lat="1">
<core>NULL</core>
<MemPortIdVec></MemPortIdVec>
<condition id="18">
<or_exp><and_exp><literal name="exitcond1" val="0"/>
</and_exp></or_exp>
</condition>

<Node id="67" bw="0" op_0_bw="0">
<![CDATA[
.preheader.preheader:14  br label %.preheader

]]></Node>
<StgValue><ssdm name=""/></StgValue>
</operation>

<operation id="83" st_id="5" stage="2" lat="2">
<core>RAM</core>
<MemPortIdVec>0 </MemPortIdVec>
<condition id="20">
<or_exp><and_exp><literal name="exitcond1" val="1"/>
</and_exp></or_exp>
</condition>

<Node id="103" bw="32" op_0_bw="7">
<![CDATA[
:0  %bias_load = load float* %bias_addr, align 4

]]></Node>
<StgValue><ssdm name="bias_load"/></StgValue>
</operation>

<operation id="84" st_id="5" stage="1" lat="1">
<core>NULL</core>
<MemPortIdVec></MemPortIdVec>
<condition id="20">
<or_exp><and_exp><literal name="exitcond1" val="1"/>
</and_exp></or_exp>
</condition>

<Node id="105" bw="12" op_0_bw="3">
<![CDATA[
:2  %tmp_27_cast = zext i3 %w to i12

]]></Node>
<StgValue><ssdm name="tmp_27_cast"/></StgValue>
</operation>

<operation id="85" st_id="5" stage="1" lat="1">
<core>AddSub</core>
<MemPortIdVec></MemPortIdVec>
<condition id="20">
<or_exp><and_exp><literal name="exitcond1" val="1"/>
</and_exp></or_exp>
</condition>

<Node id="106" bw="12" op_0_bw="12" op_1_bw="12">
<![CDATA[
:3  %tmp_40 = add i12 %tmp_56_cast, %tmp_27_cast

]]></Node>
<StgValue><ssdm name="tmp_40"/></StgValue>
</operation>
</state>

<state id="6" st_id="6">

<operation id="86" st_id="6" stage="1" lat="1">
<core>NULL</core>
<MemPortIdVec></MemPortIdVec>
<condition id="21">
<or_exp><and_exp></and_exp></or_exp>
</condition>

<Node id="69" bw="32" op_0_bw="32" op_1_bw="0">
<![CDATA[
.preheader:0  %sum_1 = phi float [ %sum_4, %_ifconv ], [ %sum, %.preheader.preheader ]

]]></Node>
<StgValue><ssdm name="sum_1"/></StgValue>
</operation>

<operation id="87" st_id="6" stage="1" lat="1">
<core>NULL</core>
<MemPortIdVec></MemPortIdVec>
<condition id="21">
<or_exp><and_exp></and_exp></or_exp>
</condition>

<Node id="70" bw="2" op_0_bw="2" op_1_bw="0">
<![CDATA[
.preheader:1  %n = phi i2 [ %n_3, %_ifconv ], [ 0, %.preheader.preheader ]

]]></Node>
<StgValue><ssdm name="n"/></StgValue>
</operation>

<operation id="88" st_id="6" stage="1" lat="1">
<core>NULL</core>
<MemPortIdVec></MemPortIdVec>
<condition id="21">
<or_exp><and_exp></and_exp></or_exp>
</condition>

<Node id="71" bw="3" op_0_bw="2">
<![CDATA[
.preheader:2  %n_cast = zext i2 %n to i3

]]></Node>
<StgValue><ssdm name="n_cast"/></StgValue>
</operation>

<operation id="89" st_id="6" stage="1" lat="1">
<core>Cmp</core>
<MemPortIdVec></MemPortIdVec>
<condition id="21">
<or_exp><and_exp></and_exp></or_exp>
</condition>

<Node id="72" bw="1" op_0_bw="2" op_1_bw="2">
<![CDATA[
.preheader:3  %exitcond = icmp eq i2 %n, -1

]]></Node>
<StgValue><ssdm name="exitcond"/></StgValue>
</operation>

<operation id="90" st_id="6" stage="1" lat="1">
<core>NULL</core>
<MemPortIdVec></MemPortIdVec>
<condition id="21">
<or_exp><and_exp></and_exp></or_exp>
</condition>

<Node id="73" bw="32" op_0_bw="32" op_1_bw="64" op_2_bw="64" op_3_bw="64">
<![CDATA[
.preheader:4  %empty_29 = call i32 (...)* @_ssdm_op_SpecLoopTripCount(i64 3, i64 3, i64 3)

]]></Node>
<StgValue><ssdm name="empty_29"/></StgValue>
</operation>

<operation id="91" st_id="6" stage="1" lat="1">
<core>AddSub</core>
<MemPortIdVec></MemPortIdVec>
<condition id="21">
<or_exp><and_exp></and_exp></or_exp>
</condition>

<Node id="74" bw="2" op_0_bw="2" op_1_bw="2">
<![CDATA[
.preheader:5  %n_3 = add i2 %n, 1

]]></Node>
<StgValue><ssdm name="n_3"/></StgValue>
</operation>

<operation id="92" st_id="6" stage="1" lat="1">
<core>NULL</core>
<MemPortIdVec></MemPortIdVec>
<condition id="21">
<or_exp><and_exp></and_exp></or_exp>
</condition>

<Node id="75" bw="0" op_0_bw="1" op_1_bw="0" op_2_bw="0">
<![CDATA[
.preheader:6  br i1 %exitcond, label %.preheader5.loopexit, label %_ifconv

]]></Node>
<StgValue><ssdm name=""/></StgValue>
</operation>

<operation id="93" st_id="6" stage="1" lat="1">
<core>NULL</core>
<MemPortIdVec></MemPortIdVec>
<condition id="23">
<or_exp><and_exp><literal name="exitcond" val="0"/>
</and_exp></or_exp>
</condition>

<Node id="77" bw="11" op_0_bw="2">
<![CDATA[
_ifconv:0  %tmp_33_cast = zext i2 %n to i11

]]></Node>
<StgValue><ssdm name="tmp_33_cast"/></StgValue>
</operation>

<operation id="94" st_id="6" stage="1" lat="1">
<core>AddSub</core>
<MemPortIdVec></MemPortIdVec>
<condition id="23">
<or_exp><and_exp><literal name="exitcond" val="0"/>
</and_exp></or_exp>
</condition>

<Node id="78" bw="11" op_0_bw="11" op_1_bw="11">
<![CDATA[
_ifconv:1  %tmp_45 = add i11 %tmp_42, %tmp_33_cast

]]></Node>
<StgValue><ssdm name="tmp_45"/></StgValue>
</operation>

<operation id="95" st_id="6" stage="1" lat="1">
<core>AddSub</core>
<MemPortIdVec></MemPortIdVec>
<condition id="23">
<or_exp><and_exp><literal name="exitcond" val="0"/>
</and_exp></or_exp>
</condition>

<Node id="82" bw="2" op_0_bw="2" op_1_bw="2">
<![CDATA[
_ifconv:5  %tmp5 = add i2 %n, -1

]]></Node>
<StgValue><ssdm name="tmp5"/></StgValue>
</operation>

<operation id="96" st_id="6" stage="1" lat="1">
<core>NULL</core>
<MemPortIdVec></MemPortIdVec>
<condition id="23">
<or_exp><and_exp><literal name="exitcond" val="0"/>
</and_exp></or_exp>
</condition>

<Node id="83" bw="4" op_0_bw="2">
<![CDATA[
_ifconv:6  %tmp5_cast = sext i2 %tmp5 to i4

]]></Node>
<StgValue><ssdm name="tmp5_cast"/></StgValue>
</operation>

<operation id="97" st_id="6" stage="1" lat="1">
<core>AddSub</core>
<MemPortIdVec></MemPortIdVec>
<condition id="23">
<or_exp><and_exp><literal name="exitcond" val="0"/>
</and_exp></or_exp>
</condition>

<Node id="84" bw="4" op_0_bw="4" op_1_bw="4">
<![CDATA[
_ifconv:7  %tmp_34 = add i4 %w_cast, %tmp5_cast

]]></Node>
<StgValue><ssdm name="tmp_34"/></StgValue>
</operation>

<operation id="98" st_id="6" stage="1" lat="1">
<core>NULL</core>
<MemPortIdVec></MemPortIdVec>
<condition id="23">
<or_exp><and_exp><literal name="exitcond" val="0"/>
</and_exp></or_exp>
</condition>

<Node id="85" bw="2" op_0_bw="2" op_1_bw="4" op_2_bw="32" op_3_bw="32">
<![CDATA[
_ifconv:8  %tmp_46 = call i2 @_ssdm_op_PartSelect.i2.i4.i32.i32(i4 %tmp_34, i32 2, i32 3)

]]></Node>
<StgValue><ssdm name="tmp_46"/></StgValue>
</operation>

<operation id="99" st_id="6" stage="1" lat="1">
<core>Cmp</core>
<MemPortIdVec></MemPortIdVec>
<condition id="23">
<or_exp><and_exp><literal name="exitcond" val="0"/>
</and_exp></or_exp>
</condition>

<Node id="86" bw="1" op_0_bw="2" op_1_bw="2">
<![CDATA[
_ifconv:9  %icmp5 = icmp ne i2 %tmp_46, 1

]]></Node>
<StgValue><ssdm name="icmp5"/></StgValue>
</operation>

<operation id="100" st_id="6" stage="1" lat="1">
<core>NULL</core>
<MemPortIdVec></MemPortIdVec>
<condition id="23">
<or_exp><and_exp><literal name="exitcond" val="0"/>
</and_exp></or_exp>
</condition>

<Node id="87" bw="12" op_0_bw="4">
<![CDATA[
_ifconv:10  %tmp_36_cast = sext i4 %tmp_34 to i12

]]></Node>
<StgValue><ssdm name="tmp_36_cast"/></StgValue>
</operation>

<operation id="101" st_id="6" stage="1" lat="1">
<core>AddSub</core>
<MemPortIdVec></MemPortIdVec>
<condition id="23">
<or_exp><and_exp><literal name="exitcond" val="0"/>
</and_exp></or_exp>
</condition>

<Node id="88" bw="12" op_0_bw="12" op_1_bw="12">
<![CDATA[
_ifconv:11  %tmp_47 = add i12 %tmp_63_cast, %tmp_36_cast

]]></Node>
<StgValue><ssdm name="tmp_47"/></StgValue>
</operation>

<operation id="102" st_id="6" stage="1" lat="1">
<core>Cmp</core>
<MemPortIdVec></MemPortIdVec>
<condition id="23">
<or_exp><and_exp><literal name="exitcond" val="0"/>
</and_exp></or_exp>
</condition>

<Node id="92" bw="1" op_0_bw="3" op_1_bw="3">
<![CDATA[
_ifconv:15  %notlhs = icmp ne i3 %n_cast, %tmp_37

]]></Node>
<StgValue><ssdm name="notlhs"/></StgValue>
</operation>

<operation id="103" st_id="6" stage="1" lat="1">
<core>NULL</core>
<MemPortIdVec></MemPortIdVec>
<condition id="25">
<or_exp><and_exp><literal name="exitcond" val="1"/>
</and_exp></or_exp>
</condition>

<Node id="101" bw="0" op_0_bw="0">
<![CDATA[
.preheader5.loopexit:0  br label %.preheader5

]]></Node>
<StgValue><ssdm name=""/></StgValue>
</operation>
</state>

<state id="7" st_id="7">

<operation id="104" st_id="7" stage="1" lat="1">
<core>NULL</core>
<MemPortIdVec></MemPortIdVec>
<condition id="26">
<or_exp><and_exp></and_exp></or_exp>
</condition>

<Node id="79" bw="64" op_0_bw="11">
<![CDATA[
_ifconv:2  %tmp_64_cast = zext i11 %tmp_45 to i64

]]></Node>
<StgValue><ssdm name="tmp_64_cast"/></StgValue>
</operation>

<operation id="105" st_id="7" stage="1" lat="1">
<core>NULL</core>
<MemPortIdVec></MemPortIdVec>
<condition id="26">
<or_exp><and_exp></and_exp></or_exp>
</condition>

<Node id="80" bw="10" op_0_bw="32" op_1_bw="64" op_2_bw="64">
<![CDATA[
_ifconv:3  %weight_addr = getelementptr [864 x float]* %weight, i64 0, i64 %tmp_64_cast

]]></Node>
<StgValue><ssdm name="weight_addr"/></StgValue>
</operation>

<operation id="106" st_id="7" stage="2" lat="2">
<core>RAM</core>
<MemPortIdVec>0 </MemPortIdVec>
<condition id="26">
<or_exp><and_exp></and_exp></or_exp>
</condition>

<Node id="81" bw="32" op_0_bw="10">
<![CDATA[
_ifconv:4  %weight_load = load float* %weight_addr, align 4

]]></Node>
<StgValue><ssdm name="weight_load"/></StgValue>
</operation>

<operation id="107" st_id="7" stage="1" lat="1">
<core>NULL</core>
<MemPortIdVec></MemPortIdVec>
<condition id="26">
<or_exp><and_exp></and_exp></or_exp>
</condition>

<Node id="89" bw="64" op_0_bw="12">
<![CDATA[
_ifconv:12  %tmp_65_cast = zext i12 %tmp_47 to i64

]]></Node>
<StgValue><ssdm name="tmp_65_cast"/></StgValue>
</operation>

<operation id="108" st_id="7" stage="1" lat="1">
<core>NULL</core>
<MemPortIdVec></MemPortIdVec>
<condition id="26">
<or_exp><and_exp></and_exp></or_exp>
</condition>

<Node id="90" bw="11" op_0_bw="32" op_1_bw="64" op_2_bw="64">
<![CDATA[
_ifconv:13  %input_0_addr = getelementptr [1536 x float]* %input_0, i64 0, i64 %tmp_65_cast

]]></Node>
<StgValue><ssdm name="input_0_addr"/></StgValue>
</operation>

<operation id="109" st_id="7" stage="2" lat="2">
<core>RAM</core>
<MemPortIdVec>0 </MemPortIdVec>
<condition id="26">
<or_exp><and_exp></and_exp></or_exp>
</condition>

<Node id="91" bw="32" op_0_bw="11">
<![CDATA[
_ifconv:14  %input_0_load = load float* %input_0_addr, align 4

]]></Node>
<StgValue><ssdm name="input_0_load"/></StgValue>
</operation>
</state>

<state id="8" st_id="8">

<operation id="110" st_id="8" stage="1" lat="2">
<core>RAM</core>
<MemPortIdVec>0 </MemPortIdVec>
<condition id="27">
<or_exp><and_exp></and_exp></or_exp>
</condition>

<Node id="81" bw="32" op_0_bw="10">
<![CDATA[
_ifconv:4  %weight_load = load float* %weight_addr, align 4

]]></Node>
<StgValue><ssdm name="weight_load"/></StgValue>
</operation>

<operation id="111" st_id="8" stage="1" lat="2">
<core>RAM</core>
<MemPortIdVec>0 </MemPortIdVec>
<condition id="27">
<or_exp><and_exp></and_exp></or_exp>
</condition>

<Node id="91" bw="32" op_0_bw="11">
<![CDATA[
_ifconv:14  %input_0_load = load float* %input_0_addr, align 4

]]></Node>
<StgValue><ssdm name="input_0_load"/></StgValue>
</operation>

<operation id="112" st_id="8" stage="1" lat="1">
<core>LogicGate</core>
<MemPortIdVec></MemPortIdVec>
<condition id="27">
<or_exp><and_exp></and_exp></or_exp>
</condition>

<Node id="93" bw="1" op_0_bw="1" op_1_bw="1">
<![CDATA[
_ifconv:16  %tmp6 = and i1 %icmp, %notlhs

]]></Node>
<StgValue><ssdm name="tmp6"/></StgValue>
</operation>

<operation id="113" st_id="8" stage="1" lat="1">
<core>LogicGate</core>
<MemPortIdVec></MemPortIdVec>
<condition id="27">
<or_exp><and_exp></and_exp></or_exp>
</condition>

<Node id="94" bw="1" op_0_bw="1" op_1_bw="1">
<![CDATA[
_ifconv:17  %tmp7 = and i1 %tmp_30, %icmp5

]]></Node>
<StgValue><ssdm name="tmp7"/></StgValue>
</operation>

<operation id="114" st_id="8" stage="1" lat="1">
<core>LogicGate</core>
<MemPortIdVec></MemPortIdVec>
<condition id="27">
<or_exp><and_exp></and_exp></or_exp>
</condition>

<Node id="95" bw="1" op_0_bw="1" op_1_bw="1">
<![CDATA[
_ifconv:18  %sel_tmp2 = and i1 %tmp7, %tmp6

]]></Node>
<StgValue><ssdm name="sel_tmp2"/></StgValue>
</operation>

<operation id="115" st_id="8" stage="1" lat="1">
<core>Sel</core>
<MemPortIdVec></MemPortIdVec>
<condition id="27">
<or_exp><and_exp></and_exp></or_exp>
</condition>

<Node id="96" bw="32" op_0_bw="1" op_1_bw="32" op_2_bw="32">
<![CDATA[
_ifconv:19  %tmp_38 = select i1 %sel_tmp2, float %input_0_load, float 0.000000e+00

]]></Node>
<StgValue><ssdm name="tmp_38"/></StgValue>
</operation>
</state>

<state id="9" st_id="9">

<operation id="116" st_id="9" stage="4" lat="4">
<core>FMul</core>
<MemPortIdVec></MemPortIdVec>
<condition id="28">
<or_exp><and_exp></and_exp></or_exp>
</condition>

<Node id="97" bw="32" op_0_bw="32" op_1_bw="32">
<![CDATA[
_ifconv:20  %tmp_39 = fmul float %weight_load, %tmp_38

]]></Node>
<StgValue><ssdm name="tmp_39"/></StgValue>
</operation>
</state>

<state id="10" st_id="10">

<operation id="117" st_id="10" stage="3" lat="4">
<core>FMul</core>
<MemPortIdVec></MemPortIdVec>
<condition id="29">
<or_exp><and_exp></and_exp></or_exp>
</condition>

<Node id="97" bw="32" op_0_bw="32" op_1_bw="32">
<![CDATA[
_ifconv:20  %tmp_39 = fmul float %weight_load, %tmp_38

]]></Node>
<StgValue><ssdm name="tmp_39"/></StgValue>
</operation>
</state>

<state id="11" st_id="11">

<operation id="118" st_id="11" stage="2" lat="4">
<core>FMul</core>
<MemPortIdVec></MemPortIdVec>
<condition id="30">
<or_exp><and_exp></and_exp></or_exp>
</condition>

<Node id="97" bw="32" op_0_bw="32" op_1_bw="32">
<![CDATA[
_ifconv:20  %tmp_39 = fmul float %weight_load, %tmp_38

]]></Node>
<StgValue><ssdm name="tmp_39"/></StgValue>
</operation>
</state>

<state id="12" st_id="12">

<operation id="119" st_id="12" stage="1" lat="4">
<core>FMul</core>
<MemPortIdVec></MemPortIdVec>
<condition id="31">
<or_exp><and_exp></and_exp></or_exp>
</condition>

<Node id="97" bw="32" op_0_bw="32" op_1_bw="32">
<![CDATA[
_ifconv:20  %tmp_39 = fmul float %weight_load, %tmp_38

]]></Node>
<StgValue><ssdm name="tmp_39"/></StgValue>
</operation>
</state>

<state id="13" st_id="13">

<operation id="120" st_id="13" stage="5" lat="5">
<core>FAddSub</core>
<MemPortIdVec></MemPortIdVec>
<condition id="32">
<or_exp><and_exp></and_exp></or_exp>
</condition>

<Node id="98" bw="32" op_0_bw="32" op_1_bw="32">
<![CDATA[
_ifconv:21  %sum_4 = fadd float %sum_1, %tmp_39

]]></Node>
<StgValue><ssdm name="sum_4"/></StgValue>
</operation>
</state>

<state id="14" st_id="14">

<operation id="121" st_id="14" stage="4" lat="5">
<core>FAddSub</core>
<MemPortIdVec></MemPortIdVec>
<condition id="33">
<or_exp><and_exp></and_exp></or_exp>
</condition>

<Node id="98" bw="32" op_0_bw="32" op_1_bw="32">
<![CDATA[
_ifconv:21  %sum_4 = fadd float %sum_1, %tmp_39

]]></Node>
<StgValue><ssdm name="sum_4"/></StgValue>
</operation>
</state>

<state id="15" st_id="15">

<operation id="122" st_id="15" stage="3" lat="5">
<core>FAddSub</core>
<MemPortIdVec></MemPortIdVec>
<condition id="34">
<or_exp><and_exp></and_exp></or_exp>
</condition>

<Node id="98" bw="32" op_0_bw="32" op_1_bw="32">
<![CDATA[
_ifconv:21  %sum_4 = fadd float %sum_1, %tmp_39

]]></Node>
<StgValue><ssdm name="sum_4"/></StgValue>
</operation>
</state>

<state id="16" st_id="16">

<operation id="123" st_id="16" stage="2" lat="5">
<core>FAddSub</core>
<MemPortIdVec></MemPortIdVec>
<condition id="35">
<or_exp><and_exp></and_exp></or_exp>
</condition>

<Node id="98" bw="32" op_0_bw="32" op_1_bw="32">
<![CDATA[
_ifconv:21  %sum_4 = fadd float %sum_1, %tmp_39

]]></Node>
<StgValue><ssdm name="sum_4"/></StgValue>
</operation>
</state>

<state id="17" st_id="17">

<operation id="124" st_id="17" stage="1" lat="5">
<core>FAddSub</core>
<MemPortIdVec></MemPortIdVec>
<condition id="36">
<or_exp><and_exp></and_exp></or_exp>
</condition>

<Node id="98" bw="32" op_0_bw="32" op_1_bw="32">
<![CDATA[
_ifconv:21  %sum_4 = fadd float %sum_1, %tmp_39

]]></Node>
<StgValue><ssdm name="sum_4"/></StgValue>
</operation>

<operation id="125" st_id="17" stage="1" lat="1">
<core>NULL</core>
<MemPortIdVec></MemPortIdVec>
<condition id="36">
<or_exp><and_exp></and_exp></or_exp>
</condition>

<Node id="99" bw="0" op_0_bw="0">
<![CDATA[
_ifconv:22  br label %.preheader

]]></Node>
<StgValue><ssdm name=""/></StgValue>
</operation>
</state>

<state id="18" st_id="18">

<operation id="126" st_id="18" stage="1" lat="2">
<core>RAM</core>
<MemPortIdVec>0 </MemPortIdVec>
<condition id="37">
<or_exp><and_exp></and_exp></or_exp>
</condition>

<Node id="103" bw="32" op_0_bw="7">
<![CDATA[
:0  %bias_load = load float* %bias_addr, align 4

]]></Node>
<StgValue><ssdm name="bias_load"/></StgValue>
</operation>
</state>

<state id="19" st_id="19">

<operation id="127" st_id="19" stage="5" lat="5">
<core>FAddSub</core>
<MemPortIdVec></MemPortIdVec>
<condition id="38">
<or_exp><and_exp></and_exp></or_exp>
</condition>

<Node id="104" bw="32" op_0_bw="32" op_1_bw="32">
<![CDATA[
:1  %result = fadd float %sum, %bias_load

]]></Node>
<StgValue><ssdm name="result"/></StgValue>
</operation>
</state>

<state id="20" st_id="20">

<operation id="128" st_id="20" stage="4" lat="5">
<core>FAddSub</core>
<MemPortIdVec></MemPortIdVec>
<condition id="39">
<or_exp><and_exp></and_exp></or_exp>
</condition>

<Node id="104" bw="32" op_0_bw="32" op_1_bw="32">
<![CDATA[
:1  %result = fadd float %sum, %bias_load

]]></Node>
<StgValue><ssdm name="result"/></StgValue>
</operation>
</state>

<state id="21" st_id="21">

<operation id="129" st_id="21" stage="3" lat="5">
<core>FAddSub</core>
<MemPortIdVec></MemPortIdVec>
<condition id="40">
<or_exp><and_exp></and_exp></or_exp>
</condition>

<Node id="104" bw="32" op_0_bw="32" op_1_bw="32">
<![CDATA[
:1  %result = fadd float %sum, %bias_load

]]></Node>
<StgValue><ssdm name="result"/></StgValue>
</operation>
</state>

<state id="22" st_id="22">

<operation id="130" st_id="22" stage="2" lat="5">
<core>FAddSub</core>
<MemPortIdVec></MemPortIdVec>
<condition id="41">
<or_exp><and_exp></and_exp></or_exp>
</condition>

<Node id="104" bw="32" op_0_bw="32" op_1_bw="32">
<![CDATA[
:1  %result = fadd float %sum, %bias_load

]]></Node>
<StgValue><ssdm name="result"/></StgValue>
</operation>
</state>

<state id="23" st_id="23">

<operation id="131" st_id="23" stage="1" lat="5">
<core>FAddSub</core>
<MemPortIdVec></MemPortIdVec>
<condition id="42">
<or_exp><and_exp></and_exp></or_exp>
</condition>

<Node id="104" bw="32" op_0_bw="32" op_1_bw="32">
<![CDATA[
:1  %result = fadd float %sum, %bias_load

]]></Node>
<StgValue><ssdm name="result"/></StgValue>
</operation>
</state>

<state id="24" st_id="24">

<operation id="132" st_id="24" stage="1" lat="1">
<core>NULL</core>
<MemPortIdVec></MemPortIdVec>
<condition id="43">
<or_exp><and_exp></and_exp></or_exp>
</condition>

<Node id="107" bw="64" op_0_bw="12">
<![CDATA[
:4  %tmp_57_cast = zext i12 %tmp_40 to i64

]]></Node>
<StgValue><ssdm name="tmp_57_cast"/></StgValue>
</operation>

<operation id="133" st_id="24" stage="1" lat="1">
<core>NULL</core>
<MemPortIdVec></MemPortIdVec>
<condition id="43">
<or_exp><and_exp></and_exp></or_exp>
</condition>

<Node id="108" bw="11" op_0_bw="32" op_1_bw="64" op_2_bw="64">
<![CDATA[
:5  %output_0_addr = getelementptr [1536 x float]* %output_0, i64 0, i64 %tmp_57_cast

]]></Node>
<StgValue><ssdm name="output_0_addr"/></StgValue>
</operation>

<operation id="134" st_id="24" stage="1" lat="1">
<core>RAM</core>
<MemPortIdVec>0 </MemPortIdVec>
<condition id="43">
<or_exp><and_exp></and_exp></or_exp>
</condition>

<Node id="109" bw="0" op_0_bw="32" op_1_bw="11">
<![CDATA[
:6  store float %result, float* %output_0_addr, align 4

]]></Node>
<StgValue><ssdm name=""/></StgValue>
</operation>

<operation id="135" st_id="24" stage="1" lat="1">
<core>NULL</core>
<MemPortIdVec></MemPortIdVec>
<condition id="43">
<or_exp><and_exp></and_exp></or_exp>
</condition>

<Node id="110" bw="0" op_0_bw="0">
<![CDATA[
:7  br label %.preheader6

]]></Node>
<StgValue><ssdm name=""/></StgValue>
</operation>
</state>
</state_list>


<ports>
<port id="166" name="input_0" dir="0" iftype="1">
<core>RAM</core><StgValue><ssdm name="input_0"/><MemPortTyVec>1 3 </MemPortTyVec>
</StgValue>
</port>
<port id="167" name="weight" dir="0" iftype="1">
<core>RAM</core><StgValue><ssdm name="weight"/><MemPortTyVec>1 3 </MemPortTyVec>
</StgValue>
</port>
<port id="168" name="bias" dir="0" iftype="1">
<core>RAM</core><StgValue><ssdm name="bias"/><MemPortTyVec>1 3 </MemPortTyVec>
</StgValue>
</port>
<port id="169" name="output_0" dir="1" iftype="1">
<core>RAM</core><StgValue><ssdm name="output_0"/><MemPortTyVec>0 3 </MemPortTyVec>
</StgValue>
</port>
</ports>


<dataflows>
<dataflow id="171" from="StgValue_170" to="co" fromId="170" toId="26">
<condition id="108">
<or_exp><and_exp></and_exp></or_exp>
</condition>
</dataflow>
<dataflow id="172" from="StgValue_25" to="co" fromId="25" toId="26">
</dataflow>
<dataflow id="173" from="co_3" to="co" fromId="29" toId="26">
<BackEdge/>
<condition id="109">
<or_exp><and_exp><literal name="exitcond3" val="1"/>
</and_exp></or_exp>
</condition>
</dataflow>
<dataflow id="174" from="StgValue_51" to="co" fromId="51" toId="26">
<BackEdge/>
</dataflow>
<dataflow id="175" from="co" to="exitcond4" fromId="26" toId="27">
</dataflow>
<dataflow id="177" from="StgValue_176" to="exitcond4" fromId="176" toId="27">
</dataflow>
<dataflow id="179" from="_ssdm_op_SpecLoopTripCount" to="empty" fromId="178" toId="28">
</dataflow>
<dataflow id="181" from="StgValue_180" to="empty" fromId="180" toId="28">
</dataflow>
<dataflow id="182" from="StgValue_180" to="empty" fromId="180" toId="28">
</dataflow>
<dataflow id="183" from="StgValue_180" to="empty" fromId="180" toId="28">
</dataflow>
<dataflow id="184" from="co" to="co_3" fromId="26" toId="29">
</dataflow>
<dataflow id="186" from="StgValue_185" to="co_3" fromId="185" toId="29">
</dataflow>
<dataflow id="187" from="exitcond4" to="StgValue_30" fromId="27" toId="30">
</dataflow>
<dataflow id="188" from="co" to="tmp" fromId="26" toId="31">
</dataflow>
<dataflow id="189" from="co" to="tmp_cast" fromId="26" toId="32">
</dataflow>
<dataflow id="191" from="_ssdm_op_BitConcatenate.i9.i7.i2" to="tmp_s" fromId="190" toId="33">
</dataflow>
<dataflow id="192" from="co" to="tmp_s" fromId="26" toId="33">
</dataflow>
<dataflow id="194" from="StgValue_193" to="tmp_s" fromId="193" toId="33">
</dataflow>
<dataflow id="195" from="tmp_s" to="tmp_51_cast2" fromId="33" toId="34">
</dataflow>
<dataflow id="196" from="tmp_s" to="tmp_51_cast" fromId="33" toId="35">
</dataflow>
<dataflow id="197" from="tmp_51_cast" to="tmp_35" fromId="35" toId="36">
</dataflow>
<dataflow id="198" from="tmp_cast" to="tmp_35" fromId="32" toId="36">
</dataflow>
<dataflow id="199" from="tmp_35" to="tmp_53_cast" fromId="36" toId="37">
</dataflow>
<dataflow id="200" from="bias" to="bias_addr" fromId="168" toId="38">
</dataflow>
<dataflow id="202" from="StgValue_201" to="bias_addr" fromId="201" toId="38">
</dataflow>
<dataflow id="203" from="tmp" to="bias_addr" fromId="31" toId="38">
</dataflow>
<dataflow id="205" from="StgValue_204" to="h" fromId="204" toId="41">
<condition id="110">
<or_exp><and_exp><literal name="exitcond4" val="0"/>
</and_exp></or_exp>
</condition>
</dataflow>
<dataflow id="206" from="StgValue_39" to="h" fromId="39" toId="41">
</dataflow>
<dataflow id="207" from="h_3" to="h" fromId="45" toId="41">
<BackEdge/>
<condition id="111">
<or_exp><and_exp><literal name="exitcond2" val="1"/>
</and_exp></or_exp>
</condition>
</dataflow>
<dataflow id="208" from="StgValue_60" to="h" fromId="60" toId="41">
<BackEdge/>
</dataflow>
<dataflow id="209" from="h" to="h_cast" fromId="41" toId="42">
</dataflow>
<dataflow id="210" from="h" to="exitcond3" fromId="41" toId="43">
</dataflow>
<dataflow id="212" from="StgValue_211" to="exitcond3" fromId="211" toId="43">
</dataflow>
<dataflow id="213" from="_ssdm_op_SpecLoopTripCount" to="empty_25" fromId="178" toId="44">
</dataflow>
<dataflow id="215" from="StgValue_214" to="empty_25" fromId="214" toId="44">
</dataflow>
<dataflow id="216" from="StgValue_214" to="empty_25" fromId="214" toId="44">
</dataflow>
<dataflow id="217" from="StgValue_214" to="empty_25" fromId="214" toId="44">
</dataflow>
<dataflow id="218" from="h" to="h_3" fromId="41" toId="45">
</dataflow>
<dataflow id="220" from="StgValue_219" to="h_3" fromId="219" toId="45">
</dataflow>
<dataflow id="221" from="exitcond3" to="StgValue_46" fromId="43" toId="46">
</dataflow>
<dataflow id="222" from="h" to="tmp_cast_26" fromId="41" toId="47">
</dataflow>
<dataflow id="223" from="tmp_cast_26" to="tmp_36" fromId="47" toId="48">
</dataflow>
<dataflow id="224" from="tmp_51_cast" to="tmp_36" fromId="35" toId="48">
</dataflow>
<dataflow id="226" from="_ssdm_op_BitConcatenate.i12.i10.i2" to="tmp_56_cast" fromId="225" toId="49">
</dataflow>
<dataflow id="227" from="tmp_36" to="tmp_56_cast" fromId="48" toId="49">
</dataflow>
<dataflow id="228" from="StgValue_193" to="tmp_56_cast" fromId="193" toId="49">
</dataflow>
<dataflow id="229" from="w_3" to="w" fromId="56" toId="52">
<BackEdge/>
<condition id="112">
<or_exp><and_exp></and_exp></or_exp>
</condition>
</dataflow>
<dataflow id="230" from="StgValue_135" to="w" fromId="135" toId="52">
<BackEdge/>
</dataflow>
<dataflow id="231" from="StgValue_204" to="w" fromId="204" toId="52">
<condition id="113">
<or_exp><and_exp><literal name="exitcond3" val="0"/>
</and_exp></or_exp>
</condition>
</dataflow>
<dataflow id="232" from="StgValue_50" to="w" fromId="50" toId="52">
</dataflow>
<dataflow id="233" from="w" to="w_cast" fromId="52" toId="53">
</dataflow>
<dataflow id="234" from="w" to="exitcond2" fromId="52" toId="54">
</dataflow>
<dataflow id="235" from="StgValue_211" to="exitcond2" fromId="211" toId="54">
</dataflow>
<dataflow id="236" from="_ssdm_op_SpecLoopTripCount" to="empty_27" fromId="178" toId="55">
</dataflow>
<dataflow id="237" from="StgValue_214" to="empty_27" fromId="214" toId="55">
</dataflow>
<dataflow id="238" from="StgValue_214" to="empty_27" fromId="214" toId="55">
</dataflow>
<dataflow id="239" from="StgValue_214" to="empty_27" fromId="214" toId="55">
</dataflow>
<dataflow id="240" from="w" to="w_3" fromId="52" toId="56">
</dataflow>
<dataflow id="241" from="StgValue_219" to="w_3" fromId="219" toId="56">
</dataflow>
<dataflow id="242" from="exitcond2" to="StgValue_57" fromId="54" toId="57">
</dataflow>
<dataflow id="243" from="StgValue_204" to="tmp_37" fromId="204" toId="58">
</dataflow>
<dataflow id="244" from="w" to="tmp_37" fromId="52" toId="58">
</dataflow>
<dataflow id="246" from="StgValue_245" to="sum" fromId="245" toId="61">
<condition id="114">
<or_exp><and_exp><literal name="exitcond2" val="0"/>
</and_exp></or_exp>
</condition>
</dataflow>
<dataflow id="247" from="StgValue_59" to="sum" fromId="59" toId="61">
</dataflow>
<dataflow id="248" from="sum_1" to="sum" fromId="86" toId="61">
<BackEdge/>
<condition id="115">
<or_exp><and_exp><literal name="exitcond" val="1"/>
</and_exp></or_exp>
</condition>
</dataflow>
<dataflow id="249" from="StgValue_103" to="sum" fromId="103" toId="61">
<BackEdge/>
</dataflow>
<dataflow id="250" from="StgValue_193" to="m" fromId="193" toId="62">
<condition id="116">
<or_exp><and_exp><literal name="exitcond2" val="0"/>
</and_exp></or_exp>
</condition>
</dataflow>
<dataflow id="251" from="StgValue_59" to="m" fromId="59" toId="62">
</dataflow>
<dataflow id="252" from="m_3" to="m" fromId="66" toId="62">
<BackEdge/>
<condition id="117">
<or_exp><and_exp><literal name="exitcond" val="1"/>
</and_exp></or_exp>
</condition>
</dataflow>
<dataflow id="253" from="StgValue_103" to="m" fromId="103" toId="62">
<BackEdge/>
</dataflow>
<dataflow id="254" from="m" to="m_cast" fromId="62" toId="63">
</dataflow>
<dataflow id="255" from="m" to="exitcond1" fromId="62" toId="64">
</dataflow>
<dataflow id="257" from="StgValue_256" to="exitcond1" fromId="256" toId="64">
</dataflow>
<dataflow id="258" from="_ssdm_op_SpecLoopTripCount" to="empty_28" fromId="178" toId="65">
</dataflow>
<dataflow id="260" from="StgValue_259" to="empty_28" fromId="259" toId="65">
</dataflow>
<dataflow id="261" from="StgValue_259" to="empty_28" fromId="259" toId="65">
</dataflow>
<dataflow id="262" from="StgValue_259" to="empty_28" fromId="259" toId="65">
</dataflow>
<dataflow id="263" from="m" to="m_3" fromId="62" toId="66">
</dataflow>
<dataflow id="265" from="StgValue_264" to="m_3" fromId="264" toId="66">
</dataflow>
<dataflow id="266" from="exitcond1" to="StgValue_67" fromId="64" toId="67">
</dataflow>
<dataflow id="267" from="m" to="tmp_28_cast" fromId="62" toId="68">
</dataflow>
<dataflow id="268" from="tmp_28_cast" to="tmp_41" fromId="68" toId="69">
</dataflow>
<dataflow id="269" from="tmp_53_cast" to="tmp_41" fromId="37" toId="69">
</dataflow>
<dataflow id="270" from="tmp_41" to="tmp_33" fromId="69" toId="70">
</dataflow>
<dataflow id="272" from="StgValue_271" to="tmp_33" fromId="271" toId="70">
</dataflow>
<dataflow id="273" from="tmp_33" to="tmp_42" fromId="70" toId="71">
</dataflow>
<dataflow id="274" from="tmp_41" to="tmp_42" fromId="69" toId="71">
</dataflow>
<dataflow id="275" from="StgValue_204" to="tmp_29" fromId="204" toId="72">
</dataflow>
<dataflow id="276" from="m_cast" to="tmp_29" fromId="63" toId="72">
</dataflow>
<dataflow id="277" from="h" to="tmp_30" fromId="41" toId="73">
</dataflow>
<dataflow id="278" from="tmp_29" to="tmp_30" fromId="72" toId="73">
</dataflow>
<dataflow id="279" from="StgValue_256" to="tmp4" fromId="256" toId="74">
</dataflow>
<dataflow id="280" from="m" to="tmp4" fromId="62" toId="74">
</dataflow>
<dataflow id="281" from="tmp4" to="tmp4_cast" fromId="74" toId="75">
</dataflow>
<dataflow id="282" from="tmp4_cast" to="tmp_31" fromId="75" toId="76">
</dataflow>
<dataflow id="283" from="h_cast" to="tmp_31" fromId="42" toId="76">
</dataflow>
<dataflow id="284" from="tmp_31" to="tmp_32_cast" fromId="76" toId="77">
</dataflow>
<dataflow id="285" from="tmp_32_cast" to="tmp_43" fromId="77" toId="78">
</dataflow>
<dataflow id="286" from="tmp_51_cast2" to="tmp_43" fromId="34" toId="78">
</dataflow>
<dataflow id="287" from="_ssdm_op_BitConcatenate.i12.i10.i2" to="tmp_63_cast" fromId="225" toId="79">
</dataflow>
<dataflow id="288" from="tmp_43" to="tmp_63_cast" fromId="78" toId="79">
</dataflow>
<dataflow id="289" from="StgValue_193" to="tmp_63_cast" fromId="193" toId="79">
</dataflow>
<dataflow id="291" from="_ssdm_op_PartSelect.i2.i4.i32.i32" to="tmp_44" fromId="290" toId="80">
</dataflow>
<dataflow id="292" from="tmp_31" to="tmp_44" fromId="76" toId="80">
</dataflow>
<dataflow id="294" from="StgValue_293" to="tmp_44" fromId="293" toId="80">
</dataflow>
<dataflow id="296" from="StgValue_295" to="tmp_44" fromId="295" toId="80">
</dataflow>
<dataflow id="297" from="tmp_44" to="icmp" fromId="80" toId="81">
</dataflow>
<dataflow id="298" from="StgValue_264" to="icmp" fromId="264" toId="81">
</dataflow>
<dataflow id="299" from="bias_addr" to="bias_load" fromId="38" toId="83">
</dataflow>
<dataflow id="300" from="w" to="tmp_27_cast" fromId="52" toId="84">
</dataflow>
<dataflow id="301" from="tmp_56_cast" to="tmp_40" fromId="49" toId="85">
</dataflow>
<dataflow id="302" from="tmp_27_cast" to="tmp_40" fromId="84" toId="85">
</dataflow>
<dataflow id="303" from="sum_4" to="sum_1" fromId="124" toId="86">
<BackEdge/>
<condition id="118">
<or_exp><and_exp></and_exp></or_exp>
</condition>
</dataflow>
<dataflow id="304" from="StgValue_125" to="sum_1" fromId="125" toId="86">
<BackEdge/>
</dataflow>
<dataflow id="305" from="sum" to="sum_1" fromId="61" toId="86">
<condition id="119">
<or_exp><and_exp><literal name="exitcond1" val="0"/>
</and_exp></or_exp>
</condition>
</dataflow>
<dataflow id="306" from="StgValue_82" to="sum_1" fromId="82" toId="86">
</dataflow>
<dataflow id="307" from="n_3" to="n" fromId="91" toId="87">
<BackEdge/>
<condition id="120">
<or_exp><and_exp></and_exp></or_exp>
</condition>
</dataflow>
<dataflow id="308" from="StgValue_125" to="n" fromId="125" toId="87">
<BackEdge/>
</dataflow>
<dataflow id="309" from="StgValue_193" to="n" fromId="193" toId="87">
<condition id="121">
<or_exp><and_exp><literal name="exitcond1" val="0"/>
</and_exp></or_exp>
</condition>
</dataflow>
<dataflow id="310" from="StgValue_82" to="n" fromId="82" toId="87">
</dataflow>
<dataflow id="311" from="n" to="n_cast" fromId="87" toId="88">
</dataflow>
<dataflow id="312" from="n" to="exitcond" fromId="87" toId="89">
</dataflow>
<dataflow id="313" from="StgValue_256" to="exitcond" fromId="256" toId="89">
</dataflow>
<dataflow id="314" from="_ssdm_op_SpecLoopTripCount" to="empty_29" fromId="178" toId="90">
</dataflow>
<dataflow id="315" from="StgValue_259" to="empty_29" fromId="259" toId="90">
</dataflow>
<dataflow id="316" from="StgValue_259" to="empty_29" fromId="259" toId="90">
</dataflow>
<dataflow id="317" from="StgValue_259" to="empty_29" fromId="259" toId="90">
</dataflow>
<dataflow id="318" from="n" to="n_3" fromId="87" toId="91">
</dataflow>
<dataflow id="319" from="StgValue_264" to="n_3" fromId="264" toId="91">
</dataflow>
<dataflow id="320" from="exitcond" to="StgValue_92" fromId="89" toId="92">
</dataflow>
<dataflow id="321" from="n" to="tmp_33_cast" fromId="87" toId="93">
</dataflow>
<dataflow id="322" from="tmp_42" to="tmp_45" fromId="71" toId="94">
</dataflow>
<dataflow id="323" from="tmp_33_cast" to="tmp_45" fromId="93" toId="94">
</dataflow>
<dataflow id="324" from="n" to="tmp5" fromId="87" toId="95">
</dataflow>
<dataflow id="325" from="StgValue_256" to="tmp5" fromId="256" toId="95">
</dataflow>
<dataflow id="326" from="tmp5" to="tmp5_cast" fromId="95" toId="96">
</dataflow>
<dataflow id="327" from="w_cast" to="tmp_34" fromId="53" toId="97">
</dataflow>
<dataflow id="328" from="tmp5_cast" to="tmp_34" fromId="96" toId="97">
</dataflow>
<dataflow id="329" from="_ssdm_op_PartSelect.i2.i4.i32.i32" to="tmp_46" fromId="290" toId="98">
</dataflow>
<dataflow id="330" from="tmp_34" to="tmp_46" fromId="97" toId="98">
</dataflow>
<dataflow id="331" from="StgValue_293" to="tmp_46" fromId="293" toId="98">
</dataflow>
<dataflow id="332" from="StgValue_295" to="tmp_46" fromId="295" toId="98">
</dataflow>
<dataflow id="333" from="tmp_46" to="icmp5" fromId="98" toId="99">
</dataflow>
<dataflow id="334" from="StgValue_264" to="icmp5" fromId="264" toId="99">
</dataflow>
<dataflow id="335" from="tmp_34" to="tmp_36_cast" fromId="97" toId="100">
</dataflow>
<dataflow id="336" from="tmp_63_cast" to="tmp_47" fromId="79" toId="101">
</dataflow>
<dataflow id="337" from="tmp_36_cast" to="tmp_47" fromId="100" toId="101">
</dataflow>
<dataflow id="338" from="n_cast" to="notlhs" fromId="88" toId="102">
</dataflow>
<dataflow id="339" from="tmp_37" to="notlhs" fromId="58" toId="102">
</dataflow>
<dataflow id="340" from="tmp_45" to="tmp_64_cast" fromId="94" toId="104">
</dataflow>
<dataflow id="341" from="weight" to="weight_addr" fromId="167" toId="105">
</dataflow>
<dataflow id="342" from="StgValue_201" to="weight_addr" fromId="201" toId="105">
</dataflow>
<dataflow id="343" from="tmp_64_cast" to="weight_addr" fromId="104" toId="105">
</dataflow>
<dataflow id="344" from="weight_addr" to="weight_load" fromId="105" toId="106">
</dataflow>
<dataflow id="345" from="tmp_47" to="tmp_65_cast" fromId="101" toId="107">
</dataflow>
<dataflow id="346" from="input_0" to="input_0_addr" fromId="166" toId="108">
</dataflow>
<dataflow id="347" from="StgValue_201" to="input_0_addr" fromId="201" toId="108">
</dataflow>
<dataflow id="348" from="tmp_65_cast" to="input_0_addr" fromId="107" toId="108">
</dataflow>
<dataflow id="349" from="input_0_addr" to="input_0_load" fromId="108" toId="109">
</dataflow>
<dataflow id="350" from="weight_addr" to="weight_load" fromId="105" toId="110">
</dataflow>
<dataflow id="351" from="input_0_addr" to="input_0_load" fromId="108" toId="111">
</dataflow>
<dataflow id="352" from="icmp" to="tmp6" fromId="81" toId="112">
</dataflow>
<dataflow id="353" from="notlhs" to="tmp6" fromId="102" toId="112">
</dataflow>
<dataflow id="354" from="tmp_30" to="tmp7" fromId="73" toId="113">
</dataflow>
<dataflow id="355" from="icmp5" to="tmp7" fromId="99" toId="113">
</dataflow>
<dataflow id="356" from="tmp7" to="sel_tmp2" fromId="113" toId="114">
</dataflow>
<dataflow id="357" from="tmp6" to="sel_tmp2" fromId="112" toId="114">
</dataflow>
<dataflow id="358" from="sel_tmp2" to="tmp_38" fromId="114" toId="115">
</dataflow>
<dataflow id="359" from="input_0_load" to="tmp_38" fromId="111" toId="115">
</dataflow>
<dataflow id="360" from="StgValue_245" to="tmp_38" fromId="245" toId="115">
</dataflow>
<dataflow id="361" from="weight_load" to="tmp_39" fromId="110" toId="116">
</dataflow>
<dataflow id="362" from="tmp_38" to="tmp_39" fromId="115" toId="116">
</dataflow>
<dataflow id="363" from="weight_load" to="tmp_39" fromId="110" toId="117">
</dataflow>
<dataflow id="364" from="tmp_38" to="tmp_39" fromId="115" toId="117">
</dataflow>
<dataflow id="365" from="weight_load" to="tmp_39" fromId="110" toId="118">
</dataflow>
<dataflow id="366" from="tmp_38" to="tmp_39" fromId="115" toId="118">
</dataflow>
<dataflow id="367" from="weight_load" to="tmp_39" fromId="110" toId="119">
</dataflow>
<dataflow id="368" from="tmp_38" to="tmp_39" fromId="115" toId="119">
</dataflow>
<dataflow id="369" from="sum_1" to="sum_4" fromId="86" toId="120">
</dataflow>
<dataflow id="370" from="tmp_39" to="sum_4" fromId="119" toId="120">
</dataflow>
<dataflow id="371" from="sum_1" to="sum_4" fromId="86" toId="121">
</dataflow>
<dataflow id="372" from="tmp_39" to="sum_4" fromId="119" toId="121">
</dataflow>
<dataflow id="373" from="sum_1" to="sum_4" fromId="86" toId="122">
</dataflow>
<dataflow id="374" from="tmp_39" to="sum_4" fromId="119" toId="122">
</dataflow>
<dataflow id="375" from="sum_1" to="sum_4" fromId="86" toId="123">
</dataflow>
<dataflow id="376" from="tmp_39" to="sum_4" fromId="119" toId="123">
</dataflow>
<dataflow id="377" from="sum_1" to="sum_4" fromId="86" toId="124">
</dataflow>
<dataflow id="378" from="tmp_39" to="sum_4" fromId="119" toId="124">
</dataflow>
<dataflow id="379" from="bias_addr" to="bias_load" fromId="38" toId="126">
</dataflow>
<dataflow id="380" from="sum" to="result" fromId="61" toId="127">
</dataflow>
<dataflow id="381" from="bias_load" to="result" fromId="126" toId="127">
</dataflow>
<dataflow id="382" from="sum" to="result" fromId="61" toId="128">
</dataflow>
<dataflow id="383" from="bias_load" to="result" fromId="126" toId="128">
</dataflow>
<dataflow id="384" from="sum" to="result" fromId="61" toId="129">
</dataflow>
<dataflow id="385" from="bias_load" to="result" fromId="126" toId="129">
</dataflow>
<dataflow id="386" from="sum" to="result" fromId="61" toId="130">
</dataflow>
<dataflow id="387" from="bias_load" to="result" fromId="126" toId="130">
</dataflow>
<dataflow id="388" from="sum" to="result" fromId="61" toId="131">
</dataflow>
<dataflow id="389" from="bias_load" to="result" fromId="126" toId="131">
</dataflow>
<dataflow id="390" from="tmp_40" to="tmp_57_cast" fromId="85" toId="132">
</dataflow>
<dataflow id="391" from="output_0" to="output_0_addr" fromId="169" toId="133">
</dataflow>
<dataflow id="392" from="StgValue_201" to="output_0_addr" fromId="201" toId="133">
</dataflow>
<dataflow id="393" from="tmp_57_cast" to="output_0_addr" fromId="132" toId="133">
</dataflow>
<dataflow id="394" from="result" to="StgValue_134" fromId="131" toId="134">
</dataflow>
<dataflow id="395" from="output_0_addr" to="StgValue_134" fromId="133" toId="134">
</dataflow>
<dataflow id="396" from="exitcond4" to="StgValue_2" fromId="27" toId="2">
</dataflow>
<dataflow id="397" from="exitcond3" to="StgValue_3" fromId="43" toId="3">
</dataflow>
<dataflow id="398" from="exitcond2" to="StgValue_4" fromId="54" toId="4">
</dataflow>
<dataflow id="399" from="exitcond1" to="StgValue_5" fromId="64" toId="5">
</dataflow>
<dataflow id="400" from="exitcond" to="StgValue_6" fromId="89" toId="6">
</dataflow>
</dataflows>


</stg>
