<profile>

<section name = "Vivado HLS Report for 'subconv_1x1_3214'" level="0">
<item name = "Date">Mon Dec 10 14:57:21 2018
</item>
<item name = "Version">2017.2 (Build 1909853 on Thu Jun 15 18:55:24 MDT 2017)</item>
<item name = "Project">accelerator_hls</item>
<item name = "Solution">naive</item>
<item name = "Product family">zynq</item>
<item name = "Target device">xc7z020clg484-1</item>
</section>

<section name = "Performance Estimates" level="0">
<item name = "Timing (ns)">
<section name = "" level="1">
<item name = "Summary"><table name="" hasTotal="0">
<keys size="4">Clock, Target, Estimated, Uncertainty</keys>
<column name="ap_clk">10.00, 8.53, 1.25</column>
</table>
</item>
</section>
</item>
<item name = "Latency (clock cycles)">
<section name = "" level="1">
<item name = "Summary"><table name="" hasTotal="0">
<keys size="6">, min, max, min, max, Type</keys>
<column name="">6735409, 6735409, 6735409, 6735409, none</column>
</table>
</item>
<item name = "Detail">
<section name = "" level="1">
<item name = "Instance"><table name="" hasTotal="0">
<keys size="7">Instance, Module, min, max, min, max, Type</keys>
</table>
</item>
<item name = "Loop"><table name="" hasTotal="0">
<keys size="8">Loop Name, min, max, Latency, achieved, target, Count, Pipelined</keys>
<column name="- Loop 1">6735408, 6735408, 280642, -, -, 24, no</column>
<column name=" + Loop 1.1">280640, 280640, 8770, -, -, 32, no</column>
<column name="  ++ Loop 1.1.1">8768, 8768, 274, -, -, 32, no</column>
<column name="   +++ Loop 1.1.1.1">264, 264, 11, -, -, 24, no</column>
</table>
</item>
</section>
</item>
</section>
</item>
</section>

<section name = "Utilization Estimates" level="0">
<item name = "Summary"><table name="" hasTotal="1">
<keys size="5">Name, BRAM_18K, DSP48E, FF, LUT</keys>
<column name="DSP">-, -, -, -</column>
<column name="Expression">-, -, 344, 213</column>
<column name="FIFO">-, -, -, -</column>
<column name="Instance">-, 5, 414, 950</column>
<column name="Memory">-, -, -, -</column>
<column name="Multiplexer">-, -, -, 173</column>
<column name="Register">-, -, 316, -</column>
<specialColumn name="Available">280, 220, 106400, 53200</specialColumn>
<specialColumn name="Utilization (%)">0, 2, 1, 2</specialColumn>
</table>
</item>
<item name = "Detail">
<section name = "" level="1">
<item name = "Instance"><table name="" hasTotal="1">
<keys size="6">Instance, Module, BRAM_18K, DSP48E, FF, LUT</keys>
<column name="ShuffleNetV2_faddbkb_x_U8">ShuffleNetV2_faddbkb, 0, 2, 205, 390</column>
<column name="ShuffleNetV2_fcmpdEe_x_U10">ShuffleNetV2_fcmpdEe, 0, 0, 66, 239</column>
<column name="ShuffleNetV2_fmulcud_x_U9">ShuffleNetV2_fmulcud, 0, 3, 143, 321</column>
</table>
</item>
<item name = "DSP48"><table name="" hasTotal="0">
<keys size="3">Instance, Module, Expression</keys>
</table>
</item>
<item name = "Memory"><table name="" hasTotal="1">
<keys size="9">Memory, Module, BRAM_18K, FF, LUT, Words, Bits, Banks, W*Bits*Banks</keys>
</table>
</item>
<item name = "FIFO"><table name="" hasTotal="1">
<keys size="7">Name, BRAM_18K, FF, LUT, Depth, Bits, Size:D*B</keys>
</table>
</item>
<item name = "Expression"><table name="" hasTotal="1">
<keys size="7">Variable Name, Operation, DSP48E, FF, LUT, Bitwidth P0, Bitwidth P1</keys>
<column name="ci_4_fu_272_p2">+, 0, 20, 10, 5, 1</column>
<column name="co_10_fu_170_p2">+, 0, 20, 10, 5, 1</column>
<column name="h_10_fu_217_p2">+, 0, 23, 11, 6, 1</column>
<column name="tmp_118_fu_227_p2">+, 0, 38, 16, 11, 11</column>
<column name="tmp_119_fu_256_p2">+, 0, 53, 21, 16, 16</column>
<column name="tmp_121_fu_294_p2">+, 0, 38, 16, 11, 11</column>
<column name="tmp_122_fu_307_p2">+, 0, 53, 21, 16, 16</column>
<column name="tmp_123_fu_317_p2">+, 0, 38, 16, 11, 11</column>
<column name="w_10_fu_246_p2">+, 0, 23, 11, 6, 1</column>
<column name="tmp_117_fu_205_p2">-, 0, 38, 16, 11, 11</column>
<column name="tmp_20_fu_362_p2">and, 0, 0, 2, 1, 1</column>
<column name="exitcond1_fu_240_p2">icmp, 0, 0, 4, 6, 7</column>
<column name="exitcond2_fu_211_p2">icmp, 0, 0, 4, 6, 7</column>
<column name="exitcond3_fu_164_p2">icmp, 0, 0, 2, 5, 5</column>
<column name="exitcond_fu_266_p2">icmp, 0, 0, 2, 5, 5</column>
<column name="notlhs_fu_344_p2">icmp, 0, 0, 4, 8, 2</column>
<column name="notrhs_fu_350_p2">icmp, 0, 0, 13, 23, 1</column>
<column name="tmp_18_fu_356_p2">or, 0, 0, 2, 1, 1</column>
<column name="output_r_d0">select, 0, 0, 32, 1, 32</column>
</table>
</item>
<item name = "Multiplexer"><table name="" hasTotal="1">
<keys size="5">Name, LUT, Input Size, Bits, Total Bits</keys>
<column name="ap_NS_fsm">113, 24, 1, 24</column>
<column name="ci_reg_139">9, 2, 5, 10</column>
<column name="co_reg_94">9, 2, 5, 10</column>
<column name="grp_fu_150_p1">15, 3, 32, 96</column>
<column name="h_reg_105">9, 2, 6, 12</column>
<column name="sum_reg_127">9, 2, 32, 64</column>
<column name="w_reg_116">9, 2, 6, 12</column>
</table>
</item>
<item name = "Register"><table name="" hasTotal="1">
<keys size="5">Name, FF, LUT, Bits, Const Bits</keys>
<column name="ap_CS_fsm">23, 0, 23, 0</column>
<column name="bias_addr_reg_393">5, 0, 5, 0</column>
<column name="bias_load_reg_472">32, 0, 32, 0</column>
<column name="ci_4_reg_437">5, 0, 5, 0</column>
<column name="ci_reg_139">5, 0, 5, 0</column>
<column name="co_10_reg_378">5, 0, 5, 0</column>
<column name="co_reg_94">5, 0, 5, 0</column>
<column name="h_10_reg_401">6, 0, 6, 0</column>
<column name="h_reg_105">6, 0, 6, 0</column>
<column name="input_load_reg_457">32, 0, 32, 0</column>
<column name="output_addr_reg_429">15, 0, 15, 0</column>
<column name="p_shl_cast_reg_383">5, 0, 11, 6</column>
<column name="result_reg_477">32, 0, 32, 0</column>
<column name="sum_reg_127">32, 0, 32, 0</column>
<column name="tmp_117_reg_388">8, 0, 11, 3</column>
<column name="tmp_177_cast_reg_411">11, 0, 16, 5</column>
<column name="tmp_19_reg_484">1, 0, 1, 0</column>
<column name="tmp_88_cast_reg_424">6, 0, 16, 10</column>
<column name="tmp_90_reg_462">32, 0, 32, 0</column>
<column name="tmp_cast_reg_406">6, 0, 11, 5</column>
<column name="w_10_reg_419">6, 0, 6, 0</column>
<column name="w_reg_116">6, 0, 6, 0</column>
<column name="weight_load_reg_452">32, 0, 32, 0</column>
</table>
</item>
</section>
</item>
</section>

<section name = "Interface" level="0">
<item name = "Summary"><table name="" hasTotal="0">
<keys size="6">RTL Ports, Dir, Bits, Protocol, Source Object, C Type</keys>
<column name="ap_clk">in, 1, ap_ctrl_hs, subconv_1x1_3214, return value</column>
<column name="ap_rst">in, 1, ap_ctrl_hs, subconv_1x1_3214, return value</column>
<column name="ap_start">in, 1, ap_ctrl_hs, subconv_1x1_3214, return value</column>
<column name="ap_done">out, 1, ap_ctrl_hs, subconv_1x1_3214, return value</column>
<column name="ap_idle">out, 1, ap_ctrl_hs, subconv_1x1_3214, return value</column>
<column name="ap_ready">out, 1, ap_ctrl_hs, subconv_1x1_3214, return value</column>
<column name="input_r_address0">out, 15, ap_memory, input_r, array</column>
<column name="input_r_ce0">out, 1, ap_memory, input_r, array</column>
<column name="input_r_q0">in, 32, ap_memory, input_r, array</column>
<column name="weight_address0">out, 10, ap_memory, weight, array</column>
<column name="weight_ce0">out, 1, ap_memory, weight, array</column>
<column name="weight_q0">in, 32, ap_memory, weight, array</column>
<column name="bias_address0">out, 5, ap_memory, bias, array</column>
<column name="bias_ce0">out, 1, ap_memory, bias, array</column>
<column name="bias_q0">in, 32, ap_memory, bias, array</column>
<column name="output_r_address0">out, 15, ap_memory, output_r, array</column>
<column name="output_r_ce0">out, 1, ap_memory, output_r, array</column>
<column name="output_r_we0">out, 1, ap_memory, output_r, array</column>
<column name="output_r_d0">out, 32, ap_memory, output_r, array</column>
</table>
</item>
</section>
</profile>
