<profile>

<section name = "Vivado HLS Report for 'subconv_3x3_16_strid'" level="0">
<item name = "Date">Mon Dec 10 14:57:22 2018
</item>
<item name = "Version">2017.2 (Build 1909853 on Thu Jun 15 18:55:24 MDT 2017)</item>
<item name = "Project">accelerator_hls</item>
<item name = "Solution">naive</item>
<item name = "Product family">zynq</item>
<item name = "Target device">xc7z020clg484-1</item>
</section>

<section name = "Performance Estimates" level="0">
<item name = "Timing (ns)">
<section name = "" level="1">
<item name = "Summary"><table name="" hasTotal="0">
<keys size="4">Clock, Target, Estimated, Uncertainty</keys>
<column name="ap_clk">10.00, 7.26, 1.25</column>
</table>
</item>
</section>
</item>
<item name = "Latency (clock cycles)">
<section name = "" level="1">
<item name = "Summary"><table name="" hasTotal="0">
<keys size="6">, min, max, min, max, Type</keys>
<column name="">378721, 378721, 378721, 378721, none</column>
</table>
</item>
<item name = "Detail">
<section name = "" level="1">
<item name = "Instance"><table name="" hasTotal="0">
<keys size="7">Instance, Module, min, max, min, max, Type</keys>
</table>
</item>
<item name = "Loop"><table name="" hasTotal="0">
<keys size="8">Loop Name, min, max, Latency, achieved, target, Count, Pipelined</keys>
<column name="- Loop 1">378720, 378720, 7890, -, -, 48, no</column>
<column name=" + Loop 1.1">7888, 7888, 986, -, -, 8, no</column>
<column name="  ++ Loop 1.1.1">984, 984, 123, -, -, 8, no</column>
<column name="   +++ Loop 1.1.1.1">114, 114, 38, -, -, 3, no</column>
<column name="    ++++ Loop 1.1.1.1.1">36, 36, 12, -, -, 3, no</column>
</table>
</item>
</section>
</item>
</section>
</item>
</section>

<section name = "Utilization Estimates" level="0">
<item name = "Summary"><table name="" hasTotal="1">
<keys size="5">Name, BRAM_18K, DSP48E, FF, LUT</keys>
<column name="DSP">-, -, -, -</column>
<column name="Expression">-, -, 479, 275</column>
<column name="FIFO">-, -, -, -</column>
<column name="Instance">-, 5, 348, 711</column>
<column name="Memory">-, -, -, -</column>
<column name="Multiplexer">-, -, -, 206</column>
<column name="Register">-, -, 393, -</column>
<specialColumn name="Available">280, 220, 106400, 53200</specialColumn>
<specialColumn name="Utilization (%)">0, 2, 1, 2</specialColumn>
</table>
</item>
<item name = "Detail">
<section name = "" level="1">
<item name = "Instance"><table name="" hasTotal="1">
<keys size="6">Instance, Module, BRAM_18K, DSP48E, FF, LUT</keys>
<column name="ShuffleNetV2_faddbkb_x_U66">ShuffleNetV2_faddbkb, 0, 2, 205, 390</column>
<column name="ShuffleNetV2_fmulcud_x_U67">ShuffleNetV2_fmulcud, 0, 3, 143, 321</column>
</table>
</item>
<item name = "DSP48"><table name="" hasTotal="0">
<keys size="3">Instance, Module, Expression</keys>
</table>
</item>
<item name = "Memory"><table name="" hasTotal="1">
<keys size="9">Memory, Module, BRAM_18K, FF, LUT, Words, Bits, Banks, W*Bits*Banks</keys>
</table>
</item>
<item name = "FIFO"><table name="" hasTotal="1">
<keys size="7">Name, BRAM_18K, FF, LUT, Depth, Bits, Size:D*B</keys>
</table>
</item>
<item name = "Expression"><table name="" hasTotal="1">
<keys size="7">Variable Name, Operation, DSP48E, FF, LUT, Bitwidth P0, Bitwidth P1</keys>
<column name="co_5_fu_197_p2">+, 0, 23, 11, 6, 1</column>
<column name="h_5_fu_264_p2">+, 0, 17, 9, 4, 1</column>
<column name="m_5_fu_335_p2">+, 0, 11, 8, 2, 1</column>
<column name="n_5_fu_428_p2">+, 0, 11, 8, 2, 1</column>
<column name="tmp3_fu_362_p2">+, 0, 11, 8, 2, 2</column>
<column name="tmp4_fu_448_p2">+, 0, 11, 8, 2, 2</column>
<column name="tmp_57_fu_372_p2">+, 0, 20, 10, 5, 5</column>
<column name="tmp_61_fu_458_p2">+, 0, 20, 10, 5, 5</column>
<column name="tmp_69_fu_284_p2">+, 0, 35, 15, 10, 10</column>
<column name="tmp_71_fu_413_p2">+, 0, 44, 18, 13, 13</column>
<column name="tmp_72_fu_345_p2">+, 0, 35, 15, 10, 10</column>
<column name="tmp_75_fu_381_p2">+, 0, 38, 16, 11, 11</column>
<column name="tmp_76_fu_438_p2">+, 0, 35, 15, 10, 10</column>
<column name="tmp_77_fu_467_p2">+, 0, 50, 20, 15, 15</column>
<column name="w_5_fu_303_p2">+, 0, 17, 9, 4, 1</column>
<column name="tmp_60_fu_319_p2">-, 0, 20, 10, 1, 5</column>
<column name="tmp_63_fu_394_p2">-, 0, 14, 9, 1, 3</column>
<column name="tmp_67_fu_236_p2">-, 0, 32, 14, 9, 9</column>
<column name="tmp_74_fu_356_p2">-, 0, 35, 15, 10, 10</column>
<column name="exitcond1_fu_329_p2">icmp, 0, 0, 1, 2, 2</column>
<column name="exitcond2_fu_297_p2">icmp, 0, 0, 2, 4, 5</column>
<column name="exitcond3_fu_258_p2">icmp, 0, 0, 2, 4, 5</column>
<column name="exitcond4_fu_191_p2">icmp, 0, 0, 3, 6, 6</column>
<column name="exitcond_fu_422_p2">icmp, 0, 0, 1, 2, 2</column>
<column name="p_not_fu_443_p2">icmp, 0, 0, 2, 5, 5</column>
<column name="sel_tmp_fu_404_p2">icmp, 0, 0, 2, 5, 5</column>
<column name="sel_tmp1_fu_480_p2">or, 0, 0, 2, 1, 1</column>
<column name="tmp_64_fu_484_p3">select, 0, 0, 32, 1, 1</column>
</table>
</item>
<item name = "Multiplexer"><table name="" hasTotal="1">
<keys size="5">Name, LUT, Input Size, Bits, Total Bits</keys>
<column name="ap_NS_fsm">113, 25, 1, 25</column>
<column name="co_reg_101">9, 2, 6, 12</column>
<column name="grp_fu_181_p0">15, 3, 32, 96</column>
<column name="grp_fu_181_p1">15, 3, 32, 96</column>
<column name="h_reg_112">9, 2, 4, 8</column>
<column name="m_reg_147">9, 2, 2, 4</column>
<column name="n_reg_170">9, 2, 2, 4</column>
<column name="sum_1_reg_158">9, 2, 32, 64</column>
<column name="sum_reg_135">9, 2, 32, 64</column>
<column name="w_reg_123">9, 2, 4, 8</column>
</table>
</item>
<item name = "Register"><table name="" hasTotal="1">
<keys size="5">Name, FF, LUT, Bits, Const Bits</keys>
<column name="ap_CS_fsm">24, 0, 24, 0</column>
<column name="bias_addr_reg_519">6, 0, 6, 0</column>
<column name="bias_load_reg_642">32, 0, 32, 0</column>
<column name="co_5_reg_499">6, 0, 6, 0</column>
<column name="co_reg_101">6, 0, 6, 0</column>
<column name="h_5_reg_527">4, 0, 4, 0</column>
<column name="h_reg_112">4, 0, 4, 0</column>
<column name="m_5_reg_564">2, 0, 2, 0</column>
<column name="m_reg_147">2, 0, 2, 0</column>
<column name="n_5_reg_592">2, 0, 2, 0</column>
<column name="n_reg_170">2, 0, 2, 0</column>
<column name="p_not_reg_602">1, 0, 1, 0</column>
<column name="result_reg_647">32, 0, 32, 0</column>
<column name="sel_tmp_reg_579">1, 0, 1, 0</column>
<column name="sum_1_reg_158">32, 0, 32, 0</column>
<column name="sum_reg_135">32, 0, 32, 0</column>
<column name="tmp_103_cast_reg_574">11, 0, 15, 4</column>
<column name="tmp_60_reg_556">4, 0, 5, 1</column>
<column name="tmp_64_cast_reg_551">3, 0, 5, 2</column>
<column name="tmp_64_reg_627">32, 0, 32, 0</column>
<column name="tmp_65_reg_632">32, 0, 32, 0</column>
<column name="tmp_71_reg_584">13, 0, 13, 0</column>
<column name="tmp_74_reg_569">10, 0, 10, 0</column>
<column name="tmp_76_reg_597">10, 0, 10, 0</column>
<column name="tmp_77_reg_607">15, 0, 15, 0</column>
<column name="tmp_87_cast_reg_504">6, 0, 11, 5</column>
<column name="tmp_89_cast_reg_509">10, 0, 10, 0</column>
<column name="tmp_91_cast_reg_514">6, 0, 10, 4</column>
<column name="tmp_95_cast_reg_538">10, 0, 13, 3</column>
<column name="tmp_cast_36_reg_532">3, 0, 5, 2</column>
<column name="w_5_reg_546">4, 0, 4, 0</column>
<column name="w_reg_123">4, 0, 4, 0</column>
<column name="weight_load_reg_622">32, 0, 32, 0</column>
</table>
</item>
</section>
</item>
</section>

<section name = "Interface" level="0">
<item name = "Summary"><table name="" hasTotal="0">
<keys size="6">RTL Ports, Dir, Bits, Protocol, Source Object, C Type</keys>
<column name="ap_clk">in, 1, ap_ctrl_hs, subconv_3x3_16_strid, return value</column>
<column name="ap_rst">in, 1, ap_ctrl_hs, subconv_3x3_16_strid, return value</column>
<column name="ap_start">in, 1, ap_ctrl_hs, subconv_3x3_16_strid, return value</column>
<column name="ap_done">out, 1, ap_ctrl_hs, subconv_3x3_16_strid, return value</column>
<column name="ap_idle">out, 1, ap_ctrl_hs, subconv_3x3_16_strid, return value</column>
<column name="ap_ready">out, 1, ap_ctrl_hs, subconv_3x3_16_strid, return value</column>
<column name="input_r_address0">out, 14, ap_memory, input_r, array</column>
<column name="input_r_ce0">out, 1, ap_memory, input_r, array</column>
<column name="input_r_q0">in, 32, ap_memory, input_r, array</column>
<column name="weight_address0">out, 9, ap_memory, weight, array</column>
<column name="weight_ce0">out, 1, ap_memory, weight, array</column>
<column name="weight_q0">in, 32, ap_memory, weight, array</column>
<column name="bias_address0">out, 6, ap_memory, bias, array</column>
<column name="bias_ce0">out, 1, ap_memory, bias, array</column>
<column name="bias_q0">in, 32, ap_memory, bias, array</column>
<column name="output_0_address0">out, 12, ap_memory, output_0, array</column>
<column name="output_0_ce0">out, 1, ap_memory, output_0, array</column>
<column name="output_0_we0">out, 1, ap_memory, output_0, array</column>
<column name="output_0_d0">out, 32, ap_memory, output_0, array</column>
</table>
</item>
</section>
</profile>
