<stg><name>subconv_3x3_8_stride</name>


<trans_list>

<trans id="134" from="1" to="2">
<condition id="45">
<or_exp><and_exp></and_exp></or_exp>
</condition>
</trans>

<trans id="135" from="2" to="3">
<condition id="47">
<or_exp><and_exp><literal name="exitcond4" val="0"/>
</and_exp></or_exp>
</condition>
</trans>

<trans id="136" from="3" to="4">
<condition id="49">
<or_exp><and_exp><literal name="exitcond3" val="0"/>
</and_exp></or_exp>
</condition>
</trans>

<trans id="163" from="3" to="2">
<condition id="83">
<or_exp><and_exp><literal name="exitcond3" val="1"/>
</and_exp></or_exp>
</condition>
</trans>

<trans id="137" from="4" to="5">
<condition id="51">
<or_exp><and_exp><literal name="exitcond2" val="0"/>
</and_exp></or_exp>
</condition>
</trans>

<trans id="162" from="4" to="3">
<condition id="81">
<or_exp><and_exp><literal name="exitcond2" val="1"/>
</and_exp></or_exp>
</condition>
</trans>

<trans id="138" from="5" to="18">
<condition id="52">
<or_exp><and_exp><literal name="exitcond1" val="1"/>
</and_exp></or_exp>
</condition>
</trans>

<trans id="139" from="5" to="6">
<condition id="54">
<or_exp><and_exp><literal name="exitcond1" val="0"/>
</and_exp></or_exp>
</condition>
</trans>

<trans id="140" from="6" to="7">
<condition id="55">
<or_exp><and_exp><literal name="exitcond" val="0"/>
</and_exp></or_exp>
</condition>
</trans>

<trans id="153" from="6" to="5">
<condition id="70">
<or_exp><and_exp><literal name="exitcond" val="1"/>
</and_exp></or_exp>
</condition>
</trans>

<trans id="142" from="7" to="8">
<condition id="57">
<or_exp><and_exp></and_exp></or_exp>
</condition>
</trans>

<trans id="143" from="8" to="9">
<condition id="58">
<or_exp><and_exp></and_exp></or_exp>
</condition>
</trans>

<trans id="144" from="9" to="10">
<condition id="59">
<or_exp><and_exp></and_exp></or_exp>
</condition>
</trans>

<trans id="145" from="10" to="11">
<condition id="60">
<or_exp><and_exp></and_exp></or_exp>
</condition>
</trans>

<trans id="146" from="11" to="12">
<condition id="61">
<or_exp><and_exp></and_exp></or_exp>
</condition>
</trans>

<trans id="147" from="12" to="13">
<condition id="62">
<or_exp><and_exp></and_exp></or_exp>
</condition>
</trans>

<trans id="148" from="13" to="14">
<condition id="63">
<or_exp><and_exp></and_exp></or_exp>
</condition>
</trans>

<trans id="149" from="14" to="15">
<condition id="64">
<or_exp><and_exp></and_exp></or_exp>
</condition>
</trans>

<trans id="150" from="15" to="16">
<condition id="65">
<or_exp><and_exp></and_exp></or_exp>
</condition>
</trans>

<trans id="151" from="16" to="17">
<condition id="66">
<or_exp><and_exp></and_exp></or_exp>
</condition>
</trans>

<trans id="152" from="17" to="6">
<condition id="68">
<or_exp><and_exp></and_exp></or_exp>
</condition>
</trans>

<trans id="155" from="18" to="19">
<condition id="72">
<or_exp><and_exp></and_exp></or_exp>
</condition>
</trans>

<trans id="156" from="19" to="20">
<condition id="73">
<or_exp><and_exp></and_exp></or_exp>
</condition>
</trans>

<trans id="157" from="20" to="21">
<condition id="74">
<or_exp><and_exp></and_exp></or_exp>
</condition>
</trans>

<trans id="158" from="21" to="22">
<condition id="75">
<or_exp><and_exp></and_exp></or_exp>
</condition>
</trans>

<trans id="159" from="22" to="23">
<condition id="76">
<or_exp><and_exp></and_exp></or_exp>
</condition>
</trans>

<trans id="160" from="23" to="24">
<condition id="77">
<or_exp><and_exp></and_exp></or_exp>
</condition>
</trans>

<trans id="161" from="24" to="4">
<condition id="79">
<or_exp><and_exp></and_exp></or_exp>
</condition>
</trans>
</trans_list>



<state_list>

<state id="1" st_id="1">

<operation id="25" st_id="1" stage="1" lat="1">
<core>NULL</core>
<MemPortIdVec></MemPortIdVec>
<condition id="0">
<or_exp><and_exp></and_exp></or_exp>
</condition>

<Node id="5" bw="0" op_0_bw="0">
<![CDATA[
:0  br label %.loopexit

]]></Node>
<StgValue><ssdm name=""/></StgValue>
</operation>
</state>

<state id="2" st_id="2">

<operation id="26" st_id="2" stage="1" lat="1">
<core>NULL</core>
<MemPortIdVec></MemPortIdVec>
<condition id="1">
<or_exp><and_exp></and_exp></or_exp>
</condition>

<Node id="7" bw="7" op_0_bw="7" op_1_bw="0">
<![CDATA[
.loopexit:0  %co = phi i7 [ 0, %0 ], [ %co_1, %.loopexit.loopexit ]

]]></Node>
<StgValue><ssdm name="co"/></StgValue>
</operation>

<operation id="27" st_id="2" stage="1" lat="1">
<core>Cmp</core>
<MemPortIdVec></MemPortIdVec>
<condition id="1">
<or_exp><and_exp></and_exp></or_exp>
</condition>

<Node id="8" bw="1" op_0_bw="7" op_1_bw="7">
<![CDATA[
.loopexit:1  %exitcond4 = icmp eq i7 %co, -32

]]></Node>
<StgValue><ssdm name="exitcond4"/></StgValue>
</operation>

<operation id="28" st_id="2" stage="1" lat="1">
<core>NULL</core>
<MemPortIdVec></MemPortIdVec>
<condition id="1">
<or_exp><and_exp></and_exp></or_exp>
</condition>

<Node id="9" bw="32" op_0_bw="32" op_1_bw="64" op_2_bw="64" op_3_bw="64">
<![CDATA[
.loopexit:2  %empty = call i32 (...)* @_ssdm_op_SpecLoopTripCount(i64 96, i64 96, i64 96)

]]></Node>
<StgValue><ssdm name="empty"/></StgValue>
</operation>

<operation id="29" st_id="2" stage="1" lat="1">
<core>AddSub</core>
<MemPortIdVec></MemPortIdVec>
<condition id="1">
<or_exp><and_exp></and_exp></or_exp>
</condition>

<Node id="10" bw="7" op_0_bw="7" op_1_bw="7">
<![CDATA[
.loopexit:3  %co_1 = add i7 %co, 1

]]></Node>
<StgValue><ssdm name="co_1"/></StgValue>
</operation>

<operation id="30" st_id="2" stage="1" lat="1">
<core>NULL</core>
<MemPortIdVec></MemPortIdVec>
<condition id="1">
<or_exp><and_exp></and_exp></or_exp>
</condition>

<Node id="11" bw="0" op_0_bw="1" op_1_bw="0" op_2_bw="0">
<![CDATA[
.loopexit:4  br i1 %exitcond4, label %2, label %.preheader7.preheader

]]></Node>
<StgValue><ssdm name=""/></StgValue>
</operation>

<operation id="31" st_id="2" stage="1" lat="1">
<core>NULL</core>
<MemPortIdVec></MemPortIdVec>
<condition id="3">
<or_exp><and_exp><literal name="exitcond4" val="0"/>
</and_exp></or_exp>
</condition>

<Node id="13" bw="64" op_0_bw="7">
<![CDATA[
.preheader7.preheader:0  %tmp = zext i7 %co to i64

]]></Node>
<StgValue><ssdm name="tmp"/></StgValue>
</operation>

<operation id="32" st_id="2" stage="1" lat="1">
<core>NULL</core>
<MemPortIdVec></MemPortIdVec>
<condition id="3">
<or_exp><and_exp><literal name="exitcond4" val="0"/>
</and_exp></or_exp>
</condition>

<Node id="14" bw="10" op_0_bw="7">
<![CDATA[
.preheader7.preheader:1  %tmp_cast = zext i7 %co to i10

]]></Node>
<StgValue><ssdm name="tmp_cast"/></StgValue>
</operation>

<operation id="33" st_id="2" stage="1" lat="1">
<core>NULL</core>
<MemPortIdVec></MemPortIdVec>
<condition id="3">
<or_exp><and_exp><literal name="exitcond4" val="0"/>
</and_exp></or_exp>
</condition>

<Node id="15" bw="10" op_0_bw="10" op_1_bw="7" op_2_bw="3">
<![CDATA[
.preheader7.preheader:2  %tmp_s = call i10 @_ssdm_op_BitConcatenate.i10.i7.i3(i7 %co, i3 0)

]]></Node>
<StgValue><ssdm name="tmp_s"/></StgValue>
</operation>

<operation id="34" st_id="2" stage="1" lat="1">
<core>NULL</core>
<MemPortIdVec></MemPortIdVec>
<condition id="3">
<or_exp><and_exp><literal name="exitcond4" val="0"/>
</and_exp></or_exp>
</condition>

<Node id="16" bw="11" op_0_bw="10">
<![CDATA[
.preheader7.preheader:3  %tmp_15_cast = zext i10 %tmp_s to i11

]]></Node>
<StgValue><ssdm name="tmp_15_cast"/></StgValue>
</operation>

<operation id="35" st_id="2" stage="1" lat="1">
<core>NULL</core>
<MemPortIdVec></MemPortIdVec>
<condition id="3">
<or_exp><and_exp><literal name="exitcond4" val="0"/>
</and_exp></or_exp>
</condition>

<Node id="17" bw="9" op_0_bw="9" op_1_bw="7" op_2_bw="2">
<![CDATA[
.preheader7.preheader:4  %tmp_2 = call i9 @_ssdm_op_BitConcatenate.i9.i7.i2(i7 %co, i2 0)

]]></Node>
<StgValue><ssdm name="tmp_2"/></StgValue>
</operation>

<operation id="36" st_id="2" stage="1" lat="1">
<core>NULL</core>
<MemPortIdVec></MemPortIdVec>
<condition id="3">
<or_exp><and_exp><literal name="exitcond4" val="0"/>
</and_exp></or_exp>
</condition>

<Node id="18" bw="10" op_0_bw="9">
<![CDATA[
.preheader7.preheader:5  %p_shl_cast = zext i9 %tmp_2 to i10

]]></Node>
<StgValue><ssdm name="p_shl_cast"/></StgValue>
</operation>

<operation id="37" st_id="2" stage="1" lat="1">
<core>AddSub</core>
<MemPortIdVec></MemPortIdVec>
<condition id="3">
<or_exp><and_exp><literal name="exitcond4" val="0"/>
</and_exp></or_exp>
</condition>

<Node id="19" bw="10" op_0_bw="10" op_1_bw="10">
<![CDATA[
.preheader7.preheader:6  %tmp_3 = sub i10 %p_shl_cast, %tmp_cast

]]></Node>
<StgValue><ssdm name="tmp_3"/></StgValue>
</operation>

<operation id="38" st_id="2" stage="1" lat="1">
<core>NULL</core>
<MemPortIdVec></MemPortIdVec>
<condition id="3">
<or_exp><and_exp><literal name="exitcond4" val="0"/>
</and_exp></or_exp>
</condition>

<Node id="20" bw="11" op_0_bw="10">
<![CDATA[
.preheader7.preheader:7  %tmp_17_cast = sext i10 %tmp_3 to i11

]]></Node>
<StgValue><ssdm name="tmp_17_cast"/></StgValue>
</operation>

<operation id="39" st_id="2" stage="1" lat="1">
<core>NULL</core>
<MemPortIdVec></MemPortIdVec>
<condition id="3">
<or_exp><and_exp><literal name="exitcond4" val="0"/>
</and_exp></or_exp>
</condition>

<Node id="21" bw="7" op_0_bw="32" op_1_bw="64" op_2_bw="64">
<![CDATA[
.preheader7.preheader:8  %bias_addr = getelementptr [96 x float]* %bias, i64 0, i64 %tmp

]]></Node>
<StgValue><ssdm name="bias_addr"/></StgValue>
</operation>

<operation id="40" st_id="2" stage="1" lat="1">
<core>NULL</core>
<MemPortIdVec></MemPortIdVec>
<condition id="3">
<or_exp><and_exp><literal name="exitcond4" val="0"/>
</and_exp></or_exp>
</condition>

<Node id="22" bw="0" op_0_bw="0">
<![CDATA[
.preheader7.preheader:9  br label %.preheader7

]]></Node>
<StgValue><ssdm name=""/></StgValue>
</operation>

<operation id="41" st_id="2" stage="1" lat="1">
<core>NULL</core>
<MemPortIdVec></MemPortIdVec>
<condition id="5">
<or_exp><and_exp><literal name="exitcond4" val="1"/>
</and_exp></or_exp>
</condition>

<Node id="114" bw="0">
<![CDATA[
:0  ret void

]]></Node>
<StgValue><ssdm name=""/></StgValue>
</operation>
</state>

<state id="3" st_id="3">

<operation id="42" st_id="3" stage="1" lat="1">
<core>NULL</core>
<MemPortIdVec></MemPortIdVec>
<condition id="6">
<or_exp><and_exp></and_exp></or_exp>
</condition>

<Node id="24" bw="3" op_0_bw="3" op_1_bw="0">
<![CDATA[
.preheader7:0  %h = phi i3 [ 0, %.preheader7.preheader ], [ %h_1, %.preheader7.loopexit ]

]]></Node>
<StgValue><ssdm name="h"/></StgValue>
</operation>

<operation id="43" st_id="3" stage="1" lat="1">
<core>Cmp</core>
<MemPortIdVec></MemPortIdVec>
<condition id="6">
<or_exp><and_exp></and_exp></or_exp>
</condition>

<Node id="25" bw="1" op_0_bw="3" op_1_bw="3">
<![CDATA[
.preheader7:1  %exitcond3 = icmp eq i3 %h, -4

]]></Node>
<StgValue><ssdm name="exitcond3"/></StgValue>
</operation>

<operation id="44" st_id="3" stage="1" lat="1">
<core>NULL</core>
<MemPortIdVec></MemPortIdVec>
<condition id="6">
<or_exp><and_exp></and_exp></or_exp>
</condition>

<Node id="26" bw="32" op_0_bw="32" op_1_bw="64" op_2_bw="64" op_3_bw="64">
<![CDATA[
.preheader7:2  %empty_15 = call i32 (...)* @_ssdm_op_SpecLoopTripCount(i64 4, i64 4, i64 4)

]]></Node>
<StgValue><ssdm name="empty_15"/></StgValue>
</operation>

<operation id="45" st_id="3" stage="1" lat="1">
<core>AddSub</core>
<MemPortIdVec></MemPortIdVec>
<condition id="6">
<or_exp><and_exp></and_exp></or_exp>
</condition>

<Node id="27" bw="3" op_0_bw="3" op_1_bw="3">
<![CDATA[
.preheader7:3  %h_1 = add i3 %h, 1

]]></Node>
<StgValue><ssdm name="h_1"/></StgValue>
</operation>

<operation id="46" st_id="3" stage="1" lat="1">
<core>NULL</core>
<MemPortIdVec></MemPortIdVec>
<condition id="6">
<or_exp><and_exp></and_exp></or_exp>
</condition>

<Node id="28" bw="0" op_0_bw="1" op_1_bw="0" op_2_bw="0">
<![CDATA[
.preheader7:4  br i1 %exitcond3, label %.loopexit.loopexit, label %.preheader6.preheader

]]></Node>
<StgValue><ssdm name=""/></StgValue>
</operation>

<operation id="47" st_id="3" stage="1" lat="1">
<core>NULL</core>
<MemPortIdVec></MemPortIdVec>
<condition id="8">
<or_exp><and_exp><literal name="exitcond3" val="0"/>
</and_exp></or_exp>
</condition>

<Node id="30" bw="3" op_0_bw="3" op_1_bw="3">
<![CDATA[
.preheader6.preheader:0  %tmp_5 = shl i3 %h, 1

]]></Node>
<StgValue><ssdm name="tmp_5"/></StgValue>
</operation>

<operation id="48" st_id="3" stage="1" lat="1">
<core>NULL</core>
<MemPortIdVec></MemPortIdVec>
<condition id="8">
<or_exp><and_exp><literal name="exitcond3" val="0"/>
</and_exp></or_exp>
</condition>

<Node id="31" bw="4" op_0_bw="3">
<![CDATA[
.preheader6.preheader:1  %tmp_2_cast = zext i3 %tmp_5 to i4

]]></Node>
<StgValue><ssdm name="tmp_2_cast"/></StgValue>
</operation>

<operation id="49" st_id="3" stage="1" lat="1">
<core>NULL</core>
<MemPortIdVec></MemPortIdVec>
<condition id="8">
<or_exp><and_exp><literal name="exitcond3" val="0"/>
</and_exp></or_exp>
</condition>

<Node id="32" bw="10" op_0_bw="3">
<![CDATA[
.preheader6.preheader:2  %tmp_3_cast = zext i3 %h to i10

]]></Node>
<StgValue><ssdm name="tmp_3_cast"/></StgValue>
</operation>

<operation id="50" st_id="3" stage="1" lat="1">
<core>AddSub</core>
<MemPortIdVec></MemPortIdVec>
<condition id="8">
<or_exp><and_exp><literal name="exitcond3" val="0"/>
</and_exp></or_exp>
</condition>

<Node id="33" bw="10" op_0_bw="10" op_1_bw="10">
<![CDATA[
.preheader6.preheader:3  %tmp_6 = add i10 %p_shl_cast, %tmp_3_cast

]]></Node>
<StgValue><ssdm name="tmp_6"/></StgValue>
</operation>

<operation id="51" st_id="3" stage="1" lat="1">
<core>NULL</core>
<MemPortIdVec></MemPortIdVec>
<condition id="8">
<or_exp><and_exp><literal name="exitcond3" val="0"/>
</and_exp></or_exp>
</condition>

<Node id="34" bw="12" op_0_bw="12" op_1_bw="10" op_2_bw="2">
<![CDATA[
.preheader6.preheader:4  %tmp_23_cast = call i12 @_ssdm_op_BitConcatenate.i12.i10.i2(i10 %tmp_6, i2 0)

]]></Node>
<StgValue><ssdm name="tmp_23_cast"/></StgValue>
</operation>

<operation id="52" st_id="3" stage="1" lat="1">
<core>NULL</core>
<MemPortIdVec></MemPortIdVec>
<condition id="8">
<or_exp><and_exp><literal name="exitcond3" val="0"/>
</and_exp></or_exp>
</condition>

<Node id="35" bw="0" op_0_bw="0">
<![CDATA[
.preheader6.preheader:5  br label %.preheader6

]]></Node>
<StgValue><ssdm name=""/></StgValue>
</operation>

<operation id="53" st_id="3" stage="1" lat="1">
<core>NULL</core>
<MemPortIdVec></MemPortIdVec>
<condition id="10">
<or_exp><and_exp><literal name="exitcond3" val="1"/>
</and_exp></or_exp>
</condition>

<Node id="112" bw="0" op_0_bw="0">
<![CDATA[
.loopexit.loopexit:0  br label %.loopexit

]]></Node>
<StgValue><ssdm name=""/></StgValue>
</operation>
</state>

<state id="4" st_id="4">

<operation id="54" st_id="4" stage="1" lat="1">
<core>NULL</core>
<MemPortIdVec></MemPortIdVec>
<condition id="11">
<or_exp><and_exp></and_exp></or_exp>
</condition>

<Node id="37" bw="3" op_0_bw="3" op_1_bw="0">
<![CDATA[
.preheader6:0  %w = phi i3 [ %w_1, %1 ], [ 0, %.preheader6.preheader ]

]]></Node>
<StgValue><ssdm name="w"/></StgValue>
</operation>

<operation id="55" st_id="4" stage="1" lat="1">
<core>Cmp</core>
<MemPortIdVec></MemPortIdVec>
<condition id="11">
<or_exp><and_exp></and_exp></or_exp>
</condition>

<Node id="38" bw="1" op_0_bw="3" op_1_bw="3">
<![CDATA[
.preheader6:1  %exitcond2 = icmp eq i3 %w, -4

]]></Node>
<StgValue><ssdm name="exitcond2"/></StgValue>
</operation>

<operation id="56" st_id="4" stage="1" lat="1">
<core>NULL</core>
<MemPortIdVec></MemPortIdVec>
<condition id="11">
<or_exp><and_exp></and_exp></or_exp>
</condition>

<Node id="39" bw="32" op_0_bw="32" op_1_bw="64" op_2_bw="64" op_3_bw="64">
<![CDATA[
.preheader6:2  %empty_16 = call i32 (...)* @_ssdm_op_SpecLoopTripCount(i64 4, i64 4, i64 4)

]]></Node>
<StgValue><ssdm name="empty_16"/></StgValue>
</operation>

<operation id="57" st_id="4" stage="1" lat="1">
<core>AddSub</core>
<MemPortIdVec></MemPortIdVec>
<condition id="11">
<or_exp><and_exp></and_exp></or_exp>
</condition>

<Node id="40" bw="3" op_0_bw="3" op_1_bw="3">
<![CDATA[
.preheader6:3  %w_1 = add i3 %w, 1

]]></Node>
<StgValue><ssdm name="w_1"/></StgValue>
</operation>

<operation id="58" st_id="4" stage="1" lat="1">
<core>NULL</core>
<MemPortIdVec></MemPortIdVec>
<condition id="11">
<or_exp><and_exp></and_exp></or_exp>
</condition>

<Node id="41" bw="0" op_0_bw="1" op_1_bw="0" op_2_bw="0">
<![CDATA[
.preheader6:4  br i1 %exitcond2, label %.preheader7.loopexit, label %.preheader5.preheader

]]></Node>
<StgValue><ssdm name=""/></StgValue>
</operation>

<operation id="59" st_id="4" stage="1" lat="1">
<core>NULL</core>
<MemPortIdVec></MemPortIdVec>
<condition id="13">
<or_exp><and_exp><literal name="exitcond2" val="0"/>
</and_exp></or_exp>
</condition>

<Node id="43" bw="3" op_0_bw="3" op_1_bw="3">
<![CDATA[
.preheader5.preheader:0  %tmp_7 = shl i3 %w, 1

]]></Node>
<StgValue><ssdm name="tmp_7"/></StgValue>
</operation>

<operation id="60" st_id="4" stage="1" lat="1">
<core>NULL</core>
<MemPortIdVec></MemPortIdVec>
<condition id="13">
<or_exp><and_exp><literal name="exitcond2" val="0"/>
</and_exp></or_exp>
</condition>

<Node id="44" bw="4" op_0_bw="3">
<![CDATA[
.preheader5.preheader:1  %tmp_5_cast = zext i3 %tmp_7 to i4

]]></Node>
<StgValue><ssdm name="tmp_5_cast"/></StgValue>
</operation>

<operation id="61" st_id="4" stage="1" lat="1">
<core>AddSub</core>
<MemPortIdVec></MemPortIdVec>
<condition id="13">
<or_exp><and_exp><literal name="exitcond2" val="0"/>
</and_exp></or_exp>
</condition>

<Node id="45" bw="4" op_0_bw="4" op_1_bw="4">
<![CDATA[
.preheader5.preheader:2  %tmp_1 = sub i4 0, %tmp_5_cast

]]></Node>
<StgValue><ssdm name="tmp_1"/></StgValue>
</operation>

<operation id="62" st_id="4" stage="1" lat="1">
<core>NULL</core>
<MemPortIdVec></MemPortIdVec>
<condition id="13">
<or_exp><and_exp><literal name="exitcond2" val="0"/>
</and_exp></or_exp>
</condition>

<Node id="46" bw="0" op_0_bw="0">
<![CDATA[
.preheader5.preheader:3  br label %.preheader5

]]></Node>
<StgValue><ssdm name=""/></StgValue>
</operation>

<operation id="63" st_id="4" stage="1" lat="1">
<core>NULL</core>
<MemPortIdVec></MemPortIdVec>
<condition id="15">
<or_exp><and_exp><literal name="exitcond2" val="1"/>
</and_exp></or_exp>
</condition>

<Node id="110" bw="0" op_0_bw="0">
<![CDATA[
.preheader7.loopexit:0  br label %.preheader7

]]></Node>
<StgValue><ssdm name=""/></StgValue>
</operation>
</state>

<state id="5" st_id="5">

<operation id="64" st_id="5" stage="1" lat="1">
<core>NULL</core>
<MemPortIdVec></MemPortIdVec>
<condition id="16">
<or_exp><and_exp></and_exp></or_exp>
</condition>

<Node id="48" bw="32" op_0_bw="32" op_1_bw="0">
<![CDATA[
.preheader5:0  %sum = phi float [ 0.000000e+00, %.preheader5.preheader ], [ %sum_1, %.preheader5.loopexit ]

]]></Node>
<StgValue><ssdm name="sum"/></StgValue>
</operation>

<operation id="65" st_id="5" stage="1" lat="1">
<core>NULL</core>
<MemPortIdVec></MemPortIdVec>
<condition id="16">
<or_exp><and_exp></and_exp></or_exp>
</condition>

<Node id="49" bw="2" op_0_bw="2" op_1_bw="0">
<![CDATA[
.preheader5:1  %m = phi i2 [ 0, %.preheader5.preheader ], [ %m_1, %.preheader5.loopexit ]

]]></Node>
<StgValue><ssdm name="m"/></StgValue>
</operation>

<operation id="66" st_id="5" stage="1" lat="1">
<core>NULL</core>
<MemPortIdVec></MemPortIdVec>
<condition id="16">
<or_exp><and_exp></and_exp></or_exp>
</condition>

<Node id="50" bw="3" op_0_bw="2">
<![CDATA[
.preheader5:2  %m_cast8_cast = zext i2 %m to i3

]]></Node>
<StgValue><ssdm name="m_cast8_cast"/></StgValue>
</operation>

<operation id="67" st_id="5" stage="1" lat="1">
<core>Cmp</core>
<MemPortIdVec></MemPortIdVec>
<condition id="16">
<or_exp><and_exp></and_exp></or_exp>
</condition>

<Node id="51" bw="1" op_0_bw="2" op_1_bw="2">
<![CDATA[
.preheader5:3  %exitcond1 = icmp eq i2 %m, -1

]]></Node>
<StgValue><ssdm name="exitcond1"/></StgValue>
</operation>

<operation id="68" st_id="5" stage="1" lat="1">
<core>NULL</core>
<MemPortIdVec></MemPortIdVec>
<condition id="16">
<or_exp><and_exp></and_exp></or_exp>
</condition>

<Node id="52" bw="32" op_0_bw="32" op_1_bw="64" op_2_bw="64" op_3_bw="64">
<![CDATA[
.preheader5:4  %empty_17 = call i32 (...)* @_ssdm_op_SpecLoopTripCount(i64 3, i64 3, i64 3)

]]></Node>
<StgValue><ssdm name="empty_17"/></StgValue>
</operation>

<operation id="69" st_id="5" stage="1" lat="1">
<core>AddSub</core>
<MemPortIdVec></MemPortIdVec>
<condition id="16">
<or_exp><and_exp></and_exp></or_exp>
</condition>

<Node id="53" bw="2" op_0_bw="2" op_1_bw="2">
<![CDATA[
.preheader5:5  %m_1 = add i2 %m, 1

]]></Node>
<StgValue><ssdm name="m_1"/></StgValue>
</operation>

<operation id="70" st_id="5" stage="1" lat="1">
<core>NULL</core>
<MemPortIdVec></MemPortIdVec>
<condition id="16">
<or_exp><and_exp></and_exp></or_exp>
</condition>

<Node id="54" bw="0" op_0_bw="1" op_1_bw="0" op_2_bw="0">
<![CDATA[
.preheader5:6  br i1 %exitcond1, label %1, label %.preheader.preheader

]]></Node>
<StgValue><ssdm name=""/></StgValue>
</operation>

<operation id="71" st_id="5" stage="1" lat="1">
<core>NULL</core>
<MemPortIdVec></MemPortIdVec>
<condition id="18">
<or_exp><and_exp><literal name="exitcond1" val="0"/>
</and_exp></or_exp>
</condition>

<Node id="56" bw="11" op_0_bw="2">
<![CDATA[
.preheader.preheader:0  %tmp_8_cast = zext i2 %m to i11

]]></Node>
<StgValue><ssdm name="tmp_8_cast"/></StgValue>
</operation>

<operation id="72" st_id="5" stage="1" lat="1">
<core>AddSub</core>
<MemPortIdVec></MemPortIdVec>
<condition id="18">
<or_exp><and_exp><literal name="exitcond1" val="0"/>
</and_exp></or_exp>
</condition>

<Node id="57" bw="11" op_0_bw="11" op_1_bw="11">
<![CDATA[
.preheader.preheader:1  %tmp_11 = add i11 %tmp_8_cast, %tmp_17_cast

]]></Node>
<StgValue><ssdm name="tmp_11"/></StgValue>
</operation>

<operation id="73" st_id="5" stage="1" lat="1">
<core>NULL</core>
<MemPortIdVec></MemPortIdVec>
<condition id="18">
<or_exp><and_exp><literal name="exitcond1" val="0"/>
</and_exp></or_exp>
</condition>

<Node id="58" bw="11" op_0_bw="11" op_1_bw="11">
<![CDATA[
.preheader.preheader:2  %tmp_14 = shl i11 %tmp_11, 2

]]></Node>
<StgValue><ssdm name="tmp_14"/></StgValue>
</operation>

<operation id="74" st_id="5" stage="1" lat="1">
<core>AddSub</core>
<MemPortIdVec></MemPortIdVec>
<condition id="18">
<or_exp><and_exp><literal name="exitcond1" val="0"/>
</and_exp></or_exp>
</condition>

<Node id="59" bw="11" op_0_bw="11" op_1_bw="11">
<![CDATA[
.preheader.preheader:3  %tmp_15 = sub i11 %tmp_14, %tmp_11

]]></Node>
<StgValue><ssdm name="tmp_15"/></StgValue>
</operation>

<operation id="75" st_id="5" stage="1" lat="1">
<core>AddSub</core>
<MemPortIdVec></MemPortIdVec>
<condition id="18">
<or_exp><and_exp><literal name="exitcond1" val="0"/>
</and_exp></or_exp>
</condition>

<Node id="60" bw="2" op_0_bw="2" op_1_bw="2">
<![CDATA[
.preheader.preheader:4  %tmp3 = add i2 -1, %m

]]></Node>
<StgValue><ssdm name="tmp3"/></StgValue>
</operation>

<operation id="76" st_id="5" stage="1" lat="1">
<core>NULL</core>
<MemPortIdVec></MemPortIdVec>
<condition id="18">
<or_exp><and_exp><literal name="exitcond1" val="0"/>
</and_exp></or_exp>
</condition>

<Node id="61" bw="4" op_0_bw="2">
<![CDATA[
.preheader.preheader:5  %tmp3_cast = sext i2 %tmp3 to i4

]]></Node>
<StgValue><ssdm name="tmp3_cast"/></StgValue>
</operation>

<operation id="77" st_id="5" stage="1" lat="1">
<core>AddSub</core>
<MemPortIdVec></MemPortIdVec>
<condition id="18">
<or_exp><and_exp><literal name="exitcond1" val="0"/>
</and_exp></or_exp>
</condition>

<Node id="62" bw="4" op_0_bw="4" op_1_bw="4">
<![CDATA[
.preheader.preheader:6  %tmp_4 = add i4 %tmp3_cast, %tmp_2_cast

]]></Node>
<StgValue><ssdm name="tmp_4"/></StgValue>
</operation>

<operation id="78" st_id="5" stage="1" lat="1">
<core>NULL</core>
<MemPortIdVec></MemPortIdVec>
<condition id="18">
<or_exp><and_exp><literal name="exitcond1" val="0"/>
</and_exp></or_exp>
</condition>

<Node id="63" bw="11" op_0_bw="4">
<![CDATA[
.preheader.preheader:7  %tmp_7_cast = sext i4 %tmp_4 to i11

]]></Node>
<StgValue><ssdm name="tmp_7_cast"/></StgValue>
</operation>

<operation id="79" st_id="5" stage="1" lat="1">
<core>AddSub</core>
<MemPortIdVec></MemPortIdVec>
<condition id="18">
<or_exp><and_exp><literal name="exitcond1" val="0"/>
</and_exp></or_exp>
</condition>

<Node id="64" bw="11" op_0_bw="11" op_1_bw="11">
<![CDATA[
.preheader.preheader:8  %tmp_16 = add i11 %tmp_7_cast, %tmp_15_cast

]]></Node>
<StgValue><ssdm name="tmp_16"/></StgValue>
</operation>

<operation id="80" st_id="5" stage="1" lat="1">
<core>NULL</core>
<MemPortIdVec></MemPortIdVec>
<condition id="18">
<or_exp><and_exp><literal name="exitcond1" val="0"/>
</and_exp></or_exp>
</condition>

<Node id="65" bw="14" op_0_bw="14" op_1_bw="11" op_2_bw="3">
<![CDATA[
.preheader.preheader:9  %tmp_31_cast = call i14 @_ssdm_op_BitConcatenate.i14.i11.i3(i11 %tmp_16, i3 0)

]]></Node>
<StgValue><ssdm name="tmp_31_cast"/></StgValue>
</operation>

<operation id="81" st_id="5" stage="1" lat="1">
<core>AddSub</core>
<MemPortIdVec></MemPortIdVec>
<condition id="18">
<or_exp><and_exp><literal name="exitcond1" val="0"/>
</and_exp></or_exp>
</condition>

<Node id="66" bw="3" op_0_bw="3" op_1_bw="3">
<![CDATA[
.preheader.preheader:10  %tmp_9 = sub i3 0, %m_cast8_cast

]]></Node>
<StgValue><ssdm name="tmp_9"/></StgValue>
</operation>

<operation id="82" st_id="5" stage="1" lat="1">
<core>NULL</core>
<MemPortIdVec></MemPortIdVec>
<condition id="18">
<or_exp><and_exp><literal name="exitcond1" val="0"/>
</and_exp></or_exp>
</condition>

<Node id="67" bw="4" op_0_bw="3">
<![CDATA[
.preheader.preheader:11  %tmp_9_cast = sext i3 %tmp_9 to i4

]]></Node>
<StgValue><ssdm name="tmp_9_cast"/></StgValue>
</operation>

<operation id="83" st_id="5" stage="1" lat="1">
<core>Cmp</core>
<MemPortIdVec></MemPortIdVec>
<condition id="18">
<or_exp><and_exp><literal name="exitcond1" val="0"/>
</and_exp></or_exp>
</condition>

<Node id="68" bw="1" op_0_bw="4" op_1_bw="4">
<![CDATA[
.preheader.preheader:12  %sel_tmp = icmp eq i4 %tmp_2_cast, %tmp_9_cast

]]></Node>
<StgValue><ssdm name="sel_tmp"/></StgValue>
</operation>

<operation id="84" st_id="5" stage="1" lat="1">
<core>NULL</core>
<MemPortIdVec></MemPortIdVec>
<condition id="18">
<or_exp><and_exp><literal name="exitcond1" val="0"/>
</and_exp></or_exp>
</condition>

<Node id="69" bw="0" op_0_bw="0">
<![CDATA[
.preheader.preheader:13  br label %.preheader

]]></Node>
<StgValue><ssdm name=""/></StgValue>
</operation>

<operation id="85" st_id="5" stage="2" lat="2">
<core>RAM</core>
<MemPortIdVec></MemPortIdVec>
<condition id="20">
<or_exp><and_exp><literal name="exitcond1" val="1"/>
</and_exp></or_exp>
</condition>

<Node id="101" bw="32" op_0_bw="7">
<![CDATA[
:0  %bias_load = load float* %bias_addr, align 4

]]></Node>
<StgValue><ssdm name="bias_load"/></StgValue>
</operation>

<operation id="86" st_id="5" stage="1" lat="1">
<core>NULL</core>
<MemPortIdVec></MemPortIdVec>
<condition id="20">
<or_exp><and_exp><literal name="exitcond1" val="1"/>
</and_exp></or_exp>
</condition>

<Node id="103" bw="12" op_0_bw="3">
<![CDATA[
:2  %tmp_6_cast = zext i3 %w to i12

]]></Node>
<StgValue><ssdm name="tmp_6_cast"/></StgValue>
</operation>

<operation id="87" st_id="5" stage="1" lat="1">
<core>AddSub</core>
<MemPortIdVec></MemPortIdVec>
<condition id="20">
<or_exp><and_exp><literal name="exitcond1" val="1"/>
</and_exp></or_exp>
</condition>

<Node id="104" bw="12" op_0_bw="12" op_1_bw="12">
<![CDATA[
:3  %tmp_8 = add i12 %tmp_23_cast, %tmp_6_cast

]]></Node>
<StgValue><ssdm name="tmp_8"/></StgValue>
</operation>
</state>

<state id="6" st_id="6">

<operation id="88" st_id="6" stage="1" lat="1">
<core>NULL</core>
<MemPortIdVec></MemPortIdVec>
<condition id="21">
<or_exp><and_exp></and_exp></or_exp>
</condition>

<Node id="71" bw="32" op_0_bw="32" op_1_bw="0">
<![CDATA[
.preheader:0  %sum_1 = phi float [ %sum_2, %_ifconv ], [ %sum, %.preheader.preheader ]

]]></Node>
<StgValue><ssdm name="sum_1"/></StgValue>
</operation>

<operation id="89" st_id="6" stage="1" lat="1">
<core>NULL</core>
<MemPortIdVec></MemPortIdVec>
<condition id="21">
<or_exp><and_exp></and_exp></or_exp>
</condition>

<Node id="72" bw="2" op_0_bw="2" op_1_bw="0">
<![CDATA[
.preheader:1  %n = phi i2 [ %n_1, %_ifconv ], [ 0, %.preheader.preheader ]

]]></Node>
<StgValue><ssdm name="n"/></StgValue>
</operation>

<operation id="90" st_id="6" stage="1" lat="1">
<core>NULL</core>
<MemPortIdVec></MemPortIdVec>
<condition id="21">
<or_exp><and_exp></and_exp></or_exp>
</condition>

<Node id="73" bw="4" op_0_bw="2">
<![CDATA[
.preheader:2  %n_cast6 = zext i2 %n to i4

]]></Node>
<StgValue><ssdm name="n_cast6"/></StgValue>
</operation>

<operation id="91" st_id="6" stage="1" lat="1">
<core>Cmp</core>
<MemPortIdVec></MemPortIdVec>
<condition id="21">
<or_exp><and_exp></and_exp></or_exp>
</condition>

<Node id="74" bw="1" op_0_bw="2" op_1_bw="2">
<![CDATA[
.preheader:3  %exitcond = icmp eq i2 %n, -1

]]></Node>
<StgValue><ssdm name="exitcond"/></StgValue>
</operation>

<operation id="92" st_id="6" stage="1" lat="1">
<core>NULL</core>
<MemPortIdVec></MemPortIdVec>
<condition id="21">
<or_exp><and_exp></and_exp></or_exp>
</condition>

<Node id="75" bw="32" op_0_bw="32" op_1_bw="64" op_2_bw="64" op_3_bw="64">
<![CDATA[
.preheader:4  %empty_18 = call i32 (...)* @_ssdm_op_SpecLoopTripCount(i64 3, i64 3, i64 3)

]]></Node>
<StgValue><ssdm name="empty_18"/></StgValue>
</operation>

<operation id="93" st_id="6" stage="1" lat="1">
<core>AddSub</core>
<MemPortIdVec></MemPortIdVec>
<condition id="21">
<or_exp><and_exp></and_exp></or_exp>
</condition>

<Node id="76" bw="2" op_0_bw="2" op_1_bw="2">
<![CDATA[
.preheader:5  %n_1 = add i2 %n, 1

]]></Node>
<StgValue><ssdm name="n_1"/></StgValue>
</operation>

<operation id="94" st_id="6" stage="1" lat="1">
<core>NULL</core>
<MemPortIdVec></MemPortIdVec>
<condition id="21">
<or_exp><and_exp></and_exp></or_exp>
</condition>

<Node id="77" bw="0" op_0_bw="1" op_1_bw="0" op_2_bw="0">
<![CDATA[
.preheader:6  br i1 %exitcond, label %.preheader5.loopexit, label %_ifconv

]]></Node>
<StgValue><ssdm name=""/></StgValue>
</operation>

<operation id="95" st_id="6" stage="1" lat="1">
<core>NULL</core>
<MemPortIdVec></MemPortIdVec>
<condition id="23">
<or_exp><and_exp><literal name="exitcond" val="0"/>
</and_exp></or_exp>
</condition>

<Node id="79" bw="11" op_0_bw="2">
<![CDATA[
_ifconv:0  %tmp_cast_19 = zext i2 %n to i11

]]></Node>
<StgValue><ssdm name="tmp_cast_19"/></StgValue>
</operation>

<operation id="96" st_id="6" stage="1" lat="1">
<core>AddSub</core>
<MemPortIdVec></MemPortIdVec>
<condition id="23">
<or_exp><and_exp><literal name="exitcond" val="0"/>
</and_exp></or_exp>
</condition>

<Node id="80" bw="11" op_0_bw="11" op_1_bw="11">
<![CDATA[
_ifconv:1  %tmp_17 = add i11 %tmp_15, %tmp_cast_19

]]></Node>
<StgValue><ssdm name="tmp_17"/></StgValue>
</operation>

<operation id="97" st_id="6" stage="1" lat="1">
<core>Cmp</core>
<MemPortIdVec></MemPortIdVec>
<condition id="23">
<or_exp><and_exp><literal name="exitcond" val="0"/>
</and_exp></or_exp>
</condition>

<Node id="84" bw="1" op_0_bw="4" op_1_bw="4">
<![CDATA[
_ifconv:5  %p_not = icmp eq i4 %n_cast6, %tmp_1

]]></Node>
<StgValue><ssdm name="p_not"/></StgValue>
</operation>

<operation id="98" st_id="6" stage="1" lat="1">
<core>AddSub</core>
<MemPortIdVec></MemPortIdVec>
<condition id="23">
<or_exp><and_exp><literal name="exitcond" val="0"/>
</and_exp></or_exp>
</condition>

<Node id="85" bw="2" op_0_bw="2" op_1_bw="2">
<![CDATA[
_ifconv:6  %tmp4 = add i2 %n, -1

]]></Node>
<StgValue><ssdm name="tmp4"/></StgValue>
</operation>

<operation id="99" st_id="6" stage="1" lat="1">
<core>NULL</core>
<MemPortIdVec></MemPortIdVec>
<condition id="23">
<or_exp><and_exp><literal name="exitcond" val="0"/>
</and_exp></or_exp>
</condition>

<Node id="86" bw="4" op_0_bw="2">
<![CDATA[
_ifconv:7  %tmp4_cast = sext i2 %tmp4 to i4

]]></Node>
<StgValue><ssdm name="tmp4_cast"/></StgValue>
</operation>

<operation id="100" st_id="6" stage="1" lat="1">
<core>AddSub</core>
<MemPortIdVec></MemPortIdVec>
<condition id="23">
<or_exp><and_exp><literal name="exitcond" val="0"/>
</and_exp></or_exp>
</condition>

<Node id="87" bw="4" op_0_bw="4" op_1_bw="4">
<![CDATA[
_ifconv:8  %tmp_10 = add i4 %tmp_5_cast, %tmp4_cast

]]></Node>
<StgValue><ssdm name="tmp_10"/></StgValue>
</operation>

<operation id="101" st_id="6" stage="1" lat="1">
<core>NULL</core>
<MemPortIdVec></MemPortIdVec>
<condition id="23">
<or_exp><and_exp><literal name="exitcond" val="0"/>
</and_exp></or_exp>
</condition>

<Node id="88" bw="14" op_0_bw="4">
<![CDATA[
_ifconv:9  %tmp_11_cast = sext i4 %tmp_10 to i14

]]></Node>
<StgValue><ssdm name="tmp_11_cast"/></StgValue>
</operation>

<operation id="102" st_id="6" stage="1" lat="1">
<core>AddSub</core>
<MemPortIdVec></MemPortIdVec>
<condition id="23">
<or_exp><and_exp><literal name="exitcond" val="0"/>
</and_exp></or_exp>
</condition>

<Node id="89" bw="14" op_0_bw="14" op_1_bw="14">
<![CDATA[
_ifconv:10  %tmp_18 = add i14 %tmp_31_cast, %tmp_11_cast

]]></Node>
<StgValue><ssdm name="tmp_18"/></StgValue>
</operation>

<operation id="103" st_id="6" stage="1" lat="1">
<core>NULL</core>
<MemPortIdVec></MemPortIdVec>
<condition id="25">
<or_exp><and_exp><literal name="exitcond" val="1"/>
</and_exp></or_exp>
</condition>

<Node id="99" bw="0" op_0_bw="0">
<![CDATA[
.preheader5.loopexit:0  br label %.preheader5

]]></Node>
<StgValue><ssdm name=""/></StgValue>
</operation>
</state>

<state id="7" st_id="7">

<operation id="104" st_id="7" stage="1" lat="1">
<core>NULL</core>
<MemPortIdVec></MemPortIdVec>
<condition id="26">
<or_exp><and_exp></and_exp></or_exp>
</condition>

<Node id="81" bw="64" op_0_bw="11">
<![CDATA[
_ifconv:2  %tmp_32_cast = zext i11 %tmp_17 to i64

]]></Node>
<StgValue><ssdm name="tmp_32_cast"/></StgValue>
</operation>

<operation id="105" st_id="7" stage="1" lat="1">
<core>NULL</core>
<MemPortIdVec></MemPortIdVec>
<condition id="26">
<or_exp><and_exp></and_exp></or_exp>
</condition>

<Node id="82" bw="10" op_0_bw="32" op_1_bw="64" op_2_bw="64">
<![CDATA[
_ifconv:3  %weight_addr = getelementptr [864 x float]* %weight, i64 0, i64 %tmp_32_cast

]]></Node>
<StgValue><ssdm name="weight_addr"/></StgValue>
</operation>

<operation id="106" st_id="7" stage="2" lat="2">
<core>RAM</core>
<MemPortIdVec></MemPortIdVec>
<condition id="26">
<or_exp><and_exp></and_exp></or_exp>
</condition>

<Node id="83" bw="32" op_0_bw="10">
<![CDATA[
_ifconv:4  %weight_load = load float* %weight_addr, align 4

]]></Node>
<StgValue><ssdm name="weight_load"/></StgValue>
</operation>

<operation id="107" st_id="7" stage="1" lat="1">
<core>NULL</core>
<MemPortIdVec></MemPortIdVec>
<condition id="26">
<or_exp><and_exp></and_exp></or_exp>
</condition>

<Node id="90" bw="64" op_0_bw="14">
<![CDATA[
_ifconv:11  %tmp_33_cast = zext i14 %tmp_18 to i64

]]></Node>
<StgValue><ssdm name="tmp_33_cast"/></StgValue>
</operation>

<operation id="108" st_id="7" stage="1" lat="1">
<core>NULL</core>
<MemPortIdVec></MemPortIdVec>
<condition id="26">
<or_exp><and_exp></and_exp></or_exp>
</condition>

<Node id="91" bw="13" op_0_bw="32" op_1_bw="64" op_2_bw="64">
<![CDATA[
_ifconv:12  %input_addr = getelementptr [6144 x float]* %input_r, i64 0, i64 %tmp_33_cast

]]></Node>
<StgValue><ssdm name="input_addr"/></StgValue>
</operation>

<operation id="109" st_id="7" stage="2" lat="2">
<core>RAM</core>
<MemPortIdVec></MemPortIdVec>
<condition id="26">
<or_exp><and_exp></and_exp></or_exp>
</condition>

<Node id="92" bw="32" op_0_bw="13">
<![CDATA[
_ifconv:13  %input_load = load float* %input_addr, align 4

]]></Node>
<StgValue><ssdm name="input_load"/></StgValue>
</operation>
</state>

<state id="8" st_id="8">

<operation id="110" st_id="8" stage="1" lat="2">
<core>RAM</core>
<MemPortIdVec></MemPortIdVec>
<condition id="27">
<or_exp><and_exp></and_exp></or_exp>
</condition>

<Node id="83" bw="32" op_0_bw="10">
<![CDATA[
_ifconv:4  %weight_load = load float* %weight_addr, align 4

]]></Node>
<StgValue><ssdm name="weight_load"/></StgValue>
</operation>

<operation id="111" st_id="8" stage="1" lat="2">
<core>RAM</core>
<MemPortIdVec></MemPortIdVec>
<condition id="27">
<or_exp><and_exp></and_exp></or_exp>
</condition>

<Node id="92" bw="32" op_0_bw="13">
<![CDATA[
_ifconv:13  %input_load = load float* %input_addr, align 4

]]></Node>
<StgValue><ssdm name="input_load"/></StgValue>
</operation>

<operation id="112" st_id="8" stage="1" lat="1">
<core>LogicGate</core>
<MemPortIdVec></MemPortIdVec>
<condition id="27">
<or_exp><and_exp></and_exp></or_exp>
</condition>

<Node id="93" bw="1" op_0_bw="1" op_1_bw="1">
<![CDATA[
_ifconv:14  %sel_tmp1 = or i1 %sel_tmp, %p_not

]]></Node>
<StgValue><ssdm name="sel_tmp1"/></StgValue>
</operation>

<operation id="113" st_id="8" stage="1" lat="1">
<core>Sel</core>
<MemPortIdVec></MemPortIdVec>
<condition id="27">
<or_exp><and_exp></and_exp></or_exp>
</condition>

<Node id="94" bw="32" op_0_bw="1" op_1_bw="32" op_2_bw="32">
<![CDATA[
_ifconv:15  %tmp_12 = select i1 %sel_tmp1, float 0.000000e+00, float %input_load

]]></Node>
<StgValue><ssdm name="tmp_12"/></StgValue>
</operation>
</state>

<state id="9" st_id="9">

<operation id="114" st_id="9" stage="4" lat="4">
<core>FMul</core>
<MemPortIdVec></MemPortIdVec>
<condition id="28">
<or_exp><and_exp></and_exp></or_exp>
</condition>

<Node id="95" bw="32" op_0_bw="32" op_1_bw="32">
<![CDATA[
_ifconv:16  %tmp_13 = fmul float %weight_load, %tmp_12

]]></Node>
<StgValue><ssdm name="tmp_13"/></StgValue>
</operation>
</state>

<state id="10" st_id="10">

<operation id="115" st_id="10" stage="3" lat="4">
<core>FMul</core>
<MemPortIdVec></MemPortIdVec>
<condition id="29">
<or_exp><and_exp></and_exp></or_exp>
</condition>

<Node id="95" bw="32" op_0_bw="32" op_1_bw="32">
<![CDATA[
_ifconv:16  %tmp_13 = fmul float %weight_load, %tmp_12

]]></Node>
<StgValue><ssdm name="tmp_13"/></StgValue>
</operation>
</state>

<state id="11" st_id="11">

<operation id="116" st_id="11" stage="2" lat="4">
<core>FMul</core>
<MemPortIdVec></MemPortIdVec>
<condition id="30">
<or_exp><and_exp></and_exp></or_exp>
</condition>

<Node id="95" bw="32" op_0_bw="32" op_1_bw="32">
<![CDATA[
_ifconv:16  %tmp_13 = fmul float %weight_load, %tmp_12

]]></Node>
<StgValue><ssdm name="tmp_13"/></StgValue>
</operation>
</state>

<state id="12" st_id="12">

<operation id="117" st_id="12" stage="1" lat="4">
<core>FMul</core>
<MemPortIdVec></MemPortIdVec>
<condition id="31">
<or_exp><and_exp></and_exp></or_exp>
</condition>

<Node id="95" bw="32" op_0_bw="32" op_1_bw="32">
<![CDATA[
_ifconv:16  %tmp_13 = fmul float %weight_load, %tmp_12

]]></Node>
<StgValue><ssdm name="tmp_13"/></StgValue>
</operation>
</state>

<state id="13" st_id="13">

<operation id="118" st_id="13" stage="5" lat="5">
<core>FAddSub</core>
<MemPortIdVec></MemPortIdVec>
<condition id="32">
<or_exp><and_exp></and_exp></or_exp>
</condition>

<Node id="96" bw="32" op_0_bw="32" op_1_bw="32">
<![CDATA[
_ifconv:17  %sum_2 = fadd float %sum_1, %tmp_13

]]></Node>
<StgValue><ssdm name="sum_2"/></StgValue>
</operation>
</state>

<state id="14" st_id="14">

<operation id="119" st_id="14" stage="4" lat="5">
<core>FAddSub</core>
<MemPortIdVec></MemPortIdVec>
<condition id="33">
<or_exp><and_exp></and_exp></or_exp>
</condition>

<Node id="96" bw="32" op_0_bw="32" op_1_bw="32">
<![CDATA[
_ifconv:17  %sum_2 = fadd float %sum_1, %tmp_13

]]></Node>
<StgValue><ssdm name="sum_2"/></StgValue>
</operation>
</state>

<state id="15" st_id="15">

<operation id="120" st_id="15" stage="3" lat="5">
<core>FAddSub</core>
<MemPortIdVec></MemPortIdVec>
<condition id="34">
<or_exp><and_exp></and_exp></or_exp>
</condition>

<Node id="96" bw="32" op_0_bw="32" op_1_bw="32">
<![CDATA[
_ifconv:17  %sum_2 = fadd float %sum_1, %tmp_13

]]></Node>
<StgValue><ssdm name="sum_2"/></StgValue>
</operation>
</state>

<state id="16" st_id="16">

<operation id="121" st_id="16" stage="2" lat="5">
<core>FAddSub</core>
<MemPortIdVec></MemPortIdVec>
<condition id="35">
<or_exp><and_exp></and_exp></or_exp>
</condition>

<Node id="96" bw="32" op_0_bw="32" op_1_bw="32">
<![CDATA[
_ifconv:17  %sum_2 = fadd float %sum_1, %tmp_13

]]></Node>
<StgValue><ssdm name="sum_2"/></StgValue>
</operation>
</state>

<state id="17" st_id="17">

<operation id="122" st_id="17" stage="1" lat="5">
<core>FAddSub</core>
<MemPortIdVec></MemPortIdVec>
<condition id="36">
<or_exp><and_exp></and_exp></or_exp>
</condition>

<Node id="96" bw="32" op_0_bw="32" op_1_bw="32">
<![CDATA[
_ifconv:17  %sum_2 = fadd float %sum_1, %tmp_13

]]></Node>
<StgValue><ssdm name="sum_2"/></StgValue>
</operation>

<operation id="123" st_id="17" stage="1" lat="1">
<core>NULL</core>
<MemPortIdVec></MemPortIdVec>
<condition id="36">
<or_exp><and_exp></and_exp></or_exp>
</condition>

<Node id="97" bw="0" op_0_bw="0">
<![CDATA[
_ifconv:18  br label %.preheader

]]></Node>
<StgValue><ssdm name=""/></StgValue>
</operation>
</state>

<state id="18" st_id="18">

<operation id="124" st_id="18" stage="1" lat="2">
<core>RAM</core>
<MemPortIdVec></MemPortIdVec>
<condition id="37">
<or_exp><and_exp></and_exp></or_exp>
</condition>

<Node id="101" bw="32" op_0_bw="7">
<![CDATA[
:0  %bias_load = load float* %bias_addr, align 4

]]></Node>
<StgValue><ssdm name="bias_load"/></StgValue>
</operation>
</state>

<state id="19" st_id="19">

<operation id="125" st_id="19" stage="5" lat="5">
<core>FAddSub</core>
<MemPortIdVec></MemPortIdVec>
<condition id="38">
<or_exp><and_exp></and_exp></or_exp>
</condition>

<Node id="102" bw="32" op_0_bw="32" op_1_bw="32">
<![CDATA[
:1  %result = fadd float %sum, %bias_load

]]></Node>
<StgValue><ssdm name="result"/></StgValue>
</operation>
</state>

<state id="20" st_id="20">

<operation id="126" st_id="20" stage="4" lat="5">
<core>FAddSub</core>
<MemPortIdVec></MemPortIdVec>
<condition id="39">
<or_exp><and_exp></and_exp></or_exp>
</condition>

<Node id="102" bw="32" op_0_bw="32" op_1_bw="32">
<![CDATA[
:1  %result = fadd float %sum, %bias_load

]]></Node>
<StgValue><ssdm name="result"/></StgValue>
</operation>
</state>

<state id="21" st_id="21">

<operation id="127" st_id="21" stage="3" lat="5">
<core>FAddSub</core>
<MemPortIdVec></MemPortIdVec>
<condition id="40">
<or_exp><and_exp></and_exp></or_exp>
</condition>

<Node id="102" bw="32" op_0_bw="32" op_1_bw="32">
<![CDATA[
:1  %result = fadd float %sum, %bias_load

]]></Node>
<StgValue><ssdm name="result"/></StgValue>
</operation>
</state>

<state id="22" st_id="22">

<operation id="128" st_id="22" stage="2" lat="5">
<core>FAddSub</core>
<MemPortIdVec></MemPortIdVec>
<condition id="41">
<or_exp><and_exp></and_exp></or_exp>
</condition>

<Node id="102" bw="32" op_0_bw="32" op_1_bw="32">
<![CDATA[
:1  %result = fadd float %sum, %bias_load

]]></Node>
<StgValue><ssdm name="result"/></StgValue>
</operation>
</state>

<state id="23" st_id="23">

<operation id="129" st_id="23" stage="1" lat="5">
<core>FAddSub</core>
<MemPortIdVec></MemPortIdVec>
<condition id="42">
<or_exp><and_exp></and_exp></or_exp>
</condition>

<Node id="102" bw="32" op_0_bw="32" op_1_bw="32">
<![CDATA[
:1  %result = fadd float %sum, %bias_load

]]></Node>
<StgValue><ssdm name="result"/></StgValue>
</operation>
</state>

<state id="24" st_id="24">

<operation id="130" st_id="24" stage="1" lat="1">
<core>NULL</core>
<MemPortIdVec></MemPortIdVec>
<condition id="43">
<or_exp><and_exp></and_exp></or_exp>
</condition>

<Node id="105" bw="64" op_0_bw="12">
<![CDATA[
:4  %tmp_25_cast = zext i12 %tmp_8 to i64

]]></Node>
<StgValue><ssdm name="tmp_25_cast"/></StgValue>
</operation>

<operation id="131" st_id="24" stage="1" lat="1">
<core>NULL</core>
<MemPortIdVec></MemPortIdVec>
<condition id="43">
<or_exp><and_exp></and_exp></or_exp>
</condition>

<Node id="106" bw="11" op_0_bw="32" op_1_bw="64" op_2_bw="64">
<![CDATA[
:5  %output_0_addr = getelementptr [1536 x float]* %output_0, i64 0, i64 %tmp_25_cast

]]></Node>
<StgValue><ssdm name="output_0_addr"/></StgValue>
</operation>

<operation id="132" st_id="24" stage="1" lat="1">
<core>RAM</core>
<MemPortIdVec></MemPortIdVec>
<condition id="43">
<or_exp><and_exp></and_exp></or_exp>
</condition>

<Node id="107" bw="0" op_0_bw="32" op_1_bw="11">
<![CDATA[
:6  store float %result, float* %output_0_addr, align 4

]]></Node>
<StgValue><ssdm name=""/></StgValue>
</operation>

<operation id="133" st_id="24" stage="1" lat="1">
<core>NULL</core>
<MemPortIdVec></MemPortIdVec>
<condition id="43">
<or_exp><and_exp></and_exp></or_exp>
</condition>

<Node id="108" bw="0" op_0_bw="0">
<![CDATA[
:7  br label %.preheader6

]]></Node>
<StgValue><ssdm name=""/></StgValue>
</operation>
</state>
</state_list>


<ports>
</ports>


<dataflows>
</dataflows>


</stg>
