<stg><name>subconv_3x3_8_no_rel</name>


<trans_list>

<trans id="139" from="1" to="2">
<condition id="45">
<or_exp><and_exp></and_exp></or_exp>
</condition>
</trans>

<trans id="140" from="2" to="3">
<condition id="47">
<or_exp><and_exp><literal name="exitcond4" val="0"/>
</and_exp></or_exp>
</condition>
</trans>

<trans id="141" from="3" to="4">
<condition id="49">
<or_exp><and_exp><literal name="exitcond3" val="0"/>
</and_exp></or_exp>
</condition>
</trans>

<trans id="168" from="3" to="2">
<condition id="83">
<or_exp><and_exp><literal name="exitcond3" val="1"/>
</and_exp></or_exp>
</condition>
</trans>

<trans id="142" from="4" to="5">
<condition id="51">
<or_exp><and_exp><literal name="exitcond2" val="0"/>
</and_exp></or_exp>
</condition>
</trans>

<trans id="167" from="4" to="3">
<condition id="81">
<or_exp><and_exp><literal name="exitcond2" val="1"/>
</and_exp></or_exp>
</condition>
</trans>

<trans id="143" from="5" to="18">
<condition id="52">
<or_exp><and_exp><literal name="exitcond1" val="1"/>
</and_exp></or_exp>
</condition>
</trans>

<trans id="144" from="5" to="6">
<condition id="54">
<or_exp><and_exp><literal name="exitcond1" val="0"/>
</and_exp></or_exp>
</condition>
</trans>

<trans id="145" from="6" to="7">
<condition id="55">
<or_exp><and_exp><literal name="exitcond" val="0"/>
</and_exp></or_exp>
</condition>
</trans>

<trans id="158" from="6" to="5">
<condition id="70">
<or_exp><and_exp><literal name="exitcond" val="1"/>
</and_exp></or_exp>
</condition>
</trans>

<trans id="147" from="7" to="8">
<condition id="57">
<or_exp><and_exp></and_exp></or_exp>
</condition>
</trans>

<trans id="148" from="8" to="9">
<condition id="58">
<or_exp><and_exp></and_exp></or_exp>
</condition>
</trans>

<trans id="149" from="9" to="10">
<condition id="59">
<or_exp><and_exp></and_exp></or_exp>
</condition>
</trans>

<trans id="150" from="10" to="11">
<condition id="60">
<or_exp><and_exp></and_exp></or_exp>
</condition>
</trans>

<trans id="151" from="11" to="12">
<condition id="61">
<or_exp><and_exp></and_exp></or_exp>
</condition>
</trans>

<trans id="152" from="12" to="13">
<condition id="62">
<or_exp><and_exp></and_exp></or_exp>
</condition>
</trans>

<trans id="153" from="13" to="14">
<condition id="63">
<or_exp><and_exp></and_exp></or_exp>
</condition>
</trans>

<trans id="154" from="14" to="15">
<condition id="64">
<or_exp><and_exp></and_exp></or_exp>
</condition>
</trans>

<trans id="155" from="15" to="16">
<condition id="65">
<or_exp><and_exp></and_exp></or_exp>
</condition>
</trans>

<trans id="156" from="16" to="17">
<condition id="66">
<or_exp><and_exp></and_exp></or_exp>
</condition>
</trans>

<trans id="157" from="17" to="6">
<condition id="68">
<or_exp><and_exp></and_exp></or_exp>
</condition>
</trans>

<trans id="160" from="18" to="19">
<condition id="72">
<or_exp><and_exp></and_exp></or_exp>
</condition>
</trans>

<trans id="161" from="19" to="20">
<condition id="73">
<or_exp><and_exp></and_exp></or_exp>
</condition>
</trans>

<trans id="162" from="20" to="21">
<condition id="74">
<or_exp><and_exp></and_exp></or_exp>
</condition>
</trans>

<trans id="163" from="21" to="22">
<condition id="75">
<or_exp><and_exp></and_exp></or_exp>
</condition>
</trans>

<trans id="164" from="22" to="23">
<condition id="76">
<or_exp><and_exp></and_exp></or_exp>
</condition>
</trans>

<trans id="165" from="23" to="24">
<condition id="77">
<or_exp><and_exp></and_exp></or_exp>
</condition>
</trans>

<trans id="166" from="24" to="4">
<condition id="79">
<or_exp><and_exp></and_exp></or_exp>
</condition>
</trans>
</trans_list>



<state_list>

<state id="1" st_id="1">

<operation id="25" st_id="1" stage="1" lat="1">
<core>NULL</core>
<MemPortIdVec></MemPortIdVec>
<condition id="0">
<or_exp><and_exp></and_exp></or_exp>
</condition>

<Node id="5" bw="0" op_0_bw="0">
<![CDATA[
:0  br label %.loopexit

]]></Node>
<StgValue><ssdm name=""/></StgValue>
</operation>
</state>

<state id="2" st_id="2">

<operation id="26" st_id="2" stage="1" lat="1">
<core>NULL</core>
<MemPortIdVec></MemPortIdVec>
<condition id="1">
<or_exp><and_exp></and_exp></or_exp>
</condition>

<Node id="7" bw="6" op_0_bw="6" op_1_bw="0">
<![CDATA[
.loopexit:0  %co = phi i6 [ 0, %0 ], [ %co_2, %.loopexit.loopexit ]

]]></Node>
<StgValue><ssdm name="co"/></StgValue>
</operation>

<operation id="27" st_id="2" stage="1" lat="1">
<core>Cmp</core>
<MemPortIdVec></MemPortIdVec>
<condition id="1">
<or_exp><and_exp></and_exp></or_exp>
</condition>

<Node id="8" bw="1" op_0_bw="6" op_1_bw="6">
<![CDATA[
.loopexit:1  %exitcond4 = icmp eq i6 %co, -16

]]></Node>
<StgValue><ssdm name="exitcond4"/></StgValue>
</operation>

<operation id="28" st_id="2" stage="1" lat="1">
<core>NULL</core>
<MemPortIdVec></MemPortIdVec>
<condition id="1">
<or_exp><and_exp></and_exp></or_exp>
</condition>

<Node id="9" bw="32" op_0_bw="32" op_1_bw="64" op_2_bw="64" op_3_bw="64">
<![CDATA[
.loopexit:2  %empty = call i32 (...)* @_ssdm_op_SpecLoopTripCount(i64 48, i64 48, i64 48)

]]></Node>
<StgValue><ssdm name="empty"/></StgValue>
</operation>

<operation id="29" st_id="2" stage="1" lat="1">
<core>AddSub</core>
<MemPortIdVec></MemPortIdVec>
<condition id="1">
<or_exp><and_exp></and_exp></or_exp>
</condition>

<Node id="10" bw="6" op_0_bw="6" op_1_bw="6">
<![CDATA[
.loopexit:3  %co_2 = add i6 %co, 1

]]></Node>
<StgValue><ssdm name="co_2"/></StgValue>
</operation>

<operation id="30" st_id="2" stage="1" lat="1">
<core>NULL</core>
<MemPortIdVec></MemPortIdVec>
<condition id="1">
<or_exp><and_exp></and_exp></or_exp>
</condition>

<Node id="11" bw="0" op_0_bw="1" op_1_bw="0" op_2_bw="0">
<![CDATA[
.loopexit:4  br i1 %exitcond4, label %2, label %.preheader7.preheader

]]></Node>
<StgValue><ssdm name=""/></StgValue>
</operation>

<operation id="31" st_id="2" stage="1" lat="1">
<core>NULL</core>
<MemPortIdVec></MemPortIdVec>
<condition id="3">
<or_exp><and_exp><literal name="exitcond4" val="0"/>
</and_exp></or_exp>
</condition>

<Node id="13" bw="64" op_0_bw="6">
<![CDATA[
.preheader7.preheader:0  %tmp = zext i6 %co to i64

]]></Node>
<StgValue><ssdm name="tmp"/></StgValue>
</operation>

<operation id="32" st_id="2" stage="1" lat="1">
<core>NULL</core>
<MemPortIdVec></MemPortIdVec>
<condition id="3">
<or_exp><and_exp><literal name="exitcond4" val="0"/>
</and_exp></or_exp>
</condition>

<Node id="14" bw="9" op_0_bw="6">
<![CDATA[
.preheader7.preheader:1  %tmp_cast = zext i6 %co to i9

]]></Node>
<StgValue><ssdm name="tmp_cast"/></StgValue>
</operation>

<operation id="33" st_id="2" stage="1" lat="1">
<core>NULL</core>
<MemPortIdVec></MemPortIdVec>
<condition id="3">
<or_exp><and_exp><literal name="exitcond4" val="0"/>
</and_exp></or_exp>
</condition>

<Node id="15" bw="9" op_0_bw="9" op_1_bw="6" op_2_bw="3">
<![CDATA[
.preheader7.preheader:2  %tmp_s = call i9 @_ssdm_op_BitConcatenate.i9.i6.i3(i6 %co, i3 0)

]]></Node>
<StgValue><ssdm name="tmp_s"/></StgValue>
</operation>

<operation id="34" st_id="2" stage="1" lat="1">
<core>NULL</core>
<MemPortIdVec></MemPortIdVec>
<condition id="3">
<or_exp><and_exp><literal name="exitcond4" val="0"/>
</and_exp></or_exp>
</condition>

<Node id="16" bw="10" op_0_bw="9">
<![CDATA[
.preheader7.preheader:3  %tmp_35_cast2 = zext i9 %tmp_s to i10

]]></Node>
<StgValue><ssdm name="tmp_35_cast2"/></StgValue>
</operation>

<operation id="35" st_id="2" stage="1" lat="1">
<core>NULL</core>
<MemPortIdVec></MemPortIdVec>
<condition id="3">
<or_exp><and_exp><literal name="exitcond4" val="0"/>
</and_exp></or_exp>
</condition>

<Node id="17" bw="10" op_0_bw="9">
<![CDATA[
.preheader7.preheader:4  %tmp_35_cast = zext i9 %tmp_s to i10

]]></Node>
<StgValue><ssdm name="tmp_35_cast"/></StgValue>
</operation>

<operation id="36" st_id="2" stage="1" lat="1">
<core>NULL</core>
<MemPortIdVec></MemPortIdVec>
<condition id="3">
<or_exp><and_exp><literal name="exitcond4" val="0"/>
</and_exp></or_exp>
</condition>

<Node id="18" bw="8" op_0_bw="8" op_1_bw="6" op_2_bw="2">
<![CDATA[
.preheader7.preheader:5  %tmp_19 = call i8 @_ssdm_op_BitConcatenate.i8.i6.i2(i6 %co, i2 0)

]]></Node>
<StgValue><ssdm name="tmp_19"/></StgValue>
</operation>

<operation id="37" st_id="2" stage="1" lat="1">
<core>NULL</core>
<MemPortIdVec></MemPortIdVec>
<condition id="3">
<or_exp><and_exp><literal name="exitcond4" val="0"/>
</and_exp></or_exp>
</condition>

<Node id="19" bw="9" op_0_bw="8">
<![CDATA[
.preheader7.preheader:6  %p_shl_cast = zext i8 %tmp_19 to i9

]]></Node>
<StgValue><ssdm name="p_shl_cast"/></StgValue>
</operation>

<operation id="38" st_id="2" stage="1" lat="1">
<core>AddSub</core>
<MemPortIdVec></MemPortIdVec>
<condition id="3">
<or_exp><and_exp><literal name="exitcond4" val="0"/>
</and_exp></or_exp>
</condition>

<Node id="20" bw="9" op_0_bw="9" op_1_bw="9">
<![CDATA[
.preheader7.preheader:7  %tmp_20 = sub i9 %p_shl_cast, %tmp_cast

]]></Node>
<StgValue><ssdm name="tmp_20"/></StgValue>
</operation>

<operation id="39" st_id="2" stage="1" lat="1">
<core>NULL</core>
<MemPortIdVec></MemPortIdVec>
<condition id="3">
<or_exp><and_exp><literal name="exitcond4" val="0"/>
</and_exp></or_exp>
</condition>

<Node id="21" bw="10" op_0_bw="9">
<![CDATA[
.preheader7.preheader:8  %tmp_37_cast = sext i9 %tmp_20 to i10

]]></Node>
<StgValue><ssdm name="tmp_37_cast"/></StgValue>
</operation>

<operation id="40" st_id="2" stage="1" lat="1">
<core>NULL</core>
<MemPortIdVec></MemPortIdVec>
<condition id="3">
<or_exp><and_exp><literal name="exitcond4" val="0"/>
</and_exp></or_exp>
</condition>

<Node id="22" bw="6" op_0_bw="32" op_1_bw="64" op_2_bw="64">
<![CDATA[
.preheader7.preheader:9  %bias_addr = getelementptr [48 x float]* %bias, i64 0, i64 %tmp

]]></Node>
<StgValue><ssdm name="bias_addr"/></StgValue>
</operation>

<operation id="41" st_id="2" stage="1" lat="1">
<core>NULL</core>
<MemPortIdVec></MemPortIdVec>
<condition id="3">
<or_exp><and_exp><literal name="exitcond4" val="0"/>
</and_exp></or_exp>
</condition>

<Node id="23" bw="0" op_0_bw="0">
<![CDATA[
.preheader7.preheader:10  br label %.preheader7

]]></Node>
<StgValue><ssdm name=""/></StgValue>
</operation>

<operation id="42" st_id="2" stage="1" lat="1">
<core>NULL</core>
<MemPortIdVec></MemPortIdVec>
<condition id="5">
<or_exp><and_exp><literal name="exitcond4" val="1"/>
</and_exp></or_exp>
</condition>

<Node id="119" bw="0">
<![CDATA[
:0  ret void

]]></Node>
<StgValue><ssdm name=""/></StgValue>
</operation>
</state>

<state id="3" st_id="3">

<operation id="43" st_id="3" stage="1" lat="1">
<core>NULL</core>
<MemPortIdVec></MemPortIdVec>
<condition id="6">
<or_exp><and_exp></and_exp></or_exp>
</condition>

<Node id="25" bw="4" op_0_bw="4" op_1_bw="0">
<![CDATA[
.preheader7:0  %h = phi i4 [ 0, %.preheader7.preheader ], [ %h_2, %.preheader7.loopexit ]

]]></Node>
<StgValue><ssdm name="h"/></StgValue>
</operation>

<operation id="44" st_id="3" stage="1" lat="1">
<core>NULL</core>
<MemPortIdVec></MemPortIdVec>
<condition id="6">
<or_exp><and_exp></and_exp></or_exp>
</condition>

<Node id="26" bw="5" op_0_bw="4">
<![CDATA[
.preheader7:1  %h_cast = zext i4 %h to i5

]]></Node>
<StgValue><ssdm name="h_cast"/></StgValue>
</operation>

<operation id="45" st_id="3" stage="1" lat="1">
<core>Cmp</core>
<MemPortIdVec></MemPortIdVec>
<condition id="6">
<or_exp><and_exp></and_exp></or_exp>
</condition>

<Node id="27" bw="1" op_0_bw="4" op_1_bw="4">
<![CDATA[
.preheader7:2  %exitcond3 = icmp eq i4 %h, -8

]]></Node>
<StgValue><ssdm name="exitcond3"/></StgValue>
</operation>

<operation id="46" st_id="3" stage="1" lat="1">
<core>NULL</core>
<MemPortIdVec></MemPortIdVec>
<condition id="6">
<or_exp><and_exp></and_exp></or_exp>
</condition>

<Node id="28" bw="32" op_0_bw="32" op_1_bw="64" op_2_bw="64" op_3_bw="64">
<![CDATA[
.preheader7:3  %empty_20 = call i32 (...)* @_ssdm_op_SpecLoopTripCount(i64 8, i64 8, i64 8)

]]></Node>
<StgValue><ssdm name="empty_20"/></StgValue>
</operation>

<operation id="47" st_id="3" stage="1" lat="1">
<core>AddSub</core>
<MemPortIdVec></MemPortIdVec>
<condition id="6">
<or_exp><and_exp></and_exp></or_exp>
</condition>

<Node id="29" bw="4" op_0_bw="4" op_1_bw="4">
<![CDATA[
.preheader7:4  %h_2 = add i4 %h, 1

]]></Node>
<StgValue><ssdm name="h_2"/></StgValue>
</operation>

<operation id="48" st_id="3" stage="1" lat="1">
<core>NULL</core>
<MemPortIdVec></MemPortIdVec>
<condition id="6">
<or_exp><and_exp></and_exp></or_exp>
</condition>

<Node id="30" bw="0" op_0_bw="1" op_1_bw="0" op_2_bw="0">
<![CDATA[
.preheader7:5  br i1 %exitcond3, label %.loopexit.loopexit, label %.preheader6.preheader

]]></Node>
<StgValue><ssdm name=""/></StgValue>
</operation>

<operation id="49" st_id="3" stage="1" lat="1">
<core>NULL</core>
<MemPortIdVec></MemPortIdVec>
<condition id="8">
<or_exp><and_exp><literal name="exitcond3" val="0"/>
</and_exp></or_exp>
</condition>

<Node id="32" bw="10" op_0_bw="4">
<![CDATA[
.preheader6.preheader:0  %tmp_cast_21 = zext i4 %h to i10

]]></Node>
<StgValue><ssdm name="tmp_cast_21"/></StgValue>
</operation>

<operation id="50" st_id="3" stage="1" lat="1">
<core>AddSub</core>
<MemPortIdVec></MemPortIdVec>
<condition id="8">
<or_exp><and_exp><literal name="exitcond3" val="0"/>
</and_exp></or_exp>
</condition>

<Node id="33" bw="10" op_0_bw="10" op_1_bw="10">
<![CDATA[
.preheader6.preheader:1  %tmp_22 = add i10 %tmp_cast_21, %tmp_35_cast

]]></Node>
<StgValue><ssdm name="tmp_22"/></StgValue>
</operation>

<operation id="51" st_id="3" stage="1" lat="1">
<core>NULL</core>
<MemPortIdVec></MemPortIdVec>
<condition id="8">
<or_exp><and_exp><literal name="exitcond3" val="0"/>
</and_exp></or_exp>
</condition>

<Node id="34" bw="13" op_0_bw="13" op_1_bw="10" op_2_bw="3">
<![CDATA[
.preheader6.preheader:2  %tmp_40_cast = call i13 @_ssdm_op_BitConcatenate.i13.i10.i3(i10 %tmp_22, i3 0)

]]></Node>
<StgValue><ssdm name="tmp_40_cast"/></StgValue>
</operation>

<operation id="52" st_id="3" stage="1" lat="1">
<core>NULL</core>
<MemPortIdVec></MemPortIdVec>
<condition id="8">
<or_exp><and_exp><literal name="exitcond3" val="0"/>
</and_exp></or_exp>
</condition>

<Node id="35" bw="0" op_0_bw="0">
<![CDATA[
.preheader6.preheader:3  br label %.preheader6

]]></Node>
<StgValue><ssdm name=""/></StgValue>
</operation>

<operation id="53" st_id="3" stage="1" lat="1">
<core>NULL</core>
<MemPortIdVec></MemPortIdVec>
<condition id="10">
<or_exp><and_exp><literal name="exitcond3" val="1"/>
</and_exp></or_exp>
</condition>

<Node id="117" bw="0" op_0_bw="0">
<![CDATA[
.loopexit.loopexit:0  br label %.loopexit

]]></Node>
<StgValue><ssdm name=""/></StgValue>
</operation>
</state>

<state id="4" st_id="4">

<operation id="54" st_id="4" stage="1" lat="1">
<core>NULL</core>
<MemPortIdVec></MemPortIdVec>
<condition id="11">
<or_exp><and_exp></and_exp></or_exp>
</condition>

<Node id="37" bw="4" op_0_bw="4" op_1_bw="0">
<![CDATA[
.preheader6:0  %w = phi i4 [ %w_2, %1 ], [ 0, %.preheader6.preheader ]

]]></Node>
<StgValue><ssdm name="w"/></StgValue>
</operation>

<operation id="55" st_id="4" stage="1" lat="1">
<core>NULL</core>
<MemPortIdVec></MemPortIdVec>
<condition id="11">
<or_exp><and_exp></and_exp></or_exp>
</condition>

<Node id="38" bw="5" op_0_bw="4">
<![CDATA[
.preheader6:1  %w_cast = zext i4 %w to i5

]]></Node>
<StgValue><ssdm name="w_cast"/></StgValue>
</operation>

<operation id="56" st_id="4" stage="1" lat="1">
<core>Cmp</core>
<MemPortIdVec></MemPortIdVec>
<condition id="11">
<or_exp><and_exp></and_exp></or_exp>
</condition>

<Node id="39" bw="1" op_0_bw="4" op_1_bw="4">
<![CDATA[
.preheader6:2  %exitcond2 = icmp eq i4 %w, -8

]]></Node>
<StgValue><ssdm name="exitcond2"/></StgValue>
</operation>

<operation id="57" st_id="4" stage="1" lat="1">
<core>NULL</core>
<MemPortIdVec></MemPortIdVec>
<condition id="11">
<or_exp><and_exp></and_exp></or_exp>
</condition>

<Node id="40" bw="32" op_0_bw="32" op_1_bw="64" op_2_bw="64" op_3_bw="64">
<![CDATA[
.preheader6:3  %empty_22 = call i32 (...)* @_ssdm_op_SpecLoopTripCount(i64 8, i64 8, i64 8)

]]></Node>
<StgValue><ssdm name="empty_22"/></StgValue>
</operation>

<operation id="58" st_id="4" stage="1" lat="1">
<core>AddSub</core>
<MemPortIdVec></MemPortIdVec>
<condition id="11">
<or_exp><and_exp></and_exp></or_exp>
</condition>

<Node id="41" bw="4" op_0_bw="4" op_1_bw="4">
<![CDATA[
.preheader6:4  %w_2 = add i4 %w, 1

]]></Node>
<StgValue><ssdm name="w_2"/></StgValue>
</operation>

<operation id="59" st_id="4" stage="1" lat="1">
<core>NULL</core>
<MemPortIdVec></MemPortIdVec>
<condition id="11">
<or_exp><and_exp></and_exp></or_exp>
</condition>

<Node id="42" bw="0" op_0_bw="1" op_1_bw="0" op_2_bw="0">
<![CDATA[
.preheader6:5  br i1 %exitcond2, label %.preheader7.loopexit, label %.preheader5.preheader

]]></Node>
<StgValue><ssdm name=""/></StgValue>
</operation>

<operation id="60" st_id="4" stage="1" lat="1">
<core>AddSub</core>
<MemPortIdVec></MemPortIdVec>
<condition id="13">
<or_exp><and_exp><literal name="exitcond2" val="0"/>
</and_exp></or_exp>
</condition>

<Node id="44" bw="4" op_0_bw="4" op_1_bw="4">
<![CDATA[
.preheader5.preheader:0  %tmp_23 = sub i4 0, %w

]]></Node>
<StgValue><ssdm name="tmp_23"/></StgValue>
</operation>

<operation id="61" st_id="4" stage="1" lat="1">
<core>NULL</core>
<MemPortIdVec></MemPortIdVec>
<condition id="13">
<or_exp><and_exp><literal name="exitcond2" val="0"/>
</and_exp></or_exp>
</condition>

<Node id="45" bw="0" op_0_bw="0">
<![CDATA[
.preheader5.preheader:1  br label %.preheader5

]]></Node>
<StgValue><ssdm name=""/></StgValue>
</operation>

<operation id="62" st_id="4" stage="1" lat="1">
<core>NULL</core>
<MemPortIdVec></MemPortIdVec>
<condition id="15">
<or_exp><and_exp><literal name="exitcond2" val="1"/>
</and_exp></or_exp>
</condition>

<Node id="115" bw="0" op_0_bw="0">
<![CDATA[
.preheader7.loopexit:0  br label %.preheader7

]]></Node>
<StgValue><ssdm name=""/></StgValue>
</operation>
</state>

<state id="5" st_id="5">

<operation id="63" st_id="5" stage="1" lat="1">
<core>NULL</core>
<MemPortIdVec></MemPortIdVec>
<condition id="16">
<or_exp><and_exp></and_exp></or_exp>
</condition>

<Node id="47" bw="32" op_0_bw="32" op_1_bw="0">
<![CDATA[
.preheader5:0  %sum = phi float [ 0.000000e+00, %.preheader5.preheader ], [ %sum_1, %.preheader5.loopexit ]

]]></Node>
<StgValue><ssdm name="sum"/></StgValue>
</operation>

<operation id="64" st_id="5" stage="1" lat="1">
<core>NULL</core>
<MemPortIdVec></MemPortIdVec>
<condition id="16">
<or_exp><and_exp></and_exp></or_exp>
</condition>

<Node id="48" bw="2" op_0_bw="2" op_1_bw="0">
<![CDATA[
.preheader5:1  %m = phi i2 [ 0, %.preheader5.preheader ], [ %m_2, %.preheader5.loopexit ]

]]></Node>
<StgValue><ssdm name="m"/></StgValue>
</operation>

<operation id="65" st_id="5" stage="1" lat="1">
<core>NULL</core>
<MemPortIdVec></MemPortIdVec>
<condition id="16">
<or_exp><and_exp></and_exp></or_exp>
</condition>

<Node id="49" bw="3" op_0_bw="2">
<![CDATA[
.preheader5:2  %m_cast_cast = zext i2 %m to i3

]]></Node>
<StgValue><ssdm name="m_cast_cast"/></StgValue>
</operation>

<operation id="66" st_id="5" stage="1" lat="1">
<core>Cmp</core>
<MemPortIdVec></MemPortIdVec>
<condition id="16">
<or_exp><and_exp></and_exp></or_exp>
</condition>

<Node id="50" bw="1" op_0_bw="2" op_1_bw="2">
<![CDATA[
.preheader5:3  %exitcond1 = icmp eq i2 %m, -1

]]></Node>
<StgValue><ssdm name="exitcond1"/></StgValue>
</operation>

<operation id="67" st_id="5" stage="1" lat="1">
<core>NULL</core>
<MemPortIdVec></MemPortIdVec>
<condition id="16">
<or_exp><and_exp></and_exp></or_exp>
</condition>

<Node id="51" bw="32" op_0_bw="32" op_1_bw="64" op_2_bw="64" op_3_bw="64">
<![CDATA[
.preheader5:4  %empty_23 = call i32 (...)* @_ssdm_op_SpecLoopTripCount(i64 3, i64 3, i64 3)

]]></Node>
<StgValue><ssdm name="empty_23"/></StgValue>
</operation>

<operation id="68" st_id="5" stage="1" lat="1">
<core>AddSub</core>
<MemPortIdVec></MemPortIdVec>
<condition id="16">
<or_exp><and_exp></and_exp></or_exp>
</condition>

<Node id="52" bw="2" op_0_bw="2" op_1_bw="2">
<![CDATA[
.preheader5:5  %m_2 = add i2 %m, 1

]]></Node>
<StgValue><ssdm name="m_2"/></StgValue>
</operation>

<operation id="69" st_id="5" stage="1" lat="1">
<core>NULL</core>
<MemPortIdVec></MemPortIdVec>
<condition id="16">
<or_exp><and_exp></and_exp></or_exp>
</condition>

<Node id="53" bw="0" op_0_bw="1" op_1_bw="0" op_2_bw="0">
<![CDATA[
.preheader5:6  br i1 %exitcond1, label %1, label %.preheader.preheader

]]></Node>
<StgValue><ssdm name=""/></StgValue>
</operation>

<operation id="70" st_id="5" stage="1" lat="1">
<core>NULL</core>
<MemPortIdVec></MemPortIdVec>
<condition id="18">
<or_exp><and_exp><literal name="exitcond1" val="0"/>
</and_exp></or_exp>
</condition>

<Node id="55" bw="10" op_0_bw="2">
<![CDATA[
.preheader.preheader:0  %tmp_15_cast = zext i2 %m to i10

]]></Node>
<StgValue><ssdm name="tmp_15_cast"/></StgValue>
</operation>

<operation id="71" st_id="5" stage="1" lat="1">
<core>AddSub</core>
<MemPortIdVec></MemPortIdVec>
<condition id="18">
<or_exp><and_exp><literal name="exitcond1" val="0"/>
</and_exp></or_exp>
</condition>

<Node id="56" bw="10" op_0_bw="10" op_1_bw="10">
<![CDATA[
.preheader.preheader:1  %tmp_27 = add i10 %tmp_15_cast, %tmp_37_cast

]]></Node>
<StgValue><ssdm name="tmp_27"/></StgValue>
</operation>

<operation id="72" st_id="5" stage="1" lat="1">
<core>NULL</core>
<MemPortIdVec></MemPortIdVec>
<condition id="18">
<or_exp><and_exp><literal name="exitcond1" val="0"/>
</and_exp></or_exp>
</condition>

<Node id="57" bw="10" op_0_bw="10" op_1_bw="10">
<![CDATA[
.preheader.preheader:2  %tmp_15 = shl i10 %tmp_27, 2

]]></Node>
<StgValue><ssdm name="tmp_15"/></StgValue>
</operation>

<operation id="73" st_id="5" stage="1" lat="1">
<core>AddSub</core>
<MemPortIdVec></MemPortIdVec>
<condition id="18">
<or_exp><and_exp><literal name="exitcond1" val="0"/>
</and_exp></or_exp>
</condition>

<Node id="58" bw="10" op_0_bw="10" op_1_bw="10">
<![CDATA[
.preheader.preheader:3  %tmp_28 = sub i10 %tmp_15, %tmp_27

]]></Node>
<StgValue><ssdm name="tmp_28"/></StgValue>
</operation>

<operation id="74" st_id="5" stage="1" lat="1">
<core>AddSub</core>
<MemPortIdVec></MemPortIdVec>
<condition id="18">
<or_exp><and_exp><literal name="exitcond1" val="0"/>
</and_exp></or_exp>
</condition>

<Node id="59" bw="3" op_0_bw="3" op_1_bw="3">
<![CDATA[
.preheader.preheader:4  %tmp_16 = sub i3 0, %m_cast_cast

]]></Node>
<StgValue><ssdm name="tmp_16"/></StgValue>
</operation>

<operation id="75" st_id="5" stage="1" lat="1">
<core>NULL</core>
<MemPortIdVec></MemPortIdVec>
<condition id="18">
<or_exp><and_exp><literal name="exitcond1" val="0"/>
</and_exp></or_exp>
</condition>

<Node id="60" bw="4" op_0_bw="3">
<![CDATA[
.preheader.preheader:5  %tmp_16_cast = sext i3 %tmp_16 to i4

]]></Node>
<StgValue><ssdm name="tmp_16_cast"/></StgValue>
</operation>

<operation id="76" st_id="5" stage="1" lat="1">
<core>Cmp</core>
<MemPortIdVec></MemPortIdVec>
<condition id="18">
<or_exp><and_exp><literal name="exitcond1" val="0"/>
</and_exp></or_exp>
</condition>

<Node id="61" bw="1" op_0_bw="4" op_1_bw="4">
<![CDATA[
.preheader.preheader:6  %tmp_17 = icmp ne i4 %h, %tmp_16_cast

]]></Node>
<StgValue><ssdm name="tmp_17"/></StgValue>
</operation>

<operation id="77" st_id="5" stage="1" lat="1">
<core>AddSub</core>
<MemPortIdVec></MemPortIdVec>
<condition id="18">
<or_exp><and_exp><literal name="exitcond1" val="0"/>
</and_exp></or_exp>
</condition>

<Node id="62" bw="2" op_0_bw="2" op_1_bw="2">
<![CDATA[
.preheader.preheader:7  %tmp4 = add i2 -1, %m

]]></Node>
<StgValue><ssdm name="tmp4"/></StgValue>
</operation>

<operation id="78" st_id="5" stage="1" lat="1">
<core>NULL</core>
<MemPortIdVec></MemPortIdVec>
<condition id="18">
<or_exp><and_exp><literal name="exitcond1" val="0"/>
</and_exp></or_exp>
</condition>

<Node id="63" bw="5" op_0_bw="2">
<![CDATA[
.preheader.preheader:8  %tmp4_cast = sext i2 %tmp4 to i5

]]></Node>
<StgValue><ssdm name="tmp4_cast"/></StgValue>
</operation>

<operation id="79" st_id="5" stage="1" lat="1">
<core>AddSub</core>
<MemPortIdVec></MemPortIdVec>
<condition id="18">
<or_exp><and_exp><literal name="exitcond1" val="0"/>
</and_exp></or_exp>
</condition>

<Node id="64" bw="5" op_0_bw="5" op_1_bw="5">
<![CDATA[
.preheader.preheader:9  %tmp_18 = add i5 %tmp4_cast, %h_cast

]]></Node>
<StgValue><ssdm name="tmp_18"/></StgValue>
</operation>

<operation id="80" st_id="5" stage="1" lat="1">
<core>NULL</core>
<MemPortIdVec></MemPortIdVec>
<condition id="18">
<or_exp><and_exp><literal name="exitcond1" val="0"/>
</and_exp></or_exp>
</condition>

<Node id="65" bw="10" op_0_bw="5">
<![CDATA[
.preheader.preheader:10  %tmp_19_cast = sext i5 %tmp_18 to i10

]]></Node>
<StgValue><ssdm name="tmp_19_cast"/></StgValue>
</operation>

<operation id="81" st_id="5" stage="1" lat="1">
<core>AddSub</core>
<MemPortIdVec></MemPortIdVec>
<condition id="18">
<or_exp><and_exp><literal name="exitcond1" val="0"/>
</and_exp></or_exp>
</condition>

<Node id="66" bw="10" op_0_bw="10" op_1_bw="10">
<![CDATA[
.preheader.preheader:11  %tmp_29 = add i10 %tmp_19_cast, %tmp_35_cast2

]]></Node>
<StgValue><ssdm name="tmp_29"/></StgValue>
</operation>

<operation id="82" st_id="5" stage="1" lat="1">
<core>NULL</core>
<MemPortIdVec></MemPortIdVec>
<condition id="18">
<or_exp><and_exp><literal name="exitcond1" val="0"/>
</and_exp></or_exp>
</condition>

<Node id="67" bw="13" op_0_bw="13" op_1_bw="10" op_2_bw="3">
<![CDATA[
.preheader.preheader:12  %tmp_47_cast = call i13 @_ssdm_op_BitConcatenate.i13.i10.i3(i10 %tmp_29, i3 0)

]]></Node>
<StgValue><ssdm name="tmp_47_cast"/></StgValue>
</operation>

<operation id="83" st_id="5" stage="1" lat="1">
<core>NULL</core>
<MemPortIdVec></MemPortIdVec>
<condition id="18">
<or_exp><and_exp><literal name="exitcond1" val="0"/>
</and_exp></or_exp>
</condition>

<Node id="68" bw="2" op_0_bw="2" op_1_bw="5" op_2_bw="32" op_3_bw="32">
<![CDATA[
.preheader.preheader:13  %tmp_30 = call i2 @_ssdm_op_PartSelect.i2.i5.i32.i32(i5 %tmp_18, i32 3, i32 4)

]]></Node>
<StgValue><ssdm name="tmp_30"/></StgValue>
</operation>

<operation id="84" st_id="5" stage="1" lat="1">
<core>Cmp</core>
<MemPortIdVec></MemPortIdVec>
<condition id="18">
<or_exp><and_exp><literal name="exitcond1" val="0"/>
</and_exp></or_exp>
</condition>

<Node id="69" bw="1" op_0_bw="2" op_1_bw="2">
<![CDATA[
.preheader.preheader:14  %icmp = icmp ne i2 %tmp_30, 1

]]></Node>
<StgValue><ssdm name="icmp"/></StgValue>
</operation>

<operation id="85" st_id="5" stage="1" lat="1">
<core>NULL</core>
<MemPortIdVec></MemPortIdVec>
<condition id="18">
<or_exp><and_exp><literal name="exitcond1" val="0"/>
</and_exp></or_exp>
</condition>

<Node id="70" bw="0" op_0_bw="0">
<![CDATA[
.preheader.preheader:15  br label %.preheader

]]></Node>
<StgValue><ssdm name=""/></StgValue>
</operation>

<operation id="86" st_id="5" stage="2" lat="2">
<core>RAM</core>
<MemPortIdVec>0 </MemPortIdVec>
<condition id="20">
<or_exp><and_exp><literal name="exitcond1" val="1"/>
</and_exp></or_exp>
</condition>

<Node id="106" bw="32" op_0_bw="6">
<![CDATA[
:0  %bias_load = load float* %bias_addr, align 4

]]></Node>
<StgValue><ssdm name="bias_load"/></StgValue>
</operation>

<operation id="87" st_id="5" stage="1" lat="1">
<core>NULL</core>
<MemPortIdVec></MemPortIdVec>
<condition id="20">
<or_exp><and_exp><literal name="exitcond1" val="1"/>
</and_exp></or_exp>
</condition>

<Node id="108" bw="13" op_0_bw="4">
<![CDATA[
:2  %tmp_14_cast = zext i4 %w to i13

]]></Node>
<StgValue><ssdm name="tmp_14_cast"/></StgValue>
</operation>

<operation id="88" st_id="5" stage="1" lat="1">
<core>AddSub</core>
<MemPortIdVec></MemPortIdVec>
<condition id="20">
<or_exp><and_exp><literal name="exitcond1" val="1"/>
</and_exp></or_exp>
</condition>

<Node id="109" bw="13" op_0_bw="13" op_1_bw="13">
<![CDATA[
:3  %tmp_24 = add i13 %tmp_40_cast, %tmp_14_cast

]]></Node>
<StgValue><ssdm name="tmp_24"/></StgValue>
</operation>
</state>

<state id="6" st_id="6">

<operation id="89" st_id="6" stage="1" lat="1">
<core>NULL</core>
<MemPortIdVec></MemPortIdVec>
<condition id="21">
<or_exp><and_exp></and_exp></or_exp>
</condition>

<Node id="72" bw="32" op_0_bw="32" op_1_bw="0">
<![CDATA[
.preheader:0  %sum_1 = phi float [ %sum_3, %_ifconv ], [ %sum, %.preheader.preheader ]

]]></Node>
<StgValue><ssdm name="sum_1"/></StgValue>
</operation>

<operation id="90" st_id="6" stage="1" lat="1">
<core>NULL</core>
<MemPortIdVec></MemPortIdVec>
<condition id="21">
<or_exp><and_exp></and_exp></or_exp>
</condition>

<Node id="73" bw="2" op_0_bw="2" op_1_bw="0">
<![CDATA[
.preheader:1  %n = phi i2 [ %n_2, %_ifconv ], [ 0, %.preheader.preheader ]

]]></Node>
<StgValue><ssdm name="n"/></StgValue>
</operation>

<operation id="91" st_id="6" stage="1" lat="1">
<core>NULL</core>
<MemPortIdVec></MemPortIdVec>
<condition id="21">
<or_exp><and_exp></and_exp></or_exp>
</condition>

<Node id="74" bw="4" op_0_bw="2">
<![CDATA[
.preheader:2  %n_cast9 = zext i2 %n to i4

]]></Node>
<StgValue><ssdm name="n_cast9"/></StgValue>
</operation>

<operation id="92" st_id="6" stage="1" lat="1">
<core>Cmp</core>
<MemPortIdVec></MemPortIdVec>
<condition id="21">
<or_exp><and_exp></and_exp></or_exp>
</condition>

<Node id="75" bw="1" op_0_bw="2" op_1_bw="2">
<![CDATA[
.preheader:3  %exitcond = icmp eq i2 %n, -1

]]></Node>
<StgValue><ssdm name="exitcond"/></StgValue>
</operation>

<operation id="93" st_id="6" stage="1" lat="1">
<core>NULL</core>
<MemPortIdVec></MemPortIdVec>
<condition id="21">
<or_exp><and_exp></and_exp></or_exp>
</condition>

<Node id="76" bw="32" op_0_bw="32" op_1_bw="64" op_2_bw="64" op_3_bw="64">
<![CDATA[
.preheader:4  %empty_24 = call i32 (...)* @_ssdm_op_SpecLoopTripCount(i64 3, i64 3, i64 3)

]]></Node>
<StgValue><ssdm name="empty_24"/></StgValue>
</operation>

<operation id="94" st_id="6" stage="1" lat="1">
<core>AddSub</core>
<MemPortIdVec></MemPortIdVec>
<condition id="21">
<or_exp><and_exp></and_exp></or_exp>
</condition>

<Node id="77" bw="2" op_0_bw="2" op_1_bw="2">
<![CDATA[
.preheader:5  %n_2 = add i2 %n, 1

]]></Node>
<StgValue><ssdm name="n_2"/></StgValue>
</operation>

<operation id="95" st_id="6" stage="1" lat="1">
<core>NULL</core>
<MemPortIdVec></MemPortIdVec>
<condition id="21">
<or_exp><and_exp></and_exp></or_exp>
</condition>

<Node id="78" bw="0" op_0_bw="1" op_1_bw="0" op_2_bw="0">
<![CDATA[
.preheader:6  br i1 %exitcond, label %.preheader5.loopexit, label %_ifconv

]]></Node>
<StgValue><ssdm name=""/></StgValue>
</operation>

<operation id="96" st_id="6" stage="1" lat="1">
<core>NULL</core>
<MemPortIdVec></MemPortIdVec>
<condition id="23">
<or_exp><and_exp><literal name="exitcond" val="0"/>
</and_exp></or_exp>
</condition>

<Node id="80" bw="10" op_0_bw="2">
<![CDATA[
_ifconv:0  %tmp_20_cast = zext i2 %n to i10

]]></Node>
<StgValue><ssdm name="tmp_20_cast"/></StgValue>
</operation>

<operation id="97" st_id="6" stage="1" lat="1">
<core>AddSub</core>
<MemPortIdVec></MemPortIdVec>
<condition id="23">
<or_exp><and_exp><literal name="exitcond" val="0"/>
</and_exp></or_exp>
</condition>

<Node id="81" bw="10" op_0_bw="10" op_1_bw="10">
<![CDATA[
_ifconv:1  %tmp_31 = add i10 %tmp_28, %tmp_20_cast

]]></Node>
<StgValue><ssdm name="tmp_31"/></StgValue>
</operation>

<operation id="98" st_id="6" stage="1" lat="1">
<core>AddSub</core>
<MemPortIdVec></MemPortIdVec>
<condition id="23">
<or_exp><and_exp><literal name="exitcond" val="0"/>
</and_exp></or_exp>
</condition>

<Node id="85" bw="2" op_0_bw="2" op_1_bw="2">
<![CDATA[
_ifconv:5  %tmp5 = add i2 %n, -1

]]></Node>
<StgValue><ssdm name="tmp5"/></StgValue>
</operation>

<operation id="99" st_id="6" stage="1" lat="1">
<core>NULL</core>
<MemPortIdVec></MemPortIdVec>
<condition id="23">
<or_exp><and_exp><literal name="exitcond" val="0"/>
</and_exp></or_exp>
</condition>

<Node id="86" bw="5" op_0_bw="2">
<![CDATA[
_ifconv:6  %tmp5_cast = sext i2 %tmp5 to i5

]]></Node>
<StgValue><ssdm name="tmp5_cast"/></StgValue>
</operation>

<operation id="100" st_id="6" stage="1" lat="1">
<core>AddSub</core>
<MemPortIdVec></MemPortIdVec>
<condition id="23">
<or_exp><and_exp><literal name="exitcond" val="0"/>
</and_exp></or_exp>
</condition>

<Node id="87" bw="5" op_0_bw="5" op_1_bw="5">
<![CDATA[
_ifconv:7  %tmp_21 = add i5 %w_cast, %tmp5_cast

]]></Node>
<StgValue><ssdm name="tmp_21"/></StgValue>
</operation>

<operation id="101" st_id="6" stage="1" lat="1">
<core>NULL</core>
<MemPortIdVec></MemPortIdVec>
<condition id="23">
<or_exp><and_exp><literal name="exitcond" val="0"/>
</and_exp></or_exp>
</condition>

<Node id="88" bw="2" op_0_bw="2" op_1_bw="5" op_2_bw="32" op_3_bw="32">
<![CDATA[
_ifconv:8  %tmp_32 = call i2 @_ssdm_op_PartSelect.i2.i5.i32.i32(i5 %tmp_21, i32 3, i32 4)

]]></Node>
<StgValue><ssdm name="tmp_32"/></StgValue>
</operation>

<operation id="102" st_id="6" stage="1" lat="1">
<core>Cmp</core>
<MemPortIdVec></MemPortIdVec>
<condition id="23">
<or_exp><and_exp><literal name="exitcond" val="0"/>
</and_exp></or_exp>
</condition>

<Node id="89" bw="1" op_0_bw="2" op_1_bw="2">
<![CDATA[
_ifconv:9  %icmp5 = icmp ne i2 %tmp_32, 1

]]></Node>
<StgValue><ssdm name="icmp5"/></StgValue>
</operation>

<operation id="103" st_id="6" stage="1" lat="1">
<core>NULL</core>
<MemPortIdVec></MemPortIdVec>
<condition id="23">
<or_exp><and_exp><literal name="exitcond" val="0"/>
</and_exp></or_exp>
</condition>

<Node id="90" bw="13" op_0_bw="5">
<![CDATA[
_ifconv:10  %tmp_23_cast = sext i5 %tmp_21 to i13

]]></Node>
<StgValue><ssdm name="tmp_23_cast"/></StgValue>
</operation>

<operation id="104" st_id="6" stage="1" lat="1">
<core>AddSub</core>
<MemPortIdVec></MemPortIdVec>
<condition id="23">
<or_exp><and_exp><literal name="exitcond" val="0"/>
</and_exp></or_exp>
</condition>

<Node id="91" bw="13" op_0_bw="13" op_1_bw="13">
<![CDATA[
_ifconv:11  %tmp_33 = add i13 %tmp_47_cast, %tmp_23_cast

]]></Node>
<StgValue><ssdm name="tmp_33"/></StgValue>
</operation>

<operation id="105" st_id="6" stage="1" lat="1">
<core>Cmp</core>
<MemPortIdVec></MemPortIdVec>
<condition id="23">
<or_exp><and_exp><literal name="exitcond" val="0"/>
</and_exp></or_exp>
</condition>

<Node id="95" bw="1" op_0_bw="4" op_1_bw="4">
<![CDATA[
_ifconv:15  %notlhs = icmp ne i4 %n_cast9, %tmp_23

]]></Node>
<StgValue><ssdm name="notlhs"/></StgValue>
</operation>

<operation id="106" st_id="6" stage="1" lat="1">
<core>NULL</core>
<MemPortIdVec></MemPortIdVec>
<condition id="25">
<or_exp><and_exp><literal name="exitcond" val="1"/>
</and_exp></or_exp>
</condition>

<Node id="104" bw="0" op_0_bw="0">
<![CDATA[
.preheader5.loopexit:0  br label %.preheader5

]]></Node>
<StgValue><ssdm name=""/></StgValue>
</operation>
</state>

<state id="7" st_id="7">

<operation id="107" st_id="7" stage="1" lat="1">
<core>NULL</core>
<MemPortIdVec></MemPortIdVec>
<condition id="26">
<or_exp><and_exp></and_exp></or_exp>
</condition>

<Node id="82" bw="64" op_0_bw="10">
<![CDATA[
_ifconv:2  %tmp_48_cast = zext i10 %tmp_31 to i64

]]></Node>
<StgValue><ssdm name="tmp_48_cast"/></StgValue>
</operation>

<operation id="108" st_id="7" stage="1" lat="1">
<core>NULL</core>
<MemPortIdVec></MemPortIdVec>
<condition id="26">
<or_exp><and_exp></and_exp></or_exp>
</condition>

<Node id="83" bw="9" op_0_bw="32" op_1_bw="64" op_2_bw="64">
<![CDATA[
_ifconv:3  %weight_addr = getelementptr [432 x float]* %weight, i64 0, i64 %tmp_48_cast

]]></Node>
<StgValue><ssdm name="weight_addr"/></StgValue>
</operation>

<operation id="109" st_id="7" stage="2" lat="2">
<core>RAM</core>
<MemPortIdVec>0 </MemPortIdVec>
<condition id="26">
<or_exp><and_exp></and_exp></or_exp>
</condition>

<Node id="84" bw="32" op_0_bw="9">
<![CDATA[
_ifconv:4  %weight_load = load float* %weight_addr, align 4

]]></Node>
<StgValue><ssdm name="weight_load"/></StgValue>
</operation>

<operation id="110" st_id="7" stage="1" lat="1">
<core>NULL</core>
<MemPortIdVec></MemPortIdVec>
<condition id="26">
<or_exp><and_exp></and_exp></or_exp>
</condition>

<Node id="92" bw="64" op_0_bw="13">
<![CDATA[
_ifconv:12  %tmp_49_cast = zext i13 %tmp_33 to i64

]]></Node>
<StgValue><ssdm name="tmp_49_cast"/></StgValue>
</operation>

<operation id="111" st_id="7" stage="1" lat="1">
<core>NULL</core>
<MemPortIdVec></MemPortIdVec>
<condition id="26">
<or_exp><and_exp></and_exp></or_exp>
</condition>

<Node id="93" bw="12" op_0_bw="32" op_1_bw="64" op_2_bw="64">
<![CDATA[
_ifconv:13  %input_0_addr = getelementptr [3072 x float]* %input_0, i64 0, i64 %tmp_49_cast

]]></Node>
<StgValue><ssdm name="input_0_addr"/></StgValue>
</operation>

<operation id="112" st_id="7" stage="2" lat="2">
<core>RAM</core>
<MemPortIdVec>0 </MemPortIdVec>
<condition id="26">
<or_exp><and_exp></and_exp></or_exp>
</condition>

<Node id="94" bw="32" op_0_bw="12">
<![CDATA[
_ifconv:14  %input_0_load = load float* %input_0_addr, align 4

]]></Node>
<StgValue><ssdm name="input_0_load"/></StgValue>
</operation>
</state>

<state id="8" st_id="8">

<operation id="113" st_id="8" stage="1" lat="2">
<core>RAM</core>
<MemPortIdVec>0 </MemPortIdVec>
<condition id="27">
<or_exp><and_exp></and_exp></or_exp>
</condition>

<Node id="84" bw="32" op_0_bw="9">
<![CDATA[
_ifconv:4  %weight_load = load float* %weight_addr, align 4

]]></Node>
<StgValue><ssdm name="weight_load"/></StgValue>
</operation>

<operation id="114" st_id="8" stage="1" lat="2">
<core>RAM</core>
<MemPortIdVec>0 </MemPortIdVec>
<condition id="27">
<or_exp><and_exp></and_exp></or_exp>
</condition>

<Node id="94" bw="32" op_0_bw="12">
<![CDATA[
_ifconv:14  %input_0_load = load float* %input_0_addr, align 4

]]></Node>
<StgValue><ssdm name="input_0_load"/></StgValue>
</operation>

<operation id="115" st_id="8" stage="1" lat="1">
<core>LogicGate</core>
<MemPortIdVec></MemPortIdVec>
<condition id="27">
<or_exp><and_exp></and_exp></or_exp>
</condition>

<Node id="96" bw="1" op_0_bw="1" op_1_bw="1">
<![CDATA[
_ifconv:16  %tmp6 = and i1 %icmp, %notlhs

]]></Node>
<StgValue><ssdm name="tmp6"/></StgValue>
</operation>

<operation id="116" st_id="8" stage="1" lat="1">
<core>LogicGate</core>
<MemPortIdVec></MemPortIdVec>
<condition id="27">
<or_exp><and_exp></and_exp></or_exp>
</condition>

<Node id="97" bw="1" op_0_bw="1" op_1_bw="1">
<![CDATA[
_ifconv:17  %tmp7 = and i1 %tmp_17, %icmp5

]]></Node>
<StgValue><ssdm name="tmp7"/></StgValue>
</operation>

<operation id="117" st_id="8" stage="1" lat="1">
<core>LogicGate</core>
<MemPortIdVec></MemPortIdVec>
<condition id="27">
<or_exp><and_exp></and_exp></or_exp>
</condition>

<Node id="98" bw="1" op_0_bw="1" op_1_bw="1">
<![CDATA[
_ifconv:18  %sel_tmp2 = and i1 %tmp7, %tmp6

]]></Node>
<StgValue><ssdm name="sel_tmp2"/></StgValue>
</operation>

<operation id="118" st_id="8" stage="1" lat="1">
<core>Sel</core>
<MemPortIdVec></MemPortIdVec>
<condition id="27">
<or_exp><and_exp></and_exp></or_exp>
</condition>

<Node id="99" bw="32" op_0_bw="1" op_1_bw="32" op_2_bw="32">
<![CDATA[
_ifconv:19  %tmp_25 = select i1 %sel_tmp2, float %input_0_load, float 0.000000e+00

]]></Node>
<StgValue><ssdm name="tmp_25"/></StgValue>
</operation>
</state>

<state id="9" st_id="9">

<operation id="119" st_id="9" stage="4" lat="4">
<core>FMul</core>
<MemPortIdVec></MemPortIdVec>
<condition id="28">
<or_exp><and_exp></and_exp></or_exp>
</condition>

<Node id="100" bw="32" op_0_bw="32" op_1_bw="32">
<![CDATA[
_ifconv:20  %tmp_26 = fmul float %weight_load, %tmp_25

]]></Node>
<StgValue><ssdm name="tmp_26"/></StgValue>
</operation>
</state>

<state id="10" st_id="10">

<operation id="120" st_id="10" stage="3" lat="4">
<core>FMul</core>
<MemPortIdVec></MemPortIdVec>
<condition id="29">
<or_exp><and_exp></and_exp></or_exp>
</condition>

<Node id="100" bw="32" op_0_bw="32" op_1_bw="32">
<![CDATA[
_ifconv:20  %tmp_26 = fmul float %weight_load, %tmp_25

]]></Node>
<StgValue><ssdm name="tmp_26"/></StgValue>
</operation>
</state>

<state id="11" st_id="11">

<operation id="121" st_id="11" stage="2" lat="4">
<core>FMul</core>
<MemPortIdVec></MemPortIdVec>
<condition id="30">
<or_exp><and_exp></and_exp></or_exp>
</condition>

<Node id="100" bw="32" op_0_bw="32" op_1_bw="32">
<![CDATA[
_ifconv:20  %tmp_26 = fmul float %weight_load, %tmp_25

]]></Node>
<StgValue><ssdm name="tmp_26"/></StgValue>
</operation>
</state>

<state id="12" st_id="12">

<operation id="122" st_id="12" stage="1" lat="4">
<core>FMul</core>
<MemPortIdVec></MemPortIdVec>
<condition id="31">
<or_exp><and_exp></and_exp></or_exp>
</condition>

<Node id="100" bw="32" op_0_bw="32" op_1_bw="32">
<![CDATA[
_ifconv:20  %tmp_26 = fmul float %weight_load, %tmp_25

]]></Node>
<StgValue><ssdm name="tmp_26"/></StgValue>
</operation>
</state>

<state id="13" st_id="13">

<operation id="123" st_id="13" stage="5" lat="5">
<core>FAddSub</core>
<MemPortIdVec></MemPortIdVec>
<condition id="32">
<or_exp><and_exp></and_exp></or_exp>
</condition>

<Node id="101" bw="32" op_0_bw="32" op_1_bw="32">
<![CDATA[
_ifconv:21  %sum_3 = fadd float %sum_1, %tmp_26

]]></Node>
<StgValue><ssdm name="sum_3"/></StgValue>
</operation>
</state>

<state id="14" st_id="14">

<operation id="124" st_id="14" stage="4" lat="5">
<core>FAddSub</core>
<MemPortIdVec></MemPortIdVec>
<condition id="33">
<or_exp><and_exp></and_exp></or_exp>
</condition>

<Node id="101" bw="32" op_0_bw="32" op_1_bw="32">
<![CDATA[
_ifconv:21  %sum_3 = fadd float %sum_1, %tmp_26

]]></Node>
<StgValue><ssdm name="sum_3"/></StgValue>
</operation>
</state>

<state id="15" st_id="15">

<operation id="125" st_id="15" stage="3" lat="5">
<core>FAddSub</core>
<MemPortIdVec></MemPortIdVec>
<condition id="34">
<or_exp><and_exp></and_exp></or_exp>
</condition>

<Node id="101" bw="32" op_0_bw="32" op_1_bw="32">
<![CDATA[
_ifconv:21  %sum_3 = fadd float %sum_1, %tmp_26

]]></Node>
<StgValue><ssdm name="sum_3"/></StgValue>
</operation>
</state>

<state id="16" st_id="16">

<operation id="126" st_id="16" stage="2" lat="5">
<core>FAddSub</core>
<MemPortIdVec></MemPortIdVec>
<condition id="35">
<or_exp><and_exp></and_exp></or_exp>
</condition>

<Node id="101" bw="32" op_0_bw="32" op_1_bw="32">
<![CDATA[
_ifconv:21  %sum_3 = fadd float %sum_1, %tmp_26

]]></Node>
<StgValue><ssdm name="sum_3"/></StgValue>
</operation>
</state>

<state id="17" st_id="17">

<operation id="127" st_id="17" stage="1" lat="5">
<core>FAddSub</core>
<MemPortIdVec></MemPortIdVec>
<condition id="36">
<or_exp><and_exp></and_exp></or_exp>
</condition>

<Node id="101" bw="32" op_0_bw="32" op_1_bw="32">
<![CDATA[
_ifconv:21  %sum_3 = fadd float %sum_1, %tmp_26

]]></Node>
<StgValue><ssdm name="sum_3"/></StgValue>
</operation>

<operation id="128" st_id="17" stage="1" lat="1">
<core>NULL</core>
<MemPortIdVec></MemPortIdVec>
<condition id="36">
<or_exp><and_exp></and_exp></or_exp>
</condition>

<Node id="102" bw="0" op_0_bw="0">
<![CDATA[
_ifconv:22  br label %.preheader

]]></Node>
<StgValue><ssdm name=""/></StgValue>
</operation>
</state>

<state id="18" st_id="18">

<operation id="129" st_id="18" stage="1" lat="2">
<core>RAM</core>
<MemPortIdVec>0 </MemPortIdVec>
<condition id="37">
<or_exp><and_exp></and_exp></or_exp>
</condition>

<Node id="106" bw="32" op_0_bw="6">
<![CDATA[
:0  %bias_load = load float* %bias_addr, align 4

]]></Node>
<StgValue><ssdm name="bias_load"/></StgValue>
</operation>
</state>

<state id="19" st_id="19">

<operation id="130" st_id="19" stage="5" lat="5">
<core>FAddSub</core>
<MemPortIdVec></MemPortIdVec>
<condition id="38">
<or_exp><and_exp></and_exp></or_exp>
</condition>

<Node id="107" bw="32" op_0_bw="32" op_1_bw="32">
<![CDATA[
:1  %result = fadd float %sum, %bias_load

]]></Node>
<StgValue><ssdm name="result"/></StgValue>
</operation>
</state>

<state id="20" st_id="20">

<operation id="131" st_id="20" stage="4" lat="5">
<core>FAddSub</core>
<MemPortIdVec></MemPortIdVec>
<condition id="39">
<or_exp><and_exp></and_exp></or_exp>
</condition>

<Node id="107" bw="32" op_0_bw="32" op_1_bw="32">
<![CDATA[
:1  %result = fadd float %sum, %bias_load

]]></Node>
<StgValue><ssdm name="result"/></StgValue>
</operation>
</state>

<state id="21" st_id="21">

<operation id="132" st_id="21" stage="3" lat="5">
<core>FAddSub</core>
<MemPortIdVec></MemPortIdVec>
<condition id="40">
<or_exp><and_exp></and_exp></or_exp>
</condition>

<Node id="107" bw="32" op_0_bw="32" op_1_bw="32">
<![CDATA[
:1  %result = fadd float %sum, %bias_load

]]></Node>
<StgValue><ssdm name="result"/></StgValue>
</operation>
</state>

<state id="22" st_id="22">

<operation id="133" st_id="22" stage="2" lat="5">
<core>FAddSub</core>
<MemPortIdVec></MemPortIdVec>
<condition id="41">
<or_exp><and_exp></and_exp></or_exp>
</condition>

<Node id="107" bw="32" op_0_bw="32" op_1_bw="32">
<![CDATA[
:1  %result = fadd float %sum, %bias_load

]]></Node>
<StgValue><ssdm name="result"/></StgValue>
</operation>
</state>

<state id="23" st_id="23">

<operation id="134" st_id="23" stage="1" lat="5">
<core>FAddSub</core>
<MemPortIdVec></MemPortIdVec>
<condition id="42">
<or_exp><and_exp></and_exp></or_exp>
</condition>

<Node id="107" bw="32" op_0_bw="32" op_1_bw="32">
<![CDATA[
:1  %result = fadd float %sum, %bias_load

]]></Node>
<StgValue><ssdm name="result"/></StgValue>
</operation>
</state>

<state id="24" st_id="24">

<operation id="135" st_id="24" stage="1" lat="1">
<core>NULL</core>
<MemPortIdVec></MemPortIdVec>
<condition id="43">
<or_exp><and_exp></and_exp></or_exp>
</condition>

<Node id="110" bw="64" op_0_bw="13">
<![CDATA[
:4  %tmp_41_cast = zext i13 %tmp_24 to i64

]]></Node>
<StgValue><ssdm name="tmp_41_cast"/></StgValue>
</operation>

<operation id="136" st_id="24" stage="1" lat="1">
<core>NULL</core>
<MemPortIdVec></MemPortIdVec>
<condition id="43">
<or_exp><and_exp></and_exp></or_exp>
</condition>

<Node id="111" bw="12" op_0_bw="32" op_1_bw="64" op_2_bw="64">
<![CDATA[
:5  %output_0_addr = getelementptr [3072 x float]* %output_0, i64 0, i64 %tmp_41_cast

]]></Node>
<StgValue><ssdm name="output_0_addr"/></StgValue>
</operation>

<operation id="137" st_id="24" stage="1" lat="1">
<core>RAM</core>
<MemPortIdVec>0 </MemPortIdVec>
<condition id="43">
<or_exp><and_exp></and_exp></or_exp>
</condition>

<Node id="112" bw="0" op_0_bw="32" op_1_bw="12">
<![CDATA[
:6  store float %result, float* %output_0_addr, align 4

]]></Node>
<StgValue><ssdm name=""/></StgValue>
</operation>

<operation id="138" st_id="24" stage="1" lat="1">
<core>NULL</core>
<MemPortIdVec></MemPortIdVec>
<condition id="43">
<or_exp><and_exp></and_exp></or_exp>
</condition>

<Node id="113" bw="0" op_0_bw="0">
<![CDATA[
:7  br label %.preheader6

]]></Node>
<StgValue><ssdm name=""/></StgValue>
</operation>
</state>
</state_list>


<ports>
<port id="169" name="input_0" dir="0" iftype="1">
<core>RAM</core><StgValue><ssdm name="input_0"/><MemPortTyVec>1 3 </MemPortTyVec>
</StgValue>
</port>
<port id="170" name="weight" dir="0" iftype="1">
<core>RAM</core><StgValue><ssdm name="weight"/><MemPortTyVec>1 3 </MemPortTyVec>
</StgValue>
</port>
<port id="171" name="bias" dir="0" iftype="1">
<core>RAM</core><StgValue><ssdm name="bias"/><MemPortTyVec>1 3 </MemPortTyVec>
</StgValue>
</port>
<port id="172" name="output_0" dir="1" iftype="1">
<core>RAM</core><StgValue><ssdm name="output_0"/><MemPortTyVec>0 3 </MemPortTyVec>
</StgValue>
</port>
</ports>


<dataflows>
<dataflow id="174" from="StgValue_173" to="co" fromId="173" toId="26">
<condition id="108">
<or_exp><and_exp></and_exp></or_exp>
</condition>
</dataflow>
<dataflow id="175" from="StgValue_25" to="co" fromId="25" toId="26">
</dataflow>
<dataflow id="176" from="co_2" to="co" fromId="29" toId="26">
<BackEdge/>
<condition id="109">
<or_exp><and_exp><literal name="exitcond3" val="1"/>
</and_exp></or_exp>
</condition>
</dataflow>
<dataflow id="177" from="StgValue_53" to="co" fromId="53" toId="26">
<BackEdge/>
</dataflow>
<dataflow id="178" from="co" to="exitcond4" fromId="26" toId="27">
</dataflow>
<dataflow id="180" from="StgValue_179" to="exitcond4" fromId="179" toId="27">
</dataflow>
<dataflow id="182" from="_ssdm_op_SpecLoopTripCount" to="empty" fromId="181" toId="28">
</dataflow>
<dataflow id="184" from="StgValue_183" to="empty" fromId="183" toId="28">
</dataflow>
<dataflow id="185" from="StgValue_183" to="empty" fromId="183" toId="28">
</dataflow>
<dataflow id="186" from="StgValue_183" to="empty" fromId="183" toId="28">
</dataflow>
<dataflow id="187" from="co" to="co_2" fromId="26" toId="29">
</dataflow>
<dataflow id="189" from="StgValue_188" to="co_2" fromId="188" toId="29">
</dataflow>
<dataflow id="190" from="exitcond4" to="StgValue_30" fromId="27" toId="30">
</dataflow>
<dataflow id="191" from="co" to="tmp" fromId="26" toId="31">
</dataflow>
<dataflow id="192" from="co" to="tmp_cast" fromId="26" toId="32">
</dataflow>
<dataflow id="194" from="_ssdm_op_BitConcatenate.i9.i6.i3" to="tmp_s" fromId="193" toId="33">
</dataflow>
<dataflow id="195" from="co" to="tmp_s" fromId="26" toId="33">
</dataflow>
<dataflow id="197" from="StgValue_196" to="tmp_s" fromId="196" toId="33">
</dataflow>
<dataflow id="198" from="tmp_s" to="tmp_35_cast2" fromId="33" toId="34">
</dataflow>
<dataflow id="199" from="tmp_s" to="tmp_35_cast" fromId="33" toId="35">
</dataflow>
<dataflow id="201" from="_ssdm_op_BitConcatenate.i8.i6.i2" to="tmp_19" fromId="200" toId="36">
</dataflow>
<dataflow id="202" from="co" to="tmp_19" fromId="26" toId="36">
</dataflow>
<dataflow id="204" from="StgValue_203" to="tmp_19" fromId="203" toId="36">
</dataflow>
<dataflow id="205" from="tmp_19" to="p_shl_cast" fromId="36" toId="37">
</dataflow>
<dataflow id="206" from="p_shl_cast" to="tmp_20" fromId="37" toId="38">
</dataflow>
<dataflow id="207" from="tmp_cast" to="tmp_20" fromId="32" toId="38">
</dataflow>
<dataflow id="208" from="tmp_20" to="tmp_37_cast" fromId="38" toId="39">
</dataflow>
<dataflow id="209" from="bias" to="bias_addr" fromId="171" toId="40">
</dataflow>
<dataflow id="211" from="StgValue_210" to="bias_addr" fromId="210" toId="40">
</dataflow>
<dataflow id="212" from="tmp" to="bias_addr" fromId="31" toId="40">
</dataflow>
<dataflow id="214" from="StgValue_213" to="h" fromId="213" toId="43">
<condition id="110">
<or_exp><and_exp><literal name="exitcond4" val="0"/>
</and_exp></or_exp>
</condition>
</dataflow>
<dataflow id="215" from="StgValue_41" to="h" fromId="41" toId="43">
</dataflow>
<dataflow id="216" from="h_2" to="h" fromId="47" toId="43">
<BackEdge/>
<condition id="111">
<or_exp><and_exp><literal name="exitcond2" val="1"/>
</and_exp></or_exp>
</condition>
</dataflow>
<dataflow id="217" from="StgValue_62" to="h" fromId="62" toId="43">
<BackEdge/>
</dataflow>
<dataflow id="218" from="h" to="h_cast" fromId="43" toId="44">
</dataflow>
<dataflow id="219" from="h" to="exitcond3" fromId="43" toId="45">
</dataflow>
<dataflow id="221" from="StgValue_220" to="exitcond3" fromId="220" toId="45">
</dataflow>
<dataflow id="222" from="_ssdm_op_SpecLoopTripCount" to="empty_20" fromId="181" toId="46">
</dataflow>
<dataflow id="224" from="StgValue_223" to="empty_20" fromId="223" toId="46">
</dataflow>
<dataflow id="225" from="StgValue_223" to="empty_20" fromId="223" toId="46">
</dataflow>
<dataflow id="226" from="StgValue_223" to="empty_20" fromId="223" toId="46">
</dataflow>
<dataflow id="227" from="h" to="h_2" fromId="43" toId="47">
</dataflow>
<dataflow id="229" from="StgValue_228" to="h_2" fromId="228" toId="47">
</dataflow>
<dataflow id="230" from="exitcond3" to="StgValue_48" fromId="45" toId="48">
</dataflow>
<dataflow id="231" from="h" to="tmp_cast_21" fromId="43" toId="49">
</dataflow>
<dataflow id="232" from="tmp_cast_21" to="tmp_22" fromId="49" toId="50">
</dataflow>
<dataflow id="233" from="tmp_35_cast" to="tmp_22" fromId="35" toId="50">
</dataflow>
<dataflow id="235" from="_ssdm_op_BitConcatenate.i13.i10.i3" to="tmp_40_cast" fromId="234" toId="51">
</dataflow>
<dataflow id="236" from="tmp_22" to="tmp_40_cast" fromId="50" toId="51">
</dataflow>
<dataflow id="237" from="StgValue_196" to="tmp_40_cast" fromId="196" toId="51">
</dataflow>
<dataflow id="238" from="w_2" to="w" fromId="58" toId="54">
<BackEdge/>
<condition id="112">
<or_exp><and_exp></and_exp></or_exp>
</condition>
</dataflow>
<dataflow id="239" from="StgValue_138" to="w" fromId="138" toId="54">
<BackEdge/>
</dataflow>
<dataflow id="240" from="StgValue_213" to="w" fromId="213" toId="54">
<condition id="113">
<or_exp><and_exp><literal name="exitcond3" val="0"/>
</and_exp></or_exp>
</condition>
</dataflow>
<dataflow id="241" from="StgValue_52" to="w" fromId="52" toId="54">
</dataflow>
<dataflow id="242" from="w" to="w_cast" fromId="54" toId="55">
</dataflow>
<dataflow id="243" from="w" to="exitcond2" fromId="54" toId="56">
</dataflow>
<dataflow id="244" from="StgValue_220" to="exitcond2" fromId="220" toId="56">
</dataflow>
<dataflow id="245" from="_ssdm_op_SpecLoopTripCount" to="empty_22" fromId="181" toId="57">
</dataflow>
<dataflow id="246" from="StgValue_223" to="empty_22" fromId="223" toId="57">
</dataflow>
<dataflow id="247" from="StgValue_223" to="empty_22" fromId="223" toId="57">
</dataflow>
<dataflow id="248" from="StgValue_223" to="empty_22" fromId="223" toId="57">
</dataflow>
<dataflow id="249" from="w" to="w_2" fromId="54" toId="58">
</dataflow>
<dataflow id="250" from="StgValue_228" to="w_2" fromId="228" toId="58">
</dataflow>
<dataflow id="251" from="exitcond2" to="StgValue_59" fromId="56" toId="59">
</dataflow>
<dataflow id="252" from="StgValue_213" to="tmp_23" fromId="213" toId="60">
</dataflow>
<dataflow id="253" from="w" to="tmp_23" fromId="54" toId="60">
</dataflow>
<dataflow id="255" from="StgValue_254" to="sum" fromId="254" toId="63">
<condition id="114">
<or_exp><and_exp><literal name="exitcond2" val="0"/>
</and_exp></or_exp>
</condition>
</dataflow>
<dataflow id="256" from="StgValue_61" to="sum" fromId="61" toId="63">
</dataflow>
<dataflow id="257" from="sum_1" to="sum" fromId="89" toId="63">
<BackEdge/>
<condition id="115">
<or_exp><and_exp><literal name="exitcond" val="1"/>
</and_exp></or_exp>
</condition>
</dataflow>
<dataflow id="258" from="StgValue_106" to="sum" fromId="106" toId="63">
<BackEdge/>
</dataflow>
<dataflow id="259" from="StgValue_203" to="m" fromId="203" toId="64">
<condition id="116">
<or_exp><and_exp><literal name="exitcond2" val="0"/>
</and_exp></or_exp>
</condition>
</dataflow>
<dataflow id="260" from="StgValue_61" to="m" fromId="61" toId="64">
</dataflow>
<dataflow id="261" from="m_2" to="m" fromId="68" toId="64">
<BackEdge/>
<condition id="117">
<or_exp><and_exp><literal name="exitcond" val="1"/>
</and_exp></or_exp>
</condition>
</dataflow>
<dataflow id="262" from="StgValue_106" to="m" fromId="106" toId="64">
<BackEdge/>
</dataflow>
<dataflow id="263" from="m" to="m_cast_cast" fromId="64" toId="65">
</dataflow>
<dataflow id="264" from="m" to="exitcond1" fromId="64" toId="66">
</dataflow>
<dataflow id="266" from="StgValue_265" to="exitcond1" fromId="265" toId="66">
</dataflow>
<dataflow id="267" from="_ssdm_op_SpecLoopTripCount" to="empty_23" fromId="181" toId="67">
</dataflow>
<dataflow id="269" from="StgValue_268" to="empty_23" fromId="268" toId="67">
</dataflow>
<dataflow id="270" from="StgValue_268" to="empty_23" fromId="268" toId="67">
</dataflow>
<dataflow id="271" from="StgValue_268" to="empty_23" fromId="268" toId="67">
</dataflow>
<dataflow id="272" from="m" to="m_2" fromId="64" toId="68">
</dataflow>
<dataflow id="274" from="StgValue_273" to="m_2" fromId="273" toId="68">
</dataflow>
<dataflow id="275" from="exitcond1" to="StgValue_69" fromId="66" toId="69">
</dataflow>
<dataflow id="276" from="m" to="tmp_15_cast" fromId="64" toId="70">
</dataflow>
<dataflow id="277" from="tmp_15_cast" to="tmp_27" fromId="70" toId="71">
</dataflow>
<dataflow id="278" from="tmp_37_cast" to="tmp_27" fromId="39" toId="71">
</dataflow>
<dataflow id="279" from="tmp_27" to="tmp_15" fromId="71" toId="72">
</dataflow>
<dataflow id="281" from="StgValue_280" to="tmp_15" fromId="280" toId="72">
</dataflow>
<dataflow id="282" from="tmp_15" to="tmp_28" fromId="72" toId="73">
</dataflow>
<dataflow id="283" from="tmp_27" to="tmp_28" fromId="71" toId="73">
</dataflow>
<dataflow id="284" from="StgValue_196" to="tmp_16" fromId="196" toId="74">
</dataflow>
<dataflow id="285" from="m_cast_cast" to="tmp_16" fromId="65" toId="74">
</dataflow>
<dataflow id="286" from="tmp_16" to="tmp_16_cast" fromId="74" toId="75">
</dataflow>
<dataflow id="287" from="h" to="tmp_17" fromId="43" toId="76">
</dataflow>
<dataflow id="288" from="tmp_16_cast" to="tmp_17" fromId="75" toId="76">
</dataflow>
<dataflow id="289" from="StgValue_265" to="tmp4" fromId="265" toId="77">
</dataflow>
<dataflow id="290" from="m" to="tmp4" fromId="64" toId="77">
</dataflow>
<dataflow id="291" from="tmp4" to="tmp4_cast" fromId="77" toId="78">
</dataflow>
<dataflow id="292" from="tmp4_cast" to="tmp_18" fromId="78" toId="79">
</dataflow>
<dataflow id="293" from="h_cast" to="tmp_18" fromId="44" toId="79">
</dataflow>
<dataflow id="294" from="tmp_18" to="tmp_19_cast" fromId="79" toId="80">
</dataflow>
<dataflow id="295" from="tmp_19_cast" to="tmp_29" fromId="80" toId="81">
</dataflow>
<dataflow id="296" from="tmp_35_cast2" to="tmp_29" fromId="34" toId="81">
</dataflow>
<dataflow id="297" from="_ssdm_op_BitConcatenate.i13.i10.i3" to="tmp_47_cast" fromId="234" toId="82">
</dataflow>
<dataflow id="298" from="tmp_29" to="tmp_47_cast" fromId="81" toId="82">
</dataflow>
<dataflow id="299" from="StgValue_196" to="tmp_47_cast" fromId="196" toId="82">
</dataflow>
<dataflow id="301" from="_ssdm_op_PartSelect.i2.i5.i32.i32" to="tmp_30" fromId="300" toId="83">
</dataflow>
<dataflow id="302" from="tmp_18" to="tmp_30" fromId="79" toId="83">
</dataflow>
<dataflow id="304" from="StgValue_303" to="tmp_30" fromId="303" toId="83">
</dataflow>
<dataflow id="306" from="StgValue_305" to="tmp_30" fromId="305" toId="83">
</dataflow>
<dataflow id="307" from="tmp_30" to="icmp" fromId="83" toId="84">
</dataflow>
<dataflow id="308" from="StgValue_273" to="icmp" fromId="273" toId="84">
</dataflow>
<dataflow id="309" from="bias_addr" to="bias_load" fromId="40" toId="86">
</dataflow>
<dataflow id="310" from="w" to="tmp_14_cast" fromId="54" toId="87">
</dataflow>
<dataflow id="311" from="tmp_40_cast" to="tmp_24" fromId="51" toId="88">
</dataflow>
<dataflow id="312" from="tmp_14_cast" to="tmp_24" fromId="87" toId="88">
</dataflow>
<dataflow id="313" from="sum_3" to="sum_1" fromId="127" toId="89">
<BackEdge/>
<condition id="118">
<or_exp><and_exp></and_exp></or_exp>
</condition>
</dataflow>
<dataflow id="314" from="StgValue_128" to="sum_1" fromId="128" toId="89">
<BackEdge/>
</dataflow>
<dataflow id="315" from="sum" to="sum_1" fromId="63" toId="89">
<condition id="119">
<or_exp><and_exp><literal name="exitcond1" val="0"/>
</and_exp></or_exp>
</condition>
</dataflow>
<dataflow id="316" from="StgValue_85" to="sum_1" fromId="85" toId="89">
</dataflow>
<dataflow id="317" from="n_2" to="n" fromId="94" toId="90">
<BackEdge/>
<condition id="120">
<or_exp><and_exp></and_exp></or_exp>
</condition>
</dataflow>
<dataflow id="318" from="StgValue_128" to="n" fromId="128" toId="90">
<BackEdge/>
</dataflow>
<dataflow id="319" from="StgValue_203" to="n" fromId="203" toId="90">
<condition id="121">
<or_exp><and_exp><literal name="exitcond1" val="0"/>
</and_exp></or_exp>
</condition>
</dataflow>
<dataflow id="320" from="StgValue_85" to="n" fromId="85" toId="90">
</dataflow>
<dataflow id="321" from="n" to="n_cast9" fromId="90" toId="91">
</dataflow>
<dataflow id="322" from="n" to="exitcond" fromId="90" toId="92">
</dataflow>
<dataflow id="323" from="StgValue_265" to="exitcond" fromId="265" toId="92">
</dataflow>
<dataflow id="324" from="_ssdm_op_SpecLoopTripCount" to="empty_24" fromId="181" toId="93">
</dataflow>
<dataflow id="325" from="StgValue_268" to="empty_24" fromId="268" toId="93">
</dataflow>
<dataflow id="326" from="StgValue_268" to="empty_24" fromId="268" toId="93">
</dataflow>
<dataflow id="327" from="StgValue_268" to="empty_24" fromId="268" toId="93">
</dataflow>
<dataflow id="328" from="n" to="n_2" fromId="90" toId="94">
</dataflow>
<dataflow id="329" from="StgValue_273" to="n_2" fromId="273" toId="94">
</dataflow>
<dataflow id="330" from="exitcond" to="StgValue_95" fromId="92" toId="95">
</dataflow>
<dataflow id="331" from="n" to="tmp_20_cast" fromId="90" toId="96">
</dataflow>
<dataflow id="332" from="tmp_28" to="tmp_31" fromId="73" toId="97">
</dataflow>
<dataflow id="333" from="tmp_20_cast" to="tmp_31" fromId="96" toId="97">
</dataflow>
<dataflow id="334" from="n" to="tmp5" fromId="90" toId="98">
</dataflow>
<dataflow id="335" from="StgValue_265" to="tmp5" fromId="265" toId="98">
</dataflow>
<dataflow id="336" from="tmp5" to="tmp5_cast" fromId="98" toId="99">
</dataflow>
<dataflow id="337" from="w_cast" to="tmp_21" fromId="55" toId="100">
</dataflow>
<dataflow id="338" from="tmp5_cast" to="tmp_21" fromId="99" toId="100">
</dataflow>
<dataflow id="339" from="_ssdm_op_PartSelect.i2.i5.i32.i32" to="tmp_32" fromId="300" toId="101">
</dataflow>
<dataflow id="340" from="tmp_21" to="tmp_32" fromId="100" toId="101">
</dataflow>
<dataflow id="341" from="StgValue_303" to="tmp_32" fromId="303" toId="101">
</dataflow>
<dataflow id="342" from="StgValue_305" to="tmp_32" fromId="305" toId="101">
</dataflow>
<dataflow id="343" from="tmp_32" to="icmp5" fromId="101" toId="102">
</dataflow>
<dataflow id="344" from="StgValue_273" to="icmp5" fromId="273" toId="102">
</dataflow>
<dataflow id="345" from="tmp_21" to="tmp_23_cast" fromId="100" toId="103">
</dataflow>
<dataflow id="346" from="tmp_47_cast" to="tmp_33" fromId="82" toId="104">
</dataflow>
<dataflow id="347" from="tmp_23_cast" to="tmp_33" fromId="103" toId="104">
</dataflow>
<dataflow id="348" from="n_cast9" to="notlhs" fromId="91" toId="105">
</dataflow>
<dataflow id="349" from="tmp_23" to="notlhs" fromId="60" toId="105">
</dataflow>
<dataflow id="350" from="tmp_31" to="tmp_48_cast" fromId="97" toId="107">
</dataflow>
<dataflow id="351" from="weight" to="weight_addr" fromId="170" toId="108">
</dataflow>
<dataflow id="352" from="StgValue_210" to="weight_addr" fromId="210" toId="108">
</dataflow>
<dataflow id="353" from="tmp_48_cast" to="weight_addr" fromId="107" toId="108">
</dataflow>
<dataflow id="354" from="weight_addr" to="weight_load" fromId="108" toId="109">
</dataflow>
<dataflow id="355" from="tmp_33" to="tmp_49_cast" fromId="104" toId="110">
</dataflow>
<dataflow id="356" from="input_0" to="input_0_addr" fromId="169" toId="111">
</dataflow>
<dataflow id="357" from="StgValue_210" to="input_0_addr" fromId="210" toId="111">
</dataflow>
<dataflow id="358" from="tmp_49_cast" to="input_0_addr" fromId="110" toId="111">
</dataflow>
<dataflow id="359" from="input_0_addr" to="input_0_load" fromId="111" toId="112">
</dataflow>
<dataflow id="360" from="weight_addr" to="weight_load" fromId="108" toId="113">
</dataflow>
<dataflow id="361" from="input_0_addr" to="input_0_load" fromId="111" toId="114">
</dataflow>
<dataflow id="362" from="icmp" to="tmp6" fromId="84" toId="115">
</dataflow>
<dataflow id="363" from="notlhs" to="tmp6" fromId="105" toId="115">
</dataflow>
<dataflow id="364" from="tmp_17" to="tmp7" fromId="76" toId="116">
</dataflow>
<dataflow id="365" from="icmp5" to="tmp7" fromId="102" toId="116">
</dataflow>
<dataflow id="366" from="tmp7" to="sel_tmp2" fromId="116" toId="117">
</dataflow>
<dataflow id="367" from="tmp6" to="sel_tmp2" fromId="115" toId="117">
</dataflow>
<dataflow id="368" from="sel_tmp2" to="tmp_25" fromId="117" toId="118">
</dataflow>
<dataflow id="369" from="input_0_load" to="tmp_25" fromId="114" toId="118">
</dataflow>
<dataflow id="370" from="StgValue_254" to="tmp_25" fromId="254" toId="118">
</dataflow>
<dataflow id="371" from="weight_load" to="tmp_26" fromId="113" toId="119">
</dataflow>
<dataflow id="372" from="tmp_25" to="tmp_26" fromId="118" toId="119">
</dataflow>
<dataflow id="373" from="weight_load" to="tmp_26" fromId="113" toId="120">
</dataflow>
<dataflow id="374" from="tmp_25" to="tmp_26" fromId="118" toId="120">
</dataflow>
<dataflow id="375" from="weight_load" to="tmp_26" fromId="113" toId="121">
</dataflow>
<dataflow id="376" from="tmp_25" to="tmp_26" fromId="118" toId="121">
</dataflow>
<dataflow id="377" from="weight_load" to="tmp_26" fromId="113" toId="122">
</dataflow>
<dataflow id="378" from="tmp_25" to="tmp_26" fromId="118" toId="122">
</dataflow>
<dataflow id="379" from="sum_1" to="sum_3" fromId="89" toId="123">
</dataflow>
<dataflow id="380" from="tmp_26" to="sum_3" fromId="122" toId="123">
</dataflow>
<dataflow id="381" from="sum_1" to="sum_3" fromId="89" toId="124">
</dataflow>
<dataflow id="382" from="tmp_26" to="sum_3" fromId="122" toId="124">
</dataflow>
<dataflow id="383" from="sum_1" to="sum_3" fromId="89" toId="125">
</dataflow>
<dataflow id="384" from="tmp_26" to="sum_3" fromId="122" toId="125">
</dataflow>
<dataflow id="385" from="sum_1" to="sum_3" fromId="89" toId="126">
</dataflow>
<dataflow id="386" from="tmp_26" to="sum_3" fromId="122" toId="126">
</dataflow>
<dataflow id="387" from="sum_1" to="sum_3" fromId="89" toId="127">
</dataflow>
<dataflow id="388" from="tmp_26" to="sum_3" fromId="122" toId="127">
</dataflow>
<dataflow id="389" from="bias_addr" to="bias_load" fromId="40" toId="129">
</dataflow>
<dataflow id="390" from="sum" to="result" fromId="63" toId="130">
</dataflow>
<dataflow id="391" from="bias_load" to="result" fromId="129" toId="130">
</dataflow>
<dataflow id="392" from="sum" to="result" fromId="63" toId="131">
</dataflow>
<dataflow id="393" from="bias_load" to="result" fromId="129" toId="131">
</dataflow>
<dataflow id="394" from="sum" to="result" fromId="63" toId="132">
</dataflow>
<dataflow id="395" from="bias_load" to="result" fromId="129" toId="132">
</dataflow>
<dataflow id="396" from="sum" to="result" fromId="63" toId="133">
</dataflow>
<dataflow id="397" from="bias_load" to="result" fromId="129" toId="133">
</dataflow>
<dataflow id="398" from="sum" to="result" fromId="63" toId="134">
</dataflow>
<dataflow id="399" from="bias_load" to="result" fromId="129" toId="134">
</dataflow>
<dataflow id="400" from="tmp_24" to="tmp_41_cast" fromId="88" toId="135">
</dataflow>
<dataflow id="401" from="output_0" to="output_0_addr" fromId="172" toId="136">
</dataflow>
<dataflow id="402" from="StgValue_210" to="output_0_addr" fromId="210" toId="136">
</dataflow>
<dataflow id="403" from="tmp_41_cast" to="output_0_addr" fromId="135" toId="136">
</dataflow>
<dataflow id="404" from="result" to="StgValue_137" fromId="134" toId="137">
</dataflow>
<dataflow id="405" from="output_0_addr" to="StgValue_137" fromId="136" toId="137">
</dataflow>
<dataflow id="406" from="exitcond4" to="StgValue_2" fromId="27" toId="2">
</dataflow>
<dataflow id="407" from="exitcond3" to="StgValue_3" fromId="45" toId="3">
</dataflow>
<dataflow id="408" from="exitcond2" to="StgValue_4" fromId="56" toId="4">
</dataflow>
<dataflow id="409" from="exitcond1" to="StgValue_5" fromId="66" toId="5">
</dataflow>
<dataflow id="410" from="exitcond" to="StgValue_6" fromId="92" toId="6">
</dataflow>
</dataflows>


</stg>
