<stg><name>subconv_3x3_16_no_re</name>


<trans_list>

<trans id="139" from="1" to="2">
<condition id="45">
<or_exp><and_exp></and_exp></or_exp>
</condition>
</trans>

<trans id="140" from="2" to="3">
<condition id="47">
<or_exp><and_exp><literal name="exitcond4" val="0"/>
</and_exp></or_exp>
</condition>
</trans>

<trans id="141" from="3" to="4">
<condition id="49">
<or_exp><and_exp><literal name="exitcond3" val="0"/>
</and_exp></or_exp>
</condition>
</trans>

<trans id="168" from="3" to="2">
<condition id="83">
<or_exp><and_exp><literal name="exitcond3" val="1"/>
</and_exp></or_exp>
</condition>
</trans>

<trans id="142" from="4" to="5">
<condition id="51">
<or_exp><and_exp><literal name="exitcond2" val="0"/>
</and_exp></or_exp>
</condition>
</trans>

<trans id="167" from="4" to="3">
<condition id="81">
<or_exp><and_exp><literal name="exitcond2" val="1"/>
</and_exp></or_exp>
</condition>
</trans>

<trans id="143" from="5" to="18">
<condition id="52">
<or_exp><and_exp><literal name="exitcond1" val="1"/>
</and_exp></or_exp>
</condition>
</trans>

<trans id="144" from="5" to="6">
<condition id="54">
<or_exp><and_exp><literal name="exitcond1" val="0"/>
</and_exp></or_exp>
</condition>
</trans>

<trans id="145" from="6" to="7">
<condition id="55">
<or_exp><and_exp><literal name="exitcond" val="0"/>
</and_exp></or_exp>
</condition>
</trans>

<trans id="158" from="6" to="5">
<condition id="70">
<or_exp><and_exp><literal name="exitcond" val="1"/>
</and_exp></or_exp>
</condition>
</trans>

<trans id="147" from="7" to="8">
<condition id="57">
<or_exp><and_exp></and_exp></or_exp>
</condition>
</trans>

<trans id="148" from="8" to="9">
<condition id="58">
<or_exp><and_exp></and_exp></or_exp>
</condition>
</trans>

<trans id="149" from="9" to="10">
<condition id="59">
<or_exp><and_exp></and_exp></or_exp>
</condition>
</trans>

<trans id="150" from="10" to="11">
<condition id="60">
<or_exp><and_exp></and_exp></or_exp>
</condition>
</trans>

<trans id="151" from="11" to="12">
<condition id="61">
<or_exp><and_exp></and_exp></or_exp>
</condition>
</trans>

<trans id="152" from="12" to="13">
<condition id="62">
<or_exp><and_exp></and_exp></or_exp>
</condition>
</trans>

<trans id="153" from="13" to="14">
<condition id="63">
<or_exp><and_exp></and_exp></or_exp>
</condition>
</trans>

<trans id="154" from="14" to="15">
<condition id="64">
<or_exp><and_exp></and_exp></or_exp>
</condition>
</trans>

<trans id="155" from="15" to="16">
<condition id="65">
<or_exp><and_exp></and_exp></or_exp>
</condition>
</trans>

<trans id="156" from="16" to="17">
<condition id="66">
<or_exp><and_exp></and_exp></or_exp>
</condition>
</trans>

<trans id="157" from="17" to="6">
<condition id="68">
<or_exp><and_exp></and_exp></or_exp>
</condition>
</trans>

<trans id="160" from="18" to="19">
<condition id="72">
<or_exp><and_exp></and_exp></or_exp>
</condition>
</trans>

<trans id="161" from="19" to="20">
<condition id="73">
<or_exp><and_exp></and_exp></or_exp>
</condition>
</trans>

<trans id="162" from="20" to="21">
<condition id="74">
<or_exp><and_exp></and_exp></or_exp>
</condition>
</trans>

<trans id="163" from="21" to="22">
<condition id="75">
<or_exp><and_exp></and_exp></or_exp>
</condition>
</trans>

<trans id="164" from="22" to="23">
<condition id="76">
<or_exp><and_exp></and_exp></or_exp>
</condition>
</trans>

<trans id="165" from="23" to="24">
<condition id="77">
<or_exp><and_exp></and_exp></or_exp>
</condition>
</trans>

<trans id="166" from="24" to="4">
<condition id="79">
<or_exp><and_exp></and_exp></or_exp>
</condition>
</trans>
</trans_list>



<state_list>

<state id="1" st_id="1">

<operation id="25" st_id="1" stage="1" lat="1">
<core>NULL</core>
<MemPortIdVec></MemPortIdVec>
<condition id="0">
<or_exp><and_exp></and_exp></or_exp>
</condition>

<Node id="5" bw="0" op_0_bw="0">
<![CDATA[
:0  br label %.loopexit

]]></Node>
<StgValue><ssdm name=""/></StgValue>
</operation>
</state>

<state id="2" st_id="2">

<operation id="26" st_id="2" stage="1" lat="1">
<core>NULL</core>
<MemPortIdVec></MemPortIdVec>
<condition id="1">
<or_exp><and_exp></and_exp></or_exp>
</condition>

<Node id="7" bw="5" op_0_bw="5" op_1_bw="0">
<![CDATA[
.loopexit:0  %co = phi i5 [ 0, %0 ], [ %co_6, %.loopexit.loopexit ]

]]></Node>
<StgValue><ssdm name="co"/></StgValue>
</operation>

<operation id="27" st_id="2" stage="1" lat="1">
<core>Cmp</core>
<MemPortIdVec></MemPortIdVec>
<condition id="1">
<or_exp><and_exp></and_exp></or_exp>
</condition>

<Node id="8" bw="1" op_0_bw="5" op_1_bw="5">
<![CDATA[
.loopexit:1  %exitcond4 = icmp eq i5 %co, -8

]]></Node>
<StgValue><ssdm name="exitcond4"/></StgValue>
</operation>

<operation id="28" st_id="2" stage="1" lat="1">
<core>NULL</core>
<MemPortIdVec></MemPortIdVec>
<condition id="1">
<or_exp><and_exp></and_exp></or_exp>
</condition>

<Node id="9" bw="32" op_0_bw="32" op_1_bw="64" op_2_bw="64" op_3_bw="64">
<![CDATA[
.loopexit:2  %empty = call i32 (...)* @_ssdm_op_SpecLoopTripCount(i64 24, i64 24, i64 24)

]]></Node>
<StgValue><ssdm name="empty"/></StgValue>
</operation>

<operation id="29" st_id="2" stage="1" lat="1">
<core>AddSub</core>
<MemPortIdVec></MemPortIdVec>
<condition id="1">
<or_exp><and_exp></and_exp></or_exp>
</condition>

<Node id="10" bw="5" op_0_bw="5" op_1_bw="5">
<![CDATA[
.loopexit:3  %co_6 = add i5 %co, 1

]]></Node>
<StgValue><ssdm name="co_6"/></StgValue>
</operation>

<operation id="30" st_id="2" stage="1" lat="1">
<core>NULL</core>
<MemPortIdVec></MemPortIdVec>
<condition id="1">
<or_exp><and_exp></and_exp></or_exp>
</condition>

<Node id="11" bw="0" op_0_bw="1" op_1_bw="0" op_2_bw="0">
<![CDATA[
.loopexit:4  br i1 %exitcond4, label %2, label %.preheader7.preheader

]]></Node>
<StgValue><ssdm name=""/></StgValue>
</operation>

<operation id="31" st_id="2" stage="1" lat="1">
<core>NULL</core>
<MemPortIdVec></MemPortIdVec>
<condition id="3">
<or_exp><and_exp><literal name="exitcond4" val="0"/>
</and_exp></or_exp>
</condition>

<Node id="13" bw="64" op_0_bw="5">
<![CDATA[
.preheader7.preheader:0  %tmp = zext i5 %co to i64

]]></Node>
<StgValue><ssdm name="tmp"/></StgValue>
</operation>

<operation id="32" st_id="2" stage="1" lat="1">
<core>NULL</core>
<MemPortIdVec></MemPortIdVec>
<condition id="3">
<or_exp><and_exp><literal name="exitcond4" val="0"/>
</and_exp></or_exp>
</condition>

<Node id="14" bw="8" op_0_bw="5">
<![CDATA[
.preheader7.preheader:1  %tmp_cast = zext i5 %co to i8

]]></Node>
<StgValue><ssdm name="tmp_cast"/></StgValue>
</operation>

<operation id="33" st_id="2" stage="1" lat="1">
<core>NULL</core>
<MemPortIdVec></MemPortIdVec>
<condition id="3">
<or_exp><and_exp><literal name="exitcond4" val="0"/>
</and_exp></or_exp>
</condition>

<Node id="15" bw="9" op_0_bw="9" op_1_bw="5" op_2_bw="4">
<![CDATA[
.preheader7.preheader:2  %tmp_s = call i9 @_ssdm_op_BitConcatenate.i9.i5.i4(i5 %co, i4 0)

]]></Node>
<StgValue><ssdm name="tmp_s"/></StgValue>
</operation>

<operation id="34" st_id="2" stage="1" lat="1">
<core>NULL</core>
<MemPortIdVec></MemPortIdVec>
<condition id="3">
<or_exp><and_exp><literal name="exitcond4" val="0"/>
</and_exp></or_exp>
</condition>

<Node id="16" bw="10" op_0_bw="9">
<![CDATA[
.preheader7.preheader:3  %tmp_107_cast2 = zext i9 %tmp_s to i10

]]></Node>
<StgValue><ssdm name="tmp_107_cast2"/></StgValue>
</operation>

<operation id="35" st_id="2" stage="1" lat="1">
<core>NULL</core>
<MemPortIdVec></MemPortIdVec>
<condition id="3">
<or_exp><and_exp><literal name="exitcond4" val="0"/>
</and_exp></or_exp>
</condition>

<Node id="17" bw="10" op_0_bw="9">
<![CDATA[
.preheader7.preheader:4  %tmp_107_cast = zext i9 %tmp_s to i10

]]></Node>
<StgValue><ssdm name="tmp_107_cast"/></StgValue>
</operation>

<operation id="36" st_id="2" stage="1" lat="1">
<core>NULL</core>
<MemPortIdVec></MemPortIdVec>
<condition id="3">
<or_exp><and_exp><literal name="exitcond4" val="0"/>
</and_exp></or_exp>
</condition>

<Node id="18" bw="7" op_0_bw="7" op_1_bw="5" op_2_bw="2">
<![CDATA[
.preheader7.preheader:5  %tmp_79 = call i7 @_ssdm_op_BitConcatenate.i7.i5.i2(i5 %co, i2 0)

]]></Node>
<StgValue><ssdm name="tmp_79"/></StgValue>
</operation>

<operation id="37" st_id="2" stage="1" lat="1">
<core>NULL</core>
<MemPortIdVec></MemPortIdVec>
<condition id="3">
<or_exp><and_exp><literal name="exitcond4" val="0"/>
</and_exp></or_exp>
</condition>

<Node id="19" bw="8" op_0_bw="7">
<![CDATA[
.preheader7.preheader:6  %p_shl_cast = zext i7 %tmp_79 to i8

]]></Node>
<StgValue><ssdm name="p_shl_cast"/></StgValue>
</operation>

<operation id="38" st_id="2" stage="1" lat="1">
<core>AddSub</core>
<MemPortIdVec></MemPortIdVec>
<condition id="3">
<or_exp><and_exp><literal name="exitcond4" val="0"/>
</and_exp></or_exp>
</condition>

<Node id="20" bw="8" op_0_bw="8" op_1_bw="8">
<![CDATA[
.preheader7.preheader:7  %tmp_80 = sub i8 %p_shl_cast, %tmp_cast

]]></Node>
<StgValue><ssdm name="tmp_80"/></StgValue>
</operation>

<operation id="39" st_id="2" stage="1" lat="1">
<core>NULL</core>
<MemPortIdVec></MemPortIdVec>
<condition id="3">
<or_exp><and_exp><literal name="exitcond4" val="0"/>
</and_exp></or_exp>
</condition>

<Node id="21" bw="9" op_0_bw="8">
<![CDATA[
.preheader7.preheader:8  %tmp_109_cast = sext i8 %tmp_80 to i9

]]></Node>
<StgValue><ssdm name="tmp_109_cast"/></StgValue>
</operation>

<operation id="40" st_id="2" stage="1" lat="1">
<core>NULL</core>
<MemPortIdVec></MemPortIdVec>
<condition id="3">
<or_exp><and_exp><literal name="exitcond4" val="0"/>
</and_exp></or_exp>
</condition>

<Node id="22" bw="5" op_0_bw="32" op_1_bw="64" op_2_bw="64">
<![CDATA[
.preheader7.preheader:9  %bias_addr = getelementptr [24 x float]* %bias, i64 0, i64 %tmp

]]></Node>
<StgValue><ssdm name="bias_addr"/></StgValue>
</operation>

<operation id="41" st_id="2" stage="1" lat="1">
<core>NULL</core>
<MemPortIdVec></MemPortIdVec>
<condition id="3">
<or_exp><and_exp><literal name="exitcond4" val="0"/>
</and_exp></or_exp>
</condition>

<Node id="23" bw="0" op_0_bw="0">
<![CDATA[
.preheader7.preheader:10  br label %.preheader7

]]></Node>
<StgValue><ssdm name=""/></StgValue>
</operation>

<operation id="42" st_id="2" stage="1" lat="1">
<core>NULL</core>
<MemPortIdVec></MemPortIdVec>
<condition id="5">
<or_exp><and_exp><literal name="exitcond4" val="1"/>
</and_exp></or_exp>
</condition>

<Node id="119" bw="0">
<![CDATA[
:0  ret void

]]></Node>
<StgValue><ssdm name=""/></StgValue>
</operation>
</state>

<state id="3" st_id="3">

<operation id="43" st_id="3" stage="1" lat="1">
<core>NULL</core>
<MemPortIdVec></MemPortIdVec>
<condition id="6">
<or_exp><and_exp></and_exp></or_exp>
</condition>

<Node id="25" bw="5" op_0_bw="5" op_1_bw="0">
<![CDATA[
.preheader7:0  %h = phi i5 [ 0, %.preheader7.preheader ], [ %h_6, %.preheader7.loopexit ]

]]></Node>
<StgValue><ssdm name="h"/></StgValue>
</operation>

<operation id="44" st_id="3" stage="1" lat="1">
<core>NULL</core>
<MemPortIdVec></MemPortIdVec>
<condition id="6">
<or_exp><and_exp></and_exp></or_exp>
</condition>

<Node id="26" bw="6" op_0_bw="5">
<![CDATA[
.preheader7:1  %h_cast = zext i5 %h to i6

]]></Node>
<StgValue><ssdm name="h_cast"/></StgValue>
</operation>

<operation id="45" st_id="3" stage="1" lat="1">
<core>Cmp</core>
<MemPortIdVec></MemPortIdVec>
<condition id="6">
<or_exp><and_exp></and_exp></or_exp>
</condition>

<Node id="27" bw="1" op_0_bw="5" op_1_bw="5">
<![CDATA[
.preheader7:2  %exitcond3 = icmp eq i5 %h, -16

]]></Node>
<StgValue><ssdm name="exitcond3"/></StgValue>
</operation>

<operation id="46" st_id="3" stage="1" lat="1">
<core>NULL</core>
<MemPortIdVec></MemPortIdVec>
<condition id="6">
<or_exp><and_exp></and_exp></or_exp>
</condition>

<Node id="28" bw="32" op_0_bw="32" op_1_bw="64" op_2_bw="64" op_3_bw="64">
<![CDATA[
.preheader7:3  %empty_40 = call i32 (...)* @_ssdm_op_SpecLoopTripCount(i64 16, i64 16, i64 16)

]]></Node>
<StgValue><ssdm name="empty_40"/></StgValue>
</operation>

<operation id="47" st_id="3" stage="1" lat="1">
<core>AddSub</core>
<MemPortIdVec></MemPortIdVec>
<condition id="6">
<or_exp><and_exp></and_exp></or_exp>
</condition>

<Node id="29" bw="5" op_0_bw="5" op_1_bw="5">
<![CDATA[
.preheader7:4  %h_6 = add i5 %h, 1

]]></Node>
<StgValue><ssdm name="h_6"/></StgValue>
</operation>

<operation id="48" st_id="3" stage="1" lat="1">
<core>NULL</core>
<MemPortIdVec></MemPortIdVec>
<condition id="6">
<or_exp><and_exp></and_exp></or_exp>
</condition>

<Node id="30" bw="0" op_0_bw="1" op_1_bw="0" op_2_bw="0">
<![CDATA[
.preheader7:5  br i1 %exitcond3, label %.loopexit.loopexit, label %.preheader6.preheader

]]></Node>
<StgValue><ssdm name=""/></StgValue>
</operation>

<operation id="49" st_id="3" stage="1" lat="1">
<core>NULL</core>
<MemPortIdVec></MemPortIdVec>
<condition id="8">
<or_exp><and_exp><literal name="exitcond3" val="0"/>
</and_exp></or_exp>
</condition>

<Node id="32" bw="10" op_0_bw="5">
<![CDATA[
.preheader6.preheader:0  %tmp_cast_41 = zext i5 %h to i10

]]></Node>
<StgValue><ssdm name="tmp_cast_41"/></StgValue>
</operation>

<operation id="50" st_id="3" stage="1" lat="1">
<core>AddSub</core>
<MemPortIdVec></MemPortIdVec>
<condition id="8">
<or_exp><and_exp><literal name="exitcond3" val="0"/>
</and_exp></or_exp>
</condition>

<Node id="33" bw="10" op_0_bw="10" op_1_bw="10">
<![CDATA[
.preheader6.preheader:1  %tmp_81 = add i10 %tmp_cast_41, %tmp_107_cast

]]></Node>
<StgValue><ssdm name="tmp_81"/></StgValue>
</operation>

<operation id="51" st_id="3" stage="1" lat="1">
<core>NULL</core>
<MemPortIdVec></MemPortIdVec>
<condition id="8">
<or_exp><and_exp><literal name="exitcond3" val="0"/>
</and_exp></or_exp>
</condition>

<Node id="34" bw="14" op_0_bw="14" op_1_bw="10" op_2_bw="4">
<![CDATA[
.preheader6.preheader:2  %tmp_112_cast = call i14 @_ssdm_op_BitConcatenate.i14.i10.i4(i10 %tmp_81, i4 0)

]]></Node>
<StgValue><ssdm name="tmp_112_cast"/></StgValue>
</operation>

<operation id="52" st_id="3" stage="1" lat="1">
<core>NULL</core>
<MemPortIdVec></MemPortIdVec>
<condition id="8">
<or_exp><and_exp><literal name="exitcond3" val="0"/>
</and_exp></or_exp>
</condition>

<Node id="35" bw="0" op_0_bw="0">
<![CDATA[
.preheader6.preheader:3  br label %.preheader6

]]></Node>
<StgValue><ssdm name=""/></StgValue>
</operation>

<operation id="53" st_id="3" stage="1" lat="1">
<core>NULL</core>
<MemPortIdVec></MemPortIdVec>
<condition id="10">
<or_exp><and_exp><literal name="exitcond3" val="1"/>
</and_exp></or_exp>
</condition>

<Node id="117" bw="0" op_0_bw="0">
<![CDATA[
.loopexit.loopexit:0  br label %.loopexit

]]></Node>
<StgValue><ssdm name=""/></StgValue>
</operation>
</state>

<state id="4" st_id="4">

<operation id="54" st_id="4" stage="1" lat="1">
<core>NULL</core>
<MemPortIdVec></MemPortIdVec>
<condition id="11">
<or_exp><and_exp></and_exp></or_exp>
</condition>

<Node id="37" bw="5" op_0_bw="5" op_1_bw="0">
<![CDATA[
.preheader6:0  %w = phi i5 [ %w_6, %1 ], [ 0, %.preheader6.preheader ]

]]></Node>
<StgValue><ssdm name="w"/></StgValue>
</operation>

<operation id="55" st_id="4" stage="1" lat="1">
<core>NULL</core>
<MemPortIdVec></MemPortIdVec>
<condition id="11">
<or_exp><and_exp></and_exp></or_exp>
</condition>

<Node id="38" bw="6" op_0_bw="5">
<![CDATA[
.preheader6:1  %w_cast = zext i5 %w to i6

]]></Node>
<StgValue><ssdm name="w_cast"/></StgValue>
</operation>

<operation id="56" st_id="4" stage="1" lat="1">
<core>Cmp</core>
<MemPortIdVec></MemPortIdVec>
<condition id="11">
<or_exp><and_exp></and_exp></or_exp>
</condition>

<Node id="39" bw="1" op_0_bw="5" op_1_bw="5">
<![CDATA[
.preheader6:2  %exitcond2 = icmp eq i5 %w, -16

]]></Node>
<StgValue><ssdm name="exitcond2"/></StgValue>
</operation>

<operation id="57" st_id="4" stage="1" lat="1">
<core>NULL</core>
<MemPortIdVec></MemPortIdVec>
<condition id="11">
<or_exp><and_exp></and_exp></or_exp>
</condition>

<Node id="40" bw="32" op_0_bw="32" op_1_bw="64" op_2_bw="64" op_3_bw="64">
<![CDATA[
.preheader6:3  %empty_42 = call i32 (...)* @_ssdm_op_SpecLoopTripCount(i64 16, i64 16, i64 16)

]]></Node>
<StgValue><ssdm name="empty_42"/></StgValue>
</operation>

<operation id="58" st_id="4" stage="1" lat="1">
<core>AddSub</core>
<MemPortIdVec></MemPortIdVec>
<condition id="11">
<or_exp><and_exp></and_exp></or_exp>
</condition>

<Node id="41" bw="5" op_0_bw="5" op_1_bw="5">
<![CDATA[
.preheader6:4  %w_6 = add i5 %w, 1

]]></Node>
<StgValue><ssdm name="w_6"/></StgValue>
</operation>

<operation id="59" st_id="4" stage="1" lat="1">
<core>NULL</core>
<MemPortIdVec></MemPortIdVec>
<condition id="11">
<or_exp><and_exp></and_exp></or_exp>
</condition>

<Node id="42" bw="0" op_0_bw="1" op_1_bw="0" op_2_bw="0">
<![CDATA[
.preheader6:5  br i1 %exitcond2, label %.preheader7.loopexit, label %.preheader5.preheader

]]></Node>
<StgValue><ssdm name=""/></StgValue>
</operation>

<operation id="60" st_id="4" stage="1" lat="1">
<core>AddSub</core>
<MemPortIdVec></MemPortIdVec>
<condition id="13">
<or_exp><and_exp><literal name="exitcond2" val="0"/>
</and_exp></or_exp>
</condition>

<Node id="44" bw="5" op_0_bw="5" op_1_bw="5">
<![CDATA[
.preheader5.preheader:0  %tmp_76 = sub i5 0, %w

]]></Node>
<StgValue><ssdm name="tmp_76"/></StgValue>
</operation>

<operation id="61" st_id="4" stage="1" lat="1">
<core>NULL</core>
<MemPortIdVec></MemPortIdVec>
<condition id="13">
<or_exp><and_exp><literal name="exitcond2" val="0"/>
</and_exp></or_exp>
</condition>

<Node id="45" bw="0" op_0_bw="0">
<![CDATA[
.preheader5.preheader:1  br label %.preheader5

]]></Node>
<StgValue><ssdm name=""/></StgValue>
</operation>

<operation id="62" st_id="4" stage="1" lat="1">
<core>NULL</core>
<MemPortIdVec></MemPortIdVec>
<condition id="15">
<or_exp><and_exp><literal name="exitcond2" val="1"/>
</and_exp></or_exp>
</condition>

<Node id="115" bw="0" op_0_bw="0">
<![CDATA[
.preheader7.loopexit:0  br label %.preheader7

]]></Node>
<StgValue><ssdm name=""/></StgValue>
</operation>
</state>

<state id="5" st_id="5">

<operation id="63" st_id="5" stage="1" lat="1">
<core>NULL</core>
<MemPortIdVec></MemPortIdVec>
<condition id="16">
<or_exp><and_exp></and_exp></or_exp>
</condition>

<Node id="47" bw="32" op_0_bw="32" op_1_bw="0">
<![CDATA[
.preheader5:0  %sum = phi float [ 0.000000e+00, %.preheader5.preheader ], [ %sum_1, %.preheader5.loopexit ]

]]></Node>
<StgValue><ssdm name="sum"/></StgValue>
</operation>

<operation id="64" st_id="5" stage="1" lat="1">
<core>NULL</core>
<MemPortIdVec></MemPortIdVec>
<condition id="16">
<or_exp><and_exp></and_exp></or_exp>
</condition>

<Node id="48" bw="2" op_0_bw="2" op_1_bw="0">
<![CDATA[
.preheader5:1  %m = phi i2 [ 0, %.preheader5.preheader ], [ %m_6, %.preheader5.loopexit ]

]]></Node>
<StgValue><ssdm name="m"/></StgValue>
</operation>

<operation id="65" st_id="5" stage="1" lat="1">
<core>NULL</core>
<MemPortIdVec></MemPortIdVec>
<condition id="16">
<or_exp><and_exp></and_exp></or_exp>
</condition>

<Node id="49" bw="3" op_0_bw="2">
<![CDATA[
.preheader5:2  %m_cast_cast = zext i2 %m to i3

]]></Node>
<StgValue><ssdm name="m_cast_cast"/></StgValue>
</operation>

<operation id="66" st_id="5" stage="1" lat="1">
<core>Cmp</core>
<MemPortIdVec></MemPortIdVec>
<condition id="16">
<or_exp><and_exp></and_exp></or_exp>
</condition>

<Node id="50" bw="1" op_0_bw="2" op_1_bw="2">
<![CDATA[
.preheader5:3  %exitcond1 = icmp eq i2 %m, -1

]]></Node>
<StgValue><ssdm name="exitcond1"/></StgValue>
</operation>

<operation id="67" st_id="5" stage="1" lat="1">
<core>NULL</core>
<MemPortIdVec></MemPortIdVec>
<condition id="16">
<or_exp><and_exp></and_exp></or_exp>
</condition>

<Node id="51" bw="32" op_0_bw="32" op_1_bw="64" op_2_bw="64" op_3_bw="64">
<![CDATA[
.preheader5:4  %empty_43 = call i32 (...)* @_ssdm_op_SpecLoopTripCount(i64 3, i64 3, i64 3)

]]></Node>
<StgValue><ssdm name="empty_43"/></StgValue>
</operation>

<operation id="68" st_id="5" stage="1" lat="1">
<core>AddSub</core>
<MemPortIdVec></MemPortIdVec>
<condition id="16">
<or_exp><and_exp></and_exp></or_exp>
</condition>

<Node id="52" bw="2" op_0_bw="2" op_1_bw="2">
<![CDATA[
.preheader5:5  %m_6 = add i2 %m, 1

]]></Node>
<StgValue><ssdm name="m_6"/></StgValue>
</operation>

<operation id="69" st_id="5" stage="1" lat="1">
<core>NULL</core>
<MemPortIdVec></MemPortIdVec>
<condition id="16">
<or_exp><and_exp></and_exp></or_exp>
</condition>

<Node id="53" bw="0" op_0_bw="1" op_1_bw="0" op_2_bw="0">
<![CDATA[
.preheader5:6  br i1 %exitcond1, label %1, label %.preheader.preheader

]]></Node>
<StgValue><ssdm name=""/></StgValue>
</operation>

<operation id="70" st_id="5" stage="1" lat="1">
<core>NULL</core>
<MemPortIdVec></MemPortIdVec>
<condition id="18">
<or_exp><and_exp><literal name="exitcond1" val="0"/>
</and_exp></or_exp>
</condition>

<Node id="55" bw="9" op_0_bw="2">
<![CDATA[
.preheader.preheader:0  %tmp_67_cast = zext i2 %m to i9

]]></Node>
<StgValue><ssdm name="tmp_67_cast"/></StgValue>
</operation>

<operation id="71" st_id="5" stage="1" lat="1">
<core>AddSub</core>
<MemPortIdVec></MemPortIdVec>
<condition id="18">
<or_exp><and_exp><literal name="exitcond1" val="0"/>
</and_exp></or_exp>
</condition>

<Node id="56" bw="9" op_0_bw="9" op_1_bw="9">
<![CDATA[
.preheader.preheader:1  %tmp_83 = add i9 %tmp_67_cast, %tmp_109_cast

]]></Node>
<StgValue><ssdm name="tmp_83"/></StgValue>
</operation>

<operation id="72" st_id="5" stage="1" lat="1">
<core>NULL</core>
<MemPortIdVec></MemPortIdVec>
<condition id="18">
<or_exp><and_exp><literal name="exitcond1" val="0"/>
</and_exp></or_exp>
</condition>

<Node id="57" bw="9" op_0_bw="9" op_1_bw="9">
<![CDATA[
.preheader.preheader:2  %tmp_74 = shl i9 %tmp_83, 2

]]></Node>
<StgValue><ssdm name="tmp_74"/></StgValue>
</operation>

<operation id="73" st_id="5" stage="1" lat="1">
<core>AddSub</core>
<MemPortIdVec></MemPortIdVec>
<condition id="18">
<or_exp><and_exp><literal name="exitcond1" val="0"/>
</and_exp></or_exp>
</condition>

<Node id="58" bw="9" op_0_bw="9" op_1_bw="9">
<![CDATA[
.preheader.preheader:3  %tmp_84 = sub i9 %tmp_74, %tmp_83

]]></Node>
<StgValue><ssdm name="tmp_84"/></StgValue>
</operation>

<operation id="74" st_id="5" stage="1" lat="1">
<core>AddSub</core>
<MemPortIdVec></MemPortIdVec>
<condition id="18">
<or_exp><and_exp><literal name="exitcond1" val="0"/>
</and_exp></or_exp>
</condition>

<Node id="59" bw="3" op_0_bw="3" op_1_bw="3">
<![CDATA[
.preheader.preheader:4  %tmp_68 = sub i3 0, %m_cast_cast

]]></Node>
<StgValue><ssdm name="tmp_68"/></StgValue>
</operation>

<operation id="75" st_id="5" stage="1" lat="1">
<core>NULL</core>
<MemPortIdVec></MemPortIdVec>
<condition id="18">
<or_exp><and_exp><literal name="exitcond1" val="0"/>
</and_exp></or_exp>
</condition>

<Node id="60" bw="5" op_0_bw="3">
<![CDATA[
.preheader.preheader:5  %tmp_68_cast = sext i3 %tmp_68 to i5

]]></Node>
<StgValue><ssdm name="tmp_68_cast"/></StgValue>
</operation>

<operation id="76" st_id="5" stage="1" lat="1">
<core>Cmp</core>
<MemPortIdVec></MemPortIdVec>
<condition id="18">
<or_exp><and_exp><literal name="exitcond1" val="0"/>
</and_exp></or_exp>
</condition>

<Node id="61" bw="1" op_0_bw="5" op_1_bw="5">
<![CDATA[
.preheader.preheader:6  %tmp_69 = icmp ne i5 %h, %tmp_68_cast

]]></Node>
<StgValue><ssdm name="tmp_69"/></StgValue>
</operation>

<operation id="77" st_id="5" stage="1" lat="1">
<core>AddSub</core>
<MemPortIdVec></MemPortIdVec>
<condition id="18">
<or_exp><and_exp><literal name="exitcond1" val="0"/>
</and_exp></or_exp>
</condition>

<Node id="62" bw="2" op_0_bw="2" op_1_bw="2">
<![CDATA[
.preheader.preheader:7  %tmp4 = add i2 -1, %m

]]></Node>
<StgValue><ssdm name="tmp4"/></StgValue>
</operation>

<operation id="78" st_id="5" stage="1" lat="1">
<core>NULL</core>
<MemPortIdVec></MemPortIdVec>
<condition id="18">
<or_exp><and_exp><literal name="exitcond1" val="0"/>
</and_exp></or_exp>
</condition>

<Node id="63" bw="6" op_0_bw="2">
<![CDATA[
.preheader.preheader:8  %tmp4_cast = sext i2 %tmp4 to i6

]]></Node>
<StgValue><ssdm name="tmp4_cast"/></StgValue>
</operation>

<operation id="79" st_id="5" stage="1" lat="1">
<core>AddSub</core>
<MemPortIdVec></MemPortIdVec>
<condition id="18">
<or_exp><and_exp><literal name="exitcond1" val="0"/>
</and_exp></or_exp>
</condition>

<Node id="64" bw="6" op_0_bw="6" op_1_bw="6">
<![CDATA[
.preheader.preheader:9  %tmp_70 = add i6 %tmp4_cast, %h_cast

]]></Node>
<StgValue><ssdm name="tmp_70"/></StgValue>
</operation>

<operation id="80" st_id="5" stage="1" lat="1">
<core>NULL</core>
<MemPortIdVec></MemPortIdVec>
<condition id="18">
<or_exp><and_exp><literal name="exitcond1" val="0"/>
</and_exp></or_exp>
</condition>

<Node id="65" bw="10" op_0_bw="6">
<![CDATA[
.preheader.preheader:10  %tmp_71_cast = sext i6 %tmp_70 to i10

]]></Node>
<StgValue><ssdm name="tmp_71_cast"/></StgValue>
</operation>

<operation id="81" st_id="5" stage="1" lat="1">
<core>AddSub</core>
<MemPortIdVec></MemPortIdVec>
<condition id="18">
<or_exp><and_exp><literal name="exitcond1" val="0"/>
</and_exp></or_exp>
</condition>

<Node id="66" bw="10" op_0_bw="10" op_1_bw="10">
<![CDATA[
.preheader.preheader:11  %tmp_85 = add i10 %tmp_71_cast, %tmp_107_cast2

]]></Node>
<StgValue><ssdm name="tmp_85"/></StgValue>
</operation>

<operation id="82" st_id="5" stage="1" lat="1">
<core>NULL</core>
<MemPortIdVec></MemPortIdVec>
<condition id="18">
<or_exp><and_exp><literal name="exitcond1" val="0"/>
</and_exp></or_exp>
</condition>

<Node id="67" bw="14" op_0_bw="14" op_1_bw="10" op_2_bw="4">
<![CDATA[
.preheader.preheader:12  %tmp_119_cast = call i14 @_ssdm_op_BitConcatenate.i14.i10.i4(i10 %tmp_85, i4 0)

]]></Node>
<StgValue><ssdm name="tmp_119_cast"/></StgValue>
</operation>

<operation id="83" st_id="5" stage="1" lat="1">
<core>NULL</core>
<MemPortIdVec></MemPortIdVec>
<condition id="18">
<or_exp><and_exp><literal name="exitcond1" val="0"/>
</and_exp></or_exp>
</condition>

<Node id="68" bw="2" op_0_bw="2" op_1_bw="6" op_2_bw="32" op_3_bw="32">
<![CDATA[
.preheader.preheader:13  %tmp_75 = call i2 @_ssdm_op_PartSelect.i2.i6.i32.i32(i6 %tmp_70, i32 4, i32 5)

]]></Node>
<StgValue><ssdm name="tmp_75"/></StgValue>
</operation>

<operation id="84" st_id="5" stage="1" lat="1">
<core>Cmp</core>
<MemPortIdVec></MemPortIdVec>
<condition id="18">
<or_exp><and_exp><literal name="exitcond1" val="0"/>
</and_exp></or_exp>
</condition>

<Node id="69" bw="1" op_0_bw="2" op_1_bw="2">
<![CDATA[
.preheader.preheader:14  %icmp = icmp ne i2 %tmp_75, 1

]]></Node>
<StgValue><ssdm name="icmp"/></StgValue>
</operation>

<operation id="85" st_id="5" stage="1" lat="1">
<core>NULL</core>
<MemPortIdVec></MemPortIdVec>
<condition id="18">
<or_exp><and_exp><literal name="exitcond1" val="0"/>
</and_exp></or_exp>
</condition>

<Node id="70" bw="0" op_0_bw="0">
<![CDATA[
.preheader.preheader:15  br label %.preheader

]]></Node>
<StgValue><ssdm name=""/></StgValue>
</operation>

<operation id="86" st_id="5" stage="2" lat="2">
<core>RAM</core>
<MemPortIdVec>0 </MemPortIdVec>
<condition id="20">
<or_exp><and_exp><literal name="exitcond1" val="1"/>
</and_exp></or_exp>
</condition>

<Node id="106" bw="32" op_0_bw="5">
<![CDATA[
:0  %bias_load = load float* %bias_addr, align 4

]]></Node>
<StgValue><ssdm name="bias_load"/></StgValue>
</operation>

<operation id="87" st_id="5" stage="1" lat="1">
<core>NULL</core>
<MemPortIdVec></MemPortIdVec>
<condition id="20">
<or_exp><and_exp><literal name="exitcond1" val="1"/>
</and_exp></or_exp>
</condition>

<Node id="108" bw="14" op_0_bw="5">
<![CDATA[
:2  %tmp_66_cast = zext i5 %w to i14

]]></Node>
<StgValue><ssdm name="tmp_66_cast"/></StgValue>
</operation>

<operation id="88" st_id="5" stage="1" lat="1">
<core>AddSub</core>
<MemPortIdVec></MemPortIdVec>
<condition id="20">
<or_exp><and_exp><literal name="exitcond1" val="1"/>
</and_exp></or_exp>
</condition>

<Node id="109" bw="14" op_0_bw="14" op_1_bw="14">
<![CDATA[
:3  %tmp_82 = add i14 %tmp_112_cast, %tmp_66_cast

]]></Node>
<StgValue><ssdm name="tmp_82"/></StgValue>
</operation>
</state>

<state id="6" st_id="6">

<operation id="89" st_id="6" stage="1" lat="1">
<core>NULL</core>
<MemPortIdVec></MemPortIdVec>
<condition id="21">
<or_exp><and_exp></and_exp></or_exp>
</condition>

<Node id="72" bw="32" op_0_bw="32" op_1_bw="0">
<![CDATA[
.preheader:0  %sum_1 = phi float [ %sum_7, %_ifconv ], [ %sum, %.preheader.preheader ]

]]></Node>
<StgValue><ssdm name="sum_1"/></StgValue>
</operation>

<operation id="90" st_id="6" stage="1" lat="1">
<core>NULL</core>
<MemPortIdVec></MemPortIdVec>
<condition id="21">
<or_exp><and_exp></and_exp></or_exp>
</condition>

<Node id="73" bw="2" op_0_bw="2" op_1_bw="0">
<![CDATA[
.preheader:1  %n = phi i2 [ %n_6, %_ifconv ], [ 0, %.preheader.preheader ]

]]></Node>
<StgValue><ssdm name="n"/></StgValue>
</operation>

<operation id="91" st_id="6" stage="1" lat="1">
<core>NULL</core>
<MemPortIdVec></MemPortIdVec>
<condition id="21">
<or_exp><and_exp></and_exp></or_exp>
</condition>

<Node id="74" bw="5" op_0_bw="2">
<![CDATA[
.preheader:2  %n_cast9 = zext i2 %n to i5

]]></Node>
<StgValue><ssdm name="n_cast9"/></StgValue>
</operation>

<operation id="92" st_id="6" stage="1" lat="1">
<core>Cmp</core>
<MemPortIdVec></MemPortIdVec>
<condition id="21">
<or_exp><and_exp></and_exp></or_exp>
</condition>

<Node id="75" bw="1" op_0_bw="2" op_1_bw="2">
<![CDATA[
.preheader:3  %exitcond = icmp eq i2 %n, -1

]]></Node>
<StgValue><ssdm name="exitcond"/></StgValue>
</operation>

<operation id="93" st_id="6" stage="1" lat="1">
<core>NULL</core>
<MemPortIdVec></MemPortIdVec>
<condition id="21">
<or_exp><and_exp></and_exp></or_exp>
</condition>

<Node id="76" bw="32" op_0_bw="32" op_1_bw="64" op_2_bw="64" op_3_bw="64">
<![CDATA[
.preheader:4  %empty_44 = call i32 (...)* @_ssdm_op_SpecLoopTripCount(i64 3, i64 3, i64 3)

]]></Node>
<StgValue><ssdm name="empty_44"/></StgValue>
</operation>

<operation id="94" st_id="6" stage="1" lat="1">
<core>AddSub</core>
<MemPortIdVec></MemPortIdVec>
<condition id="21">
<or_exp><and_exp></and_exp></or_exp>
</condition>

<Node id="77" bw="2" op_0_bw="2" op_1_bw="2">
<![CDATA[
.preheader:5  %n_6 = add i2 %n, 1

]]></Node>
<StgValue><ssdm name="n_6"/></StgValue>
</operation>

<operation id="95" st_id="6" stage="1" lat="1">
<core>NULL</core>
<MemPortIdVec></MemPortIdVec>
<condition id="21">
<or_exp><and_exp></and_exp></or_exp>
</condition>

<Node id="78" bw="0" op_0_bw="1" op_1_bw="0" op_2_bw="0">
<![CDATA[
.preheader:6  br i1 %exitcond, label %.preheader5.loopexit, label %_ifconv

]]></Node>
<StgValue><ssdm name=""/></StgValue>
</operation>

<operation id="96" st_id="6" stage="1" lat="1">
<core>NULL</core>
<MemPortIdVec></MemPortIdVec>
<condition id="23">
<or_exp><and_exp><literal name="exitcond" val="0"/>
</and_exp></or_exp>
</condition>

<Node id="80" bw="9" op_0_bw="2">
<![CDATA[
_ifconv:0  %tmp_72_cast = zext i2 %n to i9

]]></Node>
<StgValue><ssdm name="tmp_72_cast"/></StgValue>
</operation>

<operation id="97" st_id="6" stage="1" lat="1">
<core>AddSub</core>
<MemPortIdVec></MemPortIdVec>
<condition id="23">
<or_exp><and_exp><literal name="exitcond" val="0"/>
</and_exp></or_exp>
</condition>

<Node id="81" bw="9" op_0_bw="9" op_1_bw="9">
<![CDATA[
_ifconv:1  %tmp_86 = add i9 %tmp_84, %tmp_72_cast

]]></Node>
<StgValue><ssdm name="tmp_86"/></StgValue>
</operation>

<operation id="98" st_id="6" stage="1" lat="1">
<core>AddSub</core>
<MemPortIdVec></MemPortIdVec>
<condition id="23">
<or_exp><and_exp><literal name="exitcond" val="0"/>
</and_exp></or_exp>
</condition>

<Node id="85" bw="2" op_0_bw="2" op_1_bw="2">
<![CDATA[
_ifconv:5  %tmp5 = add i2 %n, -1

]]></Node>
<StgValue><ssdm name="tmp5"/></StgValue>
</operation>

<operation id="99" st_id="6" stage="1" lat="1">
<core>NULL</core>
<MemPortIdVec></MemPortIdVec>
<condition id="23">
<or_exp><and_exp><literal name="exitcond" val="0"/>
</and_exp></or_exp>
</condition>

<Node id="86" bw="6" op_0_bw="2">
<![CDATA[
_ifconv:6  %tmp5_cast = sext i2 %tmp5 to i6

]]></Node>
<StgValue><ssdm name="tmp5_cast"/></StgValue>
</operation>

<operation id="100" st_id="6" stage="1" lat="1">
<core>AddSub</core>
<MemPortIdVec></MemPortIdVec>
<condition id="23">
<or_exp><and_exp><literal name="exitcond" val="0"/>
</and_exp></or_exp>
</condition>

<Node id="87" bw="6" op_0_bw="6" op_1_bw="6">
<![CDATA[
_ifconv:7  %tmp_73 = add i6 %w_cast, %tmp5_cast

]]></Node>
<StgValue><ssdm name="tmp_73"/></StgValue>
</operation>

<operation id="101" st_id="6" stage="1" lat="1">
<core>NULL</core>
<MemPortIdVec></MemPortIdVec>
<condition id="23">
<or_exp><and_exp><literal name="exitcond" val="0"/>
</and_exp></or_exp>
</condition>

<Node id="88" bw="2" op_0_bw="2" op_1_bw="6" op_2_bw="32" op_3_bw="32">
<![CDATA[
_ifconv:8  %tmp_87 = call i2 @_ssdm_op_PartSelect.i2.i6.i32.i32(i6 %tmp_73, i32 4, i32 5)

]]></Node>
<StgValue><ssdm name="tmp_87"/></StgValue>
</operation>

<operation id="102" st_id="6" stage="1" lat="1">
<core>Cmp</core>
<MemPortIdVec></MemPortIdVec>
<condition id="23">
<or_exp><and_exp><literal name="exitcond" val="0"/>
</and_exp></or_exp>
</condition>

<Node id="89" bw="1" op_0_bw="2" op_1_bw="2">
<![CDATA[
_ifconv:9  %icmp5 = icmp ne i2 %tmp_87, 1

]]></Node>
<StgValue><ssdm name="icmp5"/></StgValue>
</operation>

<operation id="103" st_id="6" stage="1" lat="1">
<core>NULL</core>
<MemPortIdVec></MemPortIdVec>
<condition id="23">
<or_exp><and_exp><literal name="exitcond" val="0"/>
</and_exp></or_exp>
</condition>

<Node id="90" bw="14" op_0_bw="6">
<![CDATA[
_ifconv:10  %tmp_75_cast = sext i6 %tmp_73 to i14

]]></Node>
<StgValue><ssdm name="tmp_75_cast"/></StgValue>
</operation>

<operation id="104" st_id="6" stage="1" lat="1">
<core>AddSub</core>
<MemPortIdVec></MemPortIdVec>
<condition id="23">
<or_exp><and_exp><literal name="exitcond" val="0"/>
</and_exp></or_exp>
</condition>

<Node id="91" bw="14" op_0_bw="14" op_1_bw="14">
<![CDATA[
_ifconv:11  %tmp_88 = add i14 %tmp_119_cast, %tmp_75_cast

]]></Node>
<StgValue><ssdm name="tmp_88"/></StgValue>
</operation>

<operation id="105" st_id="6" stage="1" lat="1">
<core>Cmp</core>
<MemPortIdVec></MemPortIdVec>
<condition id="23">
<or_exp><and_exp><literal name="exitcond" val="0"/>
</and_exp></or_exp>
</condition>

<Node id="95" bw="1" op_0_bw="5" op_1_bw="5">
<![CDATA[
_ifconv:15  %notlhs = icmp ne i5 %n_cast9, %tmp_76

]]></Node>
<StgValue><ssdm name="notlhs"/></StgValue>
</operation>

<operation id="106" st_id="6" stage="1" lat="1">
<core>NULL</core>
<MemPortIdVec></MemPortIdVec>
<condition id="25">
<or_exp><and_exp><literal name="exitcond" val="1"/>
</and_exp></or_exp>
</condition>

<Node id="104" bw="0" op_0_bw="0">
<![CDATA[
.preheader5.loopexit:0  br label %.preheader5

]]></Node>
<StgValue><ssdm name=""/></StgValue>
</operation>
</state>

<state id="7" st_id="7">

<operation id="107" st_id="7" stage="1" lat="1">
<core>NULL</core>
<MemPortIdVec></MemPortIdVec>
<condition id="26">
<or_exp><and_exp></and_exp></or_exp>
</condition>

<Node id="82" bw="64" op_0_bw="9">
<![CDATA[
_ifconv:2  %tmp_120_cast = zext i9 %tmp_86 to i64

]]></Node>
<StgValue><ssdm name="tmp_120_cast"/></StgValue>
</operation>

<operation id="108" st_id="7" stage="1" lat="1">
<core>NULL</core>
<MemPortIdVec></MemPortIdVec>
<condition id="26">
<or_exp><and_exp></and_exp></or_exp>
</condition>

<Node id="83" bw="8" op_0_bw="32" op_1_bw="64" op_2_bw="64">
<![CDATA[
_ifconv:3  %weight_addr = getelementptr [216 x float]* %weight, i64 0, i64 %tmp_120_cast

]]></Node>
<StgValue><ssdm name="weight_addr"/></StgValue>
</operation>

<operation id="109" st_id="7" stage="2" lat="2">
<core>RAM</core>
<MemPortIdVec>0 </MemPortIdVec>
<condition id="26">
<or_exp><and_exp></and_exp></or_exp>
</condition>

<Node id="84" bw="32" op_0_bw="8">
<![CDATA[
_ifconv:4  %weight_load = load float* %weight_addr, align 4

]]></Node>
<StgValue><ssdm name="weight_load"/></StgValue>
</operation>

<operation id="110" st_id="7" stage="1" lat="1">
<core>NULL</core>
<MemPortIdVec></MemPortIdVec>
<condition id="26">
<or_exp><and_exp></and_exp></or_exp>
</condition>

<Node id="92" bw="64" op_0_bw="14">
<![CDATA[
_ifconv:12  %tmp_121_cast = zext i14 %tmp_88 to i64

]]></Node>
<StgValue><ssdm name="tmp_121_cast"/></StgValue>
</operation>

<operation id="111" st_id="7" stage="1" lat="1">
<core>NULL</core>
<MemPortIdVec></MemPortIdVec>
<condition id="26">
<or_exp><and_exp></and_exp></or_exp>
</condition>

<Node id="93" bw="13" op_0_bw="32" op_1_bw="64" op_2_bw="64">
<![CDATA[
_ifconv:13  %input_0_addr = getelementptr [6144 x float]* %input_0, i64 0, i64 %tmp_121_cast

]]></Node>
<StgValue><ssdm name="input_0_addr"/></StgValue>
</operation>

<operation id="112" st_id="7" stage="2" lat="2">
<core>RAM</core>
<MemPortIdVec>0 </MemPortIdVec>
<condition id="26">
<or_exp><and_exp></and_exp></or_exp>
</condition>

<Node id="94" bw="32" op_0_bw="13">
<![CDATA[
_ifconv:14  %input_0_load = load float* %input_0_addr, align 4

]]></Node>
<StgValue><ssdm name="input_0_load"/></StgValue>
</operation>
</state>

<state id="8" st_id="8">

<operation id="113" st_id="8" stage="1" lat="2">
<core>RAM</core>
<MemPortIdVec>0 </MemPortIdVec>
<condition id="27">
<or_exp><and_exp></and_exp></or_exp>
</condition>

<Node id="84" bw="32" op_0_bw="8">
<![CDATA[
_ifconv:4  %weight_load = load float* %weight_addr, align 4

]]></Node>
<StgValue><ssdm name="weight_load"/></StgValue>
</operation>

<operation id="114" st_id="8" stage="1" lat="2">
<core>RAM</core>
<MemPortIdVec>0 </MemPortIdVec>
<condition id="27">
<or_exp><and_exp></and_exp></or_exp>
</condition>

<Node id="94" bw="32" op_0_bw="13">
<![CDATA[
_ifconv:14  %input_0_load = load float* %input_0_addr, align 4

]]></Node>
<StgValue><ssdm name="input_0_load"/></StgValue>
</operation>

<operation id="115" st_id="8" stage="1" lat="1">
<core>LogicGate</core>
<MemPortIdVec></MemPortIdVec>
<condition id="27">
<or_exp><and_exp></and_exp></or_exp>
</condition>

<Node id="96" bw="1" op_0_bw="1" op_1_bw="1">
<![CDATA[
_ifconv:16  %tmp6 = and i1 %icmp, %notlhs

]]></Node>
<StgValue><ssdm name="tmp6"/></StgValue>
</operation>

<operation id="116" st_id="8" stage="1" lat="1">
<core>LogicGate</core>
<MemPortIdVec></MemPortIdVec>
<condition id="27">
<or_exp><and_exp></and_exp></or_exp>
</condition>

<Node id="97" bw="1" op_0_bw="1" op_1_bw="1">
<![CDATA[
_ifconv:17  %tmp7 = and i1 %tmp_69, %icmp5

]]></Node>
<StgValue><ssdm name="tmp7"/></StgValue>
</operation>

<operation id="117" st_id="8" stage="1" lat="1">
<core>LogicGate</core>
<MemPortIdVec></MemPortIdVec>
<condition id="27">
<or_exp><and_exp></and_exp></or_exp>
</condition>

<Node id="98" bw="1" op_0_bw="1" op_1_bw="1">
<![CDATA[
_ifconv:18  %sel_tmp2 = and i1 %tmp7, %tmp6

]]></Node>
<StgValue><ssdm name="sel_tmp2"/></StgValue>
</operation>

<operation id="118" st_id="8" stage="1" lat="1">
<core>Sel</core>
<MemPortIdVec></MemPortIdVec>
<condition id="27">
<or_exp><and_exp></and_exp></or_exp>
</condition>

<Node id="99" bw="32" op_0_bw="1" op_1_bw="32" op_2_bw="32">
<![CDATA[
_ifconv:19  %tmp_77 = select i1 %sel_tmp2, float %input_0_load, float 0.000000e+00

]]></Node>
<StgValue><ssdm name="tmp_77"/></StgValue>
</operation>
</state>

<state id="9" st_id="9">

<operation id="119" st_id="9" stage="4" lat="4">
<core>FMul</core>
<MemPortIdVec></MemPortIdVec>
<condition id="28">
<or_exp><and_exp></and_exp></or_exp>
</condition>

<Node id="100" bw="32" op_0_bw="32" op_1_bw="32">
<![CDATA[
_ifconv:20  %tmp_78 = fmul float %weight_load, %tmp_77

]]></Node>
<StgValue><ssdm name="tmp_78"/></StgValue>
</operation>
</state>

<state id="10" st_id="10">

<operation id="120" st_id="10" stage="3" lat="4">
<core>FMul</core>
<MemPortIdVec></MemPortIdVec>
<condition id="29">
<or_exp><and_exp></and_exp></or_exp>
</condition>

<Node id="100" bw="32" op_0_bw="32" op_1_bw="32">
<![CDATA[
_ifconv:20  %tmp_78 = fmul float %weight_load, %tmp_77

]]></Node>
<StgValue><ssdm name="tmp_78"/></StgValue>
</operation>
</state>

<state id="11" st_id="11">

<operation id="121" st_id="11" stage="2" lat="4">
<core>FMul</core>
<MemPortIdVec></MemPortIdVec>
<condition id="30">
<or_exp><and_exp></and_exp></or_exp>
</condition>

<Node id="100" bw="32" op_0_bw="32" op_1_bw="32">
<![CDATA[
_ifconv:20  %tmp_78 = fmul float %weight_load, %tmp_77

]]></Node>
<StgValue><ssdm name="tmp_78"/></StgValue>
</operation>
</state>

<state id="12" st_id="12">

<operation id="122" st_id="12" stage="1" lat="4">
<core>FMul</core>
<MemPortIdVec></MemPortIdVec>
<condition id="31">
<or_exp><and_exp></and_exp></or_exp>
</condition>

<Node id="100" bw="32" op_0_bw="32" op_1_bw="32">
<![CDATA[
_ifconv:20  %tmp_78 = fmul float %weight_load, %tmp_77

]]></Node>
<StgValue><ssdm name="tmp_78"/></StgValue>
</operation>
</state>

<state id="13" st_id="13">

<operation id="123" st_id="13" stage="5" lat="5">
<core>FAddSub</core>
<MemPortIdVec></MemPortIdVec>
<condition id="32">
<or_exp><and_exp></and_exp></or_exp>
</condition>

<Node id="101" bw="32" op_0_bw="32" op_1_bw="32">
<![CDATA[
_ifconv:21  %sum_7 = fadd float %sum_1, %tmp_78

]]></Node>
<StgValue><ssdm name="sum_7"/></StgValue>
</operation>
</state>

<state id="14" st_id="14">

<operation id="124" st_id="14" stage="4" lat="5">
<core>FAddSub</core>
<MemPortIdVec></MemPortIdVec>
<condition id="33">
<or_exp><and_exp></and_exp></or_exp>
</condition>

<Node id="101" bw="32" op_0_bw="32" op_1_bw="32">
<![CDATA[
_ifconv:21  %sum_7 = fadd float %sum_1, %tmp_78

]]></Node>
<StgValue><ssdm name="sum_7"/></StgValue>
</operation>
</state>

<state id="15" st_id="15">

<operation id="125" st_id="15" stage="3" lat="5">
<core>FAddSub</core>
<MemPortIdVec></MemPortIdVec>
<condition id="34">
<or_exp><and_exp></and_exp></or_exp>
</condition>

<Node id="101" bw="32" op_0_bw="32" op_1_bw="32">
<![CDATA[
_ifconv:21  %sum_7 = fadd float %sum_1, %tmp_78

]]></Node>
<StgValue><ssdm name="sum_7"/></StgValue>
</operation>
</state>

<state id="16" st_id="16">

<operation id="126" st_id="16" stage="2" lat="5">
<core>FAddSub</core>
<MemPortIdVec></MemPortIdVec>
<condition id="35">
<or_exp><and_exp></and_exp></or_exp>
</condition>

<Node id="101" bw="32" op_0_bw="32" op_1_bw="32">
<![CDATA[
_ifconv:21  %sum_7 = fadd float %sum_1, %tmp_78

]]></Node>
<StgValue><ssdm name="sum_7"/></StgValue>
</operation>
</state>

<state id="17" st_id="17">

<operation id="127" st_id="17" stage="1" lat="5">
<core>FAddSub</core>
<MemPortIdVec></MemPortIdVec>
<condition id="36">
<or_exp><and_exp></and_exp></or_exp>
</condition>

<Node id="101" bw="32" op_0_bw="32" op_1_bw="32">
<![CDATA[
_ifconv:21  %sum_7 = fadd float %sum_1, %tmp_78

]]></Node>
<StgValue><ssdm name="sum_7"/></StgValue>
</operation>

<operation id="128" st_id="17" stage="1" lat="1">
<core>NULL</core>
<MemPortIdVec></MemPortIdVec>
<condition id="36">
<or_exp><and_exp></and_exp></or_exp>
</condition>

<Node id="102" bw="0" op_0_bw="0">
<![CDATA[
_ifconv:22  br label %.preheader

]]></Node>
<StgValue><ssdm name=""/></StgValue>
</operation>
</state>

<state id="18" st_id="18">

<operation id="129" st_id="18" stage="1" lat="2">
<core>RAM</core>
<MemPortIdVec>0 </MemPortIdVec>
<condition id="37">
<or_exp><and_exp></and_exp></or_exp>
</condition>

<Node id="106" bw="32" op_0_bw="5">
<![CDATA[
:0  %bias_load = load float* %bias_addr, align 4

]]></Node>
<StgValue><ssdm name="bias_load"/></StgValue>
</operation>
</state>

<state id="19" st_id="19">

<operation id="130" st_id="19" stage="5" lat="5">
<core>FAddSub</core>
<MemPortIdVec></MemPortIdVec>
<condition id="38">
<or_exp><and_exp></and_exp></or_exp>
</condition>

<Node id="107" bw="32" op_0_bw="32" op_1_bw="32">
<![CDATA[
:1  %result = fadd float %sum, %bias_load

]]></Node>
<StgValue><ssdm name="result"/></StgValue>
</operation>
</state>

<state id="20" st_id="20">

<operation id="131" st_id="20" stage="4" lat="5">
<core>FAddSub</core>
<MemPortIdVec></MemPortIdVec>
<condition id="39">
<or_exp><and_exp></and_exp></or_exp>
</condition>

<Node id="107" bw="32" op_0_bw="32" op_1_bw="32">
<![CDATA[
:1  %result = fadd float %sum, %bias_load

]]></Node>
<StgValue><ssdm name="result"/></StgValue>
</operation>
</state>

<state id="21" st_id="21">

<operation id="132" st_id="21" stage="3" lat="5">
<core>FAddSub</core>
<MemPortIdVec></MemPortIdVec>
<condition id="40">
<or_exp><and_exp></and_exp></or_exp>
</condition>

<Node id="107" bw="32" op_0_bw="32" op_1_bw="32">
<![CDATA[
:1  %result = fadd float %sum, %bias_load

]]></Node>
<StgValue><ssdm name="result"/></StgValue>
</operation>
</state>

<state id="22" st_id="22">

<operation id="133" st_id="22" stage="2" lat="5">
<core>FAddSub</core>
<MemPortIdVec></MemPortIdVec>
<condition id="41">
<or_exp><and_exp></and_exp></or_exp>
</condition>

<Node id="107" bw="32" op_0_bw="32" op_1_bw="32">
<![CDATA[
:1  %result = fadd float %sum, %bias_load

]]></Node>
<StgValue><ssdm name="result"/></StgValue>
</operation>
</state>

<state id="23" st_id="23">

<operation id="134" st_id="23" stage="1" lat="5">
<core>FAddSub</core>
<MemPortIdVec></MemPortIdVec>
<condition id="42">
<or_exp><and_exp></and_exp></or_exp>
</condition>

<Node id="107" bw="32" op_0_bw="32" op_1_bw="32">
<![CDATA[
:1  %result = fadd float %sum, %bias_load

]]></Node>
<StgValue><ssdm name="result"/></StgValue>
</operation>
</state>

<state id="24" st_id="24">

<operation id="135" st_id="24" stage="1" lat="1">
<core>NULL</core>
<MemPortIdVec></MemPortIdVec>
<condition id="43">
<or_exp><and_exp></and_exp></or_exp>
</condition>

<Node id="110" bw="64" op_0_bw="14">
<![CDATA[
:4  %tmp_113_cast = zext i14 %tmp_82 to i64

]]></Node>
<StgValue><ssdm name="tmp_113_cast"/></StgValue>
</operation>

<operation id="136" st_id="24" stage="1" lat="1">
<core>NULL</core>
<MemPortIdVec></MemPortIdVec>
<condition id="43">
<or_exp><and_exp></and_exp></or_exp>
</condition>

<Node id="111" bw="13" op_0_bw="32" op_1_bw="64" op_2_bw="64">
<![CDATA[
:5  %output_0_addr = getelementptr [6144 x float]* %output_0, i64 0, i64 %tmp_113_cast

]]></Node>
<StgValue><ssdm name="output_0_addr"/></StgValue>
</operation>

<operation id="137" st_id="24" stage="1" lat="1">
<core>RAM</core>
<MemPortIdVec>0 </MemPortIdVec>
<condition id="43">
<or_exp><and_exp></and_exp></or_exp>
</condition>

<Node id="112" bw="0" op_0_bw="32" op_1_bw="13">
<![CDATA[
:6  store float %result, float* %output_0_addr, align 4

]]></Node>
<StgValue><ssdm name=""/></StgValue>
</operation>

<operation id="138" st_id="24" stage="1" lat="1">
<core>NULL</core>
<MemPortIdVec></MemPortIdVec>
<condition id="43">
<or_exp><and_exp></and_exp></or_exp>
</condition>

<Node id="113" bw="0" op_0_bw="0">
<![CDATA[
:7  br label %.preheader6

]]></Node>
<StgValue><ssdm name=""/></StgValue>
</operation>
</state>
</state_list>


<ports>
<port id="169" name="input_0" dir="0" iftype="1">
<core>RAM</core><StgValue><ssdm name="input_0"/><MemPortTyVec>1 3 </MemPortTyVec>
</StgValue>
</port>
<port id="170" name="weight" dir="0" iftype="1">
<core>RAM</core><StgValue><ssdm name="weight"/><MemPortTyVec>1 3 </MemPortTyVec>
</StgValue>
</port>
<port id="171" name="bias" dir="0" iftype="1">
<core>RAM</core><StgValue><ssdm name="bias"/><MemPortTyVec>1 3 </MemPortTyVec>
</StgValue>
</port>
<port id="172" name="output_0" dir="1" iftype="1">
<core>RAM</core><StgValue><ssdm name="output_0"/><MemPortTyVec>0 3 </MemPortTyVec>
</StgValue>
</port>
</ports>


<dataflows>
<dataflow id="174" from="StgValue_173" to="co" fromId="173" toId="26">
<condition id="108">
<or_exp><and_exp></and_exp></or_exp>
</condition>
</dataflow>
<dataflow id="175" from="StgValue_25" to="co" fromId="25" toId="26">
</dataflow>
<dataflow id="176" from="co_6" to="co" fromId="29" toId="26">
<BackEdge/>
<condition id="109">
<or_exp><and_exp><literal name="exitcond3" val="1"/>
</and_exp></or_exp>
</condition>
</dataflow>
<dataflow id="177" from="StgValue_53" to="co" fromId="53" toId="26">
<BackEdge/>
</dataflow>
<dataflow id="178" from="co" to="exitcond4" fromId="26" toId="27">
</dataflow>
<dataflow id="180" from="StgValue_179" to="exitcond4" fromId="179" toId="27">
</dataflow>
<dataflow id="182" from="_ssdm_op_SpecLoopTripCount" to="empty" fromId="181" toId="28">
</dataflow>
<dataflow id="184" from="StgValue_183" to="empty" fromId="183" toId="28">
</dataflow>
<dataflow id="185" from="StgValue_183" to="empty" fromId="183" toId="28">
</dataflow>
<dataflow id="186" from="StgValue_183" to="empty" fromId="183" toId="28">
</dataflow>
<dataflow id="187" from="co" to="co_6" fromId="26" toId="29">
</dataflow>
<dataflow id="189" from="StgValue_188" to="co_6" fromId="188" toId="29">
</dataflow>
<dataflow id="190" from="exitcond4" to="StgValue_30" fromId="27" toId="30">
</dataflow>
<dataflow id="191" from="co" to="tmp" fromId="26" toId="31">
</dataflow>
<dataflow id="192" from="co" to="tmp_cast" fromId="26" toId="32">
</dataflow>
<dataflow id="194" from="_ssdm_op_BitConcatenate.i9.i5.i4" to="tmp_s" fromId="193" toId="33">
</dataflow>
<dataflow id="195" from="co" to="tmp_s" fromId="26" toId="33">
</dataflow>
<dataflow id="197" from="StgValue_196" to="tmp_s" fromId="196" toId="33">
</dataflow>
<dataflow id="198" from="tmp_s" to="tmp_107_cast2" fromId="33" toId="34">
</dataflow>
<dataflow id="199" from="tmp_s" to="tmp_107_cast" fromId="33" toId="35">
</dataflow>
<dataflow id="201" from="_ssdm_op_BitConcatenate.i7.i5.i2" to="tmp_79" fromId="200" toId="36">
</dataflow>
<dataflow id="202" from="co" to="tmp_79" fromId="26" toId="36">
</dataflow>
<dataflow id="204" from="StgValue_203" to="tmp_79" fromId="203" toId="36">
</dataflow>
<dataflow id="205" from="tmp_79" to="p_shl_cast" fromId="36" toId="37">
</dataflow>
<dataflow id="206" from="p_shl_cast" to="tmp_80" fromId="37" toId="38">
</dataflow>
<dataflow id="207" from="tmp_cast" to="tmp_80" fromId="32" toId="38">
</dataflow>
<dataflow id="208" from="tmp_80" to="tmp_109_cast" fromId="38" toId="39">
</dataflow>
<dataflow id="209" from="bias" to="bias_addr" fromId="171" toId="40">
</dataflow>
<dataflow id="211" from="StgValue_210" to="bias_addr" fromId="210" toId="40">
</dataflow>
<dataflow id="212" from="tmp" to="bias_addr" fromId="31" toId="40">
</dataflow>
<dataflow id="213" from="StgValue_173" to="h" fromId="173" toId="43">
<condition id="110">
<or_exp><and_exp><literal name="exitcond4" val="0"/>
</and_exp></or_exp>
</condition>
</dataflow>
<dataflow id="214" from="StgValue_41" to="h" fromId="41" toId="43">
</dataflow>
<dataflow id="215" from="h_6" to="h" fromId="47" toId="43">
<BackEdge/>
<condition id="111">
<or_exp><and_exp><literal name="exitcond2" val="1"/>
</and_exp></or_exp>
</condition>
</dataflow>
<dataflow id="216" from="StgValue_62" to="h" fromId="62" toId="43">
<BackEdge/>
</dataflow>
<dataflow id="217" from="h" to="h_cast" fromId="43" toId="44">
</dataflow>
<dataflow id="218" from="h" to="exitcond3" fromId="43" toId="45">
</dataflow>
<dataflow id="220" from="StgValue_219" to="exitcond3" fromId="219" toId="45">
</dataflow>
<dataflow id="221" from="_ssdm_op_SpecLoopTripCount" to="empty_40" fromId="181" toId="46">
</dataflow>
<dataflow id="223" from="StgValue_222" to="empty_40" fromId="222" toId="46">
</dataflow>
<dataflow id="224" from="StgValue_222" to="empty_40" fromId="222" toId="46">
</dataflow>
<dataflow id="225" from="StgValue_222" to="empty_40" fromId="222" toId="46">
</dataflow>
<dataflow id="226" from="h" to="h_6" fromId="43" toId="47">
</dataflow>
<dataflow id="227" from="StgValue_188" to="h_6" fromId="188" toId="47">
</dataflow>
<dataflow id="228" from="exitcond3" to="StgValue_48" fromId="45" toId="48">
</dataflow>
<dataflow id="229" from="h" to="tmp_cast_41" fromId="43" toId="49">
</dataflow>
<dataflow id="230" from="tmp_cast_41" to="tmp_81" fromId="49" toId="50">
</dataflow>
<dataflow id="231" from="tmp_107_cast" to="tmp_81" fromId="35" toId="50">
</dataflow>
<dataflow id="233" from="_ssdm_op_BitConcatenate.i14.i10.i4" to="tmp_112_cast" fromId="232" toId="51">
</dataflow>
<dataflow id="234" from="tmp_81" to="tmp_112_cast" fromId="50" toId="51">
</dataflow>
<dataflow id="235" from="StgValue_196" to="tmp_112_cast" fromId="196" toId="51">
</dataflow>
<dataflow id="236" from="w_6" to="w" fromId="58" toId="54">
<BackEdge/>
<condition id="112">
<or_exp><and_exp></and_exp></or_exp>
</condition>
</dataflow>
<dataflow id="237" from="StgValue_138" to="w" fromId="138" toId="54">
<BackEdge/>
</dataflow>
<dataflow id="238" from="StgValue_173" to="w" fromId="173" toId="54">
<condition id="113">
<or_exp><and_exp><literal name="exitcond3" val="0"/>
</and_exp></or_exp>
</condition>
</dataflow>
<dataflow id="239" from="StgValue_52" to="w" fromId="52" toId="54">
</dataflow>
<dataflow id="240" from="w" to="w_cast" fromId="54" toId="55">
</dataflow>
<dataflow id="241" from="w" to="exitcond2" fromId="54" toId="56">
</dataflow>
<dataflow id="242" from="StgValue_219" to="exitcond2" fromId="219" toId="56">
</dataflow>
<dataflow id="243" from="_ssdm_op_SpecLoopTripCount" to="empty_42" fromId="181" toId="57">
</dataflow>
<dataflow id="244" from="StgValue_222" to="empty_42" fromId="222" toId="57">
</dataflow>
<dataflow id="245" from="StgValue_222" to="empty_42" fromId="222" toId="57">
</dataflow>
<dataflow id="246" from="StgValue_222" to="empty_42" fromId="222" toId="57">
</dataflow>
<dataflow id="247" from="w" to="w_6" fromId="54" toId="58">
</dataflow>
<dataflow id="248" from="StgValue_188" to="w_6" fromId="188" toId="58">
</dataflow>
<dataflow id="249" from="exitcond2" to="StgValue_59" fromId="56" toId="59">
</dataflow>
<dataflow id="250" from="StgValue_173" to="tmp_76" fromId="173" toId="60">
</dataflow>
<dataflow id="251" from="w" to="tmp_76" fromId="54" toId="60">
</dataflow>
<dataflow id="253" from="StgValue_252" to="sum" fromId="252" toId="63">
<condition id="114">
<or_exp><and_exp><literal name="exitcond2" val="0"/>
</and_exp></or_exp>
</condition>
</dataflow>
<dataflow id="254" from="StgValue_61" to="sum" fromId="61" toId="63">
</dataflow>
<dataflow id="255" from="sum_1" to="sum" fromId="89" toId="63">
<BackEdge/>
<condition id="115">
<or_exp><and_exp><literal name="exitcond" val="1"/>
</and_exp></or_exp>
</condition>
</dataflow>
<dataflow id="256" from="StgValue_106" to="sum" fromId="106" toId="63">
<BackEdge/>
</dataflow>
<dataflow id="257" from="StgValue_203" to="m" fromId="203" toId="64">
<condition id="116">
<or_exp><and_exp><literal name="exitcond2" val="0"/>
</and_exp></or_exp>
</condition>
</dataflow>
<dataflow id="258" from="StgValue_61" to="m" fromId="61" toId="64">
</dataflow>
<dataflow id="259" from="m_6" to="m" fromId="68" toId="64">
<BackEdge/>
<condition id="117">
<or_exp><and_exp><literal name="exitcond" val="1"/>
</and_exp></or_exp>
</condition>
</dataflow>
<dataflow id="260" from="StgValue_106" to="m" fromId="106" toId="64">
<BackEdge/>
</dataflow>
<dataflow id="261" from="m" to="m_cast_cast" fromId="64" toId="65">
</dataflow>
<dataflow id="262" from="m" to="exitcond1" fromId="64" toId="66">
</dataflow>
<dataflow id="264" from="StgValue_263" to="exitcond1" fromId="263" toId="66">
</dataflow>
<dataflow id="265" from="_ssdm_op_SpecLoopTripCount" to="empty_43" fromId="181" toId="67">
</dataflow>
<dataflow id="267" from="StgValue_266" to="empty_43" fromId="266" toId="67">
</dataflow>
<dataflow id="268" from="StgValue_266" to="empty_43" fromId="266" toId="67">
</dataflow>
<dataflow id="269" from="StgValue_266" to="empty_43" fromId="266" toId="67">
</dataflow>
<dataflow id="270" from="m" to="m_6" fromId="64" toId="68">
</dataflow>
<dataflow id="272" from="StgValue_271" to="m_6" fromId="271" toId="68">
</dataflow>
<dataflow id="273" from="exitcond1" to="StgValue_69" fromId="66" toId="69">
</dataflow>
<dataflow id="274" from="m" to="tmp_67_cast" fromId="64" toId="70">
</dataflow>
<dataflow id="275" from="tmp_67_cast" to="tmp_83" fromId="70" toId="71">
</dataflow>
<dataflow id="276" from="tmp_109_cast" to="tmp_83" fromId="39" toId="71">
</dataflow>
<dataflow id="277" from="tmp_83" to="tmp_74" fromId="71" toId="72">
</dataflow>
<dataflow id="279" from="StgValue_278" to="tmp_74" fromId="278" toId="72">
</dataflow>
<dataflow id="280" from="tmp_74" to="tmp_84" fromId="72" toId="73">
</dataflow>
<dataflow id="281" from="tmp_83" to="tmp_84" fromId="71" toId="73">
</dataflow>
<dataflow id="283" from="StgValue_282" to="tmp_68" fromId="282" toId="74">
</dataflow>
<dataflow id="284" from="m_cast_cast" to="tmp_68" fromId="65" toId="74">
</dataflow>
<dataflow id="285" from="tmp_68" to="tmp_68_cast" fromId="74" toId="75">
</dataflow>
<dataflow id="286" from="h" to="tmp_69" fromId="43" toId="76">
</dataflow>
<dataflow id="287" from="tmp_68_cast" to="tmp_69" fromId="75" toId="76">
</dataflow>
<dataflow id="288" from="StgValue_263" to="tmp4" fromId="263" toId="77">
</dataflow>
<dataflow id="289" from="m" to="tmp4" fromId="64" toId="77">
</dataflow>
<dataflow id="290" from="tmp4" to="tmp4_cast" fromId="77" toId="78">
</dataflow>
<dataflow id="291" from="tmp4_cast" to="tmp_70" fromId="78" toId="79">
</dataflow>
<dataflow id="292" from="h_cast" to="tmp_70" fromId="44" toId="79">
</dataflow>
<dataflow id="293" from="tmp_70" to="tmp_71_cast" fromId="79" toId="80">
</dataflow>
<dataflow id="294" from="tmp_71_cast" to="tmp_85" fromId="80" toId="81">
</dataflow>
<dataflow id="295" from="tmp_107_cast2" to="tmp_85" fromId="34" toId="81">
</dataflow>
<dataflow id="296" from="_ssdm_op_BitConcatenate.i14.i10.i4" to="tmp_119_cast" fromId="232" toId="82">
</dataflow>
<dataflow id="297" from="tmp_85" to="tmp_119_cast" fromId="81" toId="82">
</dataflow>
<dataflow id="298" from="StgValue_196" to="tmp_119_cast" fromId="196" toId="82">
</dataflow>
<dataflow id="300" from="_ssdm_op_PartSelect.i2.i6.i32.i32" to="tmp_75" fromId="299" toId="83">
</dataflow>
<dataflow id="301" from="tmp_70" to="tmp_75" fromId="79" toId="83">
</dataflow>
<dataflow id="303" from="StgValue_302" to="tmp_75" fromId="302" toId="83">
</dataflow>
<dataflow id="305" from="StgValue_304" to="tmp_75" fromId="304" toId="83">
</dataflow>
<dataflow id="306" from="tmp_75" to="icmp" fromId="83" toId="84">
</dataflow>
<dataflow id="307" from="StgValue_271" to="icmp" fromId="271" toId="84">
</dataflow>
<dataflow id="308" from="bias_addr" to="bias_load" fromId="40" toId="86">
</dataflow>
<dataflow id="309" from="w" to="tmp_66_cast" fromId="54" toId="87">
</dataflow>
<dataflow id="310" from="tmp_112_cast" to="tmp_82" fromId="51" toId="88">
</dataflow>
<dataflow id="311" from="tmp_66_cast" to="tmp_82" fromId="87" toId="88">
</dataflow>
<dataflow id="312" from="sum_7" to="sum_1" fromId="127" toId="89">
<BackEdge/>
<condition id="118">
<or_exp><and_exp></and_exp></or_exp>
</condition>
</dataflow>
<dataflow id="313" from="StgValue_128" to="sum_1" fromId="128" toId="89">
<BackEdge/>
</dataflow>
<dataflow id="314" from="sum" to="sum_1" fromId="63" toId="89">
<condition id="119">
<or_exp><and_exp><literal name="exitcond1" val="0"/>
</and_exp></or_exp>
</condition>
</dataflow>
<dataflow id="315" from="StgValue_85" to="sum_1" fromId="85" toId="89">
</dataflow>
<dataflow id="316" from="n_6" to="n" fromId="94" toId="90">
<BackEdge/>
<condition id="120">
<or_exp><and_exp></and_exp></or_exp>
</condition>
</dataflow>
<dataflow id="317" from="StgValue_128" to="n" fromId="128" toId="90">
<BackEdge/>
</dataflow>
<dataflow id="318" from="StgValue_203" to="n" fromId="203" toId="90">
<condition id="121">
<or_exp><and_exp><literal name="exitcond1" val="0"/>
</and_exp></or_exp>
</condition>
</dataflow>
<dataflow id="319" from="StgValue_85" to="n" fromId="85" toId="90">
</dataflow>
<dataflow id="320" from="n" to="n_cast9" fromId="90" toId="91">
</dataflow>
<dataflow id="321" from="n" to="exitcond" fromId="90" toId="92">
</dataflow>
<dataflow id="322" from="StgValue_263" to="exitcond" fromId="263" toId="92">
</dataflow>
<dataflow id="323" from="_ssdm_op_SpecLoopTripCount" to="empty_44" fromId="181" toId="93">
</dataflow>
<dataflow id="324" from="StgValue_266" to="empty_44" fromId="266" toId="93">
</dataflow>
<dataflow id="325" from="StgValue_266" to="empty_44" fromId="266" toId="93">
</dataflow>
<dataflow id="326" from="StgValue_266" to="empty_44" fromId="266" toId="93">
</dataflow>
<dataflow id="327" from="n" to="n_6" fromId="90" toId="94">
</dataflow>
<dataflow id="328" from="StgValue_271" to="n_6" fromId="271" toId="94">
</dataflow>
<dataflow id="329" from="exitcond" to="StgValue_95" fromId="92" toId="95">
</dataflow>
<dataflow id="330" from="n" to="tmp_72_cast" fromId="90" toId="96">
</dataflow>
<dataflow id="331" from="tmp_84" to="tmp_86" fromId="73" toId="97">
</dataflow>
<dataflow id="332" from="tmp_72_cast" to="tmp_86" fromId="96" toId="97">
</dataflow>
<dataflow id="333" from="n" to="tmp5" fromId="90" toId="98">
</dataflow>
<dataflow id="334" from="StgValue_263" to="tmp5" fromId="263" toId="98">
</dataflow>
<dataflow id="335" from="tmp5" to="tmp5_cast" fromId="98" toId="99">
</dataflow>
<dataflow id="336" from="w_cast" to="tmp_73" fromId="55" toId="100">
</dataflow>
<dataflow id="337" from="tmp5_cast" to="tmp_73" fromId="99" toId="100">
</dataflow>
<dataflow id="338" from="_ssdm_op_PartSelect.i2.i6.i32.i32" to="tmp_87" fromId="299" toId="101">
</dataflow>
<dataflow id="339" from="tmp_73" to="tmp_87" fromId="100" toId="101">
</dataflow>
<dataflow id="340" from="StgValue_302" to="tmp_87" fromId="302" toId="101">
</dataflow>
<dataflow id="341" from="StgValue_304" to="tmp_87" fromId="304" toId="101">
</dataflow>
<dataflow id="342" from="tmp_87" to="icmp5" fromId="101" toId="102">
</dataflow>
<dataflow id="343" from="StgValue_271" to="icmp5" fromId="271" toId="102">
</dataflow>
<dataflow id="344" from="tmp_73" to="tmp_75_cast" fromId="100" toId="103">
</dataflow>
<dataflow id="345" from="tmp_119_cast" to="tmp_88" fromId="82" toId="104">
</dataflow>
<dataflow id="346" from="tmp_75_cast" to="tmp_88" fromId="103" toId="104">
</dataflow>
<dataflow id="347" from="n_cast9" to="notlhs" fromId="91" toId="105">
</dataflow>
<dataflow id="348" from="tmp_76" to="notlhs" fromId="60" toId="105">
</dataflow>
<dataflow id="349" from="tmp_86" to="tmp_120_cast" fromId="97" toId="107">
</dataflow>
<dataflow id="350" from="weight" to="weight_addr" fromId="170" toId="108">
</dataflow>
<dataflow id="351" from="StgValue_210" to="weight_addr" fromId="210" toId="108">
</dataflow>
<dataflow id="352" from="tmp_120_cast" to="weight_addr" fromId="107" toId="108">
</dataflow>
<dataflow id="353" from="weight_addr" to="weight_load" fromId="108" toId="109">
</dataflow>
<dataflow id="354" from="tmp_88" to="tmp_121_cast" fromId="104" toId="110">
</dataflow>
<dataflow id="355" from="input_0" to="input_0_addr" fromId="169" toId="111">
</dataflow>
<dataflow id="356" from="StgValue_210" to="input_0_addr" fromId="210" toId="111">
</dataflow>
<dataflow id="357" from="tmp_121_cast" to="input_0_addr" fromId="110" toId="111">
</dataflow>
<dataflow id="358" from="input_0_addr" to="input_0_load" fromId="111" toId="112">
</dataflow>
<dataflow id="359" from="weight_addr" to="weight_load" fromId="108" toId="113">
</dataflow>
<dataflow id="360" from="input_0_addr" to="input_0_load" fromId="111" toId="114">
</dataflow>
<dataflow id="361" from="icmp" to="tmp6" fromId="84" toId="115">
</dataflow>
<dataflow id="362" from="notlhs" to="tmp6" fromId="105" toId="115">
</dataflow>
<dataflow id="363" from="tmp_69" to="tmp7" fromId="76" toId="116">
</dataflow>
<dataflow id="364" from="icmp5" to="tmp7" fromId="102" toId="116">
</dataflow>
<dataflow id="365" from="tmp7" to="sel_tmp2" fromId="116" toId="117">
</dataflow>
<dataflow id="366" from="tmp6" to="sel_tmp2" fromId="115" toId="117">
</dataflow>
<dataflow id="367" from="sel_tmp2" to="tmp_77" fromId="117" toId="118">
</dataflow>
<dataflow id="368" from="input_0_load" to="tmp_77" fromId="114" toId="118">
</dataflow>
<dataflow id="369" from="StgValue_252" to="tmp_77" fromId="252" toId="118">
</dataflow>
<dataflow id="370" from="weight_load" to="tmp_78" fromId="113" toId="119">
</dataflow>
<dataflow id="371" from="tmp_77" to="tmp_78" fromId="118" toId="119">
</dataflow>
<dataflow id="372" from="weight_load" to="tmp_78" fromId="113" toId="120">
</dataflow>
<dataflow id="373" from="tmp_77" to="tmp_78" fromId="118" toId="120">
</dataflow>
<dataflow id="374" from="weight_load" to="tmp_78" fromId="113" toId="121">
</dataflow>
<dataflow id="375" from="tmp_77" to="tmp_78" fromId="118" toId="121">
</dataflow>
<dataflow id="376" from="weight_load" to="tmp_78" fromId="113" toId="122">
</dataflow>
<dataflow id="377" from="tmp_77" to="tmp_78" fromId="118" toId="122">
</dataflow>
<dataflow id="378" from="sum_1" to="sum_7" fromId="89" toId="123">
</dataflow>
<dataflow id="379" from="tmp_78" to="sum_7" fromId="122" toId="123">
</dataflow>
<dataflow id="380" from="sum_1" to="sum_7" fromId="89" toId="124">
</dataflow>
<dataflow id="381" from="tmp_78" to="sum_7" fromId="122" toId="124">
</dataflow>
<dataflow id="382" from="sum_1" to="sum_7" fromId="89" toId="125">
</dataflow>
<dataflow id="383" from="tmp_78" to="sum_7" fromId="122" toId="125">
</dataflow>
<dataflow id="384" from="sum_1" to="sum_7" fromId="89" toId="126">
</dataflow>
<dataflow id="385" from="tmp_78" to="sum_7" fromId="122" toId="126">
</dataflow>
<dataflow id="386" from="sum_1" to="sum_7" fromId="89" toId="127">
</dataflow>
<dataflow id="387" from="tmp_78" to="sum_7" fromId="122" toId="127">
</dataflow>
<dataflow id="388" from="bias_addr" to="bias_load" fromId="40" toId="129">
</dataflow>
<dataflow id="389" from="sum" to="result" fromId="63" toId="130">
</dataflow>
<dataflow id="390" from="bias_load" to="result" fromId="129" toId="130">
</dataflow>
<dataflow id="391" from="sum" to="result" fromId="63" toId="131">
</dataflow>
<dataflow id="392" from="bias_load" to="result" fromId="129" toId="131">
</dataflow>
<dataflow id="393" from="sum" to="result" fromId="63" toId="132">
</dataflow>
<dataflow id="394" from="bias_load" to="result" fromId="129" toId="132">
</dataflow>
<dataflow id="395" from="sum" to="result" fromId="63" toId="133">
</dataflow>
<dataflow id="396" from="bias_load" to="result" fromId="129" toId="133">
</dataflow>
<dataflow id="397" from="sum" to="result" fromId="63" toId="134">
</dataflow>
<dataflow id="398" from="bias_load" to="result" fromId="129" toId="134">
</dataflow>
<dataflow id="399" from="tmp_82" to="tmp_113_cast" fromId="88" toId="135">
</dataflow>
<dataflow id="400" from="output_0" to="output_0_addr" fromId="172" toId="136">
</dataflow>
<dataflow id="401" from="StgValue_210" to="output_0_addr" fromId="210" toId="136">
</dataflow>
<dataflow id="402" from="tmp_113_cast" to="output_0_addr" fromId="135" toId="136">
</dataflow>
<dataflow id="403" from="result" to="StgValue_137" fromId="134" toId="137">
</dataflow>
<dataflow id="404" from="output_0_addr" to="StgValue_137" fromId="136" toId="137">
</dataflow>
<dataflow id="405" from="exitcond4" to="StgValue_2" fromId="27" toId="2">
</dataflow>
<dataflow id="406" from="exitcond3" to="StgValue_3" fromId="45" toId="3">
</dataflow>
<dataflow id="407" from="exitcond2" to="StgValue_4" fromId="56" toId="4">
</dataflow>
<dataflow id="408" from="exitcond1" to="StgValue_5" fromId="66" toId="5">
</dataflow>
<dataflow id="409" from="exitcond" to="StgValue_6" fromId="92" toId="6">
</dataflow>
</dataflows>


</stg>
