<profile>

<section name = "Vivado HLS Report for 'subconv_3x3_8_stride'" level="0">
<item name = "Date">Mon Dec 10 14:57:23 2018
</item>
<item name = "Version">2017.2 (Build 1909853 on Thu Jun 15 18:55:24 MDT 2017)</item>
<item name = "Project">accelerator_hls</item>
<item name = "Solution">naive</item>
<item name = "Product family">zynq</item>
<item name = "Target device">xc7z020clg484-1</item>
</section>

<section name = "Performance Estimates" level="0">
<item name = "Timing (ns)">
<section name = "" level="1">
<item name = "Summary"><table name="" hasTotal="0">
<keys size="4">Clock, Target, Estimated, Uncertainty</keys>
<column name="ap_clk">10.00, 7.26, 1.25</column>
</table>
</item>
</section>
</item>
<item name = "Latency (clock cycles)">
<section name = "" level="1">
<item name = "Summary"><table name="" hasTotal="0">
<keys size="6">, min, max, min, max, Type</keys>
<column name="">189889, 189889, 189889, 189889, none</column>
</table>
</item>
<item name = "Detail">
<section name = "" level="1">
<item name = "Instance"><table name="" hasTotal="0">
<keys size="7">Instance, Module, min, max, min, max, Type</keys>
</table>
</item>
<item name = "Loop"><table name="" hasTotal="0">
<keys size="8">Loop Name, min, max, Latency, achieved, target, Count, Pipelined</keys>
<column name="- Loop 1">189888, 189888, 1978, -, -, 96, no</column>
<column name=" + Loop 1.1">1976, 1976, 494, -, -, 4, no</column>
<column name="  ++ Loop 1.1.1">492, 492, 123, -, -, 4, no</column>
<column name="   +++ Loop 1.1.1.1">114, 114, 38, -, -, 3, no</column>
<column name="    ++++ Loop 1.1.1.1.1">36, 36, 12, -, -, 3, no</column>
</table>
</item>
</section>
</item>
</section>
</item>
</section>

<section name = "Utilization Estimates" level="0">
<item name = "Summary"><table name="" hasTotal="1">
<keys size="5">Name, BRAM_18K, DSP48E, FF, LUT</keys>
<column name="DSP">-, -, -, -</column>
<column name="Expression">-, -, 473, 276</column>
<column name="FIFO">-, -, -, -</column>
<column name="Instance">-, 5, 348, 711</column>
<column name="Memory">-, -, -, -</column>
<column name="Multiplexer">-, -, -, 206</column>
<column name="Register">-, -, 392, -</column>
<specialColumn name="Available">280, 220, 106400, 53200</specialColumn>
<specialColumn name="Utilization (%)">0, 2, 1, 2</specialColumn>
</table>
</item>
<item name = "Detail">
<section name = "" level="1">
<item name = "Instance"><table name="" hasTotal="1">
<keys size="6">Instance, Module, BRAM_18K, DSP48E, FF, LUT</keys>
<column name="ShuffleNetV2_faddbkb_x_U117">ShuffleNetV2_faddbkb, 0, 2, 205, 390</column>
<column name="ShuffleNetV2_fmulcud_x_U118">ShuffleNetV2_fmulcud, 0, 3, 143, 321</column>
</table>
</item>
<item name = "DSP48"><table name="" hasTotal="0">
<keys size="3">Instance, Module, Expression</keys>
</table>
</item>
<item name = "Memory"><table name="" hasTotal="1">
<keys size="9">Memory, Module, BRAM_18K, FF, LUT, Words, Bits, Banks, W*Bits*Banks</keys>
</table>
</item>
<item name = "FIFO"><table name="" hasTotal="1">
<keys size="7">Name, BRAM_18K, FF, LUT, Depth, Bits, Size:D*B</keys>
</table>
</item>
<item name = "Expression"><table name="" hasTotal="1">
<keys size="7">Variable Name, Operation, DSP48E, FF, LUT, Bitwidth P0, Bitwidth P1</keys>
<column name="co_1_fu_193_p2">+, 0, 26, 12, 7, 1</column>
<column name="h_1_fu_248_p2">+, 0, 14, 9, 3, 1</column>
<column name="m_1_fu_319_p2">+, 0, 11, 8, 2, 1</column>
<column name="n_1_fu_412_p2">+, 0, 11, 8, 2, 1</column>
<column name="tmp3_fu_346_p2">+, 0, 11, 8, 2, 2</column>
<column name="tmp4_fu_432_p2">+, 0, 11, 8, 2, 2</column>
<column name="tmp_10_fu_442_p2">+, 0, 17, 9, 4, 4</column>
<column name="tmp_11_fu_329_p2">+, 0, 38, 16, 11, 11</column>
<column name="tmp_16_fu_365_p2">+, 0, 38, 16, 11, 11</column>
<column name="tmp_17_fu_422_p2">+, 0, 38, 16, 11, 11</column>
<column name="tmp_18_fu_451_p2">+, 0, 47, 19, 14, 14</column>
<column name="tmp_4_fu_356_p2">+, 0, 17, 9, 4, 4</column>
<column name="tmp_6_fu_268_p2">+, 0, 35, 15, 10, 10</column>
<column name="tmp_8_fu_397_p2">+, 0, 41, 17, 12, 12</column>
<column name="w_1_fu_287_p2">+, 0, 14, 9, 3, 1</column>
<column name="tmp_15_fu_340_p2">-, 0, 38, 16, 11, 11</column>
<column name="tmp_1_fu_303_p2">-, 0, 17, 9, 1, 4</column>
<column name="tmp_3_fu_232_p2">-, 0, 35, 15, 10, 10</column>
<column name="tmp_9_fu_378_p2">-, 0, 14, 9, 1, 3</column>
<column name="exitcond1_fu_313_p2">icmp, 0, 0, 1, 2, 2</column>
<column name="exitcond2_fu_281_p2">icmp, 0, 0, 2, 3, 4</column>
<column name="exitcond3_fu_242_p2">icmp, 0, 0, 2, 3, 4</column>
<column name="exitcond4_fu_187_p2">icmp, 0, 0, 4, 7, 7</column>
<column name="exitcond_fu_406_p2">icmp, 0, 0, 1, 2, 2</column>
<column name="p_not_fu_427_p2">icmp, 0, 0, 2, 4, 4</column>
<column name="sel_tmp_fu_388_p2">icmp, 0, 0, 2, 4, 4</column>
<column name="sel_tmp1_fu_464_p2">or, 0, 0, 2, 1, 1</column>
<column name="tmp_12_fu_468_p3">select, 0, 0, 32, 1, 1</column>
</table>
</item>
<item name = "Multiplexer"><table name="" hasTotal="1">
<keys size="5">Name, LUT, Input Size, Bits, Total Bits</keys>
<column name="ap_NS_fsm">113, 25, 1, 25</column>
<column name="co_reg_97">9, 2, 7, 14</column>
<column name="grp_fu_177_p0">15, 3, 32, 96</column>
<column name="grp_fu_177_p1">15, 3, 32, 96</column>
<column name="h_reg_108">9, 2, 3, 6</column>
<column name="m_reg_143">9, 2, 2, 4</column>
<column name="n_reg_166">9, 2, 2, 4</column>
<column name="sum_1_reg_154">9, 2, 32, 64</column>
<column name="sum_reg_131">9, 2, 32, 64</column>
<column name="w_reg_119">9, 2, 3, 6</column>
</table>
</item>
<item name = "Register"><table name="" hasTotal="1">
<keys size="5">Name, FF, LUT, Bits, Const Bits</keys>
<column name="ap_CS_fsm">24, 0, 24, 0</column>
<column name="bias_addr_reg_503">7, 0, 7, 0</column>
<column name="bias_load_reg_626">32, 0, 32, 0</column>
<column name="co_1_reg_483">7, 0, 7, 0</column>
<column name="co_reg_97">7, 0, 7, 0</column>
<column name="h_1_reg_511">3, 0, 3, 0</column>
<column name="h_reg_108">3, 0, 3, 0</column>
<column name="m_1_reg_548">2, 0, 2, 0</column>
<column name="m_reg_143">2, 0, 2, 0</column>
<column name="n_1_reg_576">2, 0, 2, 0</column>
<column name="n_reg_166">2, 0, 2, 0</column>
<column name="p_not_reg_586">1, 0, 1, 0</column>
<column name="p_shl_cast_reg_493">7, 0, 10, 3</column>
<column name="result_reg_631">32, 0, 32, 0</column>
<column name="sel_tmp_reg_563">1, 0, 1, 0</column>
<column name="sum_1_reg_154">32, 0, 32, 0</column>
<column name="sum_reg_131">32, 0, 32, 0</column>
<column name="tmp_12_reg_611">32, 0, 32, 0</column>
<column name="tmp_13_reg_616">32, 0, 32, 0</column>
<column name="tmp_15_cast_reg_488">7, 0, 11, 4</column>
<column name="tmp_15_reg_553">11, 0, 11, 0</column>
<column name="tmp_17_cast_reg_498">11, 0, 11, 0</column>
<column name="tmp_17_reg_581">11, 0, 11, 0</column>
<column name="tmp_18_reg_591">14, 0, 14, 0</column>
<column name="tmp_1_reg_540">3, 0, 4, 1</column>
<column name="tmp_23_cast_reg_522">10, 0, 12, 2</column>
<column name="tmp_2_cast_reg_516">2, 0, 4, 2</column>
<column name="tmp_31_cast_reg_558">11, 0, 14, 3</column>
<column name="tmp_5_cast_reg_535">2, 0, 4, 2</column>
<column name="tmp_8_reg_568">12, 0, 12, 0</column>
<column name="w_1_reg_530">3, 0, 3, 0</column>
<column name="w_reg_119">3, 0, 3, 0</column>
<column name="weight_load_reg_606">32, 0, 32, 0</column>
</table>
</item>
</section>
</item>
</section>

<section name = "Interface" level="0">
<item name = "Summary"><table name="" hasTotal="0">
<keys size="6">RTL Ports, Dir, Bits, Protocol, Source Object, C Type</keys>
<column name="ap_clk">in, 1, ap_ctrl_hs, subconv_3x3_8_stride, return value</column>
<column name="ap_rst">in, 1, ap_ctrl_hs, subconv_3x3_8_stride, return value</column>
<column name="ap_start">in, 1, ap_ctrl_hs, subconv_3x3_8_stride, return value</column>
<column name="ap_done">out, 1, ap_ctrl_hs, subconv_3x3_8_stride, return value</column>
<column name="ap_idle">out, 1, ap_ctrl_hs, subconv_3x3_8_stride, return value</column>
<column name="ap_ready">out, 1, ap_ctrl_hs, subconv_3x3_8_stride, return value</column>
<column name="input_r_address0">out, 13, ap_memory, input_r, array</column>
<column name="input_r_ce0">out, 1, ap_memory, input_r, array</column>
<column name="input_r_q0">in, 32, ap_memory, input_r, array</column>
<column name="weight_address0">out, 10, ap_memory, weight, array</column>
<column name="weight_ce0">out, 1, ap_memory, weight, array</column>
<column name="weight_q0">in, 32, ap_memory, weight, array</column>
<column name="bias_address0">out, 7, ap_memory, bias, array</column>
<column name="bias_ce0">out, 1, ap_memory, bias, array</column>
<column name="bias_q0">in, 32, ap_memory, bias, array</column>
<column name="output_0_address0">out, 11, ap_memory, output_0, array</column>
<column name="output_0_ce0">out, 1, ap_memory, output_0, array</column>
<column name="output_0_we0">out, 1, ap_memory, output_0, array</column>
<column name="output_0_d0">out, 32, ap_memory, output_0, array</column>
</table>
</item>
</section>
</profile>
