<stg><name>subconv_3x3_16_strid</name>


<trans_list>

<trans id="136" from="1" to="2">
<condition id="45">
<or_exp><and_exp></and_exp></or_exp>
</condition>
</trans>

<trans id="137" from="2" to="3">
<condition id="47">
<or_exp><and_exp><literal name="exitcond4" val="0"/>
</and_exp></or_exp>
</condition>
</trans>

<trans id="138" from="3" to="4">
<condition id="49">
<or_exp><and_exp><literal name="exitcond3" val="0"/>
</and_exp></or_exp>
</condition>
</trans>

<trans id="165" from="3" to="2">
<condition id="83">
<or_exp><and_exp><literal name="exitcond3" val="1"/>
</and_exp></or_exp>
</condition>
</trans>

<trans id="139" from="4" to="5">
<condition id="51">
<or_exp><and_exp><literal name="exitcond2" val="0"/>
</and_exp></or_exp>
</condition>
</trans>

<trans id="164" from="4" to="3">
<condition id="81">
<or_exp><and_exp><literal name="exitcond2" val="1"/>
</and_exp></or_exp>
</condition>
</trans>

<trans id="140" from="5" to="18">
<condition id="52">
<or_exp><and_exp><literal name="exitcond1" val="1"/>
</and_exp></or_exp>
</condition>
</trans>

<trans id="141" from="5" to="6">
<condition id="54">
<or_exp><and_exp><literal name="exitcond1" val="0"/>
</and_exp></or_exp>
</condition>
</trans>

<trans id="142" from="6" to="7">
<condition id="55">
<or_exp><and_exp><literal name="exitcond" val="0"/>
</and_exp></or_exp>
</condition>
</trans>

<trans id="155" from="6" to="5">
<condition id="70">
<or_exp><and_exp><literal name="exitcond" val="1"/>
</and_exp></or_exp>
</condition>
</trans>

<trans id="144" from="7" to="8">
<condition id="57">
<or_exp><and_exp></and_exp></or_exp>
</condition>
</trans>

<trans id="145" from="8" to="9">
<condition id="58">
<or_exp><and_exp></and_exp></or_exp>
</condition>
</trans>

<trans id="146" from="9" to="10">
<condition id="59">
<or_exp><and_exp></and_exp></or_exp>
</condition>
</trans>

<trans id="147" from="10" to="11">
<condition id="60">
<or_exp><and_exp></and_exp></or_exp>
</condition>
</trans>

<trans id="148" from="11" to="12">
<condition id="61">
<or_exp><and_exp></and_exp></or_exp>
</condition>
</trans>

<trans id="149" from="12" to="13">
<condition id="62">
<or_exp><and_exp></and_exp></or_exp>
</condition>
</trans>

<trans id="150" from="13" to="14">
<condition id="63">
<or_exp><and_exp></and_exp></or_exp>
</condition>
</trans>

<trans id="151" from="14" to="15">
<condition id="64">
<or_exp><and_exp></and_exp></or_exp>
</condition>
</trans>

<trans id="152" from="15" to="16">
<condition id="65">
<or_exp><and_exp></and_exp></or_exp>
</condition>
</trans>

<trans id="153" from="16" to="17">
<condition id="66">
<or_exp><and_exp></and_exp></or_exp>
</condition>
</trans>

<trans id="154" from="17" to="6">
<condition id="68">
<or_exp><and_exp></and_exp></or_exp>
</condition>
</trans>

<trans id="157" from="18" to="19">
<condition id="72">
<or_exp><and_exp></and_exp></or_exp>
</condition>
</trans>

<trans id="158" from="19" to="20">
<condition id="73">
<or_exp><and_exp></and_exp></or_exp>
</condition>
</trans>

<trans id="159" from="20" to="21">
<condition id="74">
<or_exp><and_exp></and_exp></or_exp>
</condition>
</trans>

<trans id="160" from="21" to="22">
<condition id="75">
<or_exp><and_exp></and_exp></or_exp>
</condition>
</trans>

<trans id="161" from="22" to="23">
<condition id="76">
<or_exp><and_exp></and_exp></or_exp>
</condition>
</trans>

<trans id="162" from="23" to="24">
<condition id="77">
<or_exp><and_exp></and_exp></or_exp>
</condition>
</trans>

<trans id="163" from="24" to="4">
<condition id="79">
<or_exp><and_exp></and_exp></or_exp>
</condition>
</trans>
</trans_list>



<state_list>

<state id="1" st_id="1">

<operation id="25" st_id="1" stage="1" lat="1">
<core>NULL</core>
<MemPortIdVec></MemPortIdVec>
<condition id="0">
<or_exp><and_exp></and_exp></or_exp>
</condition>

<Node id="5" bw="0" op_0_bw="0">
<![CDATA[
:0  br label %.loopexit

]]></Node>
<StgValue><ssdm name=""/></StgValue>
</operation>
</state>

<state id="2" st_id="2">

<operation id="26" st_id="2" stage="1" lat="1">
<core>NULL</core>
<MemPortIdVec></MemPortIdVec>
<condition id="1">
<or_exp><and_exp></and_exp></or_exp>
</condition>

<Node id="7" bw="6" op_0_bw="6" op_1_bw="0">
<![CDATA[
.loopexit:0  %co = phi i6 [ 0, %0 ], [ %co_5, %.loopexit.loopexit ]

]]></Node>
<StgValue><ssdm name="co"/></StgValue>
</operation>

<operation id="27" st_id="2" stage="1" lat="1">
<core>Cmp</core>
<MemPortIdVec></MemPortIdVec>
<condition id="1">
<or_exp><and_exp></and_exp></or_exp>
</condition>

<Node id="8" bw="1" op_0_bw="6" op_1_bw="6">
<![CDATA[
.loopexit:1  %exitcond4 = icmp eq i6 %co, -16

]]></Node>
<StgValue><ssdm name="exitcond4"/></StgValue>
</operation>

<operation id="28" st_id="2" stage="1" lat="1">
<core>NULL</core>
<MemPortIdVec></MemPortIdVec>
<condition id="1">
<or_exp><and_exp></and_exp></or_exp>
</condition>

<Node id="9" bw="32" op_0_bw="32" op_1_bw="64" op_2_bw="64" op_3_bw="64">
<![CDATA[
.loopexit:2  %empty = call i32 (...)* @_ssdm_op_SpecLoopTripCount(i64 48, i64 48, i64 48)

]]></Node>
<StgValue><ssdm name="empty"/></StgValue>
</operation>

<operation id="29" st_id="2" stage="1" lat="1">
<core>AddSub</core>
<MemPortIdVec></MemPortIdVec>
<condition id="1">
<or_exp><and_exp></and_exp></or_exp>
</condition>

<Node id="10" bw="6" op_0_bw="6" op_1_bw="6">
<![CDATA[
.loopexit:3  %co_5 = add i6 %co, 1

]]></Node>
<StgValue><ssdm name="co_5"/></StgValue>
</operation>

<operation id="30" st_id="2" stage="1" lat="1">
<core>NULL</core>
<MemPortIdVec></MemPortIdVec>
<condition id="1">
<or_exp><and_exp></and_exp></or_exp>
</condition>

<Node id="11" bw="0" op_0_bw="1" op_1_bw="0" op_2_bw="0">
<![CDATA[
.loopexit:4  br i1 %exitcond4, label %2, label %.preheader7.preheader

]]></Node>
<StgValue><ssdm name=""/></StgValue>
</operation>

<operation id="31" st_id="2" stage="1" lat="1">
<core>NULL</core>
<MemPortIdVec></MemPortIdVec>
<condition id="3">
<or_exp><and_exp><literal name="exitcond4" val="0"/>
</and_exp></or_exp>
</condition>

<Node id="13" bw="64" op_0_bw="6">
<![CDATA[
.preheader7.preheader:0  %tmp = zext i6 %co to i64

]]></Node>
<StgValue><ssdm name="tmp"/></StgValue>
</operation>

<operation id="32" st_id="2" stage="1" lat="1">
<core>NULL</core>
<MemPortIdVec></MemPortIdVec>
<condition id="3">
<or_exp><and_exp><literal name="exitcond4" val="0"/>
</and_exp></or_exp>
</condition>

<Node id="14" bw="9" op_0_bw="6">
<![CDATA[
.preheader7.preheader:1  %tmp_cast = zext i6 %co to i9

]]></Node>
<StgValue><ssdm name="tmp_cast"/></StgValue>
</operation>

<operation id="33" st_id="2" stage="1" lat="1">
<core>NULL</core>
<MemPortIdVec></MemPortIdVec>
<condition id="3">
<or_exp><and_exp><literal name="exitcond4" val="0"/>
</and_exp></or_exp>
</condition>

<Node id="15" bw="10" op_0_bw="10" op_1_bw="6" op_2_bw="4">
<![CDATA[
.preheader7.preheader:2  %tmp_s = call i10 @_ssdm_op_BitConcatenate.i10.i6.i4(i6 %co, i4 0)

]]></Node>
<StgValue><ssdm name="tmp_s"/></StgValue>
</operation>

<operation id="34" st_id="2" stage="1" lat="1">
<core>NULL</core>
<MemPortIdVec></MemPortIdVec>
<condition id="3">
<or_exp><and_exp><literal name="exitcond4" val="0"/>
</and_exp></or_exp>
</condition>

<Node id="16" bw="11" op_0_bw="10">
<![CDATA[
.preheader7.preheader:3  %tmp_87_cast = zext i10 %tmp_s to i11

]]></Node>
<StgValue><ssdm name="tmp_87_cast"/></StgValue>
</operation>

<operation id="35" st_id="2" stage="1" lat="1">
<core>NULL</core>
<MemPortIdVec></MemPortIdVec>
<condition id="3">
<or_exp><and_exp><literal name="exitcond4" val="0"/>
</and_exp></or_exp>
</condition>

<Node id="17" bw="8" op_0_bw="8" op_1_bw="6" op_2_bw="2">
<![CDATA[
.preheader7.preheader:4  %tmp_66 = call i8 @_ssdm_op_BitConcatenate.i8.i6.i2(i6 %co, i2 0)

]]></Node>
<StgValue><ssdm name="tmp_66"/></StgValue>
</operation>

<operation id="36" st_id="2" stage="1" lat="1">
<core>NULL</core>
<MemPortIdVec></MemPortIdVec>
<condition id="3">
<or_exp><and_exp><literal name="exitcond4" val="0"/>
</and_exp></or_exp>
</condition>

<Node id="18" bw="9" op_0_bw="8">
<![CDATA[
.preheader7.preheader:5  %p_shl_cast = zext i8 %tmp_66 to i9

]]></Node>
<StgValue><ssdm name="p_shl_cast"/></StgValue>
</operation>

<operation id="37" st_id="2" stage="1" lat="1">
<core>AddSub</core>
<MemPortIdVec></MemPortIdVec>
<condition id="3">
<or_exp><and_exp><literal name="exitcond4" val="0"/>
</and_exp></or_exp>
</condition>

<Node id="19" bw="9" op_0_bw="9" op_1_bw="9">
<![CDATA[
.preheader7.preheader:6  %tmp_67 = sub i9 %p_shl_cast, %tmp_cast

]]></Node>
<StgValue><ssdm name="tmp_67"/></StgValue>
</operation>

<operation id="38" st_id="2" stage="1" lat="1">
<core>NULL</core>
<MemPortIdVec></MemPortIdVec>
<condition id="3">
<or_exp><and_exp><literal name="exitcond4" val="0"/>
</and_exp></or_exp>
</condition>

<Node id="20" bw="10" op_0_bw="9">
<![CDATA[
.preheader7.preheader:7  %tmp_89_cast = sext i9 %tmp_67 to i10

]]></Node>
<StgValue><ssdm name="tmp_89_cast"/></StgValue>
</operation>

<operation id="39" st_id="2" stage="1" lat="1">
<core>NULL</core>
<MemPortIdVec></MemPortIdVec>
<condition id="3">
<or_exp><and_exp><literal name="exitcond4" val="0"/>
</and_exp></or_exp>
</condition>

<Node id="21" bw="9" op_0_bw="9" op_1_bw="6" op_2_bw="3">
<![CDATA[
.preheader7.preheader:8  %tmp_68 = call i9 @_ssdm_op_BitConcatenate.i9.i6.i3(i6 %co, i3 0)

]]></Node>
<StgValue><ssdm name="tmp_68"/></StgValue>
</operation>

<operation id="40" st_id="2" stage="1" lat="1">
<core>NULL</core>
<MemPortIdVec></MemPortIdVec>
<condition id="3">
<or_exp><and_exp><literal name="exitcond4" val="0"/>
</and_exp></or_exp>
</condition>

<Node id="22" bw="10" op_0_bw="9">
<![CDATA[
.preheader7.preheader:9  %tmp_91_cast = zext i9 %tmp_68 to i10

]]></Node>
<StgValue><ssdm name="tmp_91_cast"/></StgValue>
</operation>

<operation id="41" st_id="2" stage="1" lat="1">
<core>NULL</core>
<MemPortIdVec></MemPortIdVec>
<condition id="3">
<or_exp><and_exp><literal name="exitcond4" val="0"/>
</and_exp></or_exp>
</condition>

<Node id="23" bw="6" op_0_bw="32" op_1_bw="64" op_2_bw="64">
<![CDATA[
.preheader7.preheader:10  %bias_addr = getelementptr [48 x float]* %bias, i64 0, i64 %tmp

]]></Node>
<StgValue><ssdm name="bias_addr"/></StgValue>
</operation>

<operation id="42" st_id="2" stage="1" lat="1">
<core>NULL</core>
<MemPortIdVec></MemPortIdVec>
<condition id="3">
<or_exp><and_exp><literal name="exitcond4" val="0"/>
</and_exp></or_exp>
</condition>

<Node id="24" bw="0" op_0_bw="0">
<![CDATA[
.preheader7.preheader:11  br label %.preheader7

]]></Node>
<StgValue><ssdm name=""/></StgValue>
</operation>

<operation id="43" st_id="2" stage="1" lat="1">
<core>NULL</core>
<MemPortIdVec></MemPortIdVec>
<condition id="5">
<or_exp><and_exp><literal name="exitcond4" val="1"/>
</and_exp></or_exp>
</condition>

<Node id="116" bw="0">
<![CDATA[
:0  ret void

]]></Node>
<StgValue><ssdm name=""/></StgValue>
</operation>
</state>

<state id="3" st_id="3">

<operation id="44" st_id="3" stage="1" lat="1">
<core>NULL</core>
<MemPortIdVec></MemPortIdVec>
<condition id="6">
<or_exp><and_exp></and_exp></or_exp>
</condition>

<Node id="26" bw="4" op_0_bw="4" op_1_bw="0">
<![CDATA[
.preheader7:0  %h = phi i4 [ 0, %.preheader7.preheader ], [ %h_5, %.preheader7.loopexit ]

]]></Node>
<StgValue><ssdm name="h"/></StgValue>
</operation>

<operation id="45" st_id="3" stage="1" lat="1">
<core>Cmp</core>
<MemPortIdVec></MemPortIdVec>
<condition id="6">
<or_exp><and_exp></and_exp></or_exp>
</condition>

<Node id="27" bw="1" op_0_bw="4" op_1_bw="4">
<![CDATA[
.preheader7:1  %exitcond3 = icmp eq i4 %h, -8

]]></Node>
<StgValue><ssdm name="exitcond3"/></StgValue>
</operation>

<operation id="46" st_id="3" stage="1" lat="1">
<core>NULL</core>
<MemPortIdVec></MemPortIdVec>
<condition id="6">
<or_exp><and_exp></and_exp></or_exp>
</condition>

<Node id="28" bw="32" op_0_bw="32" op_1_bw="64" op_2_bw="64" op_3_bw="64">
<![CDATA[
.preheader7:2  %empty_35 = call i32 (...)* @_ssdm_op_SpecLoopTripCount(i64 8, i64 8, i64 8)

]]></Node>
<StgValue><ssdm name="empty_35"/></StgValue>
</operation>

<operation id="47" st_id="3" stage="1" lat="1">
<core>AddSub</core>
<MemPortIdVec></MemPortIdVec>
<condition id="6">
<or_exp><and_exp></and_exp></or_exp>
</condition>

<Node id="29" bw="4" op_0_bw="4" op_1_bw="4">
<![CDATA[
.preheader7:3  %h_5 = add i4 %h, 1

]]></Node>
<StgValue><ssdm name="h_5"/></StgValue>
</operation>

<operation id="48" st_id="3" stage="1" lat="1">
<core>NULL</core>
<MemPortIdVec></MemPortIdVec>
<condition id="6">
<or_exp><and_exp></and_exp></or_exp>
</condition>

<Node id="30" bw="0" op_0_bw="1" op_1_bw="0" op_2_bw="0">
<![CDATA[
.preheader7:4  br i1 %exitcond3, label %.loopexit.loopexit, label %.preheader6.preheader

]]></Node>
<StgValue><ssdm name=""/></StgValue>
</operation>

<operation id="49" st_id="3" stage="1" lat="1">
<core>NULL</core>
<MemPortIdVec></MemPortIdVec>
<condition id="8">
<or_exp><and_exp><literal name="exitcond3" val="0"/>
</and_exp></or_exp>
</condition>

<Node id="32" bw="4" op_0_bw="4" op_1_bw="4">
<![CDATA[
.preheader6.preheader:0  %tmp_62 = shl i4 %h, 1

]]></Node>
<StgValue><ssdm name="tmp_62"/></StgValue>
</operation>

<operation id="50" st_id="3" stage="1" lat="1">
<core>NULL</core>
<MemPortIdVec></MemPortIdVec>
<condition id="8">
<or_exp><and_exp><literal name="exitcond3" val="0"/>
</and_exp></or_exp>
</condition>

<Node id="33" bw="5" op_0_bw="4">
<![CDATA[
.preheader6.preheader:1  %tmp_cast_36 = zext i4 %tmp_62 to i5

]]></Node>
<StgValue><ssdm name="tmp_cast_36"/></StgValue>
</operation>

<operation id="51" st_id="3" stage="1" lat="1">
<core>NULL</core>
<MemPortIdVec></MemPortIdVec>
<condition id="8">
<or_exp><and_exp><literal name="exitcond3" val="0"/>
</and_exp></or_exp>
</condition>

<Node id="34" bw="10" op_0_bw="4">
<![CDATA[
.preheader6.preheader:2  %tmp_53_cast = zext i4 %h to i10

]]></Node>
<StgValue><ssdm name="tmp_53_cast"/></StgValue>
</operation>

<operation id="52" st_id="3" stage="1" lat="1">
<core>AddSub</core>
<MemPortIdVec></MemPortIdVec>
<condition id="8">
<or_exp><and_exp><literal name="exitcond3" val="0"/>
</and_exp></or_exp>
</condition>

<Node id="35" bw="10" op_0_bw="10" op_1_bw="10">
<![CDATA[
.preheader6.preheader:3  %tmp_69 = add i10 %tmp_91_cast, %tmp_53_cast

]]></Node>
<StgValue><ssdm name="tmp_69"/></StgValue>
</operation>

<operation id="53" st_id="3" stage="1" lat="1">
<core>NULL</core>
<MemPortIdVec></MemPortIdVec>
<condition id="8">
<or_exp><and_exp><literal name="exitcond3" val="0"/>
</and_exp></or_exp>
</condition>

<Node id="36" bw="13" op_0_bw="13" op_1_bw="10" op_2_bw="3">
<![CDATA[
.preheader6.preheader:4  %tmp_95_cast = call i13 @_ssdm_op_BitConcatenate.i13.i10.i3(i10 %tmp_69, i3 0)

]]></Node>
<StgValue><ssdm name="tmp_95_cast"/></StgValue>
</operation>

<operation id="54" st_id="3" stage="1" lat="1">
<core>NULL</core>
<MemPortIdVec></MemPortIdVec>
<condition id="8">
<or_exp><and_exp><literal name="exitcond3" val="0"/>
</and_exp></or_exp>
</condition>

<Node id="37" bw="0" op_0_bw="0">
<![CDATA[
.preheader6.preheader:5  br label %.preheader6

]]></Node>
<StgValue><ssdm name=""/></StgValue>
</operation>

<operation id="55" st_id="3" stage="1" lat="1">
<core>NULL</core>
<MemPortIdVec></MemPortIdVec>
<condition id="10">
<or_exp><and_exp><literal name="exitcond3" val="1"/>
</and_exp></or_exp>
</condition>

<Node id="114" bw="0" op_0_bw="0">
<![CDATA[
.loopexit.loopexit:0  br label %.loopexit

]]></Node>
<StgValue><ssdm name=""/></StgValue>
</operation>
</state>

<state id="4" st_id="4">

<operation id="56" st_id="4" stage="1" lat="1">
<core>NULL</core>
<MemPortIdVec></MemPortIdVec>
<condition id="11">
<or_exp><and_exp></and_exp></or_exp>
</condition>

<Node id="39" bw="4" op_0_bw="4" op_1_bw="0">
<![CDATA[
.preheader6:0  %w = phi i4 [ %w_5, %1 ], [ 0, %.preheader6.preheader ]

]]></Node>
<StgValue><ssdm name="w"/></StgValue>
</operation>

<operation id="57" st_id="4" stage="1" lat="1">
<core>Cmp</core>
<MemPortIdVec></MemPortIdVec>
<condition id="11">
<or_exp><and_exp></and_exp></or_exp>
</condition>

<Node id="40" bw="1" op_0_bw="4" op_1_bw="4">
<![CDATA[
.preheader6:1  %exitcond2 = icmp eq i4 %w, -8

]]></Node>
<StgValue><ssdm name="exitcond2"/></StgValue>
</operation>

<operation id="58" st_id="4" stage="1" lat="1">
<core>NULL</core>
<MemPortIdVec></MemPortIdVec>
<condition id="11">
<or_exp><and_exp></and_exp></or_exp>
</condition>

<Node id="41" bw="32" op_0_bw="32" op_1_bw="64" op_2_bw="64" op_3_bw="64">
<![CDATA[
.preheader6:2  %empty_37 = call i32 (...)* @_ssdm_op_SpecLoopTripCount(i64 8, i64 8, i64 8)

]]></Node>
<StgValue><ssdm name="empty_37"/></StgValue>
</operation>

<operation id="59" st_id="4" stage="1" lat="1">
<core>AddSub</core>
<MemPortIdVec></MemPortIdVec>
<condition id="11">
<or_exp><and_exp></and_exp></or_exp>
</condition>

<Node id="42" bw="4" op_0_bw="4" op_1_bw="4">
<![CDATA[
.preheader6:3  %w_5 = add i4 %w, 1

]]></Node>
<StgValue><ssdm name="w_5"/></StgValue>
</operation>

<operation id="60" st_id="4" stage="1" lat="1">
<core>NULL</core>
<MemPortIdVec></MemPortIdVec>
<condition id="11">
<or_exp><and_exp></and_exp></or_exp>
</condition>

<Node id="43" bw="0" op_0_bw="1" op_1_bw="0" op_2_bw="0">
<![CDATA[
.preheader6:4  br i1 %exitcond2, label %.preheader7.loopexit, label %.preheader5.preheader

]]></Node>
<StgValue><ssdm name=""/></StgValue>
</operation>

<operation id="61" st_id="4" stage="1" lat="1">
<core>NULL</core>
<MemPortIdVec></MemPortIdVec>
<condition id="13">
<or_exp><and_exp><literal name="exitcond2" val="0"/>
</and_exp></or_exp>
</condition>

<Node id="45" bw="4" op_0_bw="4" op_1_bw="4">
<![CDATA[
.preheader5.preheader:0  %tmp_70 = shl i4 %w, 1

]]></Node>
<StgValue><ssdm name="tmp_70"/></StgValue>
</operation>

<operation id="62" st_id="4" stage="1" lat="1">
<core>NULL</core>
<MemPortIdVec></MemPortIdVec>
<condition id="13">
<or_exp><and_exp><literal name="exitcond2" val="0"/>
</and_exp></or_exp>
</condition>

<Node id="46" bw="5" op_0_bw="4">
<![CDATA[
.preheader5.preheader:1  %tmp_64_cast = zext i4 %tmp_70 to i5

]]></Node>
<StgValue><ssdm name="tmp_64_cast"/></StgValue>
</operation>

<operation id="63" st_id="4" stage="1" lat="1">
<core>AddSub</core>
<MemPortIdVec></MemPortIdVec>
<condition id="13">
<or_exp><and_exp><literal name="exitcond2" val="0"/>
</and_exp></or_exp>
</condition>

<Node id="47" bw="5" op_0_bw="5" op_1_bw="5">
<![CDATA[
.preheader5.preheader:2  %tmp_60 = sub i5 0, %tmp_64_cast

]]></Node>
<StgValue><ssdm name="tmp_60"/></StgValue>
</operation>

<operation id="64" st_id="4" stage="1" lat="1">
<core>NULL</core>
<MemPortIdVec></MemPortIdVec>
<condition id="13">
<or_exp><and_exp><literal name="exitcond2" val="0"/>
</and_exp></or_exp>
</condition>

<Node id="48" bw="0" op_0_bw="0">
<![CDATA[
.preheader5.preheader:3  br label %.preheader5

]]></Node>
<StgValue><ssdm name=""/></StgValue>
</operation>

<operation id="65" st_id="4" stage="1" lat="1">
<core>NULL</core>
<MemPortIdVec></MemPortIdVec>
<condition id="15">
<or_exp><and_exp><literal name="exitcond2" val="1"/>
</and_exp></or_exp>
</condition>

<Node id="112" bw="0" op_0_bw="0">
<![CDATA[
.preheader7.loopexit:0  br label %.preheader7

]]></Node>
<StgValue><ssdm name=""/></StgValue>
</operation>
</state>

<state id="5" st_id="5">

<operation id="66" st_id="5" stage="1" lat="1">
<core>NULL</core>
<MemPortIdVec></MemPortIdVec>
<condition id="16">
<or_exp><and_exp></and_exp></or_exp>
</condition>

<Node id="50" bw="32" op_0_bw="32" op_1_bw="0">
<![CDATA[
.preheader5:0  %sum = phi float [ 0.000000e+00, %.preheader5.preheader ], [ %sum_1, %.preheader5.loopexit ]

]]></Node>
<StgValue><ssdm name="sum"/></StgValue>
</operation>

<operation id="67" st_id="5" stage="1" lat="1">
<core>NULL</core>
<MemPortIdVec></MemPortIdVec>
<condition id="16">
<or_exp><and_exp></and_exp></or_exp>
</condition>

<Node id="51" bw="2" op_0_bw="2" op_1_bw="0">
<![CDATA[
.preheader5:1  %m = phi i2 [ 0, %.preheader5.preheader ], [ %m_5, %.preheader5.loopexit ]

]]></Node>
<StgValue><ssdm name="m"/></StgValue>
</operation>

<operation id="68" st_id="5" stage="1" lat="1">
<core>NULL</core>
<MemPortIdVec></MemPortIdVec>
<condition id="16">
<or_exp><and_exp></and_exp></or_exp>
</condition>

<Node id="52" bw="3" op_0_bw="2">
<![CDATA[
.preheader5:2  %m_cast8_cast = zext i2 %m to i3

]]></Node>
<StgValue><ssdm name="m_cast8_cast"/></StgValue>
</operation>

<operation id="69" st_id="5" stage="1" lat="1">
<core>Cmp</core>
<MemPortIdVec></MemPortIdVec>
<condition id="16">
<or_exp><and_exp></and_exp></or_exp>
</condition>

<Node id="53" bw="1" op_0_bw="2" op_1_bw="2">
<![CDATA[
.preheader5:3  %exitcond1 = icmp eq i2 %m, -1

]]></Node>
<StgValue><ssdm name="exitcond1"/></StgValue>
</operation>

<operation id="70" st_id="5" stage="1" lat="1">
<core>NULL</core>
<MemPortIdVec></MemPortIdVec>
<condition id="16">
<or_exp><and_exp></and_exp></or_exp>
</condition>

<Node id="54" bw="32" op_0_bw="32" op_1_bw="64" op_2_bw="64" op_3_bw="64">
<![CDATA[
.preheader5:4  %empty_38 = call i32 (...)* @_ssdm_op_SpecLoopTripCount(i64 3, i64 3, i64 3)

]]></Node>
<StgValue><ssdm name="empty_38"/></StgValue>
</operation>

<operation id="71" st_id="5" stage="1" lat="1">
<core>AddSub</core>
<MemPortIdVec></MemPortIdVec>
<condition id="16">
<or_exp><and_exp></and_exp></or_exp>
</condition>

<Node id="55" bw="2" op_0_bw="2" op_1_bw="2">
<![CDATA[
.preheader5:5  %m_5 = add i2 %m, 1

]]></Node>
<StgValue><ssdm name="m_5"/></StgValue>
</operation>

<operation id="72" st_id="5" stage="1" lat="1">
<core>NULL</core>
<MemPortIdVec></MemPortIdVec>
<condition id="16">
<or_exp><and_exp></and_exp></or_exp>
</condition>

<Node id="56" bw="0" op_0_bw="1" op_1_bw="0" op_2_bw="0">
<![CDATA[
.preheader5:6  br i1 %exitcond1, label %1, label %.preheader.preheader

]]></Node>
<StgValue><ssdm name=""/></StgValue>
</operation>

<operation id="73" st_id="5" stage="1" lat="1">
<core>NULL</core>
<MemPortIdVec></MemPortIdVec>
<condition id="18">
<or_exp><and_exp><literal name="exitcond1" val="0"/>
</and_exp></or_exp>
</condition>

<Node id="58" bw="10" op_0_bw="2">
<![CDATA[
.preheader.preheader:0  %tmp_56_cast = zext i2 %m to i10

]]></Node>
<StgValue><ssdm name="tmp_56_cast"/></StgValue>
</operation>

<operation id="74" st_id="5" stage="1" lat="1">
<core>AddSub</core>
<MemPortIdVec></MemPortIdVec>
<condition id="18">
<or_exp><and_exp><literal name="exitcond1" val="0"/>
</and_exp></or_exp>
</condition>

<Node id="59" bw="10" op_0_bw="10" op_1_bw="10">
<![CDATA[
.preheader.preheader:1  %tmp_72 = add i10 %tmp_56_cast, %tmp_89_cast

]]></Node>
<StgValue><ssdm name="tmp_72"/></StgValue>
</operation>

<operation id="75" st_id="5" stage="1" lat="1">
<core>NULL</core>
<MemPortIdVec></MemPortIdVec>
<condition id="18">
<or_exp><and_exp><literal name="exitcond1" val="0"/>
</and_exp></or_exp>
</condition>

<Node id="60" bw="10" op_0_bw="10" op_1_bw="10">
<![CDATA[
.preheader.preheader:2  %tmp_73 = shl i10 %tmp_72, 2

]]></Node>
<StgValue><ssdm name="tmp_73"/></StgValue>
</operation>

<operation id="76" st_id="5" stage="1" lat="1">
<core>AddSub</core>
<MemPortIdVec></MemPortIdVec>
<condition id="18">
<or_exp><and_exp><literal name="exitcond1" val="0"/>
</and_exp></or_exp>
</condition>

<Node id="61" bw="10" op_0_bw="10" op_1_bw="10">
<![CDATA[
.preheader.preheader:3  %tmp_74 = sub i10 %tmp_73, %tmp_72

]]></Node>
<StgValue><ssdm name="tmp_74"/></StgValue>
</operation>

<operation id="77" st_id="5" stage="1" lat="1">
<core>AddSub</core>
<MemPortIdVec></MemPortIdVec>
<condition id="18">
<or_exp><and_exp><literal name="exitcond1" val="0"/>
</and_exp></or_exp>
</condition>

<Node id="62" bw="2" op_0_bw="2" op_1_bw="2">
<![CDATA[
.preheader.preheader:4  %tmp3 = add i2 -1, %m

]]></Node>
<StgValue><ssdm name="tmp3"/></StgValue>
</operation>

<operation id="78" st_id="5" stage="1" lat="1">
<core>NULL</core>
<MemPortIdVec></MemPortIdVec>
<condition id="18">
<or_exp><and_exp><literal name="exitcond1" val="0"/>
</and_exp></or_exp>
</condition>

<Node id="63" bw="5" op_0_bw="2">
<![CDATA[
.preheader.preheader:5  %tmp3_cast = sext i2 %tmp3 to i5

]]></Node>
<StgValue><ssdm name="tmp3_cast"/></StgValue>
</operation>

<operation id="79" st_id="5" stage="1" lat="1">
<core>AddSub</core>
<MemPortIdVec></MemPortIdVec>
<condition id="18">
<or_exp><and_exp><literal name="exitcond1" val="0"/>
</and_exp></or_exp>
</condition>

<Node id="64" bw="5" op_0_bw="5" op_1_bw="5">
<![CDATA[
.preheader.preheader:6  %tmp_57 = add i5 %tmp3_cast, %tmp_cast_36

]]></Node>
<StgValue><ssdm name="tmp_57"/></StgValue>
</operation>

<operation id="80" st_id="5" stage="1" lat="1">
<core>NULL</core>
<MemPortIdVec></MemPortIdVec>
<condition id="18">
<or_exp><and_exp><literal name="exitcond1" val="0"/>
</and_exp></or_exp>
</condition>

<Node id="65" bw="11" op_0_bw="5">
<![CDATA[
.preheader.preheader:7  %tmp_58_cast = sext i5 %tmp_57 to i11

]]></Node>
<StgValue><ssdm name="tmp_58_cast"/></StgValue>
</operation>

<operation id="81" st_id="5" stage="1" lat="1">
<core>AddSub</core>
<MemPortIdVec></MemPortIdVec>
<condition id="18">
<or_exp><and_exp><literal name="exitcond1" val="0"/>
</and_exp></or_exp>
</condition>

<Node id="66" bw="11" op_0_bw="11" op_1_bw="11">
<![CDATA[
.preheader.preheader:8  %tmp_75 = add i11 %tmp_58_cast, %tmp_87_cast

]]></Node>
<StgValue><ssdm name="tmp_75"/></StgValue>
</operation>

<operation id="82" st_id="5" stage="1" lat="1">
<core>NULL</core>
<MemPortIdVec></MemPortIdVec>
<condition id="18">
<or_exp><and_exp><literal name="exitcond1" val="0"/>
</and_exp></or_exp>
</condition>

<Node id="67" bw="15" op_0_bw="15" op_1_bw="11" op_2_bw="4">
<![CDATA[
.preheader.preheader:9  %tmp_103_cast = call i15 @_ssdm_op_BitConcatenate.i15.i11.i4(i11 %tmp_75, i4 0)

]]></Node>
<StgValue><ssdm name="tmp_103_cast"/></StgValue>
</operation>

<operation id="83" st_id="5" stage="1" lat="1">
<core>AddSub</core>
<MemPortIdVec></MemPortIdVec>
<condition id="18">
<or_exp><and_exp><literal name="exitcond1" val="0"/>
</and_exp></or_exp>
</condition>

<Node id="68" bw="3" op_0_bw="3" op_1_bw="3">
<![CDATA[
.preheader.preheader:10  %tmp_63 = sub i3 0, %m_cast8_cast

]]></Node>
<StgValue><ssdm name="tmp_63"/></StgValue>
</operation>

<operation id="84" st_id="5" stage="1" lat="1">
<core>NULL</core>
<MemPortIdVec></MemPortIdVec>
<condition id="18">
<or_exp><and_exp><literal name="exitcond1" val="0"/>
</and_exp></or_exp>
</condition>

<Node id="69" bw="5" op_0_bw="3">
<![CDATA[
.preheader.preheader:11  %tmp_63_cast = sext i3 %tmp_63 to i5

]]></Node>
<StgValue><ssdm name="tmp_63_cast"/></StgValue>
</operation>

<operation id="85" st_id="5" stage="1" lat="1">
<core>Cmp</core>
<MemPortIdVec></MemPortIdVec>
<condition id="18">
<or_exp><and_exp><literal name="exitcond1" val="0"/>
</and_exp></or_exp>
</condition>

<Node id="70" bw="1" op_0_bw="5" op_1_bw="5">
<![CDATA[
.preheader.preheader:12  %sel_tmp = icmp eq i5 %tmp_cast_36, %tmp_63_cast

]]></Node>
<StgValue><ssdm name="sel_tmp"/></StgValue>
</operation>

<operation id="86" st_id="5" stage="1" lat="1">
<core>NULL</core>
<MemPortIdVec></MemPortIdVec>
<condition id="18">
<or_exp><and_exp><literal name="exitcond1" val="0"/>
</and_exp></or_exp>
</condition>

<Node id="71" bw="0" op_0_bw="0">
<![CDATA[
.preheader.preheader:13  br label %.preheader

]]></Node>
<StgValue><ssdm name=""/></StgValue>
</operation>

<operation id="87" st_id="5" stage="2" lat="2">
<core>RAM</core>
<MemPortIdVec>0 </MemPortIdVec>
<condition id="20">
<or_exp><and_exp><literal name="exitcond1" val="1"/>
</and_exp></or_exp>
</condition>

<Node id="103" bw="32" op_0_bw="6">
<![CDATA[
:0  %bias_load = load float* %bias_addr, align 4

]]></Node>
<StgValue><ssdm name="bias_load"/></StgValue>
</operation>

<operation id="88" st_id="5" stage="1" lat="1">
<core>NULL</core>
<MemPortIdVec></MemPortIdVec>
<condition id="20">
<or_exp><and_exp><literal name="exitcond1" val="1"/>
</and_exp></or_exp>
</condition>

<Node id="105" bw="13" op_0_bw="4">
<![CDATA[
:2  %tmp_55_cast = zext i4 %w to i13

]]></Node>
<StgValue><ssdm name="tmp_55_cast"/></StgValue>
</operation>

<operation id="89" st_id="5" stage="1" lat="1">
<core>AddSub</core>
<MemPortIdVec></MemPortIdVec>
<condition id="20">
<or_exp><and_exp><literal name="exitcond1" val="1"/>
</and_exp></or_exp>
</condition>

<Node id="106" bw="13" op_0_bw="13" op_1_bw="13">
<![CDATA[
:3  %tmp_71 = add i13 %tmp_95_cast, %tmp_55_cast

]]></Node>
<StgValue><ssdm name="tmp_71"/></StgValue>
</operation>
</state>

<state id="6" st_id="6">

<operation id="90" st_id="6" stage="1" lat="1">
<core>NULL</core>
<MemPortIdVec></MemPortIdVec>
<condition id="21">
<or_exp><and_exp></and_exp></or_exp>
</condition>

<Node id="73" bw="32" op_0_bw="32" op_1_bw="0">
<![CDATA[
.preheader:0  %sum_1 = phi float [ %sum_6, %_ifconv ], [ %sum, %.preheader.preheader ]

]]></Node>
<StgValue><ssdm name="sum_1"/></StgValue>
</operation>

<operation id="91" st_id="6" stage="1" lat="1">
<core>NULL</core>
<MemPortIdVec></MemPortIdVec>
<condition id="21">
<or_exp><and_exp></and_exp></or_exp>
</condition>

<Node id="74" bw="2" op_0_bw="2" op_1_bw="0">
<![CDATA[
.preheader:1  %n = phi i2 [ %n_5, %_ifconv ], [ 0, %.preheader.preheader ]

]]></Node>
<StgValue><ssdm name="n"/></StgValue>
</operation>

<operation id="92" st_id="6" stage="1" lat="1">
<core>NULL</core>
<MemPortIdVec></MemPortIdVec>
<condition id="21">
<or_exp><and_exp></and_exp></or_exp>
</condition>

<Node id="75" bw="5" op_0_bw="2">
<![CDATA[
.preheader:2  %n_cast6 = zext i2 %n to i5

]]></Node>
<StgValue><ssdm name="n_cast6"/></StgValue>
</operation>

<operation id="93" st_id="6" stage="1" lat="1">
<core>Cmp</core>
<MemPortIdVec></MemPortIdVec>
<condition id="21">
<or_exp><and_exp></and_exp></or_exp>
</condition>

<Node id="76" bw="1" op_0_bw="2" op_1_bw="2">
<![CDATA[
.preheader:3  %exitcond = icmp eq i2 %n, -1

]]></Node>
<StgValue><ssdm name="exitcond"/></StgValue>
</operation>

<operation id="94" st_id="6" stage="1" lat="1">
<core>NULL</core>
<MemPortIdVec></MemPortIdVec>
<condition id="21">
<or_exp><and_exp></and_exp></or_exp>
</condition>

<Node id="77" bw="32" op_0_bw="32" op_1_bw="64" op_2_bw="64" op_3_bw="64">
<![CDATA[
.preheader:4  %empty_39 = call i32 (...)* @_ssdm_op_SpecLoopTripCount(i64 3, i64 3, i64 3)

]]></Node>
<StgValue><ssdm name="empty_39"/></StgValue>
</operation>

<operation id="95" st_id="6" stage="1" lat="1">
<core>AddSub</core>
<MemPortIdVec></MemPortIdVec>
<condition id="21">
<or_exp><and_exp></and_exp></or_exp>
</condition>

<Node id="78" bw="2" op_0_bw="2" op_1_bw="2">
<![CDATA[
.preheader:5  %n_5 = add i2 %n, 1

]]></Node>
<StgValue><ssdm name="n_5"/></StgValue>
</operation>

<operation id="96" st_id="6" stage="1" lat="1">
<core>NULL</core>
<MemPortIdVec></MemPortIdVec>
<condition id="21">
<or_exp><and_exp></and_exp></or_exp>
</condition>

<Node id="79" bw="0" op_0_bw="1" op_1_bw="0" op_2_bw="0">
<![CDATA[
.preheader:6  br i1 %exitcond, label %.preheader5.loopexit, label %_ifconv

]]></Node>
<StgValue><ssdm name=""/></StgValue>
</operation>

<operation id="97" st_id="6" stage="1" lat="1">
<core>NULL</core>
<MemPortIdVec></MemPortIdVec>
<condition id="23">
<or_exp><and_exp><literal name="exitcond" val="0"/>
</and_exp></or_exp>
</condition>

<Node id="81" bw="10" op_0_bw="2">
<![CDATA[
_ifconv:0  %tmp_59_cast = zext i2 %n to i10

]]></Node>
<StgValue><ssdm name="tmp_59_cast"/></StgValue>
</operation>

<operation id="98" st_id="6" stage="1" lat="1">
<core>AddSub</core>
<MemPortIdVec></MemPortIdVec>
<condition id="23">
<or_exp><and_exp><literal name="exitcond" val="0"/>
</and_exp></or_exp>
</condition>

<Node id="82" bw="10" op_0_bw="10" op_1_bw="10">
<![CDATA[
_ifconv:1  %tmp_76 = add i10 %tmp_74, %tmp_59_cast

]]></Node>
<StgValue><ssdm name="tmp_76"/></StgValue>
</operation>

<operation id="99" st_id="6" stage="1" lat="1">
<core>Cmp</core>
<MemPortIdVec></MemPortIdVec>
<condition id="23">
<or_exp><and_exp><literal name="exitcond" val="0"/>
</and_exp></or_exp>
</condition>

<Node id="86" bw="1" op_0_bw="5" op_1_bw="5">
<![CDATA[
_ifconv:5  %p_not = icmp eq i5 %n_cast6, %tmp_60

]]></Node>
<StgValue><ssdm name="p_not"/></StgValue>
</operation>

<operation id="100" st_id="6" stage="1" lat="1">
<core>AddSub</core>
<MemPortIdVec></MemPortIdVec>
<condition id="23">
<or_exp><and_exp><literal name="exitcond" val="0"/>
</and_exp></or_exp>
</condition>

<Node id="87" bw="2" op_0_bw="2" op_1_bw="2">
<![CDATA[
_ifconv:6  %tmp4 = add i2 %n, -1

]]></Node>
<StgValue><ssdm name="tmp4"/></StgValue>
</operation>

<operation id="101" st_id="6" stage="1" lat="1">
<core>NULL</core>
<MemPortIdVec></MemPortIdVec>
<condition id="23">
<or_exp><and_exp><literal name="exitcond" val="0"/>
</and_exp></or_exp>
</condition>

<Node id="88" bw="5" op_0_bw="2">
<![CDATA[
_ifconv:7  %tmp4_cast = sext i2 %tmp4 to i5

]]></Node>
<StgValue><ssdm name="tmp4_cast"/></StgValue>
</operation>

<operation id="102" st_id="6" stage="1" lat="1">
<core>AddSub</core>
<MemPortIdVec></MemPortIdVec>
<condition id="23">
<or_exp><and_exp><literal name="exitcond" val="0"/>
</and_exp></or_exp>
</condition>

<Node id="89" bw="5" op_0_bw="5" op_1_bw="5">
<![CDATA[
_ifconv:8  %tmp_61 = add i5 %tmp_64_cast, %tmp4_cast

]]></Node>
<StgValue><ssdm name="tmp_61"/></StgValue>
</operation>

<operation id="103" st_id="6" stage="1" lat="1">
<core>NULL</core>
<MemPortIdVec></MemPortIdVec>
<condition id="23">
<or_exp><and_exp><literal name="exitcond" val="0"/>
</and_exp></or_exp>
</condition>

<Node id="90" bw="15" op_0_bw="5">
<![CDATA[
_ifconv:9  %tmp_62_cast = sext i5 %tmp_61 to i15

]]></Node>
<StgValue><ssdm name="tmp_62_cast"/></StgValue>
</operation>

<operation id="104" st_id="6" stage="1" lat="1">
<core>AddSub</core>
<MemPortIdVec></MemPortIdVec>
<condition id="23">
<or_exp><and_exp><literal name="exitcond" val="0"/>
</and_exp></or_exp>
</condition>

<Node id="91" bw="15" op_0_bw="15" op_1_bw="15">
<![CDATA[
_ifconv:10  %tmp_77 = add i15 %tmp_103_cast, %tmp_62_cast

]]></Node>
<StgValue><ssdm name="tmp_77"/></StgValue>
</operation>

<operation id="105" st_id="6" stage="1" lat="1">
<core>NULL</core>
<MemPortIdVec></MemPortIdVec>
<condition id="25">
<or_exp><and_exp><literal name="exitcond" val="1"/>
</and_exp></or_exp>
</condition>

<Node id="101" bw="0" op_0_bw="0">
<![CDATA[
.preheader5.loopexit:0  br label %.preheader5

]]></Node>
<StgValue><ssdm name=""/></StgValue>
</operation>
</state>

<state id="7" st_id="7">

<operation id="106" st_id="7" stage="1" lat="1">
<core>NULL</core>
<MemPortIdVec></MemPortIdVec>
<condition id="26">
<or_exp><and_exp></and_exp></or_exp>
</condition>

<Node id="83" bw="64" op_0_bw="10">
<![CDATA[
_ifconv:2  %tmp_104_cast = zext i10 %tmp_76 to i64

]]></Node>
<StgValue><ssdm name="tmp_104_cast"/></StgValue>
</operation>

<operation id="107" st_id="7" stage="1" lat="1">
<core>NULL</core>
<MemPortIdVec></MemPortIdVec>
<condition id="26">
<or_exp><and_exp></and_exp></or_exp>
</condition>

<Node id="84" bw="9" op_0_bw="32" op_1_bw="64" op_2_bw="64">
<![CDATA[
_ifconv:3  %weight_addr = getelementptr [432 x float]* %weight, i64 0, i64 %tmp_104_cast

]]></Node>
<StgValue><ssdm name="weight_addr"/></StgValue>
</operation>

<operation id="108" st_id="7" stage="2" lat="2">
<core>RAM</core>
<MemPortIdVec>0 </MemPortIdVec>
<condition id="26">
<or_exp><and_exp></and_exp></or_exp>
</condition>

<Node id="85" bw="32" op_0_bw="9">
<![CDATA[
_ifconv:4  %weight_load = load float* %weight_addr, align 4

]]></Node>
<StgValue><ssdm name="weight_load"/></StgValue>
</operation>

<operation id="109" st_id="7" stage="1" lat="1">
<core>NULL</core>
<MemPortIdVec></MemPortIdVec>
<condition id="26">
<or_exp><and_exp></and_exp></or_exp>
</condition>

<Node id="92" bw="64" op_0_bw="15">
<![CDATA[
_ifconv:11  %tmp_105_cast = zext i15 %tmp_77 to i64

]]></Node>
<StgValue><ssdm name="tmp_105_cast"/></StgValue>
</operation>

<operation id="110" st_id="7" stage="1" lat="1">
<core>NULL</core>
<MemPortIdVec></MemPortIdVec>
<condition id="26">
<or_exp><and_exp></and_exp></or_exp>
</condition>

<Node id="93" bw="14" op_0_bw="32" op_1_bw="64" op_2_bw="64">
<![CDATA[
_ifconv:12  %input_addr = getelementptr [12288 x float]* %input_r, i64 0, i64 %tmp_105_cast

]]></Node>
<StgValue><ssdm name="input_addr"/></StgValue>
</operation>

<operation id="111" st_id="7" stage="2" lat="2">
<core>RAM</core>
<MemPortIdVec>0 </MemPortIdVec>
<condition id="26">
<or_exp><and_exp></and_exp></or_exp>
</condition>

<Node id="94" bw="32" op_0_bw="14">
<![CDATA[
_ifconv:13  %input_load = load float* %input_addr, align 4

]]></Node>
<StgValue><ssdm name="input_load"/></StgValue>
</operation>
</state>

<state id="8" st_id="8">

<operation id="112" st_id="8" stage="1" lat="2">
<core>RAM</core>
<MemPortIdVec>0 </MemPortIdVec>
<condition id="27">
<or_exp><and_exp></and_exp></or_exp>
</condition>

<Node id="85" bw="32" op_0_bw="9">
<![CDATA[
_ifconv:4  %weight_load = load float* %weight_addr, align 4

]]></Node>
<StgValue><ssdm name="weight_load"/></StgValue>
</operation>

<operation id="113" st_id="8" stage="1" lat="2">
<core>RAM</core>
<MemPortIdVec>0 </MemPortIdVec>
<condition id="27">
<or_exp><and_exp></and_exp></or_exp>
</condition>

<Node id="94" bw="32" op_0_bw="14">
<![CDATA[
_ifconv:13  %input_load = load float* %input_addr, align 4

]]></Node>
<StgValue><ssdm name="input_load"/></StgValue>
</operation>

<operation id="114" st_id="8" stage="1" lat="1">
<core>LogicGate</core>
<MemPortIdVec></MemPortIdVec>
<condition id="27">
<or_exp><and_exp></and_exp></or_exp>
</condition>

<Node id="95" bw="1" op_0_bw="1" op_1_bw="1">
<![CDATA[
_ifconv:14  %sel_tmp1 = or i1 %sel_tmp, %p_not

]]></Node>
<StgValue><ssdm name="sel_tmp1"/></StgValue>
</operation>

<operation id="115" st_id="8" stage="1" lat="1">
<core>Sel</core>
<MemPortIdVec></MemPortIdVec>
<condition id="27">
<or_exp><and_exp></and_exp></or_exp>
</condition>

<Node id="96" bw="32" op_0_bw="1" op_1_bw="32" op_2_bw="32">
<![CDATA[
_ifconv:15  %tmp_64 = select i1 %sel_tmp1, float 0.000000e+00, float %input_load

]]></Node>
<StgValue><ssdm name="tmp_64"/></StgValue>
</operation>
</state>

<state id="9" st_id="9">

<operation id="116" st_id="9" stage="4" lat="4">
<core>FMul</core>
<MemPortIdVec></MemPortIdVec>
<condition id="28">
<or_exp><and_exp></and_exp></or_exp>
</condition>

<Node id="97" bw="32" op_0_bw="32" op_1_bw="32">
<![CDATA[
_ifconv:16  %tmp_65 = fmul float %weight_load, %tmp_64

]]></Node>
<StgValue><ssdm name="tmp_65"/></StgValue>
</operation>
</state>

<state id="10" st_id="10">

<operation id="117" st_id="10" stage="3" lat="4">
<core>FMul</core>
<MemPortIdVec></MemPortIdVec>
<condition id="29">
<or_exp><and_exp></and_exp></or_exp>
</condition>

<Node id="97" bw="32" op_0_bw="32" op_1_bw="32">
<![CDATA[
_ifconv:16  %tmp_65 = fmul float %weight_load, %tmp_64

]]></Node>
<StgValue><ssdm name="tmp_65"/></StgValue>
</operation>
</state>

<state id="11" st_id="11">

<operation id="118" st_id="11" stage="2" lat="4">
<core>FMul</core>
<MemPortIdVec></MemPortIdVec>
<condition id="30">
<or_exp><and_exp></and_exp></or_exp>
</condition>

<Node id="97" bw="32" op_0_bw="32" op_1_bw="32">
<![CDATA[
_ifconv:16  %tmp_65 = fmul float %weight_load, %tmp_64

]]></Node>
<StgValue><ssdm name="tmp_65"/></StgValue>
</operation>
</state>

<state id="12" st_id="12">

<operation id="119" st_id="12" stage="1" lat="4">
<core>FMul</core>
<MemPortIdVec></MemPortIdVec>
<condition id="31">
<or_exp><and_exp></and_exp></or_exp>
</condition>

<Node id="97" bw="32" op_0_bw="32" op_1_bw="32">
<![CDATA[
_ifconv:16  %tmp_65 = fmul float %weight_load, %tmp_64

]]></Node>
<StgValue><ssdm name="tmp_65"/></StgValue>
</operation>
</state>

<state id="13" st_id="13">

<operation id="120" st_id="13" stage="5" lat="5">
<core>FAddSub</core>
<MemPortIdVec></MemPortIdVec>
<condition id="32">
<or_exp><and_exp></and_exp></or_exp>
</condition>

<Node id="98" bw="32" op_0_bw="32" op_1_bw="32">
<![CDATA[
_ifconv:17  %sum_6 = fadd float %sum_1, %tmp_65

]]></Node>
<StgValue><ssdm name="sum_6"/></StgValue>
</operation>
</state>

<state id="14" st_id="14">

<operation id="121" st_id="14" stage="4" lat="5">
<core>FAddSub</core>
<MemPortIdVec></MemPortIdVec>
<condition id="33">
<or_exp><and_exp></and_exp></or_exp>
</condition>

<Node id="98" bw="32" op_0_bw="32" op_1_bw="32">
<![CDATA[
_ifconv:17  %sum_6 = fadd float %sum_1, %tmp_65

]]></Node>
<StgValue><ssdm name="sum_6"/></StgValue>
</operation>
</state>

<state id="15" st_id="15">

<operation id="122" st_id="15" stage="3" lat="5">
<core>FAddSub</core>
<MemPortIdVec></MemPortIdVec>
<condition id="34">
<or_exp><and_exp></and_exp></or_exp>
</condition>

<Node id="98" bw="32" op_0_bw="32" op_1_bw="32">
<![CDATA[
_ifconv:17  %sum_6 = fadd float %sum_1, %tmp_65

]]></Node>
<StgValue><ssdm name="sum_6"/></StgValue>
</operation>
</state>

<state id="16" st_id="16">

<operation id="123" st_id="16" stage="2" lat="5">
<core>FAddSub</core>
<MemPortIdVec></MemPortIdVec>
<condition id="35">
<or_exp><and_exp></and_exp></or_exp>
</condition>

<Node id="98" bw="32" op_0_bw="32" op_1_bw="32">
<![CDATA[
_ifconv:17  %sum_6 = fadd float %sum_1, %tmp_65

]]></Node>
<StgValue><ssdm name="sum_6"/></StgValue>
</operation>
</state>

<state id="17" st_id="17">

<operation id="124" st_id="17" stage="1" lat="5">
<core>FAddSub</core>
<MemPortIdVec></MemPortIdVec>
<condition id="36">
<or_exp><and_exp></and_exp></or_exp>
</condition>

<Node id="98" bw="32" op_0_bw="32" op_1_bw="32">
<![CDATA[
_ifconv:17  %sum_6 = fadd float %sum_1, %tmp_65

]]></Node>
<StgValue><ssdm name="sum_6"/></StgValue>
</operation>

<operation id="125" st_id="17" stage="1" lat="1">
<core>NULL</core>
<MemPortIdVec></MemPortIdVec>
<condition id="36">
<or_exp><and_exp></and_exp></or_exp>
</condition>

<Node id="99" bw="0" op_0_bw="0">
<![CDATA[
_ifconv:18  br label %.preheader

]]></Node>
<StgValue><ssdm name=""/></StgValue>
</operation>
</state>

<state id="18" st_id="18">

<operation id="126" st_id="18" stage="1" lat="2">
<core>RAM</core>
<MemPortIdVec>0 </MemPortIdVec>
<condition id="37">
<or_exp><and_exp></and_exp></or_exp>
</condition>

<Node id="103" bw="32" op_0_bw="6">
<![CDATA[
:0  %bias_load = load float* %bias_addr, align 4

]]></Node>
<StgValue><ssdm name="bias_load"/></StgValue>
</operation>
</state>

<state id="19" st_id="19">

<operation id="127" st_id="19" stage="5" lat="5">
<core>FAddSub</core>
<MemPortIdVec></MemPortIdVec>
<condition id="38">
<or_exp><and_exp></and_exp></or_exp>
</condition>

<Node id="104" bw="32" op_0_bw="32" op_1_bw="32">
<![CDATA[
:1  %result = fadd float %sum, %bias_load

]]></Node>
<StgValue><ssdm name="result"/></StgValue>
</operation>
</state>

<state id="20" st_id="20">

<operation id="128" st_id="20" stage="4" lat="5">
<core>FAddSub</core>
<MemPortIdVec></MemPortIdVec>
<condition id="39">
<or_exp><and_exp></and_exp></or_exp>
</condition>

<Node id="104" bw="32" op_0_bw="32" op_1_bw="32">
<![CDATA[
:1  %result = fadd float %sum, %bias_load

]]></Node>
<StgValue><ssdm name="result"/></StgValue>
</operation>
</state>

<state id="21" st_id="21">

<operation id="129" st_id="21" stage="3" lat="5">
<core>FAddSub</core>
<MemPortIdVec></MemPortIdVec>
<condition id="40">
<or_exp><and_exp></and_exp></or_exp>
</condition>

<Node id="104" bw="32" op_0_bw="32" op_1_bw="32">
<![CDATA[
:1  %result = fadd float %sum, %bias_load

]]></Node>
<StgValue><ssdm name="result"/></StgValue>
</operation>
</state>

<state id="22" st_id="22">

<operation id="130" st_id="22" stage="2" lat="5">
<core>FAddSub</core>
<MemPortIdVec></MemPortIdVec>
<condition id="41">
<or_exp><and_exp></and_exp></or_exp>
</condition>

<Node id="104" bw="32" op_0_bw="32" op_1_bw="32">
<![CDATA[
:1  %result = fadd float %sum, %bias_load

]]></Node>
<StgValue><ssdm name="result"/></StgValue>
</operation>
</state>

<state id="23" st_id="23">

<operation id="131" st_id="23" stage="1" lat="5">
<core>FAddSub</core>
<MemPortIdVec></MemPortIdVec>
<condition id="42">
<or_exp><and_exp></and_exp></or_exp>
</condition>

<Node id="104" bw="32" op_0_bw="32" op_1_bw="32">
<![CDATA[
:1  %result = fadd float %sum, %bias_load

]]></Node>
<StgValue><ssdm name="result"/></StgValue>
</operation>
</state>

<state id="24" st_id="24">

<operation id="132" st_id="24" stage="1" lat="1">
<core>NULL</core>
<MemPortIdVec></MemPortIdVec>
<condition id="43">
<or_exp><and_exp></and_exp></or_exp>
</condition>

<Node id="107" bw="64" op_0_bw="13">
<![CDATA[
:4  %tmp_97_cast = zext i13 %tmp_71 to i64

]]></Node>
<StgValue><ssdm name="tmp_97_cast"/></StgValue>
</operation>

<operation id="133" st_id="24" stage="1" lat="1">
<core>NULL</core>
<MemPortIdVec></MemPortIdVec>
<condition id="43">
<or_exp><and_exp></and_exp></or_exp>
</condition>

<Node id="108" bw="12" op_0_bw="32" op_1_bw="64" op_2_bw="64">
<![CDATA[
:5  %output_0_addr = getelementptr [3072 x float]* %output_0, i64 0, i64 %tmp_97_cast

]]></Node>
<StgValue><ssdm name="output_0_addr"/></StgValue>
</operation>

<operation id="134" st_id="24" stage="1" lat="1">
<core>RAM</core>
<MemPortIdVec>0 </MemPortIdVec>
<condition id="43">
<or_exp><and_exp></and_exp></or_exp>
</condition>

<Node id="109" bw="0" op_0_bw="32" op_1_bw="12">
<![CDATA[
:6  store float %result, float* %output_0_addr, align 4

]]></Node>
<StgValue><ssdm name=""/></StgValue>
</operation>

<operation id="135" st_id="24" stage="1" lat="1">
<core>NULL</core>
<MemPortIdVec></MemPortIdVec>
<condition id="43">
<or_exp><and_exp></and_exp></or_exp>
</condition>

<Node id="110" bw="0" op_0_bw="0">
<![CDATA[
:7  br label %.preheader6

]]></Node>
<StgValue><ssdm name=""/></StgValue>
</operation>
</state>
</state_list>


<ports>
<port id="166" name="input_r" dir="0" iftype="1">
<core>RAM</core><StgValue><ssdm name="input_r"/><MemPortTyVec>1 3 </MemPortTyVec>
</StgValue>
</port>
<port id="167" name="weight" dir="0" iftype="1">
<core>RAM</core><StgValue><ssdm name="weight"/><MemPortTyVec>1 3 </MemPortTyVec>
</StgValue>
</port>
<port id="168" name="bias" dir="0" iftype="1">
<core>RAM</core><StgValue><ssdm name="bias"/><MemPortTyVec>1 3 </MemPortTyVec>
</StgValue>
</port>
<port id="169" name="output_0" dir="1" iftype="1">
<core>RAM</core><StgValue><ssdm name="output_0"/><MemPortTyVec>0 3 </MemPortTyVec>
</StgValue>
</port>
</ports>


<dataflows>
<dataflow id="171" from="StgValue_170" to="co" fromId="170" toId="26">
<condition id="108">
<or_exp><and_exp></and_exp></or_exp>
</condition>
</dataflow>
<dataflow id="172" from="StgValue_25" to="co" fromId="25" toId="26">
</dataflow>
<dataflow id="173" from="co_5" to="co" fromId="29" toId="26">
<BackEdge/>
<condition id="109">
<or_exp><and_exp><literal name="exitcond3" val="1"/>
</and_exp></or_exp>
</condition>
</dataflow>
<dataflow id="174" from="StgValue_55" to="co" fromId="55" toId="26">
<BackEdge/>
</dataflow>
<dataflow id="175" from="co" to="exitcond4" fromId="26" toId="27">
</dataflow>
<dataflow id="177" from="StgValue_176" to="exitcond4" fromId="176" toId="27">
</dataflow>
<dataflow id="179" from="_ssdm_op_SpecLoopTripCount" to="empty" fromId="178" toId="28">
</dataflow>
<dataflow id="181" from="StgValue_180" to="empty" fromId="180" toId="28">
</dataflow>
<dataflow id="182" from="StgValue_180" to="empty" fromId="180" toId="28">
</dataflow>
<dataflow id="183" from="StgValue_180" to="empty" fromId="180" toId="28">
</dataflow>
<dataflow id="184" from="co" to="co_5" fromId="26" toId="29">
</dataflow>
<dataflow id="186" from="StgValue_185" to="co_5" fromId="185" toId="29">
</dataflow>
<dataflow id="187" from="exitcond4" to="StgValue_30" fromId="27" toId="30">
</dataflow>
<dataflow id="188" from="co" to="tmp" fromId="26" toId="31">
</dataflow>
<dataflow id="189" from="co" to="tmp_cast" fromId="26" toId="32">
</dataflow>
<dataflow id="191" from="_ssdm_op_BitConcatenate.i10.i6.i4" to="tmp_s" fromId="190" toId="33">
</dataflow>
<dataflow id="192" from="co" to="tmp_s" fromId="26" toId="33">
</dataflow>
<dataflow id="194" from="StgValue_193" to="tmp_s" fromId="193" toId="33">
</dataflow>
<dataflow id="195" from="tmp_s" to="tmp_87_cast" fromId="33" toId="34">
</dataflow>
<dataflow id="197" from="_ssdm_op_BitConcatenate.i8.i6.i2" to="tmp_66" fromId="196" toId="35">
</dataflow>
<dataflow id="198" from="co" to="tmp_66" fromId="26" toId="35">
</dataflow>
<dataflow id="200" from="StgValue_199" to="tmp_66" fromId="199" toId="35">
</dataflow>
<dataflow id="201" from="tmp_66" to="p_shl_cast" fromId="35" toId="36">
</dataflow>
<dataflow id="202" from="p_shl_cast" to="tmp_67" fromId="36" toId="37">
</dataflow>
<dataflow id="203" from="tmp_cast" to="tmp_67" fromId="32" toId="37">
</dataflow>
<dataflow id="204" from="tmp_67" to="tmp_89_cast" fromId="37" toId="38">
</dataflow>
<dataflow id="206" from="_ssdm_op_BitConcatenate.i9.i6.i3" to="tmp_68" fromId="205" toId="39">
</dataflow>
<dataflow id="207" from="co" to="tmp_68" fromId="26" toId="39">
</dataflow>
<dataflow id="209" from="StgValue_208" to="tmp_68" fromId="208" toId="39">
</dataflow>
<dataflow id="210" from="tmp_68" to="tmp_91_cast" fromId="39" toId="40">
</dataflow>
<dataflow id="211" from="bias" to="bias_addr" fromId="168" toId="41">
</dataflow>
<dataflow id="213" from="StgValue_212" to="bias_addr" fromId="212" toId="41">
</dataflow>
<dataflow id="214" from="tmp" to="bias_addr" fromId="31" toId="41">
</dataflow>
<dataflow id="215" from="StgValue_193" to="h" fromId="193" toId="44">
<condition id="110">
<or_exp><and_exp><literal name="exitcond4" val="0"/>
</and_exp></or_exp>
</condition>
</dataflow>
<dataflow id="216" from="StgValue_42" to="h" fromId="42" toId="44">
</dataflow>
<dataflow id="217" from="h_5" to="h" fromId="47" toId="44">
<BackEdge/>
<condition id="111">
<or_exp><and_exp><literal name="exitcond2" val="1"/>
</and_exp></or_exp>
</condition>
</dataflow>
<dataflow id="218" from="StgValue_65" to="h" fromId="65" toId="44">
<BackEdge/>
</dataflow>
<dataflow id="219" from="h" to="exitcond3" fromId="44" toId="45">
</dataflow>
<dataflow id="221" from="StgValue_220" to="exitcond3" fromId="220" toId="45">
</dataflow>
<dataflow id="222" from="_ssdm_op_SpecLoopTripCount" to="empty_35" fromId="178" toId="46">
</dataflow>
<dataflow id="224" from="StgValue_223" to="empty_35" fromId="223" toId="46">
</dataflow>
<dataflow id="225" from="StgValue_223" to="empty_35" fromId="223" toId="46">
</dataflow>
<dataflow id="226" from="StgValue_223" to="empty_35" fromId="223" toId="46">
</dataflow>
<dataflow id="227" from="h" to="h_5" fromId="44" toId="47">
</dataflow>
<dataflow id="229" from="StgValue_228" to="h_5" fromId="228" toId="47">
</dataflow>
<dataflow id="230" from="exitcond3" to="StgValue_48" fromId="45" toId="48">
</dataflow>
<dataflow id="231" from="h" to="tmp_62" fromId="44" toId="49">
</dataflow>
<dataflow id="232" from="StgValue_228" to="tmp_62" fromId="228" toId="49">
</dataflow>
<dataflow id="233" from="tmp_62" to="tmp_cast_36" fromId="49" toId="50">
</dataflow>
<dataflow id="234" from="h" to="tmp_53_cast" fromId="44" toId="51">
</dataflow>
<dataflow id="235" from="tmp_91_cast" to="tmp_69" fromId="40" toId="52">
</dataflow>
<dataflow id="236" from="tmp_53_cast" to="tmp_69" fromId="51" toId="52">
</dataflow>
<dataflow id="238" from="_ssdm_op_BitConcatenate.i13.i10.i3" to="tmp_95_cast" fromId="237" toId="53">
</dataflow>
<dataflow id="239" from="tmp_69" to="tmp_95_cast" fromId="52" toId="53">
</dataflow>
<dataflow id="240" from="StgValue_208" to="tmp_95_cast" fromId="208" toId="53">
</dataflow>
<dataflow id="241" from="w_5" to="w" fromId="59" toId="56">
<BackEdge/>
<condition id="112">
<or_exp><and_exp></and_exp></or_exp>
</condition>
</dataflow>
<dataflow id="242" from="StgValue_135" to="w" fromId="135" toId="56">
<BackEdge/>
</dataflow>
<dataflow id="243" from="StgValue_193" to="w" fromId="193" toId="56">
<condition id="113">
<or_exp><and_exp><literal name="exitcond3" val="0"/>
</and_exp></or_exp>
</condition>
</dataflow>
<dataflow id="244" from="StgValue_54" to="w" fromId="54" toId="56">
</dataflow>
<dataflow id="245" from="w" to="exitcond2" fromId="56" toId="57">
</dataflow>
<dataflow id="246" from="StgValue_220" to="exitcond2" fromId="220" toId="57">
</dataflow>
<dataflow id="247" from="_ssdm_op_SpecLoopTripCount" to="empty_37" fromId="178" toId="58">
</dataflow>
<dataflow id="248" from="StgValue_223" to="empty_37" fromId="223" toId="58">
</dataflow>
<dataflow id="249" from="StgValue_223" to="empty_37" fromId="223" toId="58">
</dataflow>
<dataflow id="250" from="StgValue_223" to="empty_37" fromId="223" toId="58">
</dataflow>
<dataflow id="251" from="w" to="w_5" fromId="56" toId="59">
</dataflow>
<dataflow id="252" from="StgValue_228" to="w_5" fromId="228" toId="59">
</dataflow>
<dataflow id="253" from="exitcond2" to="StgValue_60" fromId="57" toId="60">
</dataflow>
<dataflow id="254" from="w" to="tmp_70" fromId="56" toId="61">
</dataflow>
<dataflow id="255" from="StgValue_228" to="tmp_70" fromId="228" toId="61">
</dataflow>
<dataflow id="256" from="tmp_70" to="tmp_64_cast" fromId="61" toId="62">
</dataflow>
<dataflow id="258" from="StgValue_257" to="tmp_60" fromId="257" toId="63">
</dataflow>
<dataflow id="259" from="tmp_64_cast" to="tmp_60" fromId="62" toId="63">
</dataflow>
<dataflow id="261" from="StgValue_260" to="sum" fromId="260" toId="66">
<condition id="114">
<or_exp><and_exp><literal name="exitcond2" val="0"/>
</and_exp></or_exp>
</condition>
</dataflow>
<dataflow id="262" from="StgValue_64" to="sum" fromId="64" toId="66">
</dataflow>
<dataflow id="263" from="sum_1" to="sum" fromId="90" toId="66">
<BackEdge/>
<condition id="115">
<or_exp><and_exp><literal name="exitcond" val="1"/>
</and_exp></or_exp>
</condition>
</dataflow>
<dataflow id="264" from="StgValue_105" to="sum" fromId="105" toId="66">
<BackEdge/>
</dataflow>
<dataflow id="265" from="StgValue_199" to="m" fromId="199" toId="67">
<condition id="116">
<or_exp><and_exp><literal name="exitcond2" val="0"/>
</and_exp></or_exp>
</condition>
</dataflow>
<dataflow id="266" from="StgValue_64" to="m" fromId="64" toId="67">
</dataflow>
<dataflow id="267" from="m_5" to="m" fromId="71" toId="67">
<BackEdge/>
<condition id="117">
<or_exp><and_exp><literal name="exitcond" val="1"/>
</and_exp></or_exp>
</condition>
</dataflow>
<dataflow id="268" from="StgValue_105" to="m" fromId="105" toId="67">
<BackEdge/>
</dataflow>
<dataflow id="269" from="m" to="m_cast8_cast" fromId="67" toId="68">
</dataflow>
<dataflow id="270" from="m" to="exitcond1" fromId="67" toId="69">
</dataflow>
<dataflow id="272" from="StgValue_271" to="exitcond1" fromId="271" toId="69">
</dataflow>
<dataflow id="273" from="_ssdm_op_SpecLoopTripCount" to="empty_38" fromId="178" toId="70">
</dataflow>
<dataflow id="275" from="StgValue_274" to="empty_38" fromId="274" toId="70">
</dataflow>
<dataflow id="276" from="StgValue_274" to="empty_38" fromId="274" toId="70">
</dataflow>
<dataflow id="277" from="StgValue_274" to="empty_38" fromId="274" toId="70">
</dataflow>
<dataflow id="278" from="m" to="m_5" fromId="67" toId="71">
</dataflow>
<dataflow id="280" from="StgValue_279" to="m_5" fromId="279" toId="71">
</dataflow>
<dataflow id="281" from="exitcond1" to="StgValue_72" fromId="69" toId="72">
</dataflow>
<dataflow id="282" from="m" to="tmp_56_cast" fromId="67" toId="73">
</dataflow>
<dataflow id="283" from="tmp_56_cast" to="tmp_72" fromId="73" toId="74">
</dataflow>
<dataflow id="284" from="tmp_89_cast" to="tmp_72" fromId="38" toId="74">
</dataflow>
<dataflow id="285" from="tmp_72" to="tmp_73" fromId="74" toId="75">
</dataflow>
<dataflow id="287" from="StgValue_286" to="tmp_73" fromId="286" toId="75">
</dataflow>
<dataflow id="288" from="tmp_73" to="tmp_74" fromId="75" toId="76">
</dataflow>
<dataflow id="289" from="tmp_72" to="tmp_74" fromId="74" toId="76">
</dataflow>
<dataflow id="290" from="StgValue_271" to="tmp3" fromId="271" toId="77">
</dataflow>
<dataflow id="291" from="m" to="tmp3" fromId="67" toId="77">
</dataflow>
<dataflow id="292" from="tmp3" to="tmp3_cast" fromId="77" toId="78">
</dataflow>
<dataflow id="293" from="tmp3_cast" to="tmp_57" fromId="78" toId="79">
</dataflow>
<dataflow id="294" from="tmp_cast_36" to="tmp_57" fromId="50" toId="79">
</dataflow>
<dataflow id="295" from="tmp_57" to="tmp_58_cast" fromId="79" toId="80">
</dataflow>
<dataflow id="296" from="tmp_58_cast" to="tmp_75" fromId="80" toId="81">
</dataflow>
<dataflow id="297" from="tmp_87_cast" to="tmp_75" fromId="34" toId="81">
</dataflow>
<dataflow id="299" from="_ssdm_op_BitConcatenate.i15.i11.i4" to="tmp_103_cast" fromId="298" toId="82">
</dataflow>
<dataflow id="300" from="tmp_75" to="tmp_103_cast" fromId="81" toId="82">
</dataflow>
<dataflow id="301" from="StgValue_193" to="tmp_103_cast" fromId="193" toId="82">
</dataflow>
<dataflow id="302" from="StgValue_208" to="tmp_63" fromId="208" toId="83">
</dataflow>
<dataflow id="303" from="m_cast8_cast" to="tmp_63" fromId="68" toId="83">
</dataflow>
<dataflow id="304" from="tmp_63" to="tmp_63_cast" fromId="83" toId="84">
</dataflow>
<dataflow id="305" from="tmp_cast_36" to="sel_tmp" fromId="50" toId="85">
</dataflow>
<dataflow id="306" from="tmp_63_cast" to="sel_tmp" fromId="84" toId="85">
</dataflow>
<dataflow id="307" from="bias_addr" to="bias_load" fromId="41" toId="87">
</dataflow>
<dataflow id="308" from="w" to="tmp_55_cast" fromId="56" toId="88">
</dataflow>
<dataflow id="309" from="tmp_95_cast" to="tmp_71" fromId="53" toId="89">
</dataflow>
<dataflow id="310" from="tmp_55_cast" to="tmp_71" fromId="88" toId="89">
</dataflow>
<dataflow id="311" from="sum_6" to="sum_1" fromId="124" toId="90">
<BackEdge/>
<condition id="118">
<or_exp><and_exp></and_exp></or_exp>
</condition>
</dataflow>
<dataflow id="312" from="StgValue_125" to="sum_1" fromId="125" toId="90">
<BackEdge/>
</dataflow>
<dataflow id="313" from="sum" to="sum_1" fromId="66" toId="90">
<condition id="119">
<or_exp><and_exp><literal name="exitcond1" val="0"/>
</and_exp></or_exp>
</condition>
</dataflow>
<dataflow id="314" from="StgValue_86" to="sum_1" fromId="86" toId="90">
</dataflow>
<dataflow id="315" from="n_5" to="n" fromId="95" toId="91">
<BackEdge/>
<condition id="120">
<or_exp><and_exp></and_exp></or_exp>
</condition>
</dataflow>
<dataflow id="316" from="StgValue_125" to="n" fromId="125" toId="91">
<BackEdge/>
</dataflow>
<dataflow id="317" from="StgValue_199" to="n" fromId="199" toId="91">
<condition id="121">
<or_exp><and_exp><literal name="exitcond1" val="0"/>
</and_exp></or_exp>
</condition>
</dataflow>
<dataflow id="318" from="StgValue_86" to="n" fromId="86" toId="91">
</dataflow>
<dataflow id="319" from="n" to="n_cast6" fromId="91" toId="92">
</dataflow>
<dataflow id="320" from="n" to="exitcond" fromId="91" toId="93">
</dataflow>
<dataflow id="321" from="StgValue_271" to="exitcond" fromId="271" toId="93">
</dataflow>
<dataflow id="322" from="_ssdm_op_SpecLoopTripCount" to="empty_39" fromId="178" toId="94">
</dataflow>
<dataflow id="323" from="StgValue_274" to="empty_39" fromId="274" toId="94">
</dataflow>
<dataflow id="324" from="StgValue_274" to="empty_39" fromId="274" toId="94">
</dataflow>
<dataflow id="325" from="StgValue_274" to="empty_39" fromId="274" toId="94">
</dataflow>
<dataflow id="326" from="n" to="n_5" fromId="91" toId="95">
</dataflow>
<dataflow id="327" from="StgValue_279" to="n_5" fromId="279" toId="95">
</dataflow>
<dataflow id="328" from="exitcond" to="StgValue_96" fromId="93" toId="96">
</dataflow>
<dataflow id="329" from="n" to="tmp_59_cast" fromId="91" toId="97">
</dataflow>
<dataflow id="330" from="tmp_74" to="tmp_76" fromId="76" toId="98">
</dataflow>
<dataflow id="331" from="tmp_59_cast" to="tmp_76" fromId="97" toId="98">
</dataflow>
<dataflow id="332" from="n_cast6" to="p_not" fromId="92" toId="99">
</dataflow>
<dataflow id="333" from="tmp_60" to="p_not" fromId="63" toId="99">
</dataflow>
<dataflow id="334" from="n" to="tmp4" fromId="91" toId="100">
</dataflow>
<dataflow id="335" from="StgValue_271" to="tmp4" fromId="271" toId="100">
</dataflow>
<dataflow id="336" from="tmp4" to="tmp4_cast" fromId="100" toId="101">
</dataflow>
<dataflow id="337" from="tmp_64_cast" to="tmp_61" fromId="62" toId="102">
</dataflow>
<dataflow id="338" from="tmp4_cast" to="tmp_61" fromId="101" toId="102">
</dataflow>
<dataflow id="339" from="tmp_61" to="tmp_62_cast" fromId="102" toId="103">
</dataflow>
<dataflow id="340" from="tmp_103_cast" to="tmp_77" fromId="82" toId="104">
</dataflow>
<dataflow id="341" from="tmp_62_cast" to="tmp_77" fromId="103" toId="104">
</dataflow>
<dataflow id="342" from="tmp_76" to="tmp_104_cast" fromId="98" toId="106">
</dataflow>
<dataflow id="343" from="weight" to="weight_addr" fromId="167" toId="107">
</dataflow>
<dataflow id="344" from="StgValue_212" to="weight_addr" fromId="212" toId="107">
</dataflow>
<dataflow id="345" from="tmp_104_cast" to="weight_addr" fromId="106" toId="107">
</dataflow>
<dataflow id="346" from="weight_addr" to="weight_load" fromId="107" toId="108">
</dataflow>
<dataflow id="347" from="tmp_77" to="tmp_105_cast" fromId="104" toId="109">
</dataflow>
<dataflow id="348" from="input_r" to="input_addr" fromId="166" toId="110">
</dataflow>
<dataflow id="349" from="StgValue_212" to="input_addr" fromId="212" toId="110">
</dataflow>
<dataflow id="350" from="tmp_105_cast" to="input_addr" fromId="109" toId="110">
</dataflow>
<dataflow id="351" from="input_addr" to="input_load" fromId="110" toId="111">
</dataflow>
<dataflow id="352" from="weight_addr" to="weight_load" fromId="107" toId="112">
</dataflow>
<dataflow id="353" from="input_addr" to="input_load" fromId="110" toId="113">
</dataflow>
<dataflow id="354" from="sel_tmp" to="sel_tmp1" fromId="85" toId="114">
</dataflow>
<dataflow id="355" from="p_not" to="sel_tmp1" fromId="99" toId="114">
</dataflow>
<dataflow id="356" from="sel_tmp1" to="tmp_64" fromId="114" toId="115">
</dataflow>
<dataflow id="357" from="StgValue_260" to="tmp_64" fromId="260" toId="115">
</dataflow>
<dataflow id="358" from="input_load" to="tmp_64" fromId="113" toId="115">
</dataflow>
<dataflow id="359" from="weight_load" to="tmp_65" fromId="112" toId="116">
</dataflow>
<dataflow id="360" from="tmp_64" to="tmp_65" fromId="115" toId="116">
</dataflow>
<dataflow id="361" from="weight_load" to="tmp_65" fromId="112" toId="117">
</dataflow>
<dataflow id="362" from="tmp_64" to="tmp_65" fromId="115" toId="117">
</dataflow>
<dataflow id="363" from="weight_load" to="tmp_65" fromId="112" toId="118">
</dataflow>
<dataflow id="364" from="tmp_64" to="tmp_65" fromId="115" toId="118">
</dataflow>
<dataflow id="365" from="weight_load" to="tmp_65" fromId="112" toId="119">
</dataflow>
<dataflow id="366" from="tmp_64" to="tmp_65" fromId="115" toId="119">
</dataflow>
<dataflow id="367" from="sum_1" to="sum_6" fromId="90" toId="120">
</dataflow>
<dataflow id="368" from="tmp_65" to="sum_6" fromId="119" toId="120">
</dataflow>
<dataflow id="369" from="sum_1" to="sum_6" fromId="90" toId="121">
</dataflow>
<dataflow id="370" from="tmp_65" to="sum_6" fromId="119" toId="121">
</dataflow>
<dataflow id="371" from="sum_1" to="sum_6" fromId="90" toId="122">
</dataflow>
<dataflow id="372" from="tmp_65" to="sum_6" fromId="119" toId="122">
</dataflow>
<dataflow id="373" from="sum_1" to="sum_6" fromId="90" toId="123">
</dataflow>
<dataflow id="374" from="tmp_65" to="sum_6" fromId="119" toId="123">
</dataflow>
<dataflow id="375" from="sum_1" to="sum_6" fromId="90" toId="124">
</dataflow>
<dataflow id="376" from="tmp_65" to="sum_6" fromId="119" toId="124">
</dataflow>
<dataflow id="377" from="bias_addr" to="bias_load" fromId="41" toId="126">
</dataflow>
<dataflow id="378" from="sum" to="result" fromId="66" toId="127">
</dataflow>
<dataflow id="379" from="bias_load" to="result" fromId="126" toId="127">
</dataflow>
<dataflow id="380" from="sum" to="result" fromId="66" toId="128">
</dataflow>
<dataflow id="381" from="bias_load" to="result" fromId="126" toId="128">
</dataflow>
<dataflow id="382" from="sum" to="result" fromId="66" toId="129">
</dataflow>
<dataflow id="383" from="bias_load" to="result" fromId="126" toId="129">
</dataflow>
<dataflow id="384" from="sum" to="result" fromId="66" toId="130">
</dataflow>
<dataflow id="385" from="bias_load" to="result" fromId="126" toId="130">
</dataflow>
<dataflow id="386" from="sum" to="result" fromId="66" toId="131">
</dataflow>
<dataflow id="387" from="bias_load" to="result" fromId="126" toId="131">
</dataflow>
<dataflow id="388" from="tmp_71" to="tmp_97_cast" fromId="89" toId="132">
</dataflow>
<dataflow id="389" from="output_0" to="output_0_addr" fromId="169" toId="133">
</dataflow>
<dataflow id="390" from="StgValue_212" to="output_0_addr" fromId="212" toId="133">
</dataflow>
<dataflow id="391" from="tmp_97_cast" to="output_0_addr" fromId="132" toId="133">
</dataflow>
<dataflow id="392" from="result" to="StgValue_134" fromId="131" toId="134">
</dataflow>
<dataflow id="393" from="output_0_addr" to="StgValue_134" fromId="133" toId="134">
</dataflow>
<dataflow id="394" from="exitcond4" to="StgValue_2" fromId="27" toId="2">
</dataflow>
<dataflow id="395" from="exitcond3" to="StgValue_3" fromId="45" toId="3">
</dataflow>
<dataflow id="396" from="exitcond2" to="StgValue_4" fromId="57" toId="4">
</dataflow>
<dataflow id="397" from="exitcond1" to="StgValue_5" fromId="69" toId="5">
</dataflow>
<dataflow id="398" from="exitcond" to="StgValue_6" fromId="93" toId="6">
</dataflow>
</dataflows>


</stg>
