<profile>

<section name = "Vivado HLS Report for 'subconv_3x3_16_no_re'" level="0">
<item name = "Date">Mon Dec 10 14:57:21 2018
</item>
<item name = "Version">2017.2 (Build 1909853 on Thu Jun 15 18:55:24 MDT 2017)</item>
<item name = "Project">accelerator_hls</item>
<item name = "Solution">naive</item>
<item name = "Product family">zynq</item>
<item name = "Target device">xc7z020clg484-1</item>
</section>

<section name = "Performance Estimates" level="0">
<item name = "Timing (ns)">
<section name = "" level="1">
<item name = "Summary"><table name="" hasTotal="0">
<keys size="4">Clock, Target, Estimated, Uncertainty</keys>
<column name="ap_clk">10.00, 7.26, 1.25</column>
</table>
</item>
</section>
</item>
<item name = "Latency (clock cycles)">
<section name = "" level="1">
<item name = "Summary"><table name="" hasTotal="0">
<keys size="6">, min, max, min, max, Type</keys>
<column name="">756529, 756529, 756529, 756529, none</column>
</table>
</item>
<item name = "Detail">
<section name = "" level="1">
<item name = "Instance"><table name="" hasTotal="0">
<keys size="7">Instance, Module, min, max, min, max, Type</keys>
</table>
</item>
<item name = "Loop"><table name="" hasTotal="0">
<keys size="8">Loop Name, min, max, Latency, achieved, target, Count, Pipelined</keys>
<column name="- Loop 1">756528, 756528, 31522, -, -, 24, no</column>
<column name=" + Loop 1.1">31520, 31520, 1970, -, -, 16, no</column>
<column name="  ++ Loop 1.1.1">1968, 1968, 123, -, -, 16, no</column>
<column name="   +++ Loop 1.1.1.1">114, 114, 38, -, -, 3, no</column>
<column name="    ++++ Loop 1.1.1.1.1">36, 36, 12, -, -, 3, no</column>
</table>
</item>
</section>
</item>
</section>
</item>
</section>

<section name = "Utilization Estimates" level="0">
<item name = "Summary"><table name="" hasTotal="1">
<keys size="5">Name, BRAM_18K, DSP48E, FF, LUT</keys>
<column name="DSP">-, -, -, -</column>
<column name="Expression">-, -, 473, 280</column>
<column name="FIFO">-, -, -, -</column>
<column name="Instance">-, 5, 348, 711</column>
<column name="Memory">-, -, -, -</column>
<column name="Multiplexer">-, -, -, 206</column>
<column name="Register">-, -, 395, -</column>
<specialColumn name="Available">280, 220, 106400, 53200</specialColumn>
<specialColumn name="Utilization (%)">0, 2, 1, 2</specialColumn>
</table>
</item>
<item name = "Detail">
<section name = "" level="1">
<item name = "Instance"><table name="" hasTotal="1">
<keys size="6">Instance, Module, BRAM_18K, DSP48E, FF, LUT</keys>
<column name="ShuffleNetV2_faddbkb_x_U45">ShuffleNetV2_faddbkb, 0, 2, 205, 390</column>
<column name="ShuffleNetV2_fmulcud_x_U46">ShuffleNetV2_fmulcud, 0, 3, 143, 321</column>
</table>
</item>
<item name = "DSP48"><table name="" hasTotal="0">
<keys size="3">Instance, Module, Expression</keys>
</table>
</item>
<item name = "Memory"><table name="" hasTotal="1">
<keys size="9">Memory, Module, BRAM_18K, FF, LUT, Words, Bits, Banks, W*Bits*Banks</keys>
</table>
</item>
<item name = "FIFO"><table name="" hasTotal="1">
<keys size="7">Name, BRAM_18K, FF, LUT, Depth, Bits, Size:D*B</keys>
</table>
</item>
<item name = "Expression"><table name="" hasTotal="1">
<keys size="7">Variable Name, Operation, DSP48E, FF, LUT, Bitwidth P0, Bitwidth P1</keys>
<column name="co_6_fu_196_p2">+, 0, 20, 10, 5, 1</column>
<column name="h_6_fu_259_p2">+, 0, 20, 10, 5, 1</column>
<column name="m_6_fu_314_p2">+, 0, 11, 8, 2, 1</column>
<column name="n_6_fu_424_p2">+, 0, 11, 8, 2, 1</column>
<column name="tmp4_fu_357_p2">+, 0, 11, 8, 2, 2</column>
<column name="tmp5_fu_439_p2">+, 0, 11, 8, 2, 2</column>
<column name="tmp_70_fu_367_p2">+, 0, 23, 11, 6, 6</column>
<column name="tmp_73_fu_449_p2">+, 0, 23, 11, 6, 6</column>
<column name="tmp_81_fu_269_p2">+, 0, 35, 15, 10, 10</column>
<column name="tmp_82_fu_409_p2">+, 0, 47, 19, 14, 14</column>
<column name="tmp_83_fu_324_p2">+, 0, 32, 14, 9, 9</column>
<column name="tmp_85_fu_376_p2">+, 0, 35, 15, 10, 10</column>
<column name="tmp_86_fu_434_p2">+, 0, 32, 14, 9, 9</column>
<column name="tmp_88_fu_474_p2">+, 0, 47, 19, 14, 14</column>
<column name="w_6_fu_292_p2">+, 0, 20, 10, 5, 1</column>
<column name="tmp_68_fu_341_p2">-, 0, 14, 9, 1, 3</column>
<column name="tmp_76_fu_298_p2">-, 0, 20, 10, 1, 5</column>
<column name="tmp_80_fu_239_p2">-, 0, 29, 13, 8, 8</column>
<column name="tmp_84_fu_335_p2">-, 0, 32, 14, 9, 9</column>
<column name="sel_tmp2_fu_500_p2">and, 0, 0, 2, 1, 1</column>
<column name="tmp6_fu_492_p2">and, 0, 0, 2, 1, 1</column>
<column name="tmp7_fu_496_p2">and, 0, 0, 2, 1, 1</column>
<column name="exitcond1_fu_308_p2">icmp, 0, 0, 1, 2, 2</column>
<column name="exitcond2_fu_286_p2">icmp, 0, 0, 3, 5, 6</column>
<column name="exitcond3_fu_253_p2">icmp, 0, 0, 3, 5, 6</column>
<column name="exitcond4_fu_190_p2">icmp, 0, 0, 2, 5, 5</column>
<column name="exitcond_fu_418_p2">icmp, 0, 0, 1, 2, 2</column>
<column name="icmp5_fu_464_p2">icmp, 0, 0, 1, 2, 1</column>
<column name="icmp_fu_399_p2">icmp, 0, 0, 1, 2, 1</column>
<column name="notlhs_fu_479_p2">icmp, 0, 0, 2, 5, 5</column>
<column name="tmp_69_fu_351_p2">icmp, 0, 0, 2, 5, 5</column>
<column name="tmp_77_fu_506_p3">select, 0, 0, 32, 1, 32</column>
</table>
</item>
<item name = "Multiplexer"><table name="" hasTotal="1">
<keys size="5">Name, LUT, Input Size, Bits, Total Bits</keys>
<column name="ap_NS_fsm">113, 25, 1, 25</column>
<column name="co_reg_99">9, 2, 5, 10</column>
<column name="grp_fu_180_p0">15, 3, 32, 96</column>
<column name="grp_fu_180_p1">15, 3, 32, 96</column>
<column name="h_reg_110">9, 2, 5, 10</column>
<column name="m_reg_146">9, 2, 2, 4</column>
<column name="n_reg_169">9, 2, 2, 4</column>
<column name="sum_1_reg_157">9, 2, 32, 64</column>
<column name="sum_reg_134">9, 2, 32, 64</column>
<column name="w_reg_122">9, 2, 5, 10</column>
</table>
</item>
<item name = "Register"><table name="" hasTotal="1">
<keys size="5">Name, FF, LUT, Bits, Const Bits</keys>
<column name="ap_CS_fsm">24, 0, 24, 0</column>
<column name="bias_addr_reg_541">5, 0, 5, 0</column>
<column name="bias_load_reg_673">32, 0, 32, 0</column>
<column name="co_6_reg_521">5, 0, 5, 0</column>
<column name="co_reg_99">5, 0, 5, 0</column>
<column name="h_6_reg_554">5, 0, 5, 0</column>
<column name="h_cast_reg_546">5, 0, 6, 1</column>
<column name="h_reg_110">5, 0, 5, 0</column>
<column name="icmp5_reg_628">1, 0, 1, 0</column>
<column name="icmp_reg_605">1, 0, 1, 0</column>
<column name="m_6_reg_585">2, 0, 2, 0</column>
<column name="m_reg_146">2, 0, 2, 0</column>
<column name="n_6_reg_618">2, 0, 2, 0</column>
<column name="n_reg_169">2, 0, 2, 0</column>
<column name="notlhs_reg_638">1, 0, 1, 0</column>
<column name="result_reg_678">32, 0, 32, 0</column>
<column name="sum_1_reg_157">32, 0, 32, 0</column>
<column name="sum_reg_134">32, 0, 32, 0</column>
<column name="tmp_107_cast2_reg_526">5, 0, 10, 5</column>
<column name="tmp_107_cast_reg_531">5, 0, 10, 5</column>
<column name="tmp_109_cast_reg_536">9, 0, 9, 0</column>
<column name="tmp_112_cast_reg_559">10, 0, 14, 4</column>
<column name="tmp_119_cast_reg_600">10, 0, 14, 4</column>
<column name="tmp_69_reg_595">1, 0, 1, 0</column>
<column name="tmp_76_reg_577">5, 0, 5, 0</column>
<column name="tmp_77_reg_658">32, 0, 32, 0</column>
<column name="tmp_78_reg_663">32, 0, 32, 0</column>
<column name="tmp_82_reg_610">14, 0, 14, 0</column>
<column name="tmp_84_reg_590">9, 0, 9, 0</column>
<column name="tmp_86_reg_623">9, 0, 9, 0</column>
<column name="tmp_88_reg_633">14, 0, 14, 0</column>
<column name="w_6_reg_572">5, 0, 5, 0</column>
<column name="w_cast_reg_564">5, 0, 6, 1</column>
<column name="w_reg_122">5, 0, 5, 0</column>
<column name="weight_load_reg_653">32, 0, 32, 0</column>
</table>
</item>
</section>
</item>
</section>

<section name = "Interface" level="0">
<item name = "Summary"><table name="" hasTotal="0">
<keys size="6">RTL Ports, Dir, Bits, Protocol, Source Object, C Type</keys>
<column name="ap_clk">in, 1, ap_ctrl_hs, subconv_3x3_16_no_re, return value</column>
<column name="ap_rst">in, 1, ap_ctrl_hs, subconv_3x3_16_no_re, return value</column>
<column name="ap_start">in, 1, ap_ctrl_hs, subconv_3x3_16_no_re, return value</column>
<column name="ap_done">out, 1, ap_ctrl_hs, subconv_3x3_16_no_re, return value</column>
<column name="ap_idle">out, 1, ap_ctrl_hs, subconv_3x3_16_no_re, return value</column>
<column name="ap_ready">out, 1, ap_ctrl_hs, subconv_3x3_16_no_re, return value</column>
<column name="input_0_address0">out, 13, ap_memory, input_0, array</column>
<column name="input_0_ce0">out, 1, ap_memory, input_0, array</column>
<column name="input_0_q0">in, 32, ap_memory, input_0, array</column>
<column name="weight_address0">out, 8, ap_memory, weight, array</column>
<column name="weight_ce0">out, 1, ap_memory, weight, array</column>
<column name="weight_q0">in, 32, ap_memory, weight, array</column>
<column name="bias_address0">out, 5, ap_memory, bias, array</column>
<column name="bias_ce0">out, 1, ap_memory, bias, array</column>
<column name="bias_q0">in, 32, ap_memory, bias, array</column>
<column name="output_0_address0">out, 13, ap_memory, output_0, array</column>
<column name="output_0_ce0">out, 1, ap_memory, output_0, array</column>
<column name="output_0_we0">out, 1, ap_memory, output_0, array</column>
<column name="output_0_d0">out, 32, ap_memory, output_0, array</column>
</table>
</item>
</section>
</profile>
