<profile>

<section name = "Vivado HLS Report for 'subconv_3x3_32_strid'" level="0">
<item name = "Date">Mon Dec 10 14:57:21 2018
</item>
<item name = "Version">2017.2 (Build 1909853 on Thu Jun 15 18:55:24 MDT 2017)</item>
<item name = "Project">accelerator_hls</item>
<item name = "Solution">naive</item>
<item name = "Product family">zynq</item>
<item name = "Target device">xc7z020clg484-1</item>
</section>

<section name = "Performance Estimates" level="0">
<item name = "Timing (ns)">
<section name = "" level="1">
<item name = "Summary"><table name="" hasTotal="0">
<keys size="4">Clock, Target, Estimated, Uncertainty</keys>
<column name="ap_clk">10.00, 7.26, 1.25</column>
</table>
</item>
</section>
</item>
<item name = "Latency (clock cycles)">
<section name = "" level="1">
<item name = "Summary"><table name="" hasTotal="0">
<keys size="6">, min, max, min, max, Type</keys>
<column name="">756529, 756529, 756529, 756529, none</column>
</table>
</item>
<item name = "Detail">
<section name = "" level="1">
<item name = "Instance"><table name="" hasTotal="0">
<keys size="7">Instance, Module, min, max, min, max, Type</keys>
</table>
</item>
<item name = "Loop"><table name="" hasTotal="0">
<keys size="8">Loop Name, min, max, Latency, achieved, target, Count, Pipelined</keys>
<column name="- Loop 1">756528, 756528, 31522, -, -, 24, no</column>
<column name=" + Loop 1.1">31520, 31520, 1970, -, -, 16, no</column>
<column name="  ++ Loop 1.1.1">1968, 1968, 123, -, -, 16, no</column>
<column name="   +++ Loop 1.1.1.1">114, 114, 38, -, -, 3, no</column>
<column name="    ++++ Loop 1.1.1.1.1">36, 36, 12, -, -, 3, no</column>
</table>
</item>
</section>
</item>
</section>
</item>
</section>

<section name = "Utilization Estimates" level="0">
<item name = "Summary"><table name="" hasTotal="1">
<keys size="5">Name, BRAM_18K, DSP48E, FF, LUT</keys>
<column name="DSP">-, -, -, -</column>
<column name="Expression">-, -, 485, 280</column>
<column name="FIFO">-, -, -, -</column>
<column name="Instance">-, 5, 348, 711</column>
<column name="Memory">-, -, -, -</column>
<column name="Multiplexer">-, -, -, 206</column>
<column name="Register">-, -, 394, -</column>
<specialColumn name="Available">280, 220, 106400, 53200</specialColumn>
<specialColumn name="Utilization (%)">0, 2, 1, 2</specialColumn>
</table>
</item>
<item name = "Detail">
<section name = "" level="1">
<item name = "Instance"><table name="" hasTotal="1">
<keys size="6">Instance, Module, BRAM_18K, DSP48E, FF, LUT</keys>
<column name="ShuffleNetV2_faddbkb_x_U15">ShuffleNetV2_faddbkb, 0, 2, 205, 390</column>
<column name="ShuffleNetV2_fmulcud_x_U16">ShuffleNetV2_fmulcud, 0, 3, 143, 321</column>
</table>
</item>
<item name = "DSP48"><table name="" hasTotal="0">
<keys size="3">Instance, Module, Expression</keys>
</table>
</item>
<item name = "Memory"><table name="" hasTotal="1">
<keys size="9">Memory, Module, BRAM_18K, FF, LUT, Words, Bits, Banks, W*Bits*Banks</keys>
</table>
</item>
<item name = "FIFO"><table name="" hasTotal="1">
<keys size="7">Name, BRAM_18K, FF, LUT, Depth, Bits, Size:D*B</keys>
</table>
</item>
<item name = "Expression"><table name="" hasTotal="1">
<keys size="7">Variable Name, Operation, DSP48E, FF, LUT, Bitwidth P0, Bitwidth P1</keys>
<column name="co_4_fu_195_p2">+, 0, 20, 10, 5, 1</column>
<column name="h_4_fu_262_p2">+, 0, 20, 10, 5, 1</column>
<column name="m_4_fu_333_p2">+, 0, 11, 8, 2, 1</column>
<column name="n_4_fu_426_p2">+, 0, 11, 8, 2, 1</column>
<column name="tmp3_fu_360_p2">+, 0, 11, 8, 2, 2</column>
<column name="tmp4_fu_446_p2">+, 0, 11, 8, 2, 2</column>
<column name="tmp_44_fu_370_p2">+, 0, 23, 11, 6, 6</column>
<column name="tmp_48_fu_456_p2">+, 0, 23, 11, 6, 6</column>
<column name="tmp_56_fu_282_p2">+, 0, 35, 15, 10, 10</column>
<column name="tmp_58_fu_411_p2">+, 0, 47, 19, 14, 14</column>
<column name="tmp_59_fu_343_p2">+, 0, 32, 14, 9, 9</column>
<column name="tmp_62_fu_379_p2">+, 0, 38, 16, 11, 11</column>
<column name="tmp_63_fu_436_p2">+, 0, 32, 14, 9, 9</column>
<column name="tmp_64_fu_465_p2">+, 0, 53, 21, 16, 16</column>
<column name="w_4_fu_301_p2">+, 0, 20, 10, 5, 1</column>
<column name="tmp_47_fu_317_p2">-, 0, 23, 11, 1, 6</column>
<column name="tmp_50_fu_392_p2">-, 0, 14, 9, 1, 3</column>
<column name="tmp_53_fu_234_p2">-, 0, 29, 13, 8, 8</column>
<column name="tmp_61_fu_354_p2">-, 0, 32, 14, 9, 9</column>
<column name="exitcond1_fu_327_p2">icmp, 0, 0, 1, 2, 2</column>
<column name="exitcond2_fu_295_p2">icmp, 0, 0, 3, 5, 6</column>
<column name="exitcond3_fu_256_p2">icmp, 0, 0, 3, 5, 6</column>
<column name="exitcond4_fu_189_p2">icmp, 0, 0, 2, 5, 5</column>
<column name="exitcond_fu_420_p2">icmp, 0, 0, 1, 2, 2</column>
<column name="p_not_fu_441_p2">icmp, 0, 0, 3, 6, 6</column>
<column name="sel_tmp_fu_402_p2">icmp, 0, 0, 3, 6, 6</column>
<column name="sel_tmp1_fu_478_p2">or, 0, 0, 2, 1, 1</column>
<column name="tmp_51_fu_482_p3">select, 0, 0, 32, 1, 1</column>
</table>
</item>
<item name = "Multiplexer"><table name="" hasTotal="1">
<keys size="5">Name, LUT, Input Size, Bits, Total Bits</keys>
<column name="ap_NS_fsm">113, 25, 1, 25</column>
<column name="co_reg_99">9, 2, 5, 10</column>
<column name="grp_fu_179_p0">15, 3, 32, 96</column>
<column name="grp_fu_179_p1">15, 3, 32, 96</column>
<column name="h_reg_110">9, 2, 5, 10</column>
<column name="m_reg_145">9, 2, 2, 4</column>
<column name="n_reg_168">9, 2, 2, 4</column>
<column name="sum_1_reg_156">9, 2, 32, 64</column>
<column name="sum_reg_133">9, 2, 32, 64</column>
<column name="w_reg_121">9, 2, 5, 10</column>
</table>
</item>
<item name = "Register"><table name="" hasTotal="1">
<keys size="5">Name, FF, LUT, Bits, Const Bits</keys>
<column name="ap_CS_fsm">24, 0, 24, 0</column>
<column name="bias_addr_reg_517">5, 0, 5, 0</column>
<column name="bias_load_reg_640">32, 0, 32, 0</column>
<column name="co_4_reg_497">5, 0, 5, 0</column>
<column name="co_reg_99">5, 0, 5, 0</column>
<column name="h_4_reg_525">5, 0, 5, 0</column>
<column name="h_reg_110">5, 0, 5, 0</column>
<column name="m_4_reg_562">2, 0, 2, 0</column>
<column name="m_reg_145">2, 0, 2, 0</column>
<column name="n_4_reg_590">2, 0, 2, 0</column>
<column name="n_reg_168">2, 0, 2, 0</column>
<column name="p_not_reg_600">1, 0, 1, 0</column>
<column name="result_reg_645">32, 0, 32, 0</column>
<column name="sel_tmp_reg_577">1, 0, 1, 0</column>
<column name="sum_1_reg_156">32, 0, 32, 0</column>
<column name="sum_reg_133">32, 0, 32, 0</column>
<column name="tmp_47_reg_554">5, 0, 6, 1</column>
<column name="tmp_48_cast_reg_549">4, 0, 6, 2</column>
<column name="tmp_51_reg_625">32, 0, 32, 0</column>
<column name="tmp_52_reg_630">32, 0, 32, 0</column>
<column name="tmp_58_reg_582">14, 0, 14, 0</column>
<column name="tmp_61_reg_567">9, 0, 9, 0</column>
<column name="tmp_63_reg_595">9, 0, 9, 0</column>
<column name="tmp_64_reg_605">16, 0, 16, 0</column>
<column name="tmp_67_cast_reg_502">5, 0, 11, 6</column>
<column name="tmp_69_cast_reg_507">9, 0, 9, 0</column>
<column name="tmp_71_cast_reg_512">5, 0, 10, 5</column>
<column name="tmp_75_cast_reg_536">10, 0, 14, 4</column>
<column name="tmp_83_cast_reg_572">11, 0, 16, 5</column>
<column name="tmp_cast_31_reg_530">4, 0, 6, 2</column>
<column name="w_4_reg_544">5, 0, 5, 0</column>
<column name="w_reg_121">5, 0, 5, 0</column>
<column name="weight_load_reg_620">32, 0, 32, 0</column>
</table>
</item>
</section>
</item>
</section>

<section name = "Interface" level="0">
<item name = "Summary"><table name="" hasTotal="0">
<keys size="6">RTL Ports, Dir, Bits, Protocol, Source Object, C Type</keys>
<column name="ap_clk">in, 1, ap_ctrl_hs, subconv_3x3_32_strid, return value</column>
<column name="ap_rst">in, 1, ap_ctrl_hs, subconv_3x3_32_strid, return value</column>
<column name="ap_start">in, 1, ap_ctrl_hs, subconv_3x3_32_strid, return value</column>
<column name="ap_done">out, 1, ap_ctrl_hs, subconv_3x3_32_strid, return value</column>
<column name="ap_idle">out, 1, ap_ctrl_hs, subconv_3x3_32_strid, return value</column>
<column name="ap_ready">out, 1, ap_ctrl_hs, subconv_3x3_32_strid, return value</column>
<column name="input_r_address0">out, 15, ap_memory, input_r, array</column>
<column name="input_r_ce0">out, 1, ap_memory, input_r, array</column>
<column name="input_r_q0">in, 32, ap_memory, input_r, array</column>
<column name="weight_address0">out, 8, ap_memory, weight, array</column>
<column name="weight_ce0">out, 1, ap_memory, weight, array</column>
<column name="weight_q0">in, 32, ap_memory, weight, array</column>
<column name="bias_address0">out, 5, ap_memory, bias, array</column>
<column name="bias_ce0">out, 1, ap_memory, bias, array</column>
<column name="bias_q0">in, 32, ap_memory, bias, array</column>
<column name="output_0_address0">out, 13, ap_memory, output_0, array</column>
<column name="output_0_ce0">out, 1, ap_memory, output_0, array</column>
<column name="output_0_we0">out, 1, ap_memory, output_0, array</column>
<column name="output_0_d0">out, 32, ap_memory, output_0, array</column>
</table>
</item>
</section>
</profile>
