<stg><name>subconv_1x1_89</name>


<trans_list>

<trans id="111" from="1" to="2">
<condition id="40">
<or_exp><and_exp></and_exp></or_exp>
</condition>
</trans>

<trans id="112" from="2" to="3">
<condition id="42">
<or_exp><and_exp><literal name="exitcond3" val="0"/>
</and_exp></or_exp>
</condition>
</trans>

<trans id="113" from="3" to="4">
<condition id="44">
<or_exp><and_exp><literal name="exitcond2" val="0"/>
</and_exp></or_exp>
</condition>
</trans>

<trans id="138" from="3" to="2">
<condition id="74">
<or_exp><and_exp><literal name="exitcond2" val="1"/>
</and_exp></or_exp>
</condition>
</trans>

<trans id="114" from="4" to="5">
<condition id="46">
<or_exp><and_exp><literal name="exitcond1" val="0"/>
</and_exp></or_exp>
</condition>
</trans>

<trans id="137" from="4" to="3">
<condition id="72">
<or_exp><and_exp><literal name="exitcond1" val="1"/>
</and_exp></or_exp>
</condition>
</trans>

<trans id="115" from="5" to="6">
<condition id="48">
<or_exp><and_exp><literal name="exitcond" val="0"/>
</and_exp></or_exp>
</condition>
</trans>

<trans id="116" from="5" to="16">
<condition id="47">
<or_exp><and_exp><literal name="exitcond" val="1"/>
</and_exp></or_exp>
</condition>
</trans>

<trans id="118" from="6" to="7">
<condition id="50">
<or_exp><and_exp></and_exp></or_exp>
</condition>
</trans>

<trans id="119" from="7" to="8">
<condition id="51">
<or_exp><and_exp></and_exp></or_exp>
</condition>
</trans>

<trans id="120" from="8" to="9">
<condition id="52">
<or_exp><and_exp></and_exp></or_exp>
</condition>
</trans>

<trans id="121" from="9" to="10">
<condition id="53">
<or_exp><and_exp></and_exp></or_exp>
</condition>
</trans>

<trans id="122" from="10" to="11">
<condition id="54">
<or_exp><and_exp></and_exp></or_exp>
</condition>
</trans>

<trans id="123" from="11" to="12">
<condition id="55">
<or_exp><and_exp></and_exp></or_exp>
</condition>
</trans>

<trans id="124" from="12" to="13">
<condition id="56">
<or_exp><and_exp></and_exp></or_exp>
</condition>
</trans>

<trans id="125" from="13" to="14">
<condition id="57">
<or_exp><and_exp></and_exp></or_exp>
</condition>
</trans>

<trans id="126" from="14" to="15">
<condition id="58">
<or_exp><and_exp></and_exp></or_exp>
</condition>
</trans>

<trans id="127" from="15" to="5">
<condition id="60">
<or_exp><and_exp></and_exp></or_exp>
</condition>
</trans>

<trans id="129" from="16" to="17">
<condition id="62">
<or_exp><and_exp></and_exp></or_exp>
</condition>
</trans>

<trans id="130" from="17" to="18">
<condition id="63">
<or_exp><and_exp></and_exp></or_exp>
</condition>
</trans>

<trans id="131" from="18" to="19">
<condition id="64">
<or_exp><and_exp></and_exp></or_exp>
</condition>
</trans>

<trans id="132" from="19" to="20">
<condition id="65">
<or_exp><and_exp></and_exp></or_exp>
</condition>
</trans>

<trans id="133" from="20" to="21">
<condition id="66">
<or_exp><and_exp></and_exp></or_exp>
</condition>
</trans>

<trans id="134" from="21" to="22">
<condition id="67">
<or_exp><and_exp></and_exp></or_exp>
</condition>
</trans>

<trans id="135" from="22" to="23">
<condition id="68">
<or_exp><and_exp></and_exp></or_exp>
</condition>
</trans>

<trans id="136" from="23" to="4">
<condition id="70">
<or_exp><and_exp></and_exp></or_exp>
</condition>
</trans>
</trans_list>



<state_list>

<state id="1" st_id="1">

<operation id="24" st_id="1" stage="1" lat="1">
<core>NULL</core>
<MemPortIdVec></MemPortIdVec>
<condition id="0">
<or_exp><and_exp></and_exp></or_exp>
</condition>

<Node id="5" bw="0" op_0_bw="0">
<![CDATA[
:0  br label %.loopexit

]]></Node>
<StgValue><ssdm name=""/></StgValue>
</operation>
</state>

<state id="2" st_id="2">

<operation id="25" st_id="2" stage="1" lat="1">
<core>NULL</core>
<MemPortIdVec></MemPortIdVec>
<condition id="1">
<or_exp><and_exp></and_exp></or_exp>
</condition>

<Node id="7" bw="6" op_0_bw="6" op_1_bw="0">
<![CDATA[
.loopexit:0  %co = phi i6 [ 0, %0 ], [ %co_8, %.loopexit.loopexit ]

]]></Node>
<StgValue><ssdm name="co"/></StgValue>
</operation>

<operation id="26" st_id="2" stage="1" lat="1">
<core>Cmp</core>
<MemPortIdVec></MemPortIdVec>
<condition id="1">
<or_exp><and_exp></and_exp></or_exp>
</condition>

<Node id="8" bw="1" op_0_bw="6" op_1_bw="6">
<![CDATA[
.loopexit:1  %exitcond3 = icmp eq i6 %co, -16

]]></Node>
<StgValue><ssdm name="exitcond3"/></StgValue>
</operation>

<operation id="27" st_id="2" stage="1" lat="1">
<core>NULL</core>
<MemPortIdVec></MemPortIdVec>
<condition id="1">
<or_exp><and_exp></and_exp></or_exp>
</condition>

<Node id="9" bw="32" op_0_bw="32" op_1_bw="64" op_2_bw="64" op_3_bw="64">
<![CDATA[
.loopexit:2  %empty = call i32 (...)* @_ssdm_op_SpecLoopTripCount(i64 48, i64 48, i64 48)

]]></Node>
<StgValue><ssdm name="empty"/></StgValue>
</operation>

<operation id="28" st_id="2" stage="1" lat="1">
<core>AddSub</core>
<MemPortIdVec></MemPortIdVec>
<condition id="1">
<or_exp><and_exp></and_exp></or_exp>
</condition>

<Node id="10" bw="6" op_0_bw="6" op_1_bw="6">
<![CDATA[
.loopexit:3  %co_8 = add i6 %co, 1

]]></Node>
<StgValue><ssdm name="co_8"/></StgValue>
</operation>

<operation id="29" st_id="2" stage="1" lat="1">
<core>NULL</core>
<MemPortIdVec></MemPortIdVec>
<condition id="1">
<or_exp><and_exp></and_exp></or_exp>
</condition>

<Node id="11" bw="0" op_0_bw="1" op_1_bw="0" op_2_bw="0">
<![CDATA[
.loopexit:4  br i1 %exitcond3, label %3, label %.preheader5.preheader

]]></Node>
<StgValue><ssdm name=""/></StgValue>
</operation>

<operation id="30" st_id="2" stage="1" lat="1">
<core>NULL</core>
<MemPortIdVec></MemPortIdVec>
<condition id="3">
<or_exp><and_exp><literal name="exitcond3" val="0"/>
</and_exp></or_exp>
</condition>

<Node id="13" bw="64" op_0_bw="6">
<![CDATA[
.preheader5.preheader:0  %tmp = zext i6 %co to i64

]]></Node>
<StgValue><ssdm name="tmp"/></StgValue>
</operation>

<operation id="31" st_id="2" stage="1" lat="1">
<core>NULL</core>
<MemPortIdVec></MemPortIdVec>
<condition id="3">
<or_exp><and_exp><literal name="exitcond3" val="0"/>
</and_exp></or_exp>
</condition>

<Node id="14" bw="12" op_0_bw="12" op_1_bw="6" op_2_bw="6">
<![CDATA[
.preheader5.preheader:1  %tmp_s = call i12 @_ssdm_op_BitConcatenate.i12.i6.i6(i6 %co, i6 0)

]]></Node>
<StgValue><ssdm name="tmp_s"/></StgValue>
</operation>

<operation id="32" st_id="2" stage="1" lat="1">
<core>NULL</core>
<MemPortIdVec></MemPortIdVec>
<condition id="3">
<or_exp><and_exp><literal name="exitcond3" val="0"/>
</and_exp></or_exp>
</condition>

<Node id="15" bw="13" op_0_bw="12">
<![CDATA[
.preheader5.preheader:2  %p_shl_cast = zext i12 %tmp_s to i13

]]></Node>
<StgValue><ssdm name="p_shl_cast"/></StgValue>
</operation>

<operation id="33" st_id="2" stage="1" lat="1">
<core>NULL</core>
<MemPortIdVec></MemPortIdVec>
<condition id="3">
<or_exp><and_exp><literal name="exitcond3" val="0"/>
</and_exp></or_exp>
</condition>

<Node id="16" bw="10" op_0_bw="10" op_1_bw="6" op_2_bw="4">
<![CDATA[
.preheader5.preheader:3  %tmp_98 = call i10 @_ssdm_op_BitConcatenate.i10.i6.i4(i6 %co, i4 0)

]]></Node>
<StgValue><ssdm name="tmp_98"/></StgValue>
</operation>

<operation id="34" st_id="2" stage="1" lat="1">
<core>NULL</core>
<MemPortIdVec></MemPortIdVec>
<condition id="3">
<or_exp><and_exp><literal name="exitcond3" val="0"/>
</and_exp></or_exp>
</condition>

<Node id="17" bw="13" op_0_bw="10">
<![CDATA[
.preheader5.preheader:4  %p_shl1_cast = zext i10 %tmp_98 to i13

]]></Node>
<StgValue><ssdm name="p_shl1_cast"/></StgValue>
</operation>

<operation id="35" st_id="2" stage="1" lat="1">
<core>AddSub</core>
<MemPortIdVec></MemPortIdVec>
<condition id="3">
<or_exp><and_exp><literal name="exitcond3" val="0"/>
</and_exp></or_exp>
</condition>

<Node id="18" bw="13" op_0_bw="13" op_1_bw="13">
<![CDATA[
.preheader5.preheader:5  %tmp_99 = sub i13 %p_shl_cast, %p_shl1_cast

]]></Node>
<StgValue><ssdm name="tmp_99"/></StgValue>
</operation>

<operation id="36" st_id="2" stage="1" lat="1">
<core>NULL</core>
<MemPortIdVec></MemPortIdVec>
<condition id="3">
<or_exp><and_exp><literal name="exitcond3" val="0"/>
</and_exp></or_exp>
</condition>

<Node id="19" bw="9" op_0_bw="9" op_1_bw="6" op_2_bw="3">
<![CDATA[
.preheader5.preheader:6  %tmp_100 = call i9 @_ssdm_op_BitConcatenate.i9.i6.i3(i6 %co, i3 0)

]]></Node>
<StgValue><ssdm name="tmp_100"/></StgValue>
</operation>

<operation id="37" st_id="2" stage="1" lat="1">
<core>NULL</core>
<MemPortIdVec></MemPortIdVec>
<condition id="3">
<or_exp><and_exp><literal name="exitcond3" val="0"/>
</and_exp></or_exp>
</condition>

<Node id="20" bw="10" op_0_bw="9">
<![CDATA[
.preheader5.preheader:7  %tmp_142_cast = zext i9 %tmp_100 to i10

]]></Node>
<StgValue><ssdm name="tmp_142_cast"/></StgValue>
</operation>

<operation id="38" st_id="2" stage="1" lat="1">
<core>NULL</core>
<MemPortIdVec></MemPortIdVec>
<condition id="3">
<or_exp><and_exp><literal name="exitcond3" val="0"/>
</and_exp></or_exp>
</condition>

<Node id="21" bw="6" op_0_bw="32" op_1_bw="64" op_2_bw="64">
<![CDATA[
.preheader5.preheader:8  %bias_addr = getelementptr [48 x float]* %bias, i64 0, i64 %tmp

]]></Node>
<StgValue><ssdm name="bias_addr"/></StgValue>
</operation>

<operation id="39" st_id="2" stage="1" lat="1">
<core>NULL</core>
<MemPortIdVec></MemPortIdVec>
<condition id="3">
<or_exp><and_exp><literal name="exitcond3" val="0"/>
</and_exp></or_exp>
</condition>

<Node id="22" bw="0" op_0_bw="0">
<![CDATA[
.preheader5.preheader:9  br label %.preheader5

]]></Node>
<StgValue><ssdm name=""/></StgValue>
</operation>

<operation id="40" st_id="2" stage="1" lat="1">
<core>NULL</core>
<MemPortIdVec></MemPortIdVec>
<condition id="5">
<or_exp><and_exp><literal name="exitcond3" val="1"/>
</and_exp></or_exp>
</condition>

<Node id="89" bw="0">
<![CDATA[
:0  ret void

]]></Node>
<StgValue><ssdm name=""/></StgValue>
</operation>
</state>

<state id="3" st_id="3">

<operation id="41" st_id="3" stage="1" lat="1">
<core>NULL</core>
<MemPortIdVec></MemPortIdVec>
<condition id="6">
<or_exp><and_exp></and_exp></or_exp>
</condition>

<Node id="24" bw="4" op_0_bw="4" op_1_bw="0">
<![CDATA[
.preheader5:0  %h = phi i4 [ 0, %.preheader5.preheader ], [ %h_8, %.preheader5.loopexit ]

]]></Node>
<StgValue><ssdm name="h"/></StgValue>
</operation>

<operation id="42" st_id="3" stage="1" lat="1">
<core>Cmp</core>
<MemPortIdVec></MemPortIdVec>
<condition id="6">
<or_exp><and_exp></and_exp></or_exp>
</condition>

<Node id="25" bw="1" op_0_bw="4" op_1_bw="4">
<![CDATA[
.preheader5:1  %exitcond2 = icmp eq i4 %h, -8

]]></Node>
<StgValue><ssdm name="exitcond2"/></StgValue>
</operation>

<operation id="43" st_id="3" stage="1" lat="1">
<core>NULL</core>
<MemPortIdVec></MemPortIdVec>
<condition id="6">
<or_exp><and_exp></and_exp></or_exp>
</condition>

<Node id="26" bw="32" op_0_bw="32" op_1_bw="64" op_2_bw="64" op_3_bw="64">
<![CDATA[
.preheader5:2  %empty_48 = call i32 (...)* @_ssdm_op_SpecLoopTripCount(i64 8, i64 8, i64 8)

]]></Node>
<StgValue><ssdm name="empty_48"/></StgValue>
</operation>

<operation id="44" st_id="3" stage="1" lat="1">
<core>AddSub</core>
<MemPortIdVec></MemPortIdVec>
<condition id="6">
<or_exp><and_exp></and_exp></or_exp>
</condition>

<Node id="27" bw="4" op_0_bw="4" op_1_bw="4">
<![CDATA[
.preheader5:3  %h_8 = add i4 %h, 1

]]></Node>
<StgValue><ssdm name="h_8"/></StgValue>
</operation>

<operation id="45" st_id="3" stage="1" lat="1">
<core>NULL</core>
<MemPortIdVec></MemPortIdVec>
<condition id="6">
<or_exp><and_exp></and_exp></or_exp>
</condition>

<Node id="28" bw="0" op_0_bw="1" op_1_bw="0" op_2_bw="0">
<![CDATA[
.preheader5:4  br i1 %exitcond2, label %.loopexit.loopexit, label %.preheader4.preheader

]]></Node>
<StgValue><ssdm name=""/></StgValue>
</operation>

<operation id="46" st_id="3" stage="1" lat="1">
<core>NULL</core>
<MemPortIdVec></MemPortIdVec>
<condition id="8">
<or_exp><and_exp><literal name="exitcond2" val="0"/>
</and_exp></or_exp>
</condition>

<Node id="30" bw="10" op_0_bw="4">
<![CDATA[
.preheader4.preheader:0  %tmp_cast = zext i4 %h to i10

]]></Node>
<StgValue><ssdm name="tmp_cast"/></StgValue>
</operation>

<operation id="47" st_id="3" stage="1" lat="1">
<core>AddSub</core>
<MemPortIdVec></MemPortIdVec>
<condition id="8">
<or_exp><and_exp><literal name="exitcond2" val="0"/>
</and_exp></or_exp>
</condition>

<Node id="31" bw="10" op_0_bw="10" op_1_bw="10">
<![CDATA[
.preheader4.preheader:1  %tmp_101 = add i10 %tmp_cast, %tmp_142_cast

]]></Node>
<StgValue><ssdm name="tmp_101"/></StgValue>
</operation>

<operation id="48" st_id="3" stage="1" lat="1">
<core>NULL</core>
<MemPortIdVec></MemPortIdVec>
<condition id="8">
<or_exp><and_exp><literal name="exitcond2" val="0"/>
</and_exp></or_exp>
</condition>

<Node id="32" bw="13" op_0_bw="13" op_1_bw="10" op_2_bw="3">
<![CDATA[
.preheader4.preheader:2  %tmp_145_cast = call i13 @_ssdm_op_BitConcatenate.i13.i10.i3(i10 %tmp_101, i3 0)

]]></Node>
<StgValue><ssdm name="tmp_145_cast"/></StgValue>
</operation>

<operation id="49" st_id="3" stage="1" lat="1">
<core>NULL</core>
<MemPortIdVec></MemPortIdVec>
<condition id="8">
<or_exp><and_exp><literal name="exitcond2" val="0"/>
</and_exp></or_exp>
</condition>

<Node id="33" bw="0" op_0_bw="0">
<![CDATA[
.preheader4.preheader:3  br label %.preheader4

]]></Node>
<StgValue><ssdm name=""/></StgValue>
</operation>

<operation id="50" st_id="3" stage="1" lat="1">
<core>NULL</core>
<MemPortIdVec></MemPortIdVec>
<condition id="10">
<or_exp><and_exp><literal name="exitcond2" val="1"/>
</and_exp></or_exp>
</condition>

<Node id="87" bw="0" op_0_bw="0">
<![CDATA[
.loopexit.loopexit:0  br label %.loopexit

]]></Node>
<StgValue><ssdm name=""/></StgValue>
</operation>
</state>

<state id="4" st_id="4">

<operation id="51" st_id="4" stage="1" lat="1">
<core>NULL</core>
<MemPortIdVec></MemPortIdVec>
<condition id="11">
<or_exp><and_exp></and_exp></or_exp>
</condition>

<Node id="35" bw="4" op_0_bw="4" op_1_bw="0">
<![CDATA[
.preheader4:0  %w = phi i4 [ %w_8, %2 ], [ 0, %.preheader4.preheader ]

]]></Node>
<StgValue><ssdm name="w"/></StgValue>
</operation>

<operation id="52" st_id="4" stage="1" lat="1">
<core>Cmp</core>
<MemPortIdVec></MemPortIdVec>
<condition id="11">
<or_exp><and_exp></and_exp></or_exp>
</condition>

<Node id="36" bw="1" op_0_bw="4" op_1_bw="4">
<![CDATA[
.preheader4:1  %exitcond1 = icmp eq i4 %w, -8

]]></Node>
<StgValue><ssdm name="exitcond1"/></StgValue>
</operation>

<operation id="53" st_id="4" stage="1" lat="1">
<core>NULL</core>
<MemPortIdVec></MemPortIdVec>
<condition id="11">
<or_exp><and_exp></and_exp></or_exp>
</condition>

<Node id="37" bw="32" op_0_bw="32" op_1_bw="64" op_2_bw="64" op_3_bw="64">
<![CDATA[
.preheader4:2  %empty_49 = call i32 (...)* @_ssdm_op_SpecLoopTripCount(i64 8, i64 8, i64 8)

]]></Node>
<StgValue><ssdm name="empty_49"/></StgValue>
</operation>

<operation id="54" st_id="4" stage="1" lat="1">
<core>AddSub</core>
<MemPortIdVec></MemPortIdVec>
<condition id="11">
<or_exp><and_exp></and_exp></or_exp>
</condition>

<Node id="38" bw="4" op_0_bw="4" op_1_bw="4">
<![CDATA[
.preheader4:3  %w_8 = add i4 %w, 1

]]></Node>
<StgValue><ssdm name="w_8"/></StgValue>
</operation>

<operation id="55" st_id="4" stage="1" lat="1">
<core>NULL</core>
<MemPortIdVec></MemPortIdVec>
<condition id="11">
<or_exp><and_exp></and_exp></or_exp>
</condition>

<Node id="39" bw="0" op_0_bw="1" op_1_bw="0" op_2_bw="0">
<![CDATA[
.preheader4:4  br i1 %exitcond1, label %.preheader5.loopexit, label %.preheader.preheader

]]></Node>
<StgValue><ssdm name=""/></StgValue>
</operation>

<operation id="56" st_id="4" stage="1" lat="1">
<core>NULL</core>
<MemPortIdVec></MemPortIdVec>
<condition id="13">
<or_exp><and_exp><literal name="exitcond1" val="0"/>
</and_exp></or_exp>
</condition>

<Node id="41" bw="13" op_0_bw="4">
<![CDATA[
.preheader.preheader:0  %tmp_82_cast = zext i4 %w to i13

]]></Node>
<StgValue><ssdm name="tmp_82_cast"/></StgValue>
</operation>

<operation id="57" st_id="4" stage="1" lat="1">
<core>AddSub</core>
<MemPortIdVec></MemPortIdVec>
<condition id="13">
<or_exp><and_exp><literal name="exitcond1" val="0"/>
</and_exp></or_exp>
</condition>

<Node id="42" bw="13" op_0_bw="13" op_1_bw="13">
<![CDATA[
.preheader.preheader:1  %tmp_102 = add i13 %tmp_145_cast, %tmp_82_cast

]]></Node>
<StgValue><ssdm name="tmp_102"/></StgValue>
</operation>

<operation id="58" st_id="4" stage="1" lat="1">
<core>NULL</core>
<MemPortIdVec></MemPortIdVec>
<condition id="13">
<or_exp><and_exp><literal name="exitcond1" val="0"/>
</and_exp></or_exp>
</condition>

<Node id="43" bw="64" op_0_bw="13">
<![CDATA[
.preheader.preheader:2  %tmp_146_cast = zext i13 %tmp_102 to i64

]]></Node>
<StgValue><ssdm name="tmp_146_cast"/></StgValue>
</operation>

<operation id="59" st_id="4" stage="1" lat="1">
<core>NULL</core>
<MemPortIdVec></MemPortIdVec>
<condition id="13">
<or_exp><and_exp><literal name="exitcond1" val="0"/>
</and_exp></or_exp>
</condition>

<Node id="44" bw="12" op_0_bw="32" op_1_bw="64" op_2_bw="64">
<![CDATA[
.preheader.preheader:3  %output_0_addr = getelementptr [3072 x float]* %output_0, i64 0, i64 %tmp_146_cast

]]></Node>
<StgValue><ssdm name="output_0_addr"/></StgValue>
</operation>

<operation id="60" st_id="4" stage="1" lat="1">
<core>NULL</core>
<MemPortIdVec></MemPortIdVec>
<condition id="13">
<or_exp><and_exp><literal name="exitcond1" val="0"/>
</and_exp></or_exp>
</condition>

<Node id="45" bw="0" op_0_bw="0">
<![CDATA[
.preheader.preheader:4  br label %.preheader

]]></Node>
<StgValue><ssdm name=""/></StgValue>
</operation>

<operation id="61" st_id="4" stage="1" lat="1">
<core>NULL</core>
<MemPortIdVec></MemPortIdVec>
<condition id="15">
<or_exp><and_exp><literal name="exitcond1" val="1"/>
</and_exp></or_exp>
</condition>

<Node id="85" bw="0" op_0_bw="0">
<![CDATA[
.preheader5.loopexit:0  br label %.preheader5

]]></Node>
<StgValue><ssdm name=""/></StgValue>
</operation>
</state>

<state id="5" st_id="5">

<operation id="62" st_id="5" stage="1" lat="1">
<core>NULL</core>
<MemPortIdVec></MemPortIdVec>
<condition id="16">
<or_exp><and_exp></and_exp></or_exp>
</condition>

<Node id="47" bw="32" op_0_bw="32" op_1_bw="0">
<![CDATA[
.preheader:0  %sum = phi float [ %sum_9, %1 ], [ 0.000000e+00, %.preheader.preheader ]

]]></Node>
<StgValue><ssdm name="sum"/></StgValue>
</operation>

<operation id="63" st_id="5" stage="1" lat="1">
<core>NULL</core>
<MemPortIdVec></MemPortIdVec>
<condition id="16">
<or_exp><and_exp></and_exp></or_exp>
</condition>

<Node id="48" bw="6" op_0_bw="6" op_1_bw="0">
<![CDATA[
.preheader:1  %ci = phi i6 [ %ci_2, %1 ], [ 0, %.preheader.preheader ]

]]></Node>
<StgValue><ssdm name="ci"/></StgValue>
</operation>

<operation id="64" st_id="5" stage="1" lat="1">
<core>Cmp</core>
<MemPortIdVec></MemPortIdVec>
<condition id="16">
<or_exp><and_exp></and_exp></or_exp>
</condition>

<Node id="49" bw="1" op_0_bw="6" op_1_bw="6">
<![CDATA[
.preheader:2  %exitcond = icmp eq i6 %ci, -16

]]></Node>
<StgValue><ssdm name="exitcond"/></StgValue>
</operation>

<operation id="65" st_id="5" stage="1" lat="1">
<core>NULL</core>
<MemPortIdVec></MemPortIdVec>
<condition id="16">
<or_exp><and_exp></and_exp></or_exp>
</condition>

<Node id="50" bw="32" op_0_bw="32" op_1_bw="64" op_2_bw="64" op_3_bw="64">
<![CDATA[
.preheader:3  %empty_50 = call i32 (...)* @_ssdm_op_SpecLoopTripCount(i64 48, i64 48, i64 48)

]]></Node>
<StgValue><ssdm name="empty_50"/></StgValue>
</operation>

<operation id="66" st_id="5" stage="1" lat="1">
<core>AddSub</core>
<MemPortIdVec></MemPortIdVec>
<condition id="16">
<or_exp><and_exp></and_exp></or_exp>
</condition>

<Node id="51" bw="6" op_0_bw="6" op_1_bw="6">
<![CDATA[
.preheader:4  %ci_2 = add i6 %ci, 1

]]></Node>
<StgValue><ssdm name="ci_2"/></StgValue>
</operation>

<operation id="67" st_id="5" stage="1" lat="1">
<core>NULL</core>
<MemPortIdVec></MemPortIdVec>
<condition id="16">
<or_exp><and_exp></and_exp></or_exp>
</condition>

<Node id="52" bw="0" op_0_bw="1" op_1_bw="0" op_2_bw="0">
<![CDATA[
.preheader:5  br i1 %exitcond, label %2, label %1

]]></Node>
<StgValue><ssdm name=""/></StgValue>
</operation>

<operation id="68" st_id="5" stage="1" lat="1">
<core>NULL</core>
<MemPortIdVec></MemPortIdVec>
<condition id="18">
<or_exp><and_exp><literal name="exitcond" val="0"/>
</and_exp></or_exp>
</condition>

<Node id="54" bw="13" op_0_bw="6">
<![CDATA[
:0  %tmp_83_cast = zext i6 %ci to i13

]]></Node>
<StgValue><ssdm name="tmp_83_cast"/></StgValue>
</operation>

<operation id="69" st_id="5" stage="1" lat="1">
<core>NULL</core>
<MemPortIdVec></MemPortIdVec>
<condition id="18">
<or_exp><and_exp><literal name="exitcond" val="0"/>
</and_exp></or_exp>
</condition>

<Node id="55" bw="9" op_0_bw="9" op_1_bw="6" op_2_bw="3">
<![CDATA[
:1  %tmp_103 = call i9 @_ssdm_op_BitConcatenate.i9.i6.i3(i6 %ci, i3 0)

]]></Node>
<StgValue><ssdm name="tmp_103"/></StgValue>
</operation>

<operation id="70" st_id="5" stage="1" lat="1">
<core>NULL</core>
<MemPortIdVec></MemPortIdVec>
<condition id="18">
<or_exp><and_exp><literal name="exitcond" val="0"/>
</and_exp></or_exp>
</condition>

<Node id="56" bw="10" op_0_bw="9">
<![CDATA[
:2  %tmp_148_cast = zext i9 %tmp_103 to i10

]]></Node>
<StgValue><ssdm name="tmp_148_cast"/></StgValue>
</operation>

<operation id="71" st_id="5" stage="1" lat="1">
<core>AddSub</core>
<MemPortIdVec></MemPortIdVec>
<condition id="18">
<or_exp><and_exp><literal name="exitcond" val="0"/>
</and_exp></or_exp>
</condition>

<Node id="57" bw="10" op_0_bw="10" op_1_bw="10">
<![CDATA[
:3  %tmp_104 = add i10 %tmp_cast, %tmp_148_cast

]]></Node>
<StgValue><ssdm name="tmp_104"/></StgValue>
</operation>

<operation id="72" st_id="5" stage="1" lat="1">
<core>NULL</core>
<MemPortIdVec></MemPortIdVec>
<condition id="18">
<or_exp><and_exp><literal name="exitcond" val="0"/>
</and_exp></or_exp>
</condition>

<Node id="58" bw="13" op_0_bw="13" op_1_bw="10" op_2_bw="3">
<![CDATA[
:4  %tmp_151_cast = call i13 @_ssdm_op_BitConcatenate.i13.i10.i3(i10 %tmp_104, i3 0)

]]></Node>
<StgValue><ssdm name="tmp_151_cast"/></StgValue>
</operation>

<operation id="73" st_id="5" stage="1" lat="1">
<core>AddSub</core>
<MemPortIdVec></MemPortIdVec>
<condition id="18">
<or_exp><and_exp><literal name="exitcond" val="0"/>
</and_exp></or_exp>
</condition>

<Node id="59" bw="13" op_0_bw="13" op_1_bw="13">
<![CDATA[
:5  %tmp_105 = add i13 %tmp_82_cast, %tmp_151_cast

]]></Node>
<StgValue><ssdm name="tmp_105"/></StgValue>
</operation>

<operation id="74" st_id="5" stage="1" lat="1">
<core>NULL</core>
<MemPortIdVec></MemPortIdVec>
<condition id="18">
<or_exp><and_exp><literal name="exitcond" val="0"/>
</and_exp></or_exp>
</condition>

<Node id="60" bw="64" op_0_bw="13">
<![CDATA[
:6  %tmp_152_cast = zext i13 %tmp_105 to i64

]]></Node>
<StgValue><ssdm name="tmp_152_cast"/></StgValue>
</operation>

<operation id="75" st_id="5" stage="1" lat="1">
<core>NULL</core>
<MemPortIdVec></MemPortIdVec>
<condition id="18">
<or_exp><and_exp><literal name="exitcond" val="0"/>
</and_exp></or_exp>
</condition>

<Node id="61" bw="12" op_0_bw="32" op_1_bw="64" op_2_bw="64">
<![CDATA[
:7  %input_0_addr = getelementptr [3072 x float]* %input_0, i64 0, i64 %tmp_152_cast

]]></Node>
<StgValue><ssdm name="input_0_addr"/></StgValue>
</operation>

<operation id="76" st_id="5" stage="1" lat="1">
<core>AddSub</core>
<MemPortIdVec></MemPortIdVec>
<condition id="18">
<or_exp><and_exp><literal name="exitcond" val="0"/>
</and_exp></or_exp>
</condition>

<Node id="62" bw="13" op_0_bw="13" op_1_bw="13">
<![CDATA[
:8  %tmp_106 = add i13 %tmp_83_cast, %tmp_99

]]></Node>
<StgValue><ssdm name="tmp_106"/></StgValue>
</operation>

<operation id="77" st_id="5" stage="1" lat="1">
<core>NULL</core>
<MemPortIdVec></MemPortIdVec>
<condition id="18">
<or_exp><and_exp><literal name="exitcond" val="0"/>
</and_exp></or_exp>
</condition>

<Node id="63" bw="64" op_0_bw="13">
<![CDATA[
:9  %tmp_153_cast = sext i13 %tmp_106 to i64

]]></Node>
<StgValue><ssdm name="tmp_153_cast"/></StgValue>
</operation>

<operation id="78" st_id="5" stage="1" lat="1">
<core>NULL</core>
<MemPortIdVec></MemPortIdVec>
<condition id="18">
<or_exp><and_exp><literal name="exitcond" val="0"/>
</and_exp></or_exp>
</condition>

<Node id="64" bw="12" op_0_bw="32" op_1_bw="64" op_2_bw="64">
<![CDATA[
:10  %weight_addr = getelementptr [2304 x float]* %weight, i64 0, i64 %tmp_153_cast

]]></Node>
<StgValue><ssdm name="weight_addr"/></StgValue>
</operation>

<operation id="79" st_id="5" stage="2" lat="2">
<core>RAM</core>
<MemPortIdVec>0 </MemPortIdVec>
<condition id="18">
<or_exp><and_exp><literal name="exitcond" val="0"/>
</and_exp></or_exp>
</condition>

<Node id="65" bw="32" op_0_bw="12">
<![CDATA[
:11  %weight_load = load float* %weight_addr, align 4

]]></Node>
<StgValue><ssdm name="weight_load"/></StgValue>
</operation>

<operation id="80" st_id="5" stage="2" lat="2">
<core>RAM</core>
<MemPortIdVec>0 </MemPortIdVec>
<condition id="18">
<or_exp><and_exp><literal name="exitcond" val="0"/>
</and_exp></or_exp>
</condition>

<Node id="66" bw="32" op_0_bw="12">
<![CDATA[
:12  %input_0_load = load float* %input_0_addr, align 4

]]></Node>
<StgValue><ssdm name="input_0_load"/></StgValue>
</operation>

<operation id="81" st_id="5" stage="2" lat="2">
<core>RAM</core>
<MemPortIdVec>0 </MemPortIdVec>
<condition id="20">
<or_exp><and_exp><literal name="exitcond" val="1"/>
</and_exp></or_exp>
</condition>

<Node id="71" bw="32" op_0_bw="6">
<![CDATA[
:0  %bias_load = load float* %bias_addr, align 4

]]></Node>
<StgValue><ssdm name="bias_load"/></StgValue>
</operation>
</state>

<state id="6" st_id="6">

<operation id="82" st_id="6" stage="1" lat="2">
<core>RAM</core>
<MemPortIdVec>0 </MemPortIdVec>
<condition id="21">
<or_exp><and_exp></and_exp></or_exp>
</condition>

<Node id="65" bw="32" op_0_bw="12">
<![CDATA[
:11  %weight_load = load float* %weight_addr, align 4

]]></Node>
<StgValue><ssdm name="weight_load"/></StgValue>
</operation>

<operation id="83" st_id="6" stage="1" lat="2">
<core>RAM</core>
<MemPortIdVec>0 </MemPortIdVec>
<condition id="21">
<or_exp><and_exp></and_exp></or_exp>
</condition>

<Node id="66" bw="32" op_0_bw="12">
<![CDATA[
:12  %input_0_load = load float* %input_0_addr, align 4

]]></Node>
<StgValue><ssdm name="input_0_load"/></StgValue>
</operation>
</state>

<state id="7" st_id="7">

<operation id="84" st_id="7" stage="4" lat="4">
<core>FMul</core>
<MemPortIdVec></MemPortIdVec>
<condition id="22">
<or_exp><and_exp></and_exp></or_exp>
</condition>

<Node id="67" bw="32" op_0_bw="32" op_1_bw="32">
<![CDATA[
:13  %tmp_84 = fmul float %weight_load, %input_0_load

]]></Node>
<StgValue><ssdm name="tmp_84"/></StgValue>
</operation>
</state>

<state id="8" st_id="8">

<operation id="85" st_id="8" stage="3" lat="4">
<core>FMul</core>
<MemPortIdVec></MemPortIdVec>
<condition id="23">
<or_exp><and_exp></and_exp></or_exp>
</condition>

<Node id="67" bw="32" op_0_bw="32" op_1_bw="32">
<![CDATA[
:13  %tmp_84 = fmul float %weight_load, %input_0_load

]]></Node>
<StgValue><ssdm name="tmp_84"/></StgValue>
</operation>
</state>

<state id="9" st_id="9">

<operation id="86" st_id="9" stage="2" lat="4">
<core>FMul</core>
<MemPortIdVec></MemPortIdVec>
<condition id="24">
<or_exp><and_exp></and_exp></or_exp>
</condition>

<Node id="67" bw="32" op_0_bw="32" op_1_bw="32">
<![CDATA[
:13  %tmp_84 = fmul float %weight_load, %input_0_load

]]></Node>
<StgValue><ssdm name="tmp_84"/></StgValue>
</operation>
</state>

<state id="10" st_id="10">

<operation id="87" st_id="10" stage="1" lat="4">
<core>FMul</core>
<MemPortIdVec></MemPortIdVec>
<condition id="25">
<or_exp><and_exp></and_exp></or_exp>
</condition>

<Node id="67" bw="32" op_0_bw="32" op_1_bw="32">
<![CDATA[
:13  %tmp_84 = fmul float %weight_load, %input_0_load

]]></Node>
<StgValue><ssdm name="tmp_84"/></StgValue>
</operation>
</state>

<state id="11" st_id="11">

<operation id="88" st_id="11" stage="5" lat="5">
<core>FAddSub</core>
<MemPortIdVec></MemPortIdVec>
<condition id="26">
<or_exp><and_exp></and_exp></or_exp>
</condition>

<Node id="68" bw="32" op_0_bw="32" op_1_bw="32">
<![CDATA[
:14  %sum_9 = fadd float %sum, %tmp_84

]]></Node>
<StgValue><ssdm name="sum_9"/></StgValue>
</operation>
</state>

<state id="12" st_id="12">

<operation id="89" st_id="12" stage="4" lat="5">
<core>FAddSub</core>
<MemPortIdVec></MemPortIdVec>
<condition id="27">
<or_exp><and_exp></and_exp></or_exp>
</condition>

<Node id="68" bw="32" op_0_bw="32" op_1_bw="32">
<![CDATA[
:14  %sum_9 = fadd float %sum, %tmp_84

]]></Node>
<StgValue><ssdm name="sum_9"/></StgValue>
</operation>
</state>

<state id="13" st_id="13">

<operation id="90" st_id="13" stage="3" lat="5">
<core>FAddSub</core>
<MemPortIdVec></MemPortIdVec>
<condition id="28">
<or_exp><and_exp></and_exp></or_exp>
</condition>

<Node id="68" bw="32" op_0_bw="32" op_1_bw="32">
<![CDATA[
:14  %sum_9 = fadd float %sum, %tmp_84

]]></Node>
<StgValue><ssdm name="sum_9"/></StgValue>
</operation>
</state>

<state id="14" st_id="14">

<operation id="91" st_id="14" stage="2" lat="5">
<core>FAddSub</core>
<MemPortIdVec></MemPortIdVec>
<condition id="29">
<or_exp><and_exp></and_exp></or_exp>
</condition>

<Node id="68" bw="32" op_0_bw="32" op_1_bw="32">
<![CDATA[
:14  %sum_9 = fadd float %sum, %tmp_84

]]></Node>
<StgValue><ssdm name="sum_9"/></StgValue>
</operation>
</state>

<state id="15" st_id="15">

<operation id="92" st_id="15" stage="1" lat="5">
<core>FAddSub</core>
<MemPortIdVec></MemPortIdVec>
<condition id="30">
<or_exp><and_exp></and_exp></or_exp>
</condition>

<Node id="68" bw="32" op_0_bw="32" op_1_bw="32">
<![CDATA[
:14  %sum_9 = fadd float %sum, %tmp_84

]]></Node>
<StgValue><ssdm name="sum_9"/></StgValue>
</operation>

<operation id="93" st_id="15" stage="1" lat="1">
<core>NULL</core>
<MemPortIdVec></MemPortIdVec>
<condition id="30">
<or_exp><and_exp></and_exp></or_exp>
</condition>

<Node id="69" bw="0" op_0_bw="0">
<![CDATA[
:15  br label %.preheader

]]></Node>
<StgValue><ssdm name=""/></StgValue>
</operation>
</state>

<state id="16" st_id="16">

<operation id="94" st_id="16" stage="1" lat="2">
<core>RAM</core>
<MemPortIdVec>0 </MemPortIdVec>
<condition id="31">
<or_exp><and_exp></and_exp></or_exp>
</condition>

<Node id="71" bw="32" op_0_bw="6">
<![CDATA[
:0  %bias_load = load float* %bias_addr, align 4

]]></Node>
<StgValue><ssdm name="bias_load"/></StgValue>
</operation>
</state>

<state id="17" st_id="17">

<operation id="95" st_id="17" stage="5" lat="5">
<core>FAddSub</core>
<MemPortIdVec></MemPortIdVec>
<condition id="32">
<or_exp><and_exp></and_exp></or_exp>
</condition>

<Node id="72" bw="32" op_0_bw="32" op_1_bw="32">
<![CDATA[
:1  %result = fadd float %sum, %bias_load

]]></Node>
<StgValue><ssdm name="result"/></StgValue>
</operation>
</state>

<state id="18" st_id="18">

<operation id="96" st_id="18" stage="4" lat="5">
<core>FAddSub</core>
<MemPortIdVec></MemPortIdVec>
<condition id="33">
<or_exp><and_exp></and_exp></or_exp>
</condition>

<Node id="72" bw="32" op_0_bw="32" op_1_bw="32">
<![CDATA[
:1  %result = fadd float %sum, %bias_load

]]></Node>
<StgValue><ssdm name="result"/></StgValue>
</operation>
</state>

<state id="19" st_id="19">

<operation id="97" st_id="19" stage="3" lat="5">
<core>FAddSub</core>
<MemPortIdVec></MemPortIdVec>
<condition id="34">
<or_exp><and_exp></and_exp></or_exp>
</condition>

<Node id="72" bw="32" op_0_bw="32" op_1_bw="32">
<![CDATA[
:1  %result = fadd float %sum, %bias_load

]]></Node>
<StgValue><ssdm name="result"/></StgValue>
</operation>
</state>

<state id="20" st_id="20">

<operation id="98" st_id="20" stage="2" lat="5">
<core>FAddSub</core>
<MemPortIdVec></MemPortIdVec>
<condition id="35">
<or_exp><and_exp></and_exp></or_exp>
</condition>

<Node id="72" bw="32" op_0_bw="32" op_1_bw="32">
<![CDATA[
:1  %result = fadd float %sum, %bias_load

]]></Node>
<StgValue><ssdm name="result"/></StgValue>
</operation>
</state>

<state id="21" st_id="21">

<operation id="99" st_id="21" stage="1" lat="5">
<core>FAddSub</core>
<MemPortIdVec></MemPortIdVec>
<condition id="36">
<or_exp><and_exp></and_exp></or_exp>
</condition>

<Node id="72" bw="32" op_0_bw="32" op_1_bw="32">
<![CDATA[
:1  %result = fadd float %sum, %bias_load

]]></Node>
<StgValue><ssdm name="result"/></StgValue>
</operation>
</state>

<state id="22" st_id="22">

<operation id="100" st_id="22" stage="1" lat="1">
<core>FCmp</core>
<MemPortIdVec></MemPortIdVec>
<condition id="37">
<or_exp><and_exp></and_exp></or_exp>
</condition>

<Node id="79" bw="1" op_0_bw="32" op_1_bw="32">
<![CDATA[
:8  %tmp_9 = fcmp ogt float %result, 0.000000e+00

]]></Node>
<StgValue><ssdm name="tmp_9"/></StgValue>
</operation>
</state>

<state id="23" st_id="23">

<operation id="101" st_id="23" stage="1" lat="1">
<core>NULL</core>
<MemPortIdVec></MemPortIdVec>
<condition id="38">
<or_exp><and_exp></and_exp></or_exp>
</condition>

<Node id="73" bw="32" op_0_bw="32">
<![CDATA[
:2  %result_to_int = bitcast float %result to i32

]]></Node>
<StgValue><ssdm name="result_to_int"/></StgValue>
</operation>

<operation id="102" st_id="23" stage="1" lat="1">
<core>NULL</core>
<MemPortIdVec></MemPortIdVec>
<condition id="38">
<or_exp><and_exp></and_exp></or_exp>
</condition>

<Node id="74" bw="8" op_0_bw="8" op_1_bw="32" op_2_bw="32" op_3_bw="32">
<![CDATA[
:3  %tmp_6 = call i8 @_ssdm_op_PartSelect.i8.i32.i32.i32(i32 %result_to_int, i32 23, i32 30)

]]></Node>
<StgValue><ssdm name="tmp_6"/></StgValue>
</operation>

<operation id="103" st_id="23" stage="1" lat="1">
<core>NULL</core>
<MemPortIdVec></MemPortIdVec>
<condition id="38">
<or_exp><and_exp></and_exp></or_exp>
</condition>

<Node id="75" bw="23" op_0_bw="32">
<![CDATA[
:4  %tmp_89 = trunc i32 %result_to_int to i23

]]></Node>
<StgValue><ssdm name="tmp_89"/></StgValue>
</operation>

<operation id="104" st_id="23" stage="1" lat="1">
<core>Cmp</core>
<MemPortIdVec></MemPortIdVec>
<condition id="38">
<or_exp><and_exp></and_exp></or_exp>
</condition>

<Node id="76" bw="1" op_0_bw="8" op_1_bw="8">
<![CDATA[
:5  %notlhs = icmp ne i8 %tmp_6, -1

]]></Node>
<StgValue><ssdm name="notlhs"/></StgValue>
</operation>

<operation id="105" st_id="23" stage="1" lat="1">
<core>Cmp</core>
<MemPortIdVec></MemPortIdVec>
<condition id="38">
<or_exp><and_exp></and_exp></or_exp>
</condition>

<Node id="77" bw="1" op_0_bw="23" op_1_bw="23">
<![CDATA[
:6  %notrhs = icmp eq i23 %tmp_89, 0

]]></Node>
<StgValue><ssdm name="notrhs"/></StgValue>
</operation>

<operation id="106" st_id="23" stage="1" lat="1">
<core>LogicGate</core>
<MemPortIdVec></MemPortIdVec>
<condition id="38">
<or_exp><and_exp></and_exp></or_exp>
</condition>

<Node id="78" bw="1" op_0_bw="1" op_1_bw="1">
<![CDATA[
:7  %tmp_8 = or i1 %notrhs, %notlhs

]]></Node>
<StgValue><ssdm name="tmp_8"/></StgValue>
</operation>

<operation id="107" st_id="23" stage="1" lat="1">
<core>LogicGate</core>
<MemPortIdVec></MemPortIdVec>
<condition id="38">
<or_exp><and_exp></and_exp></or_exp>
</condition>

<Node id="80" bw="1" op_0_bw="1" op_1_bw="1">
<![CDATA[
:9  %tmp_10 = and i1 %tmp_8, %tmp_9

]]></Node>
<StgValue><ssdm name="tmp_10"/></StgValue>
</operation>

<operation id="108" st_id="23" stage="1" lat="1">
<core>Sel</core>
<MemPortIdVec></MemPortIdVec>
<condition id="38">
<or_exp><and_exp></and_exp></or_exp>
</condition>

<Node id="81" bw="32" op_0_bw="1" op_1_bw="32" op_2_bw="32">
<![CDATA[
:10  %result_2 = select i1 %tmp_10, float %result, float 0.000000e+00

]]></Node>
<StgValue><ssdm name="result_2"/></StgValue>
</operation>

<operation id="109" st_id="23" stage="1" lat="1">
<core>RAM</core>
<MemPortIdVec>0 </MemPortIdVec>
<condition id="38">
<or_exp><and_exp></and_exp></or_exp>
</condition>

<Node id="82" bw="0" op_0_bw="32" op_1_bw="12">
<![CDATA[
:11  store float %result_2, float* %output_0_addr, align 4

]]></Node>
<StgValue><ssdm name=""/></StgValue>
</operation>

<operation id="110" st_id="23" stage="1" lat="1">
<core>NULL</core>
<MemPortIdVec></MemPortIdVec>
<condition id="38">
<or_exp><and_exp></and_exp></or_exp>
</condition>

<Node id="83" bw="0" op_0_bw="0">
<![CDATA[
:12  br label %.preheader4

]]></Node>
<StgValue><ssdm name=""/></StgValue>
</operation>
</state>
</state_list>


<ports>
<port id="139" name="input_0" dir="0" iftype="1">
<core>RAM</core><StgValue><ssdm name="input_0"/><MemPortTyVec>1 3 </MemPortTyVec>
</StgValue>
</port>
<port id="140" name="weight" dir="0" iftype="1">
<core>RAM</core><StgValue><ssdm name="weight"/><MemPortTyVec>1 3 </MemPortTyVec>
</StgValue>
</port>
<port id="141" name="bias" dir="0" iftype="1">
<core>RAM</core><StgValue><ssdm name="bias"/><MemPortTyVec>1 3 </MemPortTyVec>
</StgValue>
</port>
<port id="142" name="output_0" dir="1" iftype="1">
<core>RAM</core><StgValue><ssdm name="output_0"/><MemPortTyVec>0 3 </MemPortTyVec>
</StgValue>
</port>
</ports>


<dataflows>
<dataflow id="144" from="StgValue_143" to="co" fromId="143" toId="25">
<condition id="98">
<or_exp><and_exp></and_exp></or_exp>
</condition>
</dataflow>
<dataflow id="145" from="StgValue_24" to="co" fromId="24" toId="25">
</dataflow>
<dataflow id="146" from="co_8" to="co" fromId="28" toId="25">
<BackEdge/>
<condition id="99">
<or_exp><and_exp><literal name="exitcond2" val="1"/>
</and_exp></or_exp>
</condition>
</dataflow>
<dataflow id="147" from="StgValue_50" to="co" fromId="50" toId="25">
<BackEdge/>
</dataflow>
<dataflow id="148" from="co" to="exitcond3" fromId="25" toId="26">
</dataflow>
<dataflow id="150" from="StgValue_149" to="exitcond3" fromId="149" toId="26">
</dataflow>
<dataflow id="152" from="_ssdm_op_SpecLoopTripCount" to="empty" fromId="151" toId="27">
</dataflow>
<dataflow id="154" from="StgValue_153" to="empty" fromId="153" toId="27">
</dataflow>
<dataflow id="155" from="StgValue_153" to="empty" fromId="153" toId="27">
</dataflow>
<dataflow id="156" from="StgValue_153" to="empty" fromId="153" toId="27">
</dataflow>
<dataflow id="157" from="co" to="co_8" fromId="25" toId="28">
</dataflow>
<dataflow id="159" from="StgValue_158" to="co_8" fromId="158" toId="28">
</dataflow>
<dataflow id="160" from="exitcond3" to="StgValue_29" fromId="26" toId="29">
</dataflow>
<dataflow id="161" from="co" to="tmp" fromId="25" toId="30">
</dataflow>
<dataflow id="163" from="_ssdm_op_BitConcatenate.i12.i6.i6" to="tmp_s" fromId="162" toId="31">
</dataflow>
<dataflow id="164" from="co" to="tmp_s" fromId="25" toId="31">
</dataflow>
<dataflow id="165" from="StgValue_143" to="tmp_s" fromId="143" toId="31">
</dataflow>
<dataflow id="166" from="tmp_s" to="p_shl_cast" fromId="31" toId="32">
</dataflow>
<dataflow id="168" from="_ssdm_op_BitConcatenate.i10.i6.i4" to="tmp_98" fromId="167" toId="33">
</dataflow>
<dataflow id="169" from="co" to="tmp_98" fromId="25" toId="33">
</dataflow>
<dataflow id="171" from="StgValue_170" to="tmp_98" fromId="170" toId="33">
</dataflow>
<dataflow id="172" from="tmp_98" to="p_shl1_cast" fromId="33" toId="34">
</dataflow>
<dataflow id="173" from="p_shl_cast" to="tmp_99" fromId="32" toId="35">
</dataflow>
<dataflow id="174" from="p_shl1_cast" to="tmp_99" fromId="34" toId="35">
</dataflow>
<dataflow id="176" from="_ssdm_op_BitConcatenate.i9.i6.i3" to="tmp_100" fromId="175" toId="36">
</dataflow>
<dataflow id="177" from="co" to="tmp_100" fromId="25" toId="36">
</dataflow>
<dataflow id="179" from="StgValue_178" to="tmp_100" fromId="178" toId="36">
</dataflow>
<dataflow id="180" from="tmp_100" to="tmp_142_cast" fromId="36" toId="37">
</dataflow>
<dataflow id="181" from="bias" to="bias_addr" fromId="141" toId="38">
</dataflow>
<dataflow id="183" from="StgValue_182" to="bias_addr" fromId="182" toId="38">
</dataflow>
<dataflow id="184" from="tmp" to="bias_addr" fromId="30" toId="38">
</dataflow>
<dataflow id="185" from="StgValue_170" to="h" fromId="170" toId="41">
<condition id="100">
<or_exp><and_exp><literal name="exitcond3" val="0"/>
</and_exp></or_exp>
</condition>
</dataflow>
<dataflow id="186" from="StgValue_39" to="h" fromId="39" toId="41">
</dataflow>
<dataflow id="187" from="h_8" to="h" fromId="44" toId="41">
<BackEdge/>
<condition id="101">
<or_exp><and_exp><literal name="exitcond1" val="1"/>
</and_exp></or_exp>
</condition>
</dataflow>
<dataflow id="188" from="StgValue_61" to="h" fromId="61" toId="41">
<BackEdge/>
</dataflow>
<dataflow id="189" from="h" to="exitcond2" fromId="41" toId="42">
</dataflow>
<dataflow id="191" from="StgValue_190" to="exitcond2" fromId="190" toId="42">
</dataflow>
<dataflow id="192" from="_ssdm_op_SpecLoopTripCount" to="empty_48" fromId="151" toId="43">
</dataflow>
<dataflow id="194" from="StgValue_193" to="empty_48" fromId="193" toId="43">
</dataflow>
<dataflow id="195" from="StgValue_193" to="empty_48" fromId="193" toId="43">
</dataflow>
<dataflow id="196" from="StgValue_193" to="empty_48" fromId="193" toId="43">
</dataflow>
<dataflow id="197" from="h" to="h_8" fromId="41" toId="44">
</dataflow>
<dataflow id="199" from="StgValue_198" to="h_8" fromId="198" toId="44">
</dataflow>
<dataflow id="200" from="exitcond2" to="StgValue_45" fromId="42" toId="45">
</dataflow>
<dataflow id="201" from="h" to="tmp_cast" fromId="41" toId="46">
</dataflow>
<dataflow id="202" from="tmp_cast" to="tmp_101" fromId="46" toId="47">
</dataflow>
<dataflow id="203" from="tmp_142_cast" to="tmp_101" fromId="37" toId="47">
</dataflow>
<dataflow id="205" from="_ssdm_op_BitConcatenate.i13.i10.i3" to="tmp_145_cast" fromId="204" toId="48">
</dataflow>
<dataflow id="206" from="tmp_101" to="tmp_145_cast" fromId="47" toId="48">
</dataflow>
<dataflow id="207" from="StgValue_178" to="tmp_145_cast" fromId="178" toId="48">
</dataflow>
<dataflow id="208" from="w_8" to="w" fromId="54" toId="51">
<BackEdge/>
<condition id="102">
<or_exp><and_exp></and_exp></or_exp>
</condition>
</dataflow>
<dataflow id="209" from="StgValue_110" to="w" fromId="110" toId="51">
<BackEdge/>
</dataflow>
<dataflow id="210" from="StgValue_170" to="w" fromId="170" toId="51">
<condition id="103">
<or_exp><and_exp><literal name="exitcond2" val="0"/>
</and_exp></or_exp>
</condition>
</dataflow>
<dataflow id="211" from="StgValue_49" to="w" fromId="49" toId="51">
</dataflow>
<dataflow id="212" from="w" to="exitcond1" fromId="51" toId="52">
</dataflow>
<dataflow id="213" from="StgValue_190" to="exitcond1" fromId="190" toId="52">
</dataflow>
<dataflow id="214" from="_ssdm_op_SpecLoopTripCount" to="empty_49" fromId="151" toId="53">
</dataflow>
<dataflow id="215" from="StgValue_193" to="empty_49" fromId="193" toId="53">
</dataflow>
<dataflow id="216" from="StgValue_193" to="empty_49" fromId="193" toId="53">
</dataflow>
<dataflow id="217" from="StgValue_193" to="empty_49" fromId="193" toId="53">
</dataflow>
<dataflow id="218" from="w" to="w_8" fromId="51" toId="54">
</dataflow>
<dataflow id="219" from="StgValue_198" to="w_8" fromId="198" toId="54">
</dataflow>
<dataflow id="220" from="exitcond1" to="StgValue_55" fromId="52" toId="55">
</dataflow>
<dataflow id="221" from="w" to="tmp_82_cast" fromId="51" toId="56">
</dataflow>
<dataflow id="222" from="tmp_145_cast" to="tmp_102" fromId="48" toId="57">
</dataflow>
<dataflow id="223" from="tmp_82_cast" to="tmp_102" fromId="56" toId="57">
</dataflow>
<dataflow id="224" from="tmp_102" to="tmp_146_cast" fromId="57" toId="58">
</dataflow>
<dataflow id="225" from="output_0" to="output_0_addr" fromId="142" toId="59">
</dataflow>
<dataflow id="226" from="StgValue_182" to="output_0_addr" fromId="182" toId="59">
</dataflow>
<dataflow id="227" from="tmp_146_cast" to="output_0_addr" fromId="58" toId="59">
</dataflow>
<dataflow id="228" from="sum_9" to="sum" fromId="92" toId="62">
<BackEdge/>
<condition id="104">
<or_exp><and_exp></and_exp></or_exp>
</condition>
</dataflow>
<dataflow id="229" from="StgValue_93" to="sum" fromId="93" toId="62">
<BackEdge/>
</dataflow>
<dataflow id="231" from="StgValue_230" to="sum" fromId="230" toId="62">
<condition id="105">
<or_exp><and_exp><literal name="exitcond1" val="0"/>
</and_exp></or_exp>
</condition>
</dataflow>
<dataflow id="232" from="StgValue_60" to="sum" fromId="60" toId="62">
</dataflow>
<dataflow id="233" from="ci_2" to="ci" fromId="66" toId="63">
<BackEdge/>
<condition id="106">
<or_exp><and_exp></and_exp></or_exp>
</condition>
</dataflow>
<dataflow id="234" from="StgValue_93" to="ci" fromId="93" toId="63">
<BackEdge/>
</dataflow>
<dataflow id="235" from="StgValue_143" to="ci" fromId="143" toId="63">
<condition id="107">
<or_exp><and_exp><literal name="exitcond1" val="0"/>
</and_exp></or_exp>
</condition>
</dataflow>
<dataflow id="236" from="StgValue_60" to="ci" fromId="60" toId="63">
</dataflow>
<dataflow id="237" from="ci" to="exitcond" fromId="63" toId="64">
</dataflow>
<dataflow id="238" from="StgValue_149" to="exitcond" fromId="149" toId="64">
</dataflow>
<dataflow id="239" from="_ssdm_op_SpecLoopTripCount" to="empty_50" fromId="151" toId="65">
</dataflow>
<dataflow id="240" from="StgValue_153" to="empty_50" fromId="153" toId="65">
</dataflow>
<dataflow id="241" from="StgValue_153" to="empty_50" fromId="153" toId="65">
</dataflow>
<dataflow id="242" from="StgValue_153" to="empty_50" fromId="153" toId="65">
</dataflow>
<dataflow id="243" from="ci" to="ci_2" fromId="63" toId="66">
</dataflow>
<dataflow id="244" from="StgValue_158" to="ci_2" fromId="158" toId="66">
</dataflow>
<dataflow id="245" from="exitcond" to="StgValue_67" fromId="64" toId="67">
</dataflow>
<dataflow id="246" from="ci" to="tmp_83_cast" fromId="63" toId="68">
</dataflow>
<dataflow id="247" from="_ssdm_op_BitConcatenate.i9.i6.i3" to="tmp_103" fromId="175" toId="69">
</dataflow>
<dataflow id="248" from="ci" to="tmp_103" fromId="63" toId="69">
</dataflow>
<dataflow id="249" from="StgValue_178" to="tmp_103" fromId="178" toId="69">
</dataflow>
<dataflow id="250" from="tmp_103" to="tmp_148_cast" fromId="69" toId="70">
</dataflow>
<dataflow id="251" from="tmp_cast" to="tmp_104" fromId="46" toId="71">
</dataflow>
<dataflow id="252" from="tmp_148_cast" to="tmp_104" fromId="70" toId="71">
</dataflow>
<dataflow id="253" from="_ssdm_op_BitConcatenate.i13.i10.i3" to="tmp_151_cast" fromId="204" toId="72">
</dataflow>
<dataflow id="254" from="tmp_104" to="tmp_151_cast" fromId="71" toId="72">
</dataflow>
<dataflow id="255" from="StgValue_178" to="tmp_151_cast" fromId="178" toId="72">
</dataflow>
<dataflow id="256" from="tmp_82_cast" to="tmp_105" fromId="56" toId="73">
</dataflow>
<dataflow id="257" from="tmp_151_cast" to="tmp_105" fromId="72" toId="73">
</dataflow>
<dataflow id="258" from="tmp_105" to="tmp_152_cast" fromId="73" toId="74">
</dataflow>
<dataflow id="259" from="input_0" to="input_0_addr" fromId="139" toId="75">
</dataflow>
<dataflow id="260" from="StgValue_182" to="input_0_addr" fromId="182" toId="75">
</dataflow>
<dataflow id="261" from="tmp_152_cast" to="input_0_addr" fromId="74" toId="75">
</dataflow>
<dataflow id="262" from="tmp_83_cast" to="tmp_106" fromId="68" toId="76">
</dataflow>
<dataflow id="263" from="tmp_99" to="tmp_106" fromId="35" toId="76">
</dataflow>
<dataflow id="264" from="tmp_106" to="tmp_153_cast" fromId="76" toId="77">
</dataflow>
<dataflow id="265" from="weight" to="weight_addr" fromId="140" toId="78">
</dataflow>
<dataflow id="266" from="StgValue_182" to="weight_addr" fromId="182" toId="78">
</dataflow>
<dataflow id="267" from="tmp_153_cast" to="weight_addr" fromId="77" toId="78">
</dataflow>
<dataflow id="268" from="weight_addr" to="weight_load" fromId="78" toId="79">
</dataflow>
<dataflow id="269" from="input_0_addr" to="input_0_load" fromId="75" toId="80">
</dataflow>
<dataflow id="270" from="bias_addr" to="bias_load" fromId="38" toId="81">
</dataflow>
<dataflow id="271" from="weight_addr" to="weight_load" fromId="78" toId="82">
</dataflow>
<dataflow id="272" from="input_0_addr" to="input_0_load" fromId="75" toId="83">
</dataflow>
<dataflow id="273" from="weight_load" to="tmp_84" fromId="82" toId="84">
</dataflow>
<dataflow id="274" from="input_0_load" to="tmp_84" fromId="83" toId="84">
</dataflow>
<dataflow id="275" from="weight_load" to="tmp_84" fromId="82" toId="85">
</dataflow>
<dataflow id="276" from="input_0_load" to="tmp_84" fromId="83" toId="85">
</dataflow>
<dataflow id="277" from="weight_load" to="tmp_84" fromId="82" toId="86">
</dataflow>
<dataflow id="278" from="input_0_load" to="tmp_84" fromId="83" toId="86">
</dataflow>
<dataflow id="279" from="weight_load" to="tmp_84" fromId="82" toId="87">
</dataflow>
<dataflow id="280" from="input_0_load" to="tmp_84" fromId="83" toId="87">
</dataflow>
<dataflow id="281" from="sum" to="sum_9" fromId="62" toId="88">
</dataflow>
<dataflow id="282" from="tmp_84" to="sum_9" fromId="87" toId="88">
</dataflow>
<dataflow id="283" from="sum" to="sum_9" fromId="62" toId="89">
</dataflow>
<dataflow id="284" from="tmp_84" to="sum_9" fromId="87" toId="89">
</dataflow>
<dataflow id="285" from="sum" to="sum_9" fromId="62" toId="90">
</dataflow>
<dataflow id="286" from="tmp_84" to="sum_9" fromId="87" toId="90">
</dataflow>
<dataflow id="287" from="sum" to="sum_9" fromId="62" toId="91">
</dataflow>
<dataflow id="288" from="tmp_84" to="sum_9" fromId="87" toId="91">
</dataflow>
<dataflow id="289" from="sum" to="sum_9" fromId="62" toId="92">
</dataflow>
<dataflow id="290" from="tmp_84" to="sum_9" fromId="87" toId="92">
</dataflow>
<dataflow id="291" from="bias_addr" to="bias_load" fromId="38" toId="94">
</dataflow>
<dataflow id="292" from="sum" to="result" fromId="62" toId="95">
</dataflow>
<dataflow id="293" from="bias_load" to="result" fromId="94" toId="95">
</dataflow>
<dataflow id="294" from="sum" to="result" fromId="62" toId="96">
</dataflow>
<dataflow id="295" from="bias_load" to="result" fromId="94" toId="96">
</dataflow>
<dataflow id="296" from="sum" to="result" fromId="62" toId="97">
</dataflow>
<dataflow id="297" from="bias_load" to="result" fromId="94" toId="97">
</dataflow>
<dataflow id="298" from="sum" to="result" fromId="62" toId="98">
</dataflow>
<dataflow id="299" from="bias_load" to="result" fromId="94" toId="98">
</dataflow>
<dataflow id="300" from="sum" to="result" fromId="62" toId="99">
</dataflow>
<dataflow id="301" from="bias_load" to="result" fromId="94" toId="99">
</dataflow>
<dataflow id="302" from="result" to="tmp_9" fromId="99" toId="100">
</dataflow>
<dataflow id="303" from="StgValue_230" to="tmp_9" fromId="230" toId="100">
</dataflow>
<dataflow id="304" from="result" to="result_to_int" fromId="99" toId="101">
</dataflow>
<dataflow id="306" from="_ssdm_op_PartSelect.i8.i32.i32.i32" to="tmp_6" fromId="305" toId="102">
</dataflow>
<dataflow id="307" from="result_to_int" to="tmp_6" fromId="101" toId="102">
</dataflow>
<dataflow id="309" from="StgValue_308" to="tmp_6" fromId="308" toId="102">
</dataflow>
<dataflow id="311" from="StgValue_310" to="tmp_6" fromId="310" toId="102">
</dataflow>
<dataflow id="312" from="result_to_int" to="tmp_89" fromId="101" toId="103">
</dataflow>
<dataflow id="313" from="tmp_6" to="notlhs" fromId="102" toId="104">
</dataflow>
<dataflow id="315" from="StgValue_314" to="notlhs" fromId="314" toId="104">
</dataflow>
<dataflow id="316" from="tmp_89" to="notrhs" fromId="103" toId="105">
</dataflow>
<dataflow id="318" from="StgValue_317" to="notrhs" fromId="317" toId="105">
</dataflow>
<dataflow id="319" from="notrhs" to="tmp_8" fromId="105" toId="106">
</dataflow>
<dataflow id="320" from="notlhs" to="tmp_8" fromId="104" toId="106">
</dataflow>
<dataflow id="321" from="tmp_8" to="tmp_10" fromId="106" toId="107">
</dataflow>
<dataflow id="322" from="tmp_9" to="tmp_10" fromId="100" toId="107">
</dataflow>
<dataflow id="323" from="tmp_10" to="result_2" fromId="107" toId="108">
</dataflow>
<dataflow id="324" from="result" to="result_2" fromId="99" toId="108">
</dataflow>
<dataflow id="325" from="StgValue_230" to="result_2" fromId="230" toId="108">
</dataflow>
<dataflow id="326" from="result_2" to="StgValue_109" fromId="108" toId="109">
</dataflow>
<dataflow id="327" from="output_0_addr" to="StgValue_109" fromId="59" toId="109">
</dataflow>
<dataflow id="328" from="exitcond3" to="StgValue_2" fromId="26" toId="2">
</dataflow>
<dataflow id="329" from="exitcond2" to="StgValue_3" fromId="42" toId="3">
</dataflow>
<dataflow id="330" from="exitcond1" to="StgValue_4" fromId="52" toId="4">
</dataflow>
<dataflow id="331" from="exitcond" to="StgValue_5" fromId="64" toId="5">
</dataflow>
</dataflows>


</stg>
