<stg><name>subconv_3x3_32_strid</name>


<trans_list>

<trans id="136" from="1" to="2">
<condition id="45">
<or_exp><and_exp></and_exp></or_exp>
</condition>
</trans>

<trans id="137" from="2" to="3">
<condition id="47">
<or_exp><and_exp><literal name="exitcond4" val="0"/>
</and_exp></or_exp>
</condition>
</trans>

<trans id="138" from="3" to="4">
<condition id="49">
<or_exp><and_exp><literal name="exitcond3" val="0"/>
</and_exp></or_exp>
</condition>
</trans>

<trans id="165" from="3" to="2">
<condition id="83">
<or_exp><and_exp><literal name="exitcond3" val="1"/>
</and_exp></or_exp>
</condition>
</trans>

<trans id="139" from="4" to="5">
<condition id="51">
<or_exp><and_exp><literal name="exitcond2" val="0"/>
</and_exp></or_exp>
</condition>
</trans>

<trans id="164" from="4" to="3">
<condition id="81">
<or_exp><and_exp><literal name="exitcond2" val="1"/>
</and_exp></or_exp>
</condition>
</trans>

<trans id="140" from="5" to="18">
<condition id="52">
<or_exp><and_exp><literal name="exitcond1" val="1"/>
</and_exp></or_exp>
</condition>
</trans>

<trans id="141" from="5" to="6">
<condition id="54">
<or_exp><and_exp><literal name="exitcond1" val="0"/>
</and_exp></or_exp>
</condition>
</trans>

<trans id="142" from="6" to="7">
<condition id="55">
<or_exp><and_exp><literal name="exitcond" val="0"/>
</and_exp></or_exp>
</condition>
</trans>

<trans id="155" from="6" to="5">
<condition id="70">
<or_exp><and_exp><literal name="exitcond" val="1"/>
</and_exp></or_exp>
</condition>
</trans>

<trans id="144" from="7" to="8">
<condition id="57">
<or_exp><and_exp></and_exp></or_exp>
</condition>
</trans>

<trans id="145" from="8" to="9">
<condition id="58">
<or_exp><and_exp></and_exp></or_exp>
</condition>
</trans>

<trans id="146" from="9" to="10">
<condition id="59">
<or_exp><and_exp></and_exp></or_exp>
</condition>
</trans>

<trans id="147" from="10" to="11">
<condition id="60">
<or_exp><and_exp></and_exp></or_exp>
</condition>
</trans>

<trans id="148" from="11" to="12">
<condition id="61">
<or_exp><and_exp></and_exp></or_exp>
</condition>
</trans>

<trans id="149" from="12" to="13">
<condition id="62">
<or_exp><and_exp></and_exp></or_exp>
</condition>
</trans>

<trans id="150" from="13" to="14">
<condition id="63">
<or_exp><and_exp></and_exp></or_exp>
</condition>
</trans>

<trans id="151" from="14" to="15">
<condition id="64">
<or_exp><and_exp></and_exp></or_exp>
</condition>
</trans>

<trans id="152" from="15" to="16">
<condition id="65">
<or_exp><and_exp></and_exp></or_exp>
</condition>
</trans>

<trans id="153" from="16" to="17">
<condition id="66">
<or_exp><and_exp></and_exp></or_exp>
</condition>
</trans>

<trans id="154" from="17" to="6">
<condition id="68">
<or_exp><and_exp></and_exp></or_exp>
</condition>
</trans>

<trans id="157" from="18" to="19">
<condition id="72">
<or_exp><and_exp></and_exp></or_exp>
</condition>
</trans>

<trans id="158" from="19" to="20">
<condition id="73">
<or_exp><and_exp></and_exp></or_exp>
</condition>
</trans>

<trans id="159" from="20" to="21">
<condition id="74">
<or_exp><and_exp></and_exp></or_exp>
</condition>
</trans>

<trans id="160" from="21" to="22">
<condition id="75">
<or_exp><and_exp></and_exp></or_exp>
</condition>
</trans>

<trans id="161" from="22" to="23">
<condition id="76">
<or_exp><and_exp></and_exp></or_exp>
</condition>
</trans>

<trans id="162" from="23" to="24">
<condition id="77">
<or_exp><and_exp></and_exp></or_exp>
</condition>
</trans>

<trans id="163" from="24" to="4">
<condition id="79">
<or_exp><and_exp></and_exp></or_exp>
</condition>
</trans>
</trans_list>



<state_list>

<state id="1" st_id="1">

<operation id="25" st_id="1" stage="1" lat="1">
<core>NULL</core>
<MemPortIdVec></MemPortIdVec>
<condition id="0">
<or_exp><and_exp></and_exp></or_exp>
</condition>

<Node id="5" bw="0" op_0_bw="0">
<![CDATA[
:0  br label %.loopexit

]]></Node>
<StgValue><ssdm name=""/></StgValue>
</operation>
</state>

<state id="2" st_id="2">

<operation id="26" st_id="2" stage="1" lat="1">
<core>NULL</core>
<MemPortIdVec></MemPortIdVec>
<condition id="1">
<or_exp><and_exp></and_exp></or_exp>
</condition>

<Node id="7" bw="5" op_0_bw="5" op_1_bw="0">
<![CDATA[
.loopexit:0  %co = phi i5 [ 0, %0 ], [ %co_4, %.loopexit.loopexit ]

]]></Node>
<StgValue><ssdm name="co"/></StgValue>
</operation>

<operation id="27" st_id="2" stage="1" lat="1">
<core>Cmp</core>
<MemPortIdVec></MemPortIdVec>
<condition id="1">
<or_exp><and_exp></and_exp></or_exp>
</condition>

<Node id="8" bw="1" op_0_bw="5" op_1_bw="5">
<![CDATA[
.loopexit:1  %exitcond4 = icmp eq i5 %co, -8

]]></Node>
<StgValue><ssdm name="exitcond4"/></StgValue>
</operation>

<operation id="28" st_id="2" stage="1" lat="1">
<core>NULL</core>
<MemPortIdVec></MemPortIdVec>
<condition id="1">
<or_exp><and_exp></and_exp></or_exp>
</condition>

<Node id="9" bw="32" op_0_bw="32" op_1_bw="64" op_2_bw="64" op_3_bw="64">
<![CDATA[
.loopexit:2  %empty = call i32 (...)* @_ssdm_op_SpecLoopTripCount(i64 24, i64 24, i64 24)

]]></Node>
<StgValue><ssdm name="empty"/></StgValue>
</operation>

<operation id="29" st_id="2" stage="1" lat="1">
<core>AddSub</core>
<MemPortIdVec></MemPortIdVec>
<condition id="1">
<or_exp><and_exp></and_exp></or_exp>
</condition>

<Node id="10" bw="5" op_0_bw="5" op_1_bw="5">
<![CDATA[
.loopexit:3  %co_4 = add i5 %co, 1

]]></Node>
<StgValue><ssdm name="co_4"/></StgValue>
</operation>

<operation id="30" st_id="2" stage="1" lat="1">
<core>NULL</core>
<MemPortIdVec></MemPortIdVec>
<condition id="1">
<or_exp><and_exp></and_exp></or_exp>
</condition>

<Node id="11" bw="0" op_0_bw="1" op_1_bw="0" op_2_bw="0">
<![CDATA[
.loopexit:4  br i1 %exitcond4, label %2, label %.preheader7.preheader

]]></Node>
<StgValue><ssdm name=""/></StgValue>
</operation>

<operation id="31" st_id="2" stage="1" lat="1">
<core>NULL</core>
<MemPortIdVec></MemPortIdVec>
<condition id="3">
<or_exp><and_exp><literal name="exitcond4" val="0"/>
</and_exp></or_exp>
</condition>

<Node id="13" bw="64" op_0_bw="5">
<![CDATA[
.preheader7.preheader:0  %tmp = zext i5 %co to i64

]]></Node>
<StgValue><ssdm name="tmp"/></StgValue>
</operation>

<operation id="32" st_id="2" stage="1" lat="1">
<core>NULL</core>
<MemPortIdVec></MemPortIdVec>
<condition id="3">
<or_exp><and_exp><literal name="exitcond4" val="0"/>
</and_exp></or_exp>
</condition>

<Node id="14" bw="8" op_0_bw="5">
<![CDATA[
.preheader7.preheader:1  %tmp_cast = zext i5 %co to i8

]]></Node>
<StgValue><ssdm name="tmp_cast"/></StgValue>
</operation>

<operation id="33" st_id="2" stage="1" lat="1">
<core>NULL</core>
<MemPortIdVec></MemPortIdVec>
<condition id="3">
<or_exp><and_exp><literal name="exitcond4" val="0"/>
</and_exp></or_exp>
</condition>

<Node id="15" bw="10" op_0_bw="10" op_1_bw="5" op_2_bw="5">
<![CDATA[
.preheader7.preheader:2  %tmp_s = call i10 @_ssdm_op_BitConcatenate.i10.i5.i5(i5 %co, i5 0)

]]></Node>
<StgValue><ssdm name="tmp_s"/></StgValue>
</operation>

<operation id="34" st_id="2" stage="1" lat="1">
<core>NULL</core>
<MemPortIdVec></MemPortIdVec>
<condition id="3">
<or_exp><and_exp><literal name="exitcond4" val="0"/>
</and_exp></or_exp>
</condition>

<Node id="16" bw="11" op_0_bw="10">
<![CDATA[
.preheader7.preheader:3  %tmp_67_cast = zext i10 %tmp_s to i11

]]></Node>
<StgValue><ssdm name="tmp_67_cast"/></StgValue>
</operation>

<operation id="35" st_id="2" stage="1" lat="1">
<core>NULL</core>
<MemPortIdVec></MemPortIdVec>
<condition id="3">
<or_exp><and_exp><literal name="exitcond4" val="0"/>
</and_exp></or_exp>
</condition>

<Node id="17" bw="7" op_0_bw="7" op_1_bw="5" op_2_bw="2">
<![CDATA[
.preheader7.preheader:4  %tmp_49 = call i7 @_ssdm_op_BitConcatenate.i7.i5.i2(i5 %co, i2 0)

]]></Node>
<StgValue><ssdm name="tmp_49"/></StgValue>
</operation>

<operation id="36" st_id="2" stage="1" lat="1">
<core>NULL</core>
<MemPortIdVec></MemPortIdVec>
<condition id="3">
<or_exp><and_exp><literal name="exitcond4" val="0"/>
</and_exp></or_exp>
</condition>

<Node id="18" bw="8" op_0_bw="7">
<![CDATA[
.preheader7.preheader:5  %p_shl_cast = zext i7 %tmp_49 to i8

]]></Node>
<StgValue><ssdm name="p_shl_cast"/></StgValue>
</operation>

<operation id="37" st_id="2" stage="1" lat="1">
<core>AddSub</core>
<MemPortIdVec></MemPortIdVec>
<condition id="3">
<or_exp><and_exp><literal name="exitcond4" val="0"/>
</and_exp></or_exp>
</condition>

<Node id="19" bw="8" op_0_bw="8" op_1_bw="8">
<![CDATA[
.preheader7.preheader:6  %tmp_53 = sub i8 %p_shl_cast, %tmp_cast

]]></Node>
<StgValue><ssdm name="tmp_53"/></StgValue>
</operation>

<operation id="38" st_id="2" stage="1" lat="1">
<core>NULL</core>
<MemPortIdVec></MemPortIdVec>
<condition id="3">
<or_exp><and_exp><literal name="exitcond4" val="0"/>
</and_exp></or_exp>
</condition>

<Node id="20" bw="9" op_0_bw="8">
<![CDATA[
.preheader7.preheader:7  %tmp_69_cast = sext i8 %tmp_53 to i9

]]></Node>
<StgValue><ssdm name="tmp_69_cast"/></StgValue>
</operation>

<operation id="39" st_id="2" stage="1" lat="1">
<core>NULL</core>
<MemPortIdVec></MemPortIdVec>
<condition id="3">
<or_exp><and_exp><literal name="exitcond4" val="0"/>
</and_exp></or_exp>
</condition>

<Node id="21" bw="9" op_0_bw="9" op_1_bw="5" op_2_bw="4">
<![CDATA[
.preheader7.preheader:8  %tmp_54 = call i9 @_ssdm_op_BitConcatenate.i9.i5.i4(i5 %co, i4 0)

]]></Node>
<StgValue><ssdm name="tmp_54"/></StgValue>
</operation>

<operation id="40" st_id="2" stage="1" lat="1">
<core>NULL</core>
<MemPortIdVec></MemPortIdVec>
<condition id="3">
<or_exp><and_exp><literal name="exitcond4" val="0"/>
</and_exp></or_exp>
</condition>

<Node id="22" bw="10" op_0_bw="9">
<![CDATA[
.preheader7.preheader:9  %tmp_71_cast = zext i9 %tmp_54 to i10

]]></Node>
<StgValue><ssdm name="tmp_71_cast"/></StgValue>
</operation>

<operation id="41" st_id="2" stage="1" lat="1">
<core>NULL</core>
<MemPortIdVec></MemPortIdVec>
<condition id="3">
<or_exp><and_exp><literal name="exitcond4" val="0"/>
</and_exp></or_exp>
</condition>

<Node id="23" bw="5" op_0_bw="32" op_1_bw="64" op_2_bw="64">
<![CDATA[
.preheader7.preheader:10  %bias_addr = getelementptr [24 x float]* %bias, i64 0, i64 %tmp

]]></Node>
<StgValue><ssdm name="bias_addr"/></StgValue>
</operation>

<operation id="42" st_id="2" stage="1" lat="1">
<core>NULL</core>
<MemPortIdVec></MemPortIdVec>
<condition id="3">
<or_exp><and_exp><literal name="exitcond4" val="0"/>
</and_exp></or_exp>
</condition>

<Node id="24" bw="0" op_0_bw="0">
<![CDATA[
.preheader7.preheader:11  br label %.preheader7

]]></Node>
<StgValue><ssdm name=""/></StgValue>
</operation>

<operation id="43" st_id="2" stage="1" lat="1">
<core>NULL</core>
<MemPortIdVec></MemPortIdVec>
<condition id="5">
<or_exp><and_exp><literal name="exitcond4" val="1"/>
</and_exp></or_exp>
</condition>

<Node id="116" bw="0">
<![CDATA[
:0  ret void

]]></Node>
<StgValue><ssdm name=""/></StgValue>
</operation>
</state>

<state id="3" st_id="3">

<operation id="44" st_id="3" stage="1" lat="1">
<core>NULL</core>
<MemPortIdVec></MemPortIdVec>
<condition id="6">
<or_exp><and_exp></and_exp></or_exp>
</condition>

<Node id="26" bw="5" op_0_bw="5" op_1_bw="0">
<![CDATA[
.preheader7:0  %h = phi i5 [ 0, %.preheader7.preheader ], [ %h_4, %.preheader7.loopexit ]

]]></Node>
<StgValue><ssdm name="h"/></StgValue>
</operation>

<operation id="45" st_id="3" stage="1" lat="1">
<core>Cmp</core>
<MemPortIdVec></MemPortIdVec>
<condition id="6">
<or_exp><and_exp></and_exp></or_exp>
</condition>

<Node id="27" bw="1" op_0_bw="5" op_1_bw="5">
<![CDATA[
.preheader7:1  %exitcond3 = icmp eq i5 %h, -16

]]></Node>
<StgValue><ssdm name="exitcond3"/></StgValue>
</operation>

<operation id="46" st_id="3" stage="1" lat="1">
<core>NULL</core>
<MemPortIdVec></MemPortIdVec>
<condition id="6">
<or_exp><and_exp></and_exp></or_exp>
</condition>

<Node id="28" bw="32" op_0_bw="32" op_1_bw="64" op_2_bw="64" op_3_bw="64">
<![CDATA[
.preheader7:2  %empty_30 = call i32 (...)* @_ssdm_op_SpecLoopTripCount(i64 16, i64 16, i64 16)

]]></Node>
<StgValue><ssdm name="empty_30"/></StgValue>
</operation>

<operation id="47" st_id="3" stage="1" lat="1">
<core>AddSub</core>
<MemPortIdVec></MemPortIdVec>
<condition id="6">
<or_exp><and_exp></and_exp></or_exp>
</condition>

<Node id="29" bw="5" op_0_bw="5" op_1_bw="5">
<![CDATA[
.preheader7:3  %h_4 = add i5 %h, 1

]]></Node>
<StgValue><ssdm name="h_4"/></StgValue>
</operation>

<operation id="48" st_id="3" stage="1" lat="1">
<core>NULL</core>
<MemPortIdVec></MemPortIdVec>
<condition id="6">
<or_exp><and_exp></and_exp></or_exp>
</condition>

<Node id="30" bw="0" op_0_bw="1" op_1_bw="0" op_2_bw="0">
<![CDATA[
.preheader7:4  br i1 %exitcond3, label %.loopexit.loopexit, label %.preheader6.preheader

]]></Node>
<StgValue><ssdm name=""/></StgValue>
</operation>

<operation id="49" st_id="3" stage="1" lat="1">
<core>NULL</core>
<MemPortIdVec></MemPortIdVec>
<condition id="8">
<or_exp><and_exp><literal name="exitcond3" val="0"/>
</and_exp></or_exp>
</condition>

<Node id="32" bw="5" op_0_bw="5" op_1_bw="5">
<![CDATA[
.preheader6.preheader:0  %tmp_55 = shl i5 %h, 1

]]></Node>
<StgValue><ssdm name="tmp_55"/></StgValue>
</operation>

<operation id="50" st_id="3" stage="1" lat="1">
<core>NULL</core>
<MemPortIdVec></MemPortIdVec>
<condition id="8">
<or_exp><and_exp><literal name="exitcond3" val="0"/>
</and_exp></or_exp>
</condition>

<Node id="33" bw="6" op_0_bw="5">
<![CDATA[
.preheader6.preheader:1  %tmp_cast_31 = zext i5 %tmp_55 to i6

]]></Node>
<StgValue><ssdm name="tmp_cast_31"/></StgValue>
</operation>

<operation id="51" st_id="3" stage="1" lat="1">
<core>NULL</core>
<MemPortIdVec></MemPortIdVec>
<condition id="8">
<or_exp><and_exp><literal name="exitcond3" val="0"/>
</and_exp></or_exp>
</condition>

<Node id="34" bw="10" op_0_bw="5">
<![CDATA[
.preheader6.preheader:2  %tmp_40_cast = zext i5 %h to i10

]]></Node>
<StgValue><ssdm name="tmp_40_cast"/></StgValue>
</operation>

<operation id="52" st_id="3" stage="1" lat="1">
<core>AddSub</core>
<MemPortIdVec></MemPortIdVec>
<condition id="8">
<or_exp><and_exp><literal name="exitcond3" val="0"/>
</and_exp></or_exp>
</condition>

<Node id="35" bw="10" op_0_bw="10" op_1_bw="10">
<![CDATA[
.preheader6.preheader:3  %tmp_56 = add i10 %tmp_71_cast, %tmp_40_cast

]]></Node>
<StgValue><ssdm name="tmp_56"/></StgValue>
</operation>

<operation id="53" st_id="3" stage="1" lat="1">
<core>NULL</core>
<MemPortIdVec></MemPortIdVec>
<condition id="8">
<or_exp><and_exp><literal name="exitcond3" val="0"/>
</and_exp></or_exp>
</condition>

<Node id="36" bw="14" op_0_bw="14" op_1_bw="10" op_2_bw="4">
<![CDATA[
.preheader6.preheader:4  %tmp_75_cast = call i14 @_ssdm_op_BitConcatenate.i14.i10.i4(i10 %tmp_56, i4 0)

]]></Node>
<StgValue><ssdm name="tmp_75_cast"/></StgValue>
</operation>

<operation id="54" st_id="3" stage="1" lat="1">
<core>NULL</core>
<MemPortIdVec></MemPortIdVec>
<condition id="8">
<or_exp><and_exp><literal name="exitcond3" val="0"/>
</and_exp></or_exp>
</condition>

<Node id="37" bw="0" op_0_bw="0">
<![CDATA[
.preheader6.preheader:5  br label %.preheader6

]]></Node>
<StgValue><ssdm name=""/></StgValue>
</operation>

<operation id="55" st_id="3" stage="1" lat="1">
<core>NULL</core>
<MemPortIdVec></MemPortIdVec>
<condition id="10">
<or_exp><and_exp><literal name="exitcond3" val="1"/>
</and_exp></or_exp>
</condition>

<Node id="114" bw="0" op_0_bw="0">
<![CDATA[
.loopexit.loopexit:0  br label %.loopexit

]]></Node>
<StgValue><ssdm name=""/></StgValue>
</operation>
</state>

<state id="4" st_id="4">

<operation id="56" st_id="4" stage="1" lat="1">
<core>NULL</core>
<MemPortIdVec></MemPortIdVec>
<condition id="11">
<or_exp><and_exp></and_exp></or_exp>
</condition>

<Node id="39" bw="5" op_0_bw="5" op_1_bw="0">
<![CDATA[
.preheader6:0  %w = phi i5 [ %w_4, %1 ], [ 0, %.preheader6.preheader ]

]]></Node>
<StgValue><ssdm name="w"/></StgValue>
</operation>

<operation id="57" st_id="4" stage="1" lat="1">
<core>Cmp</core>
<MemPortIdVec></MemPortIdVec>
<condition id="11">
<or_exp><and_exp></and_exp></or_exp>
</condition>

<Node id="40" bw="1" op_0_bw="5" op_1_bw="5">
<![CDATA[
.preheader6:1  %exitcond2 = icmp eq i5 %w, -16

]]></Node>
<StgValue><ssdm name="exitcond2"/></StgValue>
</operation>

<operation id="58" st_id="4" stage="1" lat="1">
<core>NULL</core>
<MemPortIdVec></MemPortIdVec>
<condition id="11">
<or_exp><and_exp></and_exp></or_exp>
</condition>

<Node id="41" bw="32" op_0_bw="32" op_1_bw="64" op_2_bw="64" op_3_bw="64">
<![CDATA[
.preheader6:2  %empty_32 = call i32 (...)* @_ssdm_op_SpecLoopTripCount(i64 16, i64 16, i64 16)

]]></Node>
<StgValue><ssdm name="empty_32"/></StgValue>
</operation>

<operation id="59" st_id="4" stage="1" lat="1">
<core>AddSub</core>
<MemPortIdVec></MemPortIdVec>
<condition id="11">
<or_exp><and_exp></and_exp></or_exp>
</condition>

<Node id="42" bw="5" op_0_bw="5" op_1_bw="5">
<![CDATA[
.preheader6:3  %w_4 = add i5 %w, 1

]]></Node>
<StgValue><ssdm name="w_4"/></StgValue>
</operation>

<operation id="60" st_id="4" stage="1" lat="1">
<core>NULL</core>
<MemPortIdVec></MemPortIdVec>
<condition id="11">
<or_exp><and_exp></and_exp></or_exp>
</condition>

<Node id="43" bw="0" op_0_bw="1" op_1_bw="0" op_2_bw="0">
<![CDATA[
.preheader6:4  br i1 %exitcond2, label %.preheader7.loopexit, label %.preheader5.preheader

]]></Node>
<StgValue><ssdm name=""/></StgValue>
</operation>

<operation id="61" st_id="4" stage="1" lat="1">
<core>NULL</core>
<MemPortIdVec></MemPortIdVec>
<condition id="13">
<or_exp><and_exp><literal name="exitcond2" val="0"/>
</and_exp></or_exp>
</condition>

<Node id="45" bw="5" op_0_bw="5" op_1_bw="5">
<![CDATA[
.preheader5.preheader:0  %tmp_57 = shl i5 %w, 1

]]></Node>
<StgValue><ssdm name="tmp_57"/></StgValue>
</operation>

<operation id="62" st_id="4" stage="1" lat="1">
<core>NULL</core>
<MemPortIdVec></MemPortIdVec>
<condition id="13">
<or_exp><and_exp><literal name="exitcond2" val="0"/>
</and_exp></or_exp>
</condition>

<Node id="46" bw="6" op_0_bw="5">
<![CDATA[
.preheader5.preheader:1  %tmp_48_cast = zext i5 %tmp_57 to i6

]]></Node>
<StgValue><ssdm name="tmp_48_cast"/></StgValue>
</operation>

<operation id="63" st_id="4" stage="1" lat="1">
<core>AddSub</core>
<MemPortIdVec></MemPortIdVec>
<condition id="13">
<or_exp><and_exp><literal name="exitcond2" val="0"/>
</and_exp></or_exp>
</condition>

<Node id="47" bw="6" op_0_bw="6" op_1_bw="6">
<![CDATA[
.preheader5.preheader:2  %tmp_47 = sub i6 0, %tmp_48_cast

]]></Node>
<StgValue><ssdm name="tmp_47"/></StgValue>
</operation>

<operation id="64" st_id="4" stage="1" lat="1">
<core>NULL</core>
<MemPortIdVec></MemPortIdVec>
<condition id="13">
<or_exp><and_exp><literal name="exitcond2" val="0"/>
</and_exp></or_exp>
</condition>

<Node id="48" bw="0" op_0_bw="0">
<![CDATA[
.preheader5.preheader:3  br label %.preheader5

]]></Node>
<StgValue><ssdm name=""/></StgValue>
</operation>

<operation id="65" st_id="4" stage="1" lat="1">
<core>NULL</core>
<MemPortIdVec></MemPortIdVec>
<condition id="15">
<or_exp><and_exp><literal name="exitcond2" val="1"/>
</and_exp></or_exp>
</condition>

<Node id="112" bw="0" op_0_bw="0">
<![CDATA[
.preheader7.loopexit:0  br label %.preheader7

]]></Node>
<StgValue><ssdm name=""/></StgValue>
</operation>
</state>

<state id="5" st_id="5">

<operation id="66" st_id="5" stage="1" lat="1">
<core>NULL</core>
<MemPortIdVec></MemPortIdVec>
<condition id="16">
<or_exp><and_exp></and_exp></or_exp>
</condition>

<Node id="50" bw="32" op_0_bw="32" op_1_bw="0">
<![CDATA[
.preheader5:0  %sum = phi float [ 0.000000e+00, %.preheader5.preheader ], [ %sum_1, %.preheader5.loopexit ]

]]></Node>
<StgValue><ssdm name="sum"/></StgValue>
</operation>

<operation id="67" st_id="5" stage="1" lat="1">
<core>NULL</core>
<MemPortIdVec></MemPortIdVec>
<condition id="16">
<or_exp><and_exp></and_exp></or_exp>
</condition>

<Node id="51" bw="2" op_0_bw="2" op_1_bw="0">
<![CDATA[
.preheader5:1  %m = phi i2 [ 0, %.preheader5.preheader ], [ %m_4, %.preheader5.loopexit ]

]]></Node>
<StgValue><ssdm name="m"/></StgValue>
</operation>

<operation id="68" st_id="5" stage="1" lat="1">
<core>NULL</core>
<MemPortIdVec></MemPortIdVec>
<condition id="16">
<or_exp><and_exp></and_exp></or_exp>
</condition>

<Node id="52" bw="3" op_0_bw="2">
<![CDATA[
.preheader5:2  %m_cast8_cast = zext i2 %m to i3

]]></Node>
<StgValue><ssdm name="m_cast8_cast"/></StgValue>
</operation>

<operation id="69" st_id="5" stage="1" lat="1">
<core>Cmp</core>
<MemPortIdVec></MemPortIdVec>
<condition id="16">
<or_exp><and_exp></and_exp></or_exp>
</condition>

<Node id="53" bw="1" op_0_bw="2" op_1_bw="2">
<![CDATA[
.preheader5:3  %exitcond1 = icmp eq i2 %m, -1

]]></Node>
<StgValue><ssdm name="exitcond1"/></StgValue>
</operation>

<operation id="70" st_id="5" stage="1" lat="1">
<core>NULL</core>
<MemPortIdVec></MemPortIdVec>
<condition id="16">
<or_exp><and_exp></and_exp></or_exp>
</condition>

<Node id="54" bw="32" op_0_bw="32" op_1_bw="64" op_2_bw="64" op_3_bw="64">
<![CDATA[
.preheader5:4  %empty_33 = call i32 (...)* @_ssdm_op_SpecLoopTripCount(i64 3, i64 3, i64 3)

]]></Node>
<StgValue><ssdm name="empty_33"/></StgValue>
</operation>

<operation id="71" st_id="5" stage="1" lat="1">
<core>AddSub</core>
<MemPortIdVec></MemPortIdVec>
<condition id="16">
<or_exp><and_exp></and_exp></or_exp>
</condition>

<Node id="55" bw="2" op_0_bw="2" op_1_bw="2">
<![CDATA[
.preheader5:5  %m_4 = add i2 %m, 1

]]></Node>
<StgValue><ssdm name="m_4"/></StgValue>
</operation>

<operation id="72" st_id="5" stage="1" lat="1">
<core>NULL</core>
<MemPortIdVec></MemPortIdVec>
<condition id="16">
<or_exp><and_exp></and_exp></or_exp>
</condition>

<Node id="56" bw="0" op_0_bw="1" op_1_bw="0" op_2_bw="0">
<![CDATA[
.preheader5:6  br i1 %exitcond1, label %1, label %.preheader.preheader

]]></Node>
<StgValue><ssdm name=""/></StgValue>
</operation>

<operation id="73" st_id="5" stage="1" lat="1">
<core>NULL</core>
<MemPortIdVec></MemPortIdVec>
<condition id="18">
<or_exp><and_exp><literal name="exitcond1" val="0"/>
</and_exp></or_exp>
</condition>

<Node id="58" bw="9" op_0_bw="2">
<![CDATA[
.preheader.preheader:0  %tmp_43_cast = zext i2 %m to i9

]]></Node>
<StgValue><ssdm name="tmp_43_cast"/></StgValue>
</operation>

<operation id="74" st_id="5" stage="1" lat="1">
<core>AddSub</core>
<MemPortIdVec></MemPortIdVec>
<condition id="18">
<or_exp><and_exp><literal name="exitcond1" val="0"/>
</and_exp></or_exp>
</condition>

<Node id="59" bw="9" op_0_bw="9" op_1_bw="9">
<![CDATA[
.preheader.preheader:1  %tmp_59 = add i9 %tmp_43_cast, %tmp_69_cast

]]></Node>
<StgValue><ssdm name="tmp_59"/></StgValue>
</operation>

<operation id="75" st_id="5" stage="1" lat="1">
<core>NULL</core>
<MemPortIdVec></MemPortIdVec>
<condition id="18">
<or_exp><and_exp><literal name="exitcond1" val="0"/>
</and_exp></or_exp>
</condition>

<Node id="60" bw="9" op_0_bw="9" op_1_bw="9">
<![CDATA[
.preheader.preheader:2  %tmp_60 = shl i9 %tmp_59, 2

]]></Node>
<StgValue><ssdm name="tmp_60"/></StgValue>
</operation>

<operation id="76" st_id="5" stage="1" lat="1">
<core>AddSub</core>
<MemPortIdVec></MemPortIdVec>
<condition id="18">
<or_exp><and_exp><literal name="exitcond1" val="0"/>
</and_exp></or_exp>
</condition>

<Node id="61" bw="9" op_0_bw="9" op_1_bw="9">
<![CDATA[
.preheader.preheader:3  %tmp_61 = sub i9 %tmp_60, %tmp_59

]]></Node>
<StgValue><ssdm name="tmp_61"/></StgValue>
</operation>

<operation id="77" st_id="5" stage="1" lat="1">
<core>AddSub</core>
<MemPortIdVec></MemPortIdVec>
<condition id="18">
<or_exp><and_exp><literal name="exitcond1" val="0"/>
</and_exp></or_exp>
</condition>

<Node id="62" bw="2" op_0_bw="2" op_1_bw="2">
<![CDATA[
.preheader.preheader:4  %tmp3 = add i2 -1, %m

]]></Node>
<StgValue><ssdm name="tmp3"/></StgValue>
</operation>

<operation id="78" st_id="5" stage="1" lat="1">
<core>NULL</core>
<MemPortIdVec></MemPortIdVec>
<condition id="18">
<or_exp><and_exp><literal name="exitcond1" val="0"/>
</and_exp></or_exp>
</condition>

<Node id="63" bw="6" op_0_bw="2">
<![CDATA[
.preheader.preheader:5  %tmp3_cast = sext i2 %tmp3 to i6

]]></Node>
<StgValue><ssdm name="tmp3_cast"/></StgValue>
</operation>

<operation id="79" st_id="5" stage="1" lat="1">
<core>AddSub</core>
<MemPortIdVec></MemPortIdVec>
<condition id="18">
<or_exp><and_exp><literal name="exitcond1" val="0"/>
</and_exp></or_exp>
</condition>

<Node id="64" bw="6" op_0_bw="6" op_1_bw="6">
<![CDATA[
.preheader.preheader:6  %tmp_44 = add i6 %tmp3_cast, %tmp_cast_31

]]></Node>
<StgValue><ssdm name="tmp_44"/></StgValue>
</operation>

<operation id="80" st_id="5" stage="1" lat="1">
<core>NULL</core>
<MemPortIdVec></MemPortIdVec>
<condition id="18">
<or_exp><and_exp><literal name="exitcond1" val="0"/>
</and_exp></or_exp>
</condition>

<Node id="65" bw="11" op_0_bw="6">
<![CDATA[
.preheader.preheader:7  %tmp_45_cast = sext i6 %tmp_44 to i11

]]></Node>
<StgValue><ssdm name="tmp_45_cast"/></StgValue>
</operation>

<operation id="81" st_id="5" stage="1" lat="1">
<core>AddSub</core>
<MemPortIdVec></MemPortIdVec>
<condition id="18">
<or_exp><and_exp><literal name="exitcond1" val="0"/>
</and_exp></or_exp>
</condition>

<Node id="66" bw="11" op_0_bw="11" op_1_bw="11">
<![CDATA[
.preheader.preheader:8  %tmp_62 = add i11 %tmp_45_cast, %tmp_67_cast

]]></Node>
<StgValue><ssdm name="tmp_62"/></StgValue>
</operation>

<operation id="82" st_id="5" stage="1" lat="1">
<core>NULL</core>
<MemPortIdVec></MemPortIdVec>
<condition id="18">
<or_exp><and_exp><literal name="exitcond1" val="0"/>
</and_exp></or_exp>
</condition>

<Node id="67" bw="16" op_0_bw="16" op_1_bw="11" op_2_bw="5">
<![CDATA[
.preheader.preheader:9  %tmp_83_cast = call i16 @_ssdm_op_BitConcatenate.i16.i11.i5(i11 %tmp_62, i5 0)

]]></Node>
<StgValue><ssdm name="tmp_83_cast"/></StgValue>
</operation>

<operation id="83" st_id="5" stage="1" lat="1">
<core>AddSub</core>
<MemPortIdVec></MemPortIdVec>
<condition id="18">
<or_exp><and_exp><literal name="exitcond1" val="0"/>
</and_exp></or_exp>
</condition>

<Node id="68" bw="3" op_0_bw="3" op_1_bw="3">
<![CDATA[
.preheader.preheader:10  %tmp_50 = sub i3 0, %m_cast8_cast

]]></Node>
<StgValue><ssdm name="tmp_50"/></StgValue>
</operation>

<operation id="84" st_id="5" stage="1" lat="1">
<core>NULL</core>
<MemPortIdVec></MemPortIdVec>
<condition id="18">
<or_exp><and_exp><literal name="exitcond1" val="0"/>
</and_exp></or_exp>
</condition>

<Node id="69" bw="6" op_0_bw="3">
<![CDATA[
.preheader.preheader:11  %tmp_50_cast = sext i3 %tmp_50 to i6

]]></Node>
<StgValue><ssdm name="tmp_50_cast"/></StgValue>
</operation>

<operation id="85" st_id="5" stage="1" lat="1">
<core>Cmp</core>
<MemPortIdVec></MemPortIdVec>
<condition id="18">
<or_exp><and_exp><literal name="exitcond1" val="0"/>
</and_exp></or_exp>
</condition>

<Node id="70" bw="1" op_0_bw="6" op_1_bw="6">
<![CDATA[
.preheader.preheader:12  %sel_tmp = icmp eq i6 %tmp_cast_31, %tmp_50_cast

]]></Node>
<StgValue><ssdm name="sel_tmp"/></StgValue>
</operation>

<operation id="86" st_id="5" stage="1" lat="1">
<core>NULL</core>
<MemPortIdVec></MemPortIdVec>
<condition id="18">
<or_exp><and_exp><literal name="exitcond1" val="0"/>
</and_exp></or_exp>
</condition>

<Node id="71" bw="0" op_0_bw="0">
<![CDATA[
.preheader.preheader:13  br label %.preheader

]]></Node>
<StgValue><ssdm name=""/></StgValue>
</operation>

<operation id="87" st_id="5" stage="2" lat="2">
<core>RAM</core>
<MemPortIdVec>0 </MemPortIdVec>
<condition id="20">
<or_exp><and_exp><literal name="exitcond1" val="1"/>
</and_exp></or_exp>
</condition>

<Node id="103" bw="32" op_0_bw="5">
<![CDATA[
:0  %bias_load = load float* %bias_addr, align 4

]]></Node>
<StgValue><ssdm name="bias_load"/></StgValue>
</operation>

<operation id="88" st_id="5" stage="1" lat="1">
<core>NULL</core>
<MemPortIdVec></MemPortIdVec>
<condition id="20">
<or_exp><and_exp><literal name="exitcond1" val="1"/>
</and_exp></or_exp>
</condition>

<Node id="105" bw="14" op_0_bw="5">
<![CDATA[
:2  %tmp_42_cast = zext i5 %w to i14

]]></Node>
<StgValue><ssdm name="tmp_42_cast"/></StgValue>
</operation>

<operation id="89" st_id="5" stage="1" lat="1">
<core>AddSub</core>
<MemPortIdVec></MemPortIdVec>
<condition id="20">
<or_exp><and_exp><literal name="exitcond1" val="1"/>
</and_exp></or_exp>
</condition>

<Node id="106" bw="14" op_0_bw="14" op_1_bw="14">
<![CDATA[
:3  %tmp_58 = add i14 %tmp_75_cast, %tmp_42_cast

]]></Node>
<StgValue><ssdm name="tmp_58"/></StgValue>
</operation>
</state>

<state id="6" st_id="6">

<operation id="90" st_id="6" stage="1" lat="1">
<core>NULL</core>
<MemPortIdVec></MemPortIdVec>
<condition id="21">
<or_exp><and_exp></and_exp></or_exp>
</condition>

<Node id="73" bw="32" op_0_bw="32" op_1_bw="0">
<![CDATA[
.preheader:0  %sum_1 = phi float [ %sum_5, %_ifconv ], [ %sum, %.preheader.preheader ]

]]></Node>
<StgValue><ssdm name="sum_1"/></StgValue>
</operation>

<operation id="91" st_id="6" stage="1" lat="1">
<core>NULL</core>
<MemPortIdVec></MemPortIdVec>
<condition id="21">
<or_exp><and_exp></and_exp></or_exp>
</condition>

<Node id="74" bw="2" op_0_bw="2" op_1_bw="0">
<![CDATA[
.preheader:1  %n = phi i2 [ %n_4, %_ifconv ], [ 0, %.preheader.preheader ]

]]></Node>
<StgValue><ssdm name="n"/></StgValue>
</operation>

<operation id="92" st_id="6" stage="1" lat="1">
<core>NULL</core>
<MemPortIdVec></MemPortIdVec>
<condition id="21">
<or_exp><and_exp></and_exp></or_exp>
</condition>

<Node id="75" bw="6" op_0_bw="2">
<![CDATA[
.preheader:2  %n_cast6 = zext i2 %n to i6

]]></Node>
<StgValue><ssdm name="n_cast6"/></StgValue>
</operation>

<operation id="93" st_id="6" stage="1" lat="1">
<core>Cmp</core>
<MemPortIdVec></MemPortIdVec>
<condition id="21">
<or_exp><and_exp></and_exp></or_exp>
</condition>

<Node id="76" bw="1" op_0_bw="2" op_1_bw="2">
<![CDATA[
.preheader:3  %exitcond = icmp eq i2 %n, -1

]]></Node>
<StgValue><ssdm name="exitcond"/></StgValue>
</operation>

<operation id="94" st_id="6" stage="1" lat="1">
<core>NULL</core>
<MemPortIdVec></MemPortIdVec>
<condition id="21">
<or_exp><and_exp></and_exp></or_exp>
</condition>

<Node id="77" bw="32" op_0_bw="32" op_1_bw="64" op_2_bw="64" op_3_bw="64">
<![CDATA[
.preheader:4  %empty_34 = call i32 (...)* @_ssdm_op_SpecLoopTripCount(i64 3, i64 3, i64 3)

]]></Node>
<StgValue><ssdm name="empty_34"/></StgValue>
</operation>

<operation id="95" st_id="6" stage="1" lat="1">
<core>AddSub</core>
<MemPortIdVec></MemPortIdVec>
<condition id="21">
<or_exp><and_exp></and_exp></or_exp>
</condition>

<Node id="78" bw="2" op_0_bw="2" op_1_bw="2">
<![CDATA[
.preheader:5  %n_4 = add i2 %n, 1

]]></Node>
<StgValue><ssdm name="n_4"/></StgValue>
</operation>

<operation id="96" st_id="6" stage="1" lat="1">
<core>NULL</core>
<MemPortIdVec></MemPortIdVec>
<condition id="21">
<or_exp><and_exp></and_exp></or_exp>
</condition>

<Node id="79" bw="0" op_0_bw="1" op_1_bw="0" op_2_bw="0">
<![CDATA[
.preheader:6  br i1 %exitcond, label %.preheader5.loopexit, label %_ifconv

]]></Node>
<StgValue><ssdm name=""/></StgValue>
</operation>

<operation id="97" st_id="6" stage="1" lat="1">
<core>NULL</core>
<MemPortIdVec></MemPortIdVec>
<condition id="23">
<or_exp><and_exp><literal name="exitcond" val="0"/>
</and_exp></or_exp>
</condition>

<Node id="81" bw="9" op_0_bw="2">
<![CDATA[
_ifconv:0  %tmp_46_cast = zext i2 %n to i9

]]></Node>
<StgValue><ssdm name="tmp_46_cast"/></StgValue>
</operation>

<operation id="98" st_id="6" stage="1" lat="1">
<core>AddSub</core>
<MemPortIdVec></MemPortIdVec>
<condition id="23">
<or_exp><and_exp><literal name="exitcond" val="0"/>
</and_exp></or_exp>
</condition>

<Node id="82" bw="9" op_0_bw="9" op_1_bw="9">
<![CDATA[
_ifconv:1  %tmp_63 = add i9 %tmp_61, %tmp_46_cast

]]></Node>
<StgValue><ssdm name="tmp_63"/></StgValue>
</operation>

<operation id="99" st_id="6" stage="1" lat="1">
<core>Cmp</core>
<MemPortIdVec></MemPortIdVec>
<condition id="23">
<or_exp><and_exp><literal name="exitcond" val="0"/>
</and_exp></or_exp>
</condition>

<Node id="86" bw="1" op_0_bw="6" op_1_bw="6">
<![CDATA[
_ifconv:5  %p_not = icmp eq i6 %n_cast6, %tmp_47

]]></Node>
<StgValue><ssdm name="p_not"/></StgValue>
</operation>

<operation id="100" st_id="6" stage="1" lat="1">
<core>AddSub</core>
<MemPortIdVec></MemPortIdVec>
<condition id="23">
<or_exp><and_exp><literal name="exitcond" val="0"/>
</and_exp></or_exp>
</condition>

<Node id="87" bw="2" op_0_bw="2" op_1_bw="2">
<![CDATA[
_ifconv:6  %tmp4 = add i2 %n, -1

]]></Node>
<StgValue><ssdm name="tmp4"/></StgValue>
</operation>

<operation id="101" st_id="6" stage="1" lat="1">
<core>NULL</core>
<MemPortIdVec></MemPortIdVec>
<condition id="23">
<or_exp><and_exp><literal name="exitcond" val="0"/>
</and_exp></or_exp>
</condition>

<Node id="88" bw="6" op_0_bw="2">
<![CDATA[
_ifconv:7  %tmp4_cast = sext i2 %tmp4 to i6

]]></Node>
<StgValue><ssdm name="tmp4_cast"/></StgValue>
</operation>

<operation id="102" st_id="6" stage="1" lat="1">
<core>AddSub</core>
<MemPortIdVec></MemPortIdVec>
<condition id="23">
<or_exp><and_exp><literal name="exitcond" val="0"/>
</and_exp></or_exp>
</condition>

<Node id="89" bw="6" op_0_bw="6" op_1_bw="6">
<![CDATA[
_ifconv:8  %tmp_48 = add i6 %tmp_48_cast, %tmp4_cast

]]></Node>
<StgValue><ssdm name="tmp_48"/></StgValue>
</operation>

<operation id="103" st_id="6" stage="1" lat="1">
<core>NULL</core>
<MemPortIdVec></MemPortIdVec>
<condition id="23">
<or_exp><and_exp><literal name="exitcond" val="0"/>
</and_exp></or_exp>
</condition>

<Node id="90" bw="16" op_0_bw="6">
<![CDATA[
_ifconv:9  %tmp_49_cast = sext i6 %tmp_48 to i16

]]></Node>
<StgValue><ssdm name="tmp_49_cast"/></StgValue>
</operation>

<operation id="104" st_id="6" stage="1" lat="1">
<core>AddSub</core>
<MemPortIdVec></MemPortIdVec>
<condition id="23">
<or_exp><and_exp><literal name="exitcond" val="0"/>
</and_exp></or_exp>
</condition>

<Node id="91" bw="16" op_0_bw="16" op_1_bw="16">
<![CDATA[
_ifconv:10  %tmp_64 = add i16 %tmp_83_cast, %tmp_49_cast

]]></Node>
<StgValue><ssdm name="tmp_64"/></StgValue>
</operation>

<operation id="105" st_id="6" stage="1" lat="1">
<core>NULL</core>
<MemPortIdVec></MemPortIdVec>
<condition id="25">
<or_exp><and_exp><literal name="exitcond" val="1"/>
</and_exp></or_exp>
</condition>

<Node id="101" bw="0" op_0_bw="0">
<![CDATA[
.preheader5.loopexit:0  br label %.preheader5

]]></Node>
<StgValue><ssdm name=""/></StgValue>
</operation>
</state>

<state id="7" st_id="7">

<operation id="106" st_id="7" stage="1" lat="1">
<core>NULL</core>
<MemPortIdVec></MemPortIdVec>
<condition id="26">
<or_exp><and_exp></and_exp></or_exp>
</condition>

<Node id="83" bw="64" op_0_bw="9">
<![CDATA[
_ifconv:2  %tmp_84_cast = zext i9 %tmp_63 to i64

]]></Node>
<StgValue><ssdm name="tmp_84_cast"/></StgValue>
</operation>

<operation id="107" st_id="7" stage="1" lat="1">
<core>NULL</core>
<MemPortIdVec></MemPortIdVec>
<condition id="26">
<or_exp><and_exp></and_exp></or_exp>
</condition>

<Node id="84" bw="8" op_0_bw="32" op_1_bw="64" op_2_bw="64">
<![CDATA[
_ifconv:3  %weight_addr = getelementptr [216 x float]* %weight, i64 0, i64 %tmp_84_cast

]]></Node>
<StgValue><ssdm name="weight_addr"/></StgValue>
</operation>

<operation id="108" st_id="7" stage="2" lat="2">
<core>RAM</core>
<MemPortIdVec>0 </MemPortIdVec>
<condition id="26">
<or_exp><and_exp></and_exp></or_exp>
</condition>

<Node id="85" bw="32" op_0_bw="8">
<![CDATA[
_ifconv:4  %weight_load = load float* %weight_addr, align 4

]]></Node>
<StgValue><ssdm name="weight_load"/></StgValue>
</operation>

<operation id="109" st_id="7" stage="1" lat="1">
<core>NULL</core>
<MemPortIdVec></MemPortIdVec>
<condition id="26">
<or_exp><and_exp></and_exp></or_exp>
</condition>

<Node id="92" bw="64" op_0_bw="16">
<![CDATA[
_ifconv:11  %tmp_85_cast = zext i16 %tmp_64 to i64

]]></Node>
<StgValue><ssdm name="tmp_85_cast"/></StgValue>
</operation>

<operation id="110" st_id="7" stage="1" lat="1">
<core>NULL</core>
<MemPortIdVec></MemPortIdVec>
<condition id="26">
<or_exp><and_exp></and_exp></or_exp>
</condition>

<Node id="93" bw="15" op_0_bw="32" op_1_bw="64" op_2_bw="64">
<![CDATA[
_ifconv:12  %input_addr = getelementptr [24576 x float]* %input_r, i64 0, i64 %tmp_85_cast

]]></Node>
<StgValue><ssdm name="input_addr"/></StgValue>
</operation>

<operation id="111" st_id="7" stage="2" lat="2">
<core>RAM</core>
<MemPortIdVec>0 </MemPortIdVec>
<condition id="26">
<or_exp><and_exp></and_exp></or_exp>
</condition>

<Node id="94" bw="32" op_0_bw="15">
<![CDATA[
_ifconv:13  %input_load = load float* %input_addr, align 4

]]></Node>
<StgValue><ssdm name="input_load"/></StgValue>
</operation>
</state>

<state id="8" st_id="8">

<operation id="112" st_id="8" stage="1" lat="2">
<core>RAM</core>
<MemPortIdVec>0 </MemPortIdVec>
<condition id="27">
<or_exp><and_exp></and_exp></or_exp>
</condition>

<Node id="85" bw="32" op_0_bw="8">
<![CDATA[
_ifconv:4  %weight_load = load float* %weight_addr, align 4

]]></Node>
<StgValue><ssdm name="weight_load"/></StgValue>
</operation>

<operation id="113" st_id="8" stage="1" lat="2">
<core>RAM</core>
<MemPortIdVec>0 </MemPortIdVec>
<condition id="27">
<or_exp><and_exp></and_exp></or_exp>
</condition>

<Node id="94" bw="32" op_0_bw="15">
<![CDATA[
_ifconv:13  %input_load = load float* %input_addr, align 4

]]></Node>
<StgValue><ssdm name="input_load"/></StgValue>
</operation>

<operation id="114" st_id="8" stage="1" lat="1">
<core>LogicGate</core>
<MemPortIdVec></MemPortIdVec>
<condition id="27">
<or_exp><and_exp></and_exp></or_exp>
</condition>

<Node id="95" bw="1" op_0_bw="1" op_1_bw="1">
<![CDATA[
_ifconv:14  %sel_tmp1 = or i1 %sel_tmp, %p_not

]]></Node>
<StgValue><ssdm name="sel_tmp1"/></StgValue>
</operation>

<operation id="115" st_id="8" stage="1" lat="1">
<core>Sel</core>
<MemPortIdVec></MemPortIdVec>
<condition id="27">
<or_exp><and_exp></and_exp></or_exp>
</condition>

<Node id="96" bw="32" op_0_bw="1" op_1_bw="32" op_2_bw="32">
<![CDATA[
_ifconv:15  %tmp_51 = select i1 %sel_tmp1, float 0.000000e+00, float %input_load

]]></Node>
<StgValue><ssdm name="tmp_51"/></StgValue>
</operation>
</state>

<state id="9" st_id="9">

<operation id="116" st_id="9" stage="4" lat="4">
<core>FMul</core>
<MemPortIdVec></MemPortIdVec>
<condition id="28">
<or_exp><and_exp></and_exp></or_exp>
</condition>

<Node id="97" bw="32" op_0_bw="32" op_1_bw="32">
<![CDATA[
_ifconv:16  %tmp_52 = fmul float %weight_load, %tmp_51

]]></Node>
<StgValue><ssdm name="tmp_52"/></StgValue>
</operation>
</state>

<state id="10" st_id="10">

<operation id="117" st_id="10" stage="3" lat="4">
<core>FMul</core>
<MemPortIdVec></MemPortIdVec>
<condition id="29">
<or_exp><and_exp></and_exp></or_exp>
</condition>

<Node id="97" bw="32" op_0_bw="32" op_1_bw="32">
<![CDATA[
_ifconv:16  %tmp_52 = fmul float %weight_load, %tmp_51

]]></Node>
<StgValue><ssdm name="tmp_52"/></StgValue>
</operation>
</state>

<state id="11" st_id="11">

<operation id="118" st_id="11" stage="2" lat="4">
<core>FMul</core>
<MemPortIdVec></MemPortIdVec>
<condition id="30">
<or_exp><and_exp></and_exp></or_exp>
</condition>

<Node id="97" bw="32" op_0_bw="32" op_1_bw="32">
<![CDATA[
_ifconv:16  %tmp_52 = fmul float %weight_load, %tmp_51

]]></Node>
<StgValue><ssdm name="tmp_52"/></StgValue>
</operation>
</state>

<state id="12" st_id="12">

<operation id="119" st_id="12" stage="1" lat="4">
<core>FMul</core>
<MemPortIdVec></MemPortIdVec>
<condition id="31">
<or_exp><and_exp></and_exp></or_exp>
</condition>

<Node id="97" bw="32" op_0_bw="32" op_1_bw="32">
<![CDATA[
_ifconv:16  %tmp_52 = fmul float %weight_load, %tmp_51

]]></Node>
<StgValue><ssdm name="tmp_52"/></StgValue>
</operation>
</state>

<state id="13" st_id="13">

<operation id="120" st_id="13" stage="5" lat="5">
<core>FAddSub</core>
<MemPortIdVec></MemPortIdVec>
<condition id="32">
<or_exp><and_exp></and_exp></or_exp>
</condition>

<Node id="98" bw="32" op_0_bw="32" op_1_bw="32">
<![CDATA[
_ifconv:17  %sum_5 = fadd float %sum_1, %tmp_52

]]></Node>
<StgValue><ssdm name="sum_5"/></StgValue>
</operation>
</state>

<state id="14" st_id="14">

<operation id="121" st_id="14" stage="4" lat="5">
<core>FAddSub</core>
<MemPortIdVec></MemPortIdVec>
<condition id="33">
<or_exp><and_exp></and_exp></or_exp>
</condition>

<Node id="98" bw="32" op_0_bw="32" op_1_bw="32">
<![CDATA[
_ifconv:17  %sum_5 = fadd float %sum_1, %tmp_52

]]></Node>
<StgValue><ssdm name="sum_5"/></StgValue>
</operation>
</state>

<state id="15" st_id="15">

<operation id="122" st_id="15" stage="3" lat="5">
<core>FAddSub</core>
<MemPortIdVec></MemPortIdVec>
<condition id="34">
<or_exp><and_exp></and_exp></or_exp>
</condition>

<Node id="98" bw="32" op_0_bw="32" op_1_bw="32">
<![CDATA[
_ifconv:17  %sum_5 = fadd float %sum_1, %tmp_52

]]></Node>
<StgValue><ssdm name="sum_5"/></StgValue>
</operation>
</state>

<state id="16" st_id="16">

<operation id="123" st_id="16" stage="2" lat="5">
<core>FAddSub</core>
<MemPortIdVec></MemPortIdVec>
<condition id="35">
<or_exp><and_exp></and_exp></or_exp>
</condition>

<Node id="98" bw="32" op_0_bw="32" op_1_bw="32">
<![CDATA[
_ifconv:17  %sum_5 = fadd float %sum_1, %tmp_52

]]></Node>
<StgValue><ssdm name="sum_5"/></StgValue>
</operation>
</state>

<state id="17" st_id="17">

<operation id="124" st_id="17" stage="1" lat="5">
<core>FAddSub</core>
<MemPortIdVec></MemPortIdVec>
<condition id="36">
<or_exp><and_exp></and_exp></or_exp>
</condition>

<Node id="98" bw="32" op_0_bw="32" op_1_bw="32">
<![CDATA[
_ifconv:17  %sum_5 = fadd float %sum_1, %tmp_52

]]></Node>
<StgValue><ssdm name="sum_5"/></StgValue>
</operation>

<operation id="125" st_id="17" stage="1" lat="1">
<core>NULL</core>
<MemPortIdVec></MemPortIdVec>
<condition id="36">
<or_exp><and_exp></and_exp></or_exp>
</condition>

<Node id="99" bw="0" op_0_bw="0">
<![CDATA[
_ifconv:18  br label %.preheader

]]></Node>
<StgValue><ssdm name=""/></StgValue>
</operation>
</state>

<state id="18" st_id="18">

<operation id="126" st_id="18" stage="1" lat="2">
<core>RAM</core>
<MemPortIdVec>0 </MemPortIdVec>
<condition id="37">
<or_exp><and_exp></and_exp></or_exp>
</condition>

<Node id="103" bw="32" op_0_bw="5">
<![CDATA[
:0  %bias_load = load float* %bias_addr, align 4

]]></Node>
<StgValue><ssdm name="bias_load"/></StgValue>
</operation>
</state>

<state id="19" st_id="19">

<operation id="127" st_id="19" stage="5" lat="5">
<core>FAddSub</core>
<MemPortIdVec></MemPortIdVec>
<condition id="38">
<or_exp><and_exp></and_exp></or_exp>
</condition>

<Node id="104" bw="32" op_0_bw="32" op_1_bw="32">
<![CDATA[
:1  %result = fadd float %sum, %bias_load

]]></Node>
<StgValue><ssdm name="result"/></StgValue>
</operation>
</state>

<state id="20" st_id="20">

<operation id="128" st_id="20" stage="4" lat="5">
<core>FAddSub</core>
<MemPortIdVec></MemPortIdVec>
<condition id="39">
<or_exp><and_exp></and_exp></or_exp>
</condition>

<Node id="104" bw="32" op_0_bw="32" op_1_bw="32">
<![CDATA[
:1  %result = fadd float %sum, %bias_load

]]></Node>
<StgValue><ssdm name="result"/></StgValue>
</operation>
</state>

<state id="21" st_id="21">

<operation id="129" st_id="21" stage="3" lat="5">
<core>FAddSub</core>
<MemPortIdVec></MemPortIdVec>
<condition id="40">
<or_exp><and_exp></and_exp></or_exp>
</condition>

<Node id="104" bw="32" op_0_bw="32" op_1_bw="32">
<![CDATA[
:1  %result = fadd float %sum, %bias_load

]]></Node>
<StgValue><ssdm name="result"/></StgValue>
</operation>
</state>

<state id="22" st_id="22">

<operation id="130" st_id="22" stage="2" lat="5">
<core>FAddSub</core>
<MemPortIdVec></MemPortIdVec>
<condition id="41">
<or_exp><and_exp></and_exp></or_exp>
</condition>

<Node id="104" bw="32" op_0_bw="32" op_1_bw="32">
<![CDATA[
:1  %result = fadd float %sum, %bias_load

]]></Node>
<StgValue><ssdm name="result"/></StgValue>
</operation>
</state>

<state id="23" st_id="23">

<operation id="131" st_id="23" stage="1" lat="5">
<core>FAddSub</core>
<MemPortIdVec></MemPortIdVec>
<condition id="42">
<or_exp><and_exp></and_exp></or_exp>
</condition>

<Node id="104" bw="32" op_0_bw="32" op_1_bw="32">
<![CDATA[
:1  %result = fadd float %sum, %bias_load

]]></Node>
<StgValue><ssdm name="result"/></StgValue>
</operation>
</state>

<state id="24" st_id="24">

<operation id="132" st_id="24" stage="1" lat="1">
<core>NULL</core>
<MemPortIdVec></MemPortIdVec>
<condition id="43">
<or_exp><and_exp></and_exp></or_exp>
</condition>

<Node id="107" bw="64" op_0_bw="14">
<![CDATA[
:4  %tmp_77_cast = zext i14 %tmp_58 to i64

]]></Node>
<StgValue><ssdm name="tmp_77_cast"/></StgValue>
</operation>

<operation id="133" st_id="24" stage="1" lat="1">
<core>NULL</core>
<MemPortIdVec></MemPortIdVec>
<condition id="43">
<or_exp><and_exp></and_exp></or_exp>
</condition>

<Node id="108" bw="13" op_0_bw="32" op_1_bw="64" op_2_bw="64">
<![CDATA[
:5  %output_0_addr = getelementptr [6144 x float]* %output_0, i64 0, i64 %tmp_77_cast

]]></Node>
<StgValue><ssdm name="output_0_addr"/></StgValue>
</operation>

<operation id="134" st_id="24" stage="1" lat="1">
<core>RAM</core>
<MemPortIdVec>0 </MemPortIdVec>
<condition id="43">
<or_exp><and_exp></and_exp></or_exp>
</condition>

<Node id="109" bw="0" op_0_bw="32" op_1_bw="13">
<![CDATA[
:6  store float %result, float* %output_0_addr, align 4

]]></Node>
<StgValue><ssdm name=""/></StgValue>
</operation>

<operation id="135" st_id="24" stage="1" lat="1">
<core>NULL</core>
<MemPortIdVec></MemPortIdVec>
<condition id="43">
<or_exp><and_exp></and_exp></or_exp>
</condition>

<Node id="110" bw="0" op_0_bw="0">
<![CDATA[
:7  br label %.preheader6

]]></Node>
<StgValue><ssdm name=""/></StgValue>
</operation>
</state>
</state_list>


<ports>
<port id="166" name="input_r" dir="0" iftype="1">
<core>RAM</core><StgValue><ssdm name="input_r"/><MemPortTyVec>1 3 </MemPortTyVec>
</StgValue>
</port>
<port id="167" name="weight" dir="0" iftype="1">
<core>RAM</core><StgValue><ssdm name="weight"/><MemPortTyVec>1 3 </MemPortTyVec>
</StgValue>
</port>
<port id="168" name="bias" dir="0" iftype="1">
<core>RAM</core><StgValue><ssdm name="bias"/><MemPortTyVec>1 3 </MemPortTyVec>
</StgValue>
</port>
<port id="169" name="output_0" dir="1" iftype="1">
<core>RAM</core><StgValue><ssdm name="output_0"/><MemPortTyVec>0 3 </MemPortTyVec>
</StgValue>
</port>
</ports>


<dataflows>
<dataflow id="171" from="StgValue_170" to="co" fromId="170" toId="26">
<condition id="108">
<or_exp><and_exp></and_exp></or_exp>
</condition>
</dataflow>
<dataflow id="172" from="StgValue_25" to="co" fromId="25" toId="26">
</dataflow>
<dataflow id="173" from="co_4" to="co" fromId="29" toId="26">
<BackEdge/>
<condition id="109">
<or_exp><and_exp><literal name="exitcond3" val="1"/>
</and_exp></or_exp>
</condition>
</dataflow>
<dataflow id="174" from="StgValue_55" to="co" fromId="55" toId="26">
<BackEdge/>
</dataflow>
<dataflow id="175" from="co" to="exitcond4" fromId="26" toId="27">
</dataflow>
<dataflow id="177" from="StgValue_176" to="exitcond4" fromId="176" toId="27">
</dataflow>
<dataflow id="179" from="_ssdm_op_SpecLoopTripCount" to="empty" fromId="178" toId="28">
</dataflow>
<dataflow id="181" from="StgValue_180" to="empty" fromId="180" toId="28">
</dataflow>
<dataflow id="182" from="StgValue_180" to="empty" fromId="180" toId="28">
</dataflow>
<dataflow id="183" from="StgValue_180" to="empty" fromId="180" toId="28">
</dataflow>
<dataflow id="184" from="co" to="co_4" fromId="26" toId="29">
</dataflow>
<dataflow id="186" from="StgValue_185" to="co_4" fromId="185" toId="29">
</dataflow>
<dataflow id="187" from="exitcond4" to="StgValue_30" fromId="27" toId="30">
</dataflow>
<dataflow id="188" from="co" to="tmp" fromId="26" toId="31">
</dataflow>
<dataflow id="189" from="co" to="tmp_cast" fromId="26" toId="32">
</dataflow>
<dataflow id="191" from="_ssdm_op_BitConcatenate.i10.i5.i5" to="tmp_s" fromId="190" toId="33">
</dataflow>
<dataflow id="192" from="co" to="tmp_s" fromId="26" toId="33">
</dataflow>
<dataflow id="193" from="StgValue_170" to="tmp_s" fromId="170" toId="33">
</dataflow>
<dataflow id="194" from="tmp_s" to="tmp_67_cast" fromId="33" toId="34">
</dataflow>
<dataflow id="196" from="_ssdm_op_BitConcatenate.i7.i5.i2" to="tmp_49" fromId="195" toId="35">
</dataflow>
<dataflow id="197" from="co" to="tmp_49" fromId="26" toId="35">
</dataflow>
<dataflow id="199" from="StgValue_198" to="tmp_49" fromId="198" toId="35">
</dataflow>
<dataflow id="200" from="tmp_49" to="p_shl_cast" fromId="35" toId="36">
</dataflow>
<dataflow id="201" from="p_shl_cast" to="tmp_53" fromId="36" toId="37">
</dataflow>
<dataflow id="202" from="tmp_cast" to="tmp_53" fromId="32" toId="37">
</dataflow>
<dataflow id="203" from="tmp_53" to="tmp_69_cast" fromId="37" toId="38">
</dataflow>
<dataflow id="205" from="_ssdm_op_BitConcatenate.i9.i5.i4" to="tmp_54" fromId="204" toId="39">
</dataflow>
<dataflow id="206" from="co" to="tmp_54" fromId="26" toId="39">
</dataflow>
<dataflow id="208" from="StgValue_207" to="tmp_54" fromId="207" toId="39">
</dataflow>
<dataflow id="209" from="tmp_54" to="tmp_71_cast" fromId="39" toId="40">
</dataflow>
<dataflow id="210" from="bias" to="bias_addr" fromId="168" toId="41">
</dataflow>
<dataflow id="212" from="StgValue_211" to="bias_addr" fromId="211" toId="41">
</dataflow>
<dataflow id="213" from="tmp" to="bias_addr" fromId="31" toId="41">
</dataflow>
<dataflow id="214" from="StgValue_170" to="h" fromId="170" toId="44">
<condition id="110">
<or_exp><and_exp><literal name="exitcond4" val="0"/>
</and_exp></or_exp>
</condition>
</dataflow>
<dataflow id="215" from="StgValue_42" to="h" fromId="42" toId="44">
</dataflow>
<dataflow id="216" from="h_4" to="h" fromId="47" toId="44">
<BackEdge/>
<condition id="111">
<or_exp><and_exp><literal name="exitcond2" val="1"/>
</and_exp></or_exp>
</condition>
</dataflow>
<dataflow id="217" from="StgValue_65" to="h" fromId="65" toId="44">
<BackEdge/>
</dataflow>
<dataflow id="218" from="h" to="exitcond3" fromId="44" toId="45">
</dataflow>
<dataflow id="220" from="StgValue_219" to="exitcond3" fromId="219" toId="45">
</dataflow>
<dataflow id="221" from="_ssdm_op_SpecLoopTripCount" to="empty_30" fromId="178" toId="46">
</dataflow>
<dataflow id="223" from="StgValue_222" to="empty_30" fromId="222" toId="46">
</dataflow>
<dataflow id="224" from="StgValue_222" to="empty_30" fromId="222" toId="46">
</dataflow>
<dataflow id="225" from="StgValue_222" to="empty_30" fromId="222" toId="46">
</dataflow>
<dataflow id="226" from="h" to="h_4" fromId="44" toId="47">
</dataflow>
<dataflow id="227" from="StgValue_185" to="h_4" fromId="185" toId="47">
</dataflow>
<dataflow id="228" from="exitcond3" to="StgValue_48" fromId="45" toId="48">
</dataflow>
<dataflow id="229" from="h" to="tmp_55" fromId="44" toId="49">
</dataflow>
<dataflow id="230" from="StgValue_185" to="tmp_55" fromId="185" toId="49">
</dataflow>
<dataflow id="231" from="tmp_55" to="tmp_cast_31" fromId="49" toId="50">
</dataflow>
<dataflow id="232" from="h" to="tmp_40_cast" fromId="44" toId="51">
</dataflow>
<dataflow id="233" from="tmp_71_cast" to="tmp_56" fromId="40" toId="52">
</dataflow>
<dataflow id="234" from="tmp_40_cast" to="tmp_56" fromId="51" toId="52">
</dataflow>
<dataflow id="236" from="_ssdm_op_BitConcatenate.i14.i10.i4" to="tmp_75_cast" fromId="235" toId="53">
</dataflow>
<dataflow id="237" from="tmp_56" to="tmp_75_cast" fromId="52" toId="53">
</dataflow>
<dataflow id="238" from="StgValue_207" to="tmp_75_cast" fromId="207" toId="53">
</dataflow>
<dataflow id="239" from="w_4" to="w" fromId="59" toId="56">
<BackEdge/>
<condition id="112">
<or_exp><and_exp></and_exp></or_exp>
</condition>
</dataflow>
<dataflow id="240" from="StgValue_135" to="w" fromId="135" toId="56">
<BackEdge/>
</dataflow>
<dataflow id="241" from="StgValue_170" to="w" fromId="170" toId="56">
<condition id="113">
<or_exp><and_exp><literal name="exitcond3" val="0"/>
</and_exp></or_exp>
</condition>
</dataflow>
<dataflow id="242" from="StgValue_54" to="w" fromId="54" toId="56">
</dataflow>
<dataflow id="243" from="w" to="exitcond2" fromId="56" toId="57">
</dataflow>
<dataflow id="244" from="StgValue_219" to="exitcond2" fromId="219" toId="57">
</dataflow>
<dataflow id="245" from="_ssdm_op_SpecLoopTripCount" to="empty_32" fromId="178" toId="58">
</dataflow>
<dataflow id="246" from="StgValue_222" to="empty_32" fromId="222" toId="58">
</dataflow>
<dataflow id="247" from="StgValue_222" to="empty_32" fromId="222" toId="58">
</dataflow>
<dataflow id="248" from="StgValue_222" to="empty_32" fromId="222" toId="58">
</dataflow>
<dataflow id="249" from="w" to="w_4" fromId="56" toId="59">
</dataflow>
<dataflow id="250" from="StgValue_185" to="w_4" fromId="185" toId="59">
</dataflow>
<dataflow id="251" from="exitcond2" to="StgValue_60" fromId="57" toId="60">
</dataflow>
<dataflow id="252" from="w" to="tmp_57" fromId="56" toId="61">
</dataflow>
<dataflow id="253" from="StgValue_185" to="tmp_57" fromId="185" toId="61">
</dataflow>
<dataflow id="254" from="tmp_57" to="tmp_48_cast" fromId="61" toId="62">
</dataflow>
<dataflow id="256" from="StgValue_255" to="tmp_47" fromId="255" toId="63">
</dataflow>
<dataflow id="257" from="tmp_48_cast" to="tmp_47" fromId="62" toId="63">
</dataflow>
<dataflow id="259" from="StgValue_258" to="sum" fromId="258" toId="66">
<condition id="114">
<or_exp><and_exp><literal name="exitcond2" val="0"/>
</and_exp></or_exp>
</condition>
</dataflow>
<dataflow id="260" from="StgValue_64" to="sum" fromId="64" toId="66">
</dataflow>
<dataflow id="261" from="sum_1" to="sum" fromId="90" toId="66">
<BackEdge/>
<condition id="115">
<or_exp><and_exp><literal name="exitcond" val="1"/>
</and_exp></or_exp>
</condition>
</dataflow>
<dataflow id="262" from="StgValue_105" to="sum" fromId="105" toId="66">
<BackEdge/>
</dataflow>
<dataflow id="263" from="StgValue_198" to="m" fromId="198" toId="67">
<condition id="116">
<or_exp><and_exp><literal name="exitcond2" val="0"/>
</and_exp></or_exp>
</condition>
</dataflow>
<dataflow id="264" from="StgValue_64" to="m" fromId="64" toId="67">
</dataflow>
<dataflow id="265" from="m_4" to="m" fromId="71" toId="67">
<BackEdge/>
<condition id="117">
<or_exp><and_exp><literal name="exitcond" val="1"/>
</and_exp></or_exp>
</condition>
</dataflow>
<dataflow id="266" from="StgValue_105" to="m" fromId="105" toId="67">
<BackEdge/>
</dataflow>
<dataflow id="267" from="m" to="m_cast8_cast" fromId="67" toId="68">
</dataflow>
<dataflow id="268" from="m" to="exitcond1" fromId="67" toId="69">
</dataflow>
<dataflow id="270" from="StgValue_269" to="exitcond1" fromId="269" toId="69">
</dataflow>
<dataflow id="271" from="_ssdm_op_SpecLoopTripCount" to="empty_33" fromId="178" toId="70">
</dataflow>
<dataflow id="273" from="StgValue_272" to="empty_33" fromId="272" toId="70">
</dataflow>
<dataflow id="274" from="StgValue_272" to="empty_33" fromId="272" toId="70">
</dataflow>
<dataflow id="275" from="StgValue_272" to="empty_33" fromId="272" toId="70">
</dataflow>
<dataflow id="276" from="m" to="m_4" fromId="67" toId="71">
</dataflow>
<dataflow id="278" from="StgValue_277" to="m_4" fromId="277" toId="71">
</dataflow>
<dataflow id="279" from="exitcond1" to="StgValue_72" fromId="69" toId="72">
</dataflow>
<dataflow id="280" from="m" to="tmp_43_cast" fromId="67" toId="73">
</dataflow>
<dataflow id="281" from="tmp_43_cast" to="tmp_59" fromId="73" toId="74">
</dataflow>
<dataflow id="282" from="tmp_69_cast" to="tmp_59" fromId="38" toId="74">
</dataflow>
<dataflow id="283" from="tmp_59" to="tmp_60" fromId="74" toId="75">
</dataflow>
<dataflow id="285" from="StgValue_284" to="tmp_60" fromId="284" toId="75">
</dataflow>
<dataflow id="286" from="tmp_60" to="tmp_61" fromId="75" toId="76">
</dataflow>
<dataflow id="287" from="tmp_59" to="tmp_61" fromId="74" toId="76">
</dataflow>
<dataflow id="288" from="StgValue_269" to="tmp3" fromId="269" toId="77">
</dataflow>
<dataflow id="289" from="m" to="tmp3" fromId="67" toId="77">
</dataflow>
<dataflow id="290" from="tmp3" to="tmp3_cast" fromId="77" toId="78">
</dataflow>
<dataflow id="291" from="tmp3_cast" to="tmp_44" fromId="78" toId="79">
</dataflow>
<dataflow id="292" from="tmp_cast_31" to="tmp_44" fromId="50" toId="79">
</dataflow>
<dataflow id="293" from="tmp_44" to="tmp_45_cast" fromId="79" toId="80">
</dataflow>
<dataflow id="294" from="tmp_45_cast" to="tmp_62" fromId="80" toId="81">
</dataflow>
<dataflow id="295" from="tmp_67_cast" to="tmp_62" fromId="34" toId="81">
</dataflow>
<dataflow id="297" from="_ssdm_op_BitConcatenate.i16.i11.i5" to="tmp_83_cast" fromId="296" toId="82">
</dataflow>
<dataflow id="298" from="tmp_62" to="tmp_83_cast" fromId="81" toId="82">
</dataflow>
<dataflow id="299" from="StgValue_170" to="tmp_83_cast" fromId="170" toId="82">
</dataflow>
<dataflow id="301" from="StgValue_300" to="tmp_50" fromId="300" toId="83">
</dataflow>
<dataflow id="302" from="m_cast8_cast" to="tmp_50" fromId="68" toId="83">
</dataflow>
<dataflow id="303" from="tmp_50" to="tmp_50_cast" fromId="83" toId="84">
</dataflow>
<dataflow id="304" from="tmp_cast_31" to="sel_tmp" fromId="50" toId="85">
</dataflow>
<dataflow id="305" from="tmp_50_cast" to="sel_tmp" fromId="84" toId="85">
</dataflow>
<dataflow id="306" from="bias_addr" to="bias_load" fromId="41" toId="87">
</dataflow>
<dataflow id="307" from="w" to="tmp_42_cast" fromId="56" toId="88">
</dataflow>
<dataflow id="308" from="tmp_75_cast" to="tmp_58" fromId="53" toId="89">
</dataflow>
<dataflow id="309" from="tmp_42_cast" to="tmp_58" fromId="88" toId="89">
</dataflow>
<dataflow id="310" from="sum_5" to="sum_1" fromId="124" toId="90">
<BackEdge/>
<condition id="118">
<or_exp><and_exp></and_exp></or_exp>
</condition>
</dataflow>
<dataflow id="311" from="StgValue_125" to="sum_1" fromId="125" toId="90">
<BackEdge/>
</dataflow>
<dataflow id="312" from="sum" to="sum_1" fromId="66" toId="90">
<condition id="119">
<or_exp><and_exp><literal name="exitcond1" val="0"/>
</and_exp></or_exp>
</condition>
</dataflow>
<dataflow id="313" from="StgValue_86" to="sum_1" fromId="86" toId="90">
</dataflow>
<dataflow id="314" from="n_4" to="n" fromId="95" toId="91">
<BackEdge/>
<condition id="120">
<or_exp><and_exp></and_exp></or_exp>
</condition>
</dataflow>
<dataflow id="315" from="StgValue_125" to="n" fromId="125" toId="91">
<BackEdge/>
</dataflow>
<dataflow id="316" from="StgValue_198" to="n" fromId="198" toId="91">
<condition id="121">
<or_exp><and_exp><literal name="exitcond1" val="0"/>
</and_exp></or_exp>
</condition>
</dataflow>
<dataflow id="317" from="StgValue_86" to="n" fromId="86" toId="91">
</dataflow>
<dataflow id="318" from="n" to="n_cast6" fromId="91" toId="92">
</dataflow>
<dataflow id="319" from="n" to="exitcond" fromId="91" toId="93">
</dataflow>
<dataflow id="320" from="StgValue_269" to="exitcond" fromId="269" toId="93">
</dataflow>
<dataflow id="321" from="_ssdm_op_SpecLoopTripCount" to="empty_34" fromId="178" toId="94">
</dataflow>
<dataflow id="322" from="StgValue_272" to="empty_34" fromId="272" toId="94">
</dataflow>
<dataflow id="323" from="StgValue_272" to="empty_34" fromId="272" toId="94">
</dataflow>
<dataflow id="324" from="StgValue_272" to="empty_34" fromId="272" toId="94">
</dataflow>
<dataflow id="325" from="n" to="n_4" fromId="91" toId="95">
</dataflow>
<dataflow id="326" from="StgValue_277" to="n_4" fromId="277" toId="95">
</dataflow>
<dataflow id="327" from="exitcond" to="StgValue_96" fromId="93" toId="96">
</dataflow>
<dataflow id="328" from="n" to="tmp_46_cast" fromId="91" toId="97">
</dataflow>
<dataflow id="329" from="tmp_61" to="tmp_63" fromId="76" toId="98">
</dataflow>
<dataflow id="330" from="tmp_46_cast" to="tmp_63" fromId="97" toId="98">
</dataflow>
<dataflow id="331" from="n_cast6" to="p_not" fromId="92" toId="99">
</dataflow>
<dataflow id="332" from="tmp_47" to="p_not" fromId="63" toId="99">
</dataflow>
<dataflow id="333" from="n" to="tmp4" fromId="91" toId="100">
</dataflow>
<dataflow id="334" from="StgValue_269" to="tmp4" fromId="269" toId="100">
</dataflow>
<dataflow id="335" from="tmp4" to="tmp4_cast" fromId="100" toId="101">
</dataflow>
<dataflow id="336" from="tmp_48_cast" to="tmp_48" fromId="62" toId="102">
</dataflow>
<dataflow id="337" from="tmp4_cast" to="tmp_48" fromId="101" toId="102">
</dataflow>
<dataflow id="338" from="tmp_48" to="tmp_49_cast" fromId="102" toId="103">
</dataflow>
<dataflow id="339" from="tmp_83_cast" to="tmp_64" fromId="82" toId="104">
</dataflow>
<dataflow id="340" from="tmp_49_cast" to="tmp_64" fromId="103" toId="104">
</dataflow>
<dataflow id="341" from="tmp_63" to="tmp_84_cast" fromId="98" toId="106">
</dataflow>
<dataflow id="342" from="weight" to="weight_addr" fromId="167" toId="107">
</dataflow>
<dataflow id="343" from="StgValue_211" to="weight_addr" fromId="211" toId="107">
</dataflow>
<dataflow id="344" from="tmp_84_cast" to="weight_addr" fromId="106" toId="107">
</dataflow>
<dataflow id="345" from="weight_addr" to="weight_load" fromId="107" toId="108">
</dataflow>
<dataflow id="346" from="tmp_64" to="tmp_85_cast" fromId="104" toId="109">
</dataflow>
<dataflow id="347" from="input_r" to="input_addr" fromId="166" toId="110">
</dataflow>
<dataflow id="348" from="StgValue_211" to="input_addr" fromId="211" toId="110">
</dataflow>
<dataflow id="349" from="tmp_85_cast" to="input_addr" fromId="109" toId="110">
</dataflow>
<dataflow id="350" from="input_addr" to="input_load" fromId="110" toId="111">
</dataflow>
<dataflow id="351" from="weight_addr" to="weight_load" fromId="107" toId="112">
</dataflow>
<dataflow id="352" from="input_addr" to="input_load" fromId="110" toId="113">
</dataflow>
<dataflow id="353" from="sel_tmp" to="sel_tmp1" fromId="85" toId="114">
</dataflow>
<dataflow id="354" from="p_not" to="sel_tmp1" fromId="99" toId="114">
</dataflow>
<dataflow id="355" from="sel_tmp1" to="tmp_51" fromId="114" toId="115">
</dataflow>
<dataflow id="356" from="StgValue_258" to="tmp_51" fromId="258" toId="115">
</dataflow>
<dataflow id="357" from="input_load" to="tmp_51" fromId="113" toId="115">
</dataflow>
<dataflow id="358" from="weight_load" to="tmp_52" fromId="112" toId="116">
</dataflow>
<dataflow id="359" from="tmp_51" to="tmp_52" fromId="115" toId="116">
</dataflow>
<dataflow id="360" from="weight_load" to="tmp_52" fromId="112" toId="117">
</dataflow>
<dataflow id="361" from="tmp_51" to="tmp_52" fromId="115" toId="117">
</dataflow>
<dataflow id="362" from="weight_load" to="tmp_52" fromId="112" toId="118">
</dataflow>
<dataflow id="363" from="tmp_51" to="tmp_52" fromId="115" toId="118">
</dataflow>
<dataflow id="364" from="weight_load" to="tmp_52" fromId="112" toId="119">
</dataflow>
<dataflow id="365" from="tmp_51" to="tmp_52" fromId="115" toId="119">
</dataflow>
<dataflow id="366" from="sum_1" to="sum_5" fromId="90" toId="120">
</dataflow>
<dataflow id="367" from="tmp_52" to="sum_5" fromId="119" toId="120">
</dataflow>
<dataflow id="368" from="sum_1" to="sum_5" fromId="90" toId="121">
</dataflow>
<dataflow id="369" from="tmp_52" to="sum_5" fromId="119" toId="121">
</dataflow>
<dataflow id="370" from="sum_1" to="sum_5" fromId="90" toId="122">
</dataflow>
<dataflow id="371" from="tmp_52" to="sum_5" fromId="119" toId="122">
</dataflow>
<dataflow id="372" from="sum_1" to="sum_5" fromId="90" toId="123">
</dataflow>
<dataflow id="373" from="tmp_52" to="sum_5" fromId="119" toId="123">
</dataflow>
<dataflow id="374" from="sum_1" to="sum_5" fromId="90" toId="124">
</dataflow>
<dataflow id="375" from="tmp_52" to="sum_5" fromId="119" toId="124">
</dataflow>
<dataflow id="376" from="bias_addr" to="bias_load" fromId="41" toId="126">
</dataflow>
<dataflow id="377" from="sum" to="result" fromId="66" toId="127">
</dataflow>
<dataflow id="378" from="bias_load" to="result" fromId="126" toId="127">
</dataflow>
<dataflow id="379" from="sum" to="result" fromId="66" toId="128">
</dataflow>
<dataflow id="380" from="bias_load" to="result" fromId="126" toId="128">
</dataflow>
<dataflow id="381" from="sum" to="result" fromId="66" toId="129">
</dataflow>
<dataflow id="382" from="bias_load" to="result" fromId="126" toId="129">
</dataflow>
<dataflow id="383" from="sum" to="result" fromId="66" toId="130">
</dataflow>
<dataflow id="384" from="bias_load" to="result" fromId="126" toId="130">
</dataflow>
<dataflow id="385" from="sum" to="result" fromId="66" toId="131">
</dataflow>
<dataflow id="386" from="bias_load" to="result" fromId="126" toId="131">
</dataflow>
<dataflow id="387" from="tmp_58" to="tmp_77_cast" fromId="89" toId="132">
</dataflow>
<dataflow id="388" from="output_0" to="output_0_addr" fromId="169" toId="133">
</dataflow>
<dataflow id="389" from="StgValue_211" to="output_0_addr" fromId="211" toId="133">
</dataflow>
<dataflow id="390" from="tmp_77_cast" to="output_0_addr" fromId="132" toId="133">
</dataflow>
<dataflow id="391" from="result" to="StgValue_134" fromId="131" toId="134">
</dataflow>
<dataflow id="392" from="output_0_addr" to="StgValue_134" fromId="133" toId="134">
</dataflow>
<dataflow id="393" from="exitcond4" to="StgValue_2" fromId="27" toId="2">
</dataflow>
<dataflow id="394" from="exitcond3" to="StgValue_3" fromId="45" toId="3">
</dataflow>
<dataflow id="395" from="exitcond2" to="StgValue_4" fromId="57" toId="4">
</dataflow>
<dataflow id="396" from="exitcond1" to="StgValue_5" fromId="69" toId="5">
</dataflow>
<dataflow id="397" from="exitcond" to="StgValue_6" fromId="93" toId="6">
</dataflow>
</dataflows>


</stg>
