<profile>

<section name = "Vivado HLS Report for 'subconv_1x1_1612'" level="0">
<item name = "Date">Mon Dec 10 14:57:21 2018
</item>
<item name = "Version">2017.2 (Build 1909853 on Thu Jun 15 18:55:24 MDT 2017)</item>
<item name = "Project">accelerator_hls</item>
<item name = "Solution">naive</item>
<item name = "Product family">zynq</item>
<item name = "Target device">xc7z020clg484-1</item>
</section>

<section name = "Performance Estimates" level="0">
<item name = "Timing (ns)">
<section name = "" level="1">
<item name = "Summary"><table name="" hasTotal="0">
<keys size="4">Clock, Target, Estimated, Uncertainty</keys>
<column name="ap_clk">10.00, 8.53, 1.25</column>
</table>
</item>
</section>
</item>
<item name = "Latency (clock cycles)">
<section name = "" level="1">
<item name = "Summary"><table name="" hasTotal="0">
<keys size="6">, min, max, min, max, Type</keys>
<column name="">1684273, 1684273, 1684273, 1684273, none</column>
</table>
</item>
<item name = "Detail">
<section name = "" level="1">
<item name = "Instance"><table name="" hasTotal="0">
<keys size="7">Instance, Module, min, max, min, max, Type</keys>
</table>
</item>
<item name = "Loop"><table name="" hasTotal="0">
<keys size="8">Loop Name, min, max, Latency, achieved, target, Count, Pipelined</keys>
<column name="- Loop 1">1684272, 1684272, 70178, -, -, 24, no</column>
<column name=" + Loop 1.1">70176, 70176, 4386, -, -, 16, no</column>
<column name="  ++ Loop 1.1.1">4384, 4384, 274, -, -, 16, no</column>
<column name="   +++ Loop 1.1.1.1">264, 264, 11, -, -, 24, no</column>
</table>
</item>
</section>
</item>
</section>
</item>
</section>

<section name = "Utilization Estimates" level="0">
<item name = "Summary"><table name="" hasTotal="1">
<keys size="5">Name, BRAM_18K, DSP48E, FF, LUT</keys>
<column name="DSP">-, -, -, -</column>
<column name="Expression">-, -, 320, 203</column>
<column name="FIFO">-, -, -, -</column>
<column name="Instance">-, 5, 414, 950</column>
<column name="Memory">-, -, -, -</column>
<column name="Multiplexer">-, -, -, 173</column>
<column name="Register">-, -, 307, -</column>
<specialColumn name="Available">280, 220, 106400, 53200</specialColumn>
<specialColumn name="Utilization (%)">0, 2, ~0, 2</specialColumn>
</table>
</item>
<item name = "Detail">
<section name = "" level="1">
<item name = "Instance"><table name="" hasTotal="1">
<keys size="6">Instance, Module, BRAM_18K, DSP48E, FF, LUT</keys>
<column name="ShuffleNetV2_faddbkb_x_U21">ShuffleNetV2_faddbkb, 0, 2, 205, 390</column>
<column name="ShuffleNetV2_fcmpdEe_x_U23">ShuffleNetV2_fcmpdEe, 0, 0, 66, 239</column>
<column name="ShuffleNetV2_fmulcud_x_U22">ShuffleNetV2_fmulcud, 0, 3, 143, 321</column>
</table>
</item>
<item name = "DSP48"><table name="" hasTotal="0">
<keys size="3">Instance, Module, Expression</keys>
</table>
</item>
<item name = "Memory"><table name="" hasTotal="1">
<keys size="9">Memory, Module, BRAM_18K, FF, LUT, Words, Bits, Banks, W*Bits*Banks</keys>
</table>
</item>
<item name = "FIFO"><table name="" hasTotal="1">
<keys size="7">Name, BRAM_18K, FF, LUT, Depth, Bits, Size:D*B</keys>
</table>
</item>
<item name = "Expression"><table name="" hasTotal="1">
<keys size="7">Variable Name, Operation, DSP48E, FF, LUT, Bitwidth P0, Bitwidth P1</keys>
<column name="ci_6_fu_284_p2">+, 0, 20, 10, 5, 1</column>
<column name="co_12_fu_170_p2">+, 0, 20, 10, 5, 1</column>
<column name="h_12_fu_229_p2">+, 0, 20, 10, 5, 1</column>
<column name="tmp_135_fu_239_p2">+, 0, 35, 15, 10, 10</column>
<column name="tmp_136_fu_268_p2">+, 0, 47, 19, 14, 14</column>
<column name="tmp_138_fu_306_p2">+, 0, 35, 15, 10, 10</column>
<column name="tmp_139_fu_319_p2">+, 0, 47, 19, 14, 14</column>
<column name="tmp_140_fu_329_p2">+, 0, 38, 16, 11, 11</column>
<column name="w_12_fu_258_p2">+, 0, 20, 10, 5, 1</column>
<column name="tmp_133_fu_205_p2">-, 0, 38, 16, 11, 11</column>
<column name="tmp_30_fu_374_p2">and, 0, 0, 2, 1, 1</column>
<column name="exitcond1_fu_252_p2">icmp, 0, 0, 3, 5, 6</column>
<column name="exitcond2_fu_223_p2">icmp, 0, 0, 3, 5, 6</column>
<column name="exitcond3_fu_164_p2">icmp, 0, 0, 2, 5, 5</column>
<column name="exitcond_fu_278_p2">icmp, 0, 0, 2, 5, 5</column>
<column name="notlhs_fu_356_p2">icmp, 0, 0, 4, 8, 2</column>
<column name="notrhs_fu_362_p2">icmp, 0, 0, 13, 23, 1</column>
<column name="tmp_28_fu_368_p2">or, 0, 0, 2, 1, 1</column>
<column name="output_0_d0">select, 0, 0, 32, 1, 32</column>
</table>
</item>
<item name = "Multiplexer"><table name="" hasTotal="1">
<keys size="5">Name, LUT, Input Size, Bits, Total Bits</keys>
<column name="ap_NS_fsm">113, 24, 1, 24</column>
<column name="ci_reg_139">9, 2, 5, 10</column>
<column name="co_reg_94">9, 2, 5, 10</column>
<column name="grp_fu_150_p1">15, 3, 32, 96</column>
<column name="h_reg_105">9, 2, 5, 10</column>
<column name="sum_reg_127">9, 2, 32, 64</column>
<column name="w_reg_116">9, 2, 5, 10</column>
</table>
</item>
<item name = "Register"><table name="" hasTotal="1">
<keys size="5">Name, FF, LUT, Bits, Const Bits</keys>
<column name="ap_CS_fsm">23, 0, 23, 0</column>
<column name="bias_addr_reg_405">5, 0, 5, 0</column>
<column name="bias_load_reg_484">32, 0, 32, 0</column>
<column name="ci_6_reg_449">5, 0, 5, 0</column>
<column name="ci_reg_139">5, 0, 5, 0</column>
<column name="co_12_reg_390">5, 0, 5, 0</column>
<column name="co_reg_94">5, 0, 5, 0</column>
<column name="h_12_reg_413">5, 0, 5, 0</column>
<column name="h_reg_105">5, 0, 5, 0</column>
<column name="input_0_load_reg_469">32, 0, 32, 0</column>
<column name="output_0_addr_reg_441">13, 0, 13, 0</column>
<column name="result_reg_489">32, 0, 32, 0</column>
<column name="sum_reg_127">32, 0, 32, 0</column>
<column name="tmp_133_reg_395">8, 0, 11, 3</column>
<column name="tmp_206_cast_reg_400">5, 0, 10, 5</column>
<column name="tmp_209_cast_reg_423">10, 0, 14, 4</column>
<column name="tmp_29_reg_496">1, 0, 1, 0</column>
<column name="tmp_94_cast_reg_436">5, 0, 14, 9</column>
<column name="tmp_96_reg_474">32, 0, 32, 0</column>
<column name="tmp_cast_reg_418">5, 0, 10, 5</column>
<column name="w_12_reg_431">5, 0, 5, 0</column>
<column name="w_reg_116">5, 0, 5, 0</column>
<column name="weight_load_reg_464">32, 0, 32, 0</column>
</table>
</item>
</section>
</item>
</section>

<section name = "Interface" level="0">
<item name = "Summary"><table name="" hasTotal="0">
<keys size="6">RTL Ports, Dir, Bits, Protocol, Source Object, C Type</keys>
<column name="ap_clk">in, 1, ap_ctrl_hs, subconv_1x1_1612, return value</column>
<column name="ap_rst">in, 1, ap_ctrl_hs, subconv_1x1_1612, return value</column>
<column name="ap_start">in, 1, ap_ctrl_hs, subconv_1x1_1612, return value</column>
<column name="ap_done">out, 1, ap_ctrl_hs, subconv_1x1_1612, return value</column>
<column name="ap_idle">out, 1, ap_ctrl_hs, subconv_1x1_1612, return value</column>
<column name="ap_ready">out, 1, ap_ctrl_hs, subconv_1x1_1612, return value</column>
<column name="input_0_address0">out, 13, ap_memory, input_0, array</column>
<column name="input_0_ce0">out, 1, ap_memory, input_0, array</column>
<column name="input_0_q0">in, 32, ap_memory, input_0, array</column>
<column name="weight_address0">out, 10, ap_memory, weight, array</column>
<column name="weight_ce0">out, 1, ap_memory, weight, array</column>
<column name="weight_q0">in, 32, ap_memory, weight, array</column>
<column name="bias_address0">out, 5, ap_memory, bias, array</column>
<column name="bias_ce0">out, 1, ap_memory, bias, array</column>
<column name="bias_q0">in, 32, ap_memory, bias, array</column>
<column name="output_0_address0">out, 13, ap_memory, output_0, array</column>
<column name="output_0_ce0">out, 1, ap_memory, output_0, array</column>
<column name="output_0_we0">out, 1, ap_memory, output_0, array</column>
<column name="output_0_d0">out, 32, ap_memory, output_0, array</column>
</table>
</item>
</section>
</profile>
