<profile>

<section name = "Vivado HLS Report for 'subconv_3x3_4_no_rel'" level="0">
<item name = "Date">Mon Dec 10 14:57:24 2018
</item>
<item name = "Version">2017.2 (Build 1909853 on Thu Jun 15 18:55:24 MDT 2017)</item>
<item name = "Project">accelerator_hls</item>
<item name = "Solution">naive</item>
<item name = "Product family">zynq</item>
<item name = "Target device">xc7z020clg484-1</item>
</section>

<section name = "Performance Estimates" level="0">
<item name = "Timing (ns)">
<section name = "" level="1">
<item name = "Summary"><table name="" hasTotal="0">
<keys size="4">Clock, Target, Estimated, Uncertainty</keys>
<column name="ap_clk">10.00, 7.26, 1.25</column>
</table>
</item>
</section>
</item>
<item name = "Latency (clock cycles)">
<section name = "" level="1">
<item name = "Summary"><table name="" hasTotal="0">
<keys size="6">, min, max, min, max, Type</keys>
<column name="">189889, 189889, 189889, 189889, none</column>
</table>
</item>
<item name = "Detail">
<section name = "" level="1">
<item name = "Instance"><table name="" hasTotal="0">
<keys size="7">Instance, Module, min, max, min, max, Type</keys>
</table>
</item>
<item name = "Loop"><table name="" hasTotal="0">
<keys size="8">Loop Name, min, max, Latency, achieved, target, Count, Pipelined</keys>
<column name="- Loop 1">189888, 189888, 1978, -, -, 96, no</column>
<column name=" + Loop 1.1">1976, 1976, 494, -, -, 4, no</column>
<column name="  ++ Loop 1.1.1">492, 492, 123, -, -, 4, no</column>
<column name="   +++ Loop 1.1.1.1">114, 114, 38, -, -, 3, no</column>
<column name="    ++++ Loop 1.1.1.1.1">36, 36, 12, -, -, 3, no</column>
</table>
</item>
</section>
</item>
</section>
</item>
</section>

<section name = "Utilization Estimates" level="0">
<item name = "Summary"><table name="" hasTotal="1">
<keys size="5">Name, BRAM_18K, DSP48E, FF, LUT</keys>
<column name="DSP">-, -, -, -</column>
<column name="Expression">-, -, 461, 277</column>
<column name="FIFO">-, -, -, -</column>
<column name="Instance">-, 5, 348, 711</column>
<column name="Memory">-, -, -, -</column>
<column name="Multiplexer">-, -, -, 206</column>
<column name="Register">-, -, 393, -</column>
<specialColumn name="Available">280, 220, 106400, 53200</specialColumn>
<specialColumn name="Utilization (%)">0, 2, 1, 2</specialColumn>
</table>
</item>
<item name = "Detail">
<section name = "" level="1">
<item name = "Instance"><table name="" hasTotal="1">
<keys size="6">Instance, Module, BRAM_18K, DSP48E, FF, LUT</keys>
<column name="ShuffleNetV2_faddbkb_x_U146">ShuffleNetV2_faddbkb, 0, 2, 205, 390</column>
<column name="ShuffleNetV2_fmulcud_x_U147">ShuffleNetV2_fmulcud, 0, 3, 143, 321</column>
</table>
</item>
<item name = "DSP48"><table name="" hasTotal="0">
<keys size="3">Instance, Module, Expression</keys>
</table>
</item>
<item name = "Memory"><table name="" hasTotal="1">
<keys size="9">Memory, Module, BRAM_18K, FF, LUT, Words, Bits, Banks, W*Bits*Banks</keys>
</table>
</item>
<item name = "FIFO"><table name="" hasTotal="1">
<keys size="7">Name, BRAM_18K, FF, LUT, Depth, Bits, Size:D*B</keys>
</table>
</item>
<item name = "Expression"><table name="" hasTotal="1">
<keys size="7">Variable Name, Operation, DSP48E, FF, LUT, Bitwidth P0, Bitwidth P1</keys>
<column name="co_3_fu_194_p2">+, 0, 26, 12, 7, 1</column>
<column name="h_3_fu_245_p2">+, 0, 14, 9, 3, 1</column>
<column name="m_3_fu_300_p2">+, 0, 11, 8, 2, 1</column>
<column name="n_3_fu_406_p2">+, 0, 11, 8, 2, 1</column>
<column name="tmp4_fu_339_p2">+, 0, 11, 8, 2, 2</column>
<column name="tmp5_fu_421_p2">+, 0, 11, 8, 2, 2</column>
<column name="tmp_31_fu_349_p2">+, 0, 17, 9, 4, 4</column>
<column name="tmp_34_fu_431_p2">+, 0, 17, 9, 4, 4</column>
<column name="tmp_36_fu_255_p2">+, 0, 35, 15, 10, 10</column>
<column name="tmp_40_fu_391_p2">+, 0, 41, 17, 12, 12</column>
<column name="tmp_41_fu_310_p2">+, 0, 38, 16, 11, 11</column>
<column name="tmp_43_fu_358_p2">+, 0, 35, 15, 10, 10</column>
<column name="tmp_45_fu_416_p2">+, 0, 38, 16, 11, 11</column>
<column name="tmp_47_fu_456_p2">+, 0, 41, 17, 12, 12</column>
<column name="w_3_fu_278_p2">+, 0, 14, 9, 3, 1</column>
<column name="tmp_29_fu_327_p2">-, 0, 14, 9, 1, 3</column>
<column name="tmp_35_fu_225_p2">-, 0, 35, 15, 10, 10</column>
<column name="tmp_37_fu_284_p2">-, 0, 14, 9, 1, 3</column>
<column name="tmp_42_fu_321_p2">-, 0, 38, 16, 11, 11</column>
<column name="sel_tmp2_fu_482_p2">and, 0, 0, 2, 1, 1</column>
<column name="tmp6_fu_474_p2">and, 0, 0, 2, 1, 1</column>
<column name="tmp7_fu_478_p2">and, 0, 0, 2, 1, 1</column>
<column name="exitcond1_fu_294_p2">icmp, 0, 0, 1, 2, 2</column>
<column name="exitcond2_fu_272_p2">icmp, 0, 0, 2, 3, 4</column>
<column name="exitcond3_fu_239_p2">icmp, 0, 0, 2, 3, 4</column>
<column name="exitcond4_fu_188_p2">icmp, 0, 0, 4, 7, 7</column>
<column name="exitcond_fu_400_p2">icmp, 0, 0, 1, 2, 2</column>
<column name="icmp5_fu_446_p2">icmp, 0, 0, 1, 2, 1</column>
<column name="icmp_fu_381_p2">icmp, 0, 0, 1, 2, 1</column>
<column name="notlhs_fu_461_p2">icmp, 0, 0, 1, 3, 3</column>
<column name="tmp_30_fu_333_p2">icmp, 0, 0, 1, 3, 3</column>
<column name="tmp_38_fu_488_p3">select, 0, 0, 32, 1, 32</column>
</table>
</item>
<item name = "Multiplexer"><table name="" hasTotal="1">
<keys size="5">Name, LUT, Input Size, Bits, Total Bits</keys>
<column name="ap_NS_fsm">113, 25, 1, 25</column>
<column name="co_reg_97">9, 2, 7, 14</column>
<column name="grp_fu_178_p0">15, 3, 32, 96</column>
<column name="grp_fu_178_p1">15, 3, 32, 96</column>
<column name="h_reg_108">9, 2, 3, 6</column>
<column name="m_reg_144">9, 2, 2, 4</column>
<column name="n_reg_167">9, 2, 2, 4</column>
<column name="sum_1_reg_155">9, 2, 32, 64</column>
<column name="sum_reg_132">9, 2, 32, 64</column>
<column name="w_reg_120">9, 2, 3, 6</column>
</table>
</item>
<item name = "Register"><table name="" hasTotal="1">
<keys size="5">Name, FF, LUT, Bits, Const Bits</keys>
<column name="ap_CS_fsm">24, 0, 24, 0</column>
<column name="bias_addr_reg_523">7, 0, 7, 0</column>
<column name="bias_load_reg_655">32, 0, 32, 0</column>
<column name="co_3_reg_503">7, 0, 7, 0</column>
<column name="co_reg_97">7, 0, 7, 0</column>
<column name="h_3_reg_536">3, 0, 3, 0</column>
<column name="h_cast_reg_528">3, 0, 4, 1</column>
<column name="h_reg_108">3, 0, 3, 0</column>
<column name="icmp5_reg_610">1, 0, 1, 0</column>
<column name="icmp_reg_587">1, 0, 1, 0</column>
<column name="m_3_reg_567">2, 0, 2, 0</column>
<column name="m_reg_144">2, 0, 2, 0</column>
<column name="n_3_reg_600">2, 0, 2, 0</column>
<column name="n_reg_167">2, 0, 2, 0</column>
<column name="notlhs_reg_620">1, 0, 1, 0</column>
<column name="result_reg_660">32, 0, 32, 0</column>
<column name="sum_1_reg_155">32, 0, 32, 0</column>
<column name="sum_reg_132">32, 0, 32, 0</column>
<column name="tmp_30_reg_577">1, 0, 1, 0</column>
<column name="tmp_37_reg_559">3, 0, 3, 0</column>
<column name="tmp_38_reg_640">32, 0, 32, 0</column>
<column name="tmp_39_reg_645">32, 0, 32, 0</column>
<column name="tmp_40_reg_592">12, 0, 12, 0</column>
<column name="tmp_42_reg_572">11, 0, 11, 0</column>
<column name="tmp_45_reg_605">11, 0, 11, 0</column>
<column name="tmp_47_reg_615">12, 0, 12, 0</column>
<column name="tmp_51_cast2_reg_508">7, 0, 10, 3</column>
<column name="tmp_51_cast_reg_513">7, 0, 10, 3</column>
<column name="tmp_53_cast_reg_518">11, 0, 11, 0</column>
<column name="tmp_56_cast_reg_541">10, 0, 12, 2</column>
<column name="tmp_63_cast_reg_582">10, 0, 12, 2</column>
<column name="w_3_reg_554">3, 0, 3, 0</column>
<column name="w_cast_reg_546">3, 0, 4, 1</column>
<column name="w_reg_120">3, 0, 3, 0</column>
<column name="weight_load_reg_635">32, 0, 32, 0</column>
</table>
</item>
</section>
</item>
</section>

<section name = "Interface" level="0">
<item name = "Summary"><table name="" hasTotal="0">
<keys size="6">RTL Ports, Dir, Bits, Protocol, Source Object, C Type</keys>
<column name="ap_clk">in, 1, ap_ctrl_hs, subconv_3x3_4_no_rel, return value</column>
<column name="ap_rst">in, 1, ap_ctrl_hs, subconv_3x3_4_no_rel, return value</column>
<column name="ap_start">in, 1, ap_ctrl_hs, subconv_3x3_4_no_rel, return value</column>
<column name="ap_done">out, 1, ap_ctrl_hs, subconv_3x3_4_no_rel, return value</column>
<column name="ap_idle">out, 1, ap_ctrl_hs, subconv_3x3_4_no_rel, return value</column>
<column name="ap_ready">out, 1, ap_ctrl_hs, subconv_3x3_4_no_rel, return value</column>
<column name="input_0_address0">out, 11, ap_memory, input_0, array</column>
<column name="input_0_ce0">out, 1, ap_memory, input_0, array</column>
<column name="input_0_q0">in, 32, ap_memory, input_0, array</column>
<column name="weight_address0">out, 10, ap_memory, weight, array</column>
<column name="weight_ce0">out, 1, ap_memory, weight, array</column>
<column name="weight_q0">in, 32, ap_memory, weight, array</column>
<column name="bias_address0">out, 7, ap_memory, bias, array</column>
<column name="bias_ce0">out, 1, ap_memory, bias, array</column>
<column name="bias_q0">in, 32, ap_memory, bias, array</column>
<column name="output_0_address0">out, 11, ap_memory, output_0, array</column>
<column name="output_0_ce0">out, 1, ap_memory, output_0, array</column>
<column name="output_0_we0">out, 1, ap_memory, output_0, array</column>
<column name="output_0_d0">out, 32, ap_memory, output_0, array</column>
</table>
</item>
</section>
</profile>
