<stg><name>subconv_1x1_3214</name>


<trans_list>

<trans id="109" from="1" to="2">
<condition id="40">
<or_exp><and_exp></and_exp></or_exp>
</condition>
</trans>

<trans id="110" from="2" to="3">
<condition id="42">
<or_exp><and_exp><literal name="exitcond3" val="0"/>
</and_exp></or_exp>
</condition>
</trans>

<trans id="111" from="3" to="4">
<condition id="44">
<or_exp><and_exp><literal name="exitcond2" val="0"/>
</and_exp></or_exp>
</condition>
</trans>

<trans id="136" from="3" to="2">
<condition id="74">
<or_exp><and_exp><literal name="exitcond2" val="1"/>
</and_exp></or_exp>
</condition>
</trans>

<trans id="112" from="4" to="5">
<condition id="46">
<or_exp><and_exp><literal name="exitcond1" val="0"/>
</and_exp></or_exp>
</condition>
</trans>

<trans id="135" from="4" to="3">
<condition id="72">
<or_exp><and_exp><literal name="exitcond1" val="1"/>
</and_exp></or_exp>
</condition>
</trans>

<trans id="113" from="5" to="6">
<condition id="48">
<or_exp><and_exp><literal name="exitcond" val="0"/>
</and_exp></or_exp>
</condition>
</trans>

<trans id="114" from="5" to="16">
<condition id="47">
<or_exp><and_exp><literal name="exitcond" val="1"/>
</and_exp></or_exp>
</condition>
</trans>

<trans id="116" from="6" to="7">
<condition id="50">
<or_exp><and_exp></and_exp></or_exp>
</condition>
</trans>

<trans id="117" from="7" to="8">
<condition id="51">
<or_exp><and_exp></and_exp></or_exp>
</condition>
</trans>

<trans id="118" from="8" to="9">
<condition id="52">
<or_exp><and_exp></and_exp></or_exp>
</condition>
</trans>

<trans id="119" from="9" to="10">
<condition id="53">
<or_exp><and_exp></and_exp></or_exp>
</condition>
</trans>

<trans id="120" from="10" to="11">
<condition id="54">
<or_exp><and_exp></and_exp></or_exp>
</condition>
</trans>

<trans id="121" from="11" to="12">
<condition id="55">
<or_exp><and_exp></and_exp></or_exp>
</condition>
</trans>

<trans id="122" from="12" to="13">
<condition id="56">
<or_exp><and_exp></and_exp></or_exp>
</condition>
</trans>

<trans id="123" from="13" to="14">
<condition id="57">
<or_exp><and_exp></and_exp></or_exp>
</condition>
</trans>

<trans id="124" from="14" to="15">
<condition id="58">
<or_exp><and_exp></and_exp></or_exp>
</condition>
</trans>

<trans id="125" from="15" to="5">
<condition id="60">
<or_exp><and_exp></and_exp></or_exp>
</condition>
</trans>

<trans id="127" from="16" to="17">
<condition id="62">
<or_exp><and_exp></and_exp></or_exp>
</condition>
</trans>

<trans id="128" from="17" to="18">
<condition id="63">
<or_exp><and_exp></and_exp></or_exp>
</condition>
</trans>

<trans id="129" from="18" to="19">
<condition id="64">
<or_exp><and_exp></and_exp></or_exp>
</condition>
</trans>

<trans id="130" from="19" to="20">
<condition id="65">
<or_exp><and_exp></and_exp></or_exp>
</condition>
</trans>

<trans id="131" from="20" to="21">
<condition id="66">
<or_exp><and_exp></and_exp></or_exp>
</condition>
</trans>

<trans id="132" from="21" to="22">
<condition id="67">
<or_exp><and_exp></and_exp></or_exp>
</condition>
</trans>

<trans id="133" from="22" to="23">
<condition id="68">
<or_exp><and_exp></and_exp></or_exp>
</condition>
</trans>

<trans id="134" from="23" to="4">
<condition id="70">
<or_exp><and_exp></and_exp></or_exp>
</condition>
</trans>
</trans_list>



<state_list>

<state id="1" st_id="1">

<operation id="24" st_id="1" stage="1" lat="1">
<core>NULL</core>
<MemPortIdVec></MemPortIdVec>
<condition id="0">
<or_exp><and_exp></and_exp></or_exp>
</condition>

<Node id="5" bw="0" op_0_bw="0">
<![CDATA[
:0  br label %.loopexit

]]></Node>
<StgValue><ssdm name=""/></StgValue>
</operation>
</state>

<state id="2" st_id="2">

<operation id="25" st_id="2" stage="1" lat="1">
<core>NULL</core>
<MemPortIdVec></MemPortIdVec>
<condition id="1">
<or_exp><and_exp></and_exp></or_exp>
</condition>

<Node id="7" bw="5" op_0_bw="5" op_1_bw="0">
<![CDATA[
.loopexit:0  %co = phi i5 [ 0, %0 ], [ %co_10, %.loopexit.loopexit ]

]]></Node>
<StgValue><ssdm name="co"/></StgValue>
</operation>

<operation id="26" st_id="2" stage="1" lat="1">
<core>Cmp</core>
<MemPortIdVec></MemPortIdVec>
<condition id="1">
<or_exp><and_exp></and_exp></or_exp>
</condition>

<Node id="8" bw="1" op_0_bw="5" op_1_bw="5">
<![CDATA[
.loopexit:1  %exitcond3 = icmp eq i5 %co, -8

]]></Node>
<StgValue><ssdm name="exitcond3"/></StgValue>
</operation>

<operation id="27" st_id="2" stage="1" lat="1">
<core>NULL</core>
<MemPortIdVec></MemPortIdVec>
<condition id="1">
<or_exp><and_exp></and_exp></or_exp>
</condition>

<Node id="9" bw="32" op_0_bw="32" op_1_bw="64" op_2_bw="64" op_3_bw="64">
<![CDATA[
.loopexit:2  %empty = call i32 (...)* @_ssdm_op_SpecLoopTripCount(i64 24, i64 24, i64 24)

]]></Node>
<StgValue><ssdm name="empty"/></StgValue>
</operation>

<operation id="28" st_id="2" stage="1" lat="1">
<core>AddSub</core>
<MemPortIdVec></MemPortIdVec>
<condition id="1">
<or_exp><and_exp></and_exp></or_exp>
</condition>

<Node id="10" bw="5" op_0_bw="5" op_1_bw="5">
<![CDATA[
.loopexit:3  %co_10 = add i5 %co, 1

]]></Node>
<StgValue><ssdm name="co_10"/></StgValue>
</operation>

<operation id="29" st_id="2" stage="1" lat="1">
<core>NULL</core>
<MemPortIdVec></MemPortIdVec>
<condition id="1">
<or_exp><and_exp></and_exp></or_exp>
</condition>

<Node id="11" bw="0" op_0_bw="1" op_1_bw="0" op_2_bw="0">
<![CDATA[
.loopexit:4  br i1 %exitcond3, label %3, label %.preheader5.preheader

]]></Node>
<StgValue><ssdm name=""/></StgValue>
</operation>

<operation id="30" st_id="2" stage="1" lat="1">
<core>NULL</core>
<MemPortIdVec></MemPortIdVec>
<condition id="3">
<or_exp><and_exp><literal name="exitcond3" val="0"/>
</and_exp></or_exp>
</condition>

<Node id="13" bw="64" op_0_bw="5">
<![CDATA[
.preheader5.preheader:0  %tmp = zext i5 %co to i64

]]></Node>
<StgValue><ssdm name="tmp"/></StgValue>
</operation>

<operation id="31" st_id="2" stage="1" lat="1">
<core>NULL</core>
<MemPortIdVec></MemPortIdVec>
<condition id="3">
<or_exp><and_exp><literal name="exitcond3" val="0"/>
</and_exp></or_exp>
</condition>

<Node id="14" bw="10" op_0_bw="10" op_1_bw="5" op_2_bw="5">
<![CDATA[
.preheader5.preheader:1  %tmp_s = call i10 @_ssdm_op_BitConcatenate.i10.i5.i5(i5 %co, i5 0)

]]></Node>
<StgValue><ssdm name="tmp_s"/></StgValue>
</operation>

<operation id="32" st_id="2" stage="1" lat="1">
<core>NULL</core>
<MemPortIdVec></MemPortIdVec>
<condition id="3">
<or_exp><and_exp><literal name="exitcond3" val="0"/>
</and_exp></or_exp>
</condition>

<Node id="15" bw="11" op_0_bw="10">
<![CDATA[
.preheader5.preheader:2  %p_shl_cast = zext i10 %tmp_s to i11

]]></Node>
<StgValue><ssdm name="p_shl_cast"/></StgValue>
</operation>

<operation id="33" st_id="2" stage="1" lat="1">
<core>NULL</core>
<MemPortIdVec></MemPortIdVec>
<condition id="3">
<or_exp><and_exp><literal name="exitcond3" val="0"/>
</and_exp></or_exp>
</condition>

<Node id="16" bw="8" op_0_bw="8" op_1_bw="5" op_2_bw="3">
<![CDATA[
.preheader5.preheader:3  %tmp_116 = call i8 @_ssdm_op_BitConcatenate.i8.i5.i3(i5 %co, i3 0)

]]></Node>
<StgValue><ssdm name="tmp_116"/></StgValue>
</operation>

<operation id="34" st_id="2" stage="1" lat="1">
<core>NULL</core>
<MemPortIdVec></MemPortIdVec>
<condition id="3">
<or_exp><and_exp><literal name="exitcond3" val="0"/>
</and_exp></or_exp>
</condition>

<Node id="17" bw="11" op_0_bw="8">
<![CDATA[
.preheader5.preheader:4  %p_shl1_cast = zext i8 %tmp_116 to i11

]]></Node>
<StgValue><ssdm name="p_shl1_cast"/></StgValue>
</operation>

<operation id="35" st_id="2" stage="1" lat="1">
<core>AddSub</core>
<MemPortIdVec></MemPortIdVec>
<condition id="3">
<or_exp><and_exp><literal name="exitcond3" val="0"/>
</and_exp></or_exp>
</condition>

<Node id="18" bw="11" op_0_bw="11" op_1_bw="11">
<![CDATA[
.preheader5.preheader:5  %tmp_117 = sub i11 %p_shl_cast, %p_shl1_cast

]]></Node>
<StgValue><ssdm name="tmp_117"/></StgValue>
</operation>

<operation id="36" st_id="2" stage="1" lat="1">
<core>NULL</core>
<MemPortIdVec></MemPortIdVec>
<condition id="3">
<or_exp><and_exp><literal name="exitcond3" val="0"/>
</and_exp></or_exp>
</condition>

<Node id="19" bw="5" op_0_bw="32" op_1_bw="64" op_2_bw="64">
<![CDATA[
.preheader5.preheader:6  %bias_addr = getelementptr [24 x float]* %bias, i64 0, i64 %tmp

]]></Node>
<StgValue><ssdm name="bias_addr"/></StgValue>
</operation>

<operation id="37" st_id="2" stage="1" lat="1">
<core>NULL</core>
<MemPortIdVec></MemPortIdVec>
<condition id="3">
<or_exp><and_exp><literal name="exitcond3" val="0"/>
</and_exp></or_exp>
</condition>

<Node id="20" bw="0" op_0_bw="0">
<![CDATA[
.preheader5.preheader:7  br label %.preheader5

]]></Node>
<StgValue><ssdm name=""/></StgValue>
</operation>

<operation id="38" st_id="2" stage="1" lat="1">
<core>NULL</core>
<MemPortIdVec></MemPortIdVec>
<condition id="5">
<or_exp><and_exp><literal name="exitcond3" val="1"/>
</and_exp></or_exp>
</condition>

<Node id="87" bw="0">
<![CDATA[
:0  ret void

]]></Node>
<StgValue><ssdm name=""/></StgValue>
</operation>
</state>

<state id="3" st_id="3">

<operation id="39" st_id="3" stage="1" lat="1">
<core>NULL</core>
<MemPortIdVec></MemPortIdVec>
<condition id="6">
<or_exp><and_exp></and_exp></or_exp>
</condition>

<Node id="22" bw="6" op_0_bw="6" op_1_bw="0">
<![CDATA[
.preheader5:0  %h = phi i6 [ 0, %.preheader5.preheader ], [ %h_10, %.preheader5.loopexit ]

]]></Node>
<StgValue><ssdm name="h"/></StgValue>
</operation>

<operation id="40" st_id="3" stage="1" lat="1">
<core>Cmp</core>
<MemPortIdVec></MemPortIdVec>
<condition id="6">
<or_exp><and_exp></and_exp></or_exp>
</condition>

<Node id="23" bw="1" op_0_bw="6" op_1_bw="6">
<![CDATA[
.preheader5:1  %exitcond2 = icmp eq i6 %h, -32

]]></Node>
<StgValue><ssdm name="exitcond2"/></StgValue>
</operation>

<operation id="41" st_id="3" stage="1" lat="1">
<core>NULL</core>
<MemPortIdVec></MemPortIdVec>
<condition id="6">
<or_exp><and_exp></and_exp></or_exp>
</condition>

<Node id="24" bw="32" op_0_bw="32" op_1_bw="64" op_2_bw="64" op_3_bw="64">
<![CDATA[
.preheader5:2  %empty_54 = call i32 (...)* @_ssdm_op_SpecLoopTripCount(i64 32, i64 32, i64 32)

]]></Node>
<StgValue><ssdm name="empty_54"/></StgValue>
</operation>

<operation id="42" st_id="3" stage="1" lat="1">
<core>AddSub</core>
<MemPortIdVec></MemPortIdVec>
<condition id="6">
<or_exp><and_exp></and_exp></or_exp>
</condition>

<Node id="25" bw="6" op_0_bw="6" op_1_bw="6">
<![CDATA[
.preheader5:3  %h_10 = add i6 %h, 1

]]></Node>
<StgValue><ssdm name="h_10"/></StgValue>
</operation>

<operation id="43" st_id="3" stage="1" lat="1">
<core>NULL</core>
<MemPortIdVec></MemPortIdVec>
<condition id="6">
<or_exp><and_exp></and_exp></or_exp>
</condition>

<Node id="26" bw="0" op_0_bw="1" op_1_bw="0" op_2_bw="0">
<![CDATA[
.preheader5:4  br i1 %exitcond2, label %.loopexit.loopexit, label %.preheader4.preheader

]]></Node>
<StgValue><ssdm name=""/></StgValue>
</operation>

<operation id="44" st_id="3" stage="1" lat="1">
<core>NULL</core>
<MemPortIdVec></MemPortIdVec>
<condition id="8">
<or_exp><and_exp><literal name="exitcond2" val="0"/>
</and_exp></or_exp>
</condition>

<Node id="28" bw="11" op_0_bw="6">
<![CDATA[
.preheader4.preheader:0  %tmp_cast = zext i6 %h to i11

]]></Node>
<StgValue><ssdm name="tmp_cast"/></StgValue>
</operation>

<operation id="45" st_id="3" stage="1" lat="1">
<core>AddSub</core>
<MemPortIdVec></MemPortIdVec>
<condition id="8">
<or_exp><and_exp><literal name="exitcond2" val="0"/>
</and_exp></or_exp>
</condition>

<Node id="29" bw="11" op_0_bw="11" op_1_bw="11">
<![CDATA[
.preheader4.preheader:1  %tmp_118 = add i11 %tmp_cast, %p_shl_cast

]]></Node>
<StgValue><ssdm name="tmp_118"/></StgValue>
</operation>

<operation id="46" st_id="3" stage="1" lat="1">
<core>NULL</core>
<MemPortIdVec></MemPortIdVec>
<condition id="8">
<or_exp><and_exp><literal name="exitcond2" val="0"/>
</and_exp></or_exp>
</condition>

<Node id="30" bw="16" op_0_bw="16" op_1_bw="11" op_2_bw="5">
<![CDATA[
.preheader4.preheader:2  %tmp_177_cast = call i16 @_ssdm_op_BitConcatenate.i16.i11.i5(i11 %tmp_118, i5 0)

]]></Node>
<StgValue><ssdm name="tmp_177_cast"/></StgValue>
</operation>

<operation id="47" st_id="3" stage="1" lat="1">
<core>NULL</core>
<MemPortIdVec></MemPortIdVec>
<condition id="8">
<or_exp><and_exp><literal name="exitcond2" val="0"/>
</and_exp></or_exp>
</condition>

<Node id="31" bw="0" op_0_bw="0">
<![CDATA[
.preheader4.preheader:3  br label %.preheader4

]]></Node>
<StgValue><ssdm name=""/></StgValue>
</operation>

<operation id="48" st_id="3" stage="1" lat="1">
<core>NULL</core>
<MemPortIdVec></MemPortIdVec>
<condition id="10">
<or_exp><and_exp><literal name="exitcond2" val="1"/>
</and_exp></or_exp>
</condition>

<Node id="85" bw="0" op_0_bw="0">
<![CDATA[
.loopexit.loopexit:0  br label %.loopexit

]]></Node>
<StgValue><ssdm name=""/></StgValue>
</operation>
</state>

<state id="4" st_id="4">

<operation id="49" st_id="4" stage="1" lat="1">
<core>NULL</core>
<MemPortIdVec></MemPortIdVec>
<condition id="11">
<or_exp><and_exp></and_exp></or_exp>
</condition>

<Node id="33" bw="6" op_0_bw="6" op_1_bw="0">
<![CDATA[
.preheader4:0  %w = phi i6 [ %w_10, %2 ], [ 0, %.preheader4.preheader ]

]]></Node>
<StgValue><ssdm name="w"/></StgValue>
</operation>

<operation id="50" st_id="4" stage="1" lat="1">
<core>Cmp</core>
<MemPortIdVec></MemPortIdVec>
<condition id="11">
<or_exp><and_exp></and_exp></or_exp>
</condition>

<Node id="34" bw="1" op_0_bw="6" op_1_bw="6">
<![CDATA[
.preheader4:1  %exitcond1 = icmp eq i6 %w, -32

]]></Node>
<StgValue><ssdm name="exitcond1"/></StgValue>
</operation>

<operation id="51" st_id="4" stage="1" lat="1">
<core>NULL</core>
<MemPortIdVec></MemPortIdVec>
<condition id="11">
<or_exp><and_exp></and_exp></or_exp>
</condition>

<Node id="35" bw="32" op_0_bw="32" op_1_bw="64" op_2_bw="64" op_3_bw="64">
<![CDATA[
.preheader4:2  %empty_55 = call i32 (...)* @_ssdm_op_SpecLoopTripCount(i64 32, i64 32, i64 32)

]]></Node>
<StgValue><ssdm name="empty_55"/></StgValue>
</operation>

<operation id="52" st_id="4" stage="1" lat="1">
<core>AddSub</core>
<MemPortIdVec></MemPortIdVec>
<condition id="11">
<or_exp><and_exp></and_exp></or_exp>
</condition>

<Node id="36" bw="6" op_0_bw="6" op_1_bw="6">
<![CDATA[
.preheader4:3  %w_10 = add i6 %w, 1

]]></Node>
<StgValue><ssdm name="w_10"/></StgValue>
</operation>

<operation id="53" st_id="4" stage="1" lat="1">
<core>NULL</core>
<MemPortIdVec></MemPortIdVec>
<condition id="11">
<or_exp><and_exp></and_exp></or_exp>
</condition>

<Node id="37" bw="0" op_0_bw="1" op_1_bw="0" op_2_bw="0">
<![CDATA[
.preheader4:4  br i1 %exitcond1, label %.preheader5.loopexit, label %.preheader.preheader

]]></Node>
<StgValue><ssdm name=""/></StgValue>
</operation>

<operation id="54" st_id="4" stage="1" lat="1">
<core>NULL</core>
<MemPortIdVec></MemPortIdVec>
<condition id="13">
<or_exp><and_exp><literal name="exitcond1" val="0"/>
</and_exp></or_exp>
</condition>

<Node id="39" bw="16" op_0_bw="6">
<![CDATA[
.preheader.preheader:0  %tmp_88_cast = zext i6 %w to i16

]]></Node>
<StgValue><ssdm name="tmp_88_cast"/></StgValue>
</operation>

<operation id="55" st_id="4" stage="1" lat="1">
<core>AddSub</core>
<MemPortIdVec></MemPortIdVec>
<condition id="13">
<or_exp><and_exp><literal name="exitcond1" val="0"/>
</and_exp></or_exp>
</condition>

<Node id="40" bw="16" op_0_bw="16" op_1_bw="16">
<![CDATA[
.preheader.preheader:1  %tmp_119 = add i16 %tmp_177_cast, %tmp_88_cast

]]></Node>
<StgValue><ssdm name="tmp_119"/></StgValue>
</operation>

<operation id="56" st_id="4" stage="1" lat="1">
<core>NULL</core>
<MemPortIdVec></MemPortIdVec>
<condition id="13">
<or_exp><and_exp><literal name="exitcond1" val="0"/>
</and_exp></or_exp>
</condition>

<Node id="41" bw="64" op_0_bw="16">
<![CDATA[
.preheader.preheader:2  %tmp_178_cast = zext i16 %tmp_119 to i64

]]></Node>
<StgValue><ssdm name="tmp_178_cast"/></StgValue>
</operation>

<operation id="57" st_id="4" stage="1" lat="1">
<core>NULL</core>
<MemPortIdVec></MemPortIdVec>
<condition id="13">
<or_exp><and_exp><literal name="exitcond1" val="0"/>
</and_exp></or_exp>
</condition>

<Node id="42" bw="15" op_0_bw="32" op_1_bw="64" op_2_bw="64">
<![CDATA[
.preheader.preheader:3  %output_addr = getelementptr [24576 x float]* %output_r, i64 0, i64 %tmp_178_cast

]]></Node>
<StgValue><ssdm name="output_addr"/></StgValue>
</operation>

<operation id="58" st_id="4" stage="1" lat="1">
<core>NULL</core>
<MemPortIdVec></MemPortIdVec>
<condition id="13">
<or_exp><and_exp><literal name="exitcond1" val="0"/>
</and_exp></or_exp>
</condition>

<Node id="43" bw="0" op_0_bw="0">
<![CDATA[
.preheader.preheader:4  br label %.preheader

]]></Node>
<StgValue><ssdm name=""/></StgValue>
</operation>

<operation id="59" st_id="4" stage="1" lat="1">
<core>NULL</core>
<MemPortIdVec></MemPortIdVec>
<condition id="15">
<or_exp><and_exp><literal name="exitcond1" val="1"/>
</and_exp></or_exp>
</condition>

<Node id="83" bw="0" op_0_bw="0">
<![CDATA[
.preheader5.loopexit:0  br label %.preheader5

]]></Node>
<StgValue><ssdm name=""/></StgValue>
</operation>
</state>

<state id="5" st_id="5">

<operation id="60" st_id="5" stage="1" lat="1">
<core>NULL</core>
<MemPortIdVec></MemPortIdVec>
<condition id="16">
<or_exp><and_exp></and_exp></or_exp>
</condition>

<Node id="45" bw="32" op_0_bw="32" op_1_bw="0">
<![CDATA[
.preheader:0  %sum = phi float [ %sum_11, %1 ], [ 0.000000e+00, %.preheader.preheader ]

]]></Node>
<StgValue><ssdm name="sum"/></StgValue>
</operation>

<operation id="61" st_id="5" stage="1" lat="1">
<core>NULL</core>
<MemPortIdVec></MemPortIdVec>
<condition id="16">
<or_exp><and_exp></and_exp></or_exp>
</condition>

<Node id="46" bw="5" op_0_bw="5" op_1_bw="0">
<![CDATA[
.preheader:1  %ci = phi i5 [ %ci_4, %1 ], [ 0, %.preheader.preheader ]

]]></Node>
<StgValue><ssdm name="ci"/></StgValue>
</operation>

<operation id="62" st_id="5" stage="1" lat="1">
<core>Cmp</core>
<MemPortIdVec></MemPortIdVec>
<condition id="16">
<or_exp><and_exp></and_exp></or_exp>
</condition>

<Node id="47" bw="1" op_0_bw="5" op_1_bw="5">
<![CDATA[
.preheader:2  %exitcond = icmp eq i5 %ci, -8

]]></Node>
<StgValue><ssdm name="exitcond"/></StgValue>
</operation>

<operation id="63" st_id="5" stage="1" lat="1">
<core>NULL</core>
<MemPortIdVec></MemPortIdVec>
<condition id="16">
<or_exp><and_exp></and_exp></or_exp>
</condition>

<Node id="48" bw="32" op_0_bw="32" op_1_bw="64" op_2_bw="64" op_3_bw="64">
<![CDATA[
.preheader:3  %empty_56 = call i32 (...)* @_ssdm_op_SpecLoopTripCount(i64 24, i64 24, i64 24)

]]></Node>
<StgValue><ssdm name="empty_56"/></StgValue>
</operation>

<operation id="64" st_id="5" stage="1" lat="1">
<core>AddSub</core>
<MemPortIdVec></MemPortIdVec>
<condition id="16">
<or_exp><and_exp></and_exp></or_exp>
</condition>

<Node id="49" bw="5" op_0_bw="5" op_1_bw="5">
<![CDATA[
.preheader:4  %ci_4 = add i5 %ci, 1

]]></Node>
<StgValue><ssdm name="ci_4"/></StgValue>
</operation>

<operation id="65" st_id="5" stage="1" lat="1">
<core>NULL</core>
<MemPortIdVec></MemPortIdVec>
<condition id="16">
<or_exp><and_exp></and_exp></or_exp>
</condition>

<Node id="50" bw="0" op_0_bw="1" op_1_bw="0" op_2_bw="0">
<![CDATA[
.preheader:5  br i1 %exitcond, label %2, label %1

]]></Node>
<StgValue><ssdm name=""/></StgValue>
</operation>

<operation id="66" st_id="5" stage="1" lat="1">
<core>NULL</core>
<MemPortIdVec></MemPortIdVec>
<condition id="18">
<or_exp><and_exp><literal name="exitcond" val="0"/>
</and_exp></or_exp>
</condition>

<Node id="52" bw="11" op_0_bw="5">
<![CDATA[
:0  %tmp_89_cast = zext i5 %ci to i11

]]></Node>
<StgValue><ssdm name="tmp_89_cast"/></StgValue>
</operation>

<operation id="67" st_id="5" stage="1" lat="1">
<core>NULL</core>
<MemPortIdVec></MemPortIdVec>
<condition id="18">
<or_exp><and_exp><literal name="exitcond" val="0"/>
</and_exp></or_exp>
</condition>

<Node id="53" bw="10" op_0_bw="10" op_1_bw="5" op_2_bw="5">
<![CDATA[
:1  %tmp_120 = call i10 @_ssdm_op_BitConcatenate.i10.i5.i5(i5 %ci, i5 0)

]]></Node>
<StgValue><ssdm name="tmp_120"/></StgValue>
</operation>

<operation id="68" st_id="5" stage="1" lat="1">
<core>NULL</core>
<MemPortIdVec></MemPortIdVec>
<condition id="18">
<or_exp><and_exp><literal name="exitcond" val="0"/>
</and_exp></or_exp>
</condition>

<Node id="54" bw="11" op_0_bw="10">
<![CDATA[
:2  %tmp_180_cast = zext i10 %tmp_120 to i11

]]></Node>
<StgValue><ssdm name="tmp_180_cast"/></StgValue>
</operation>

<operation id="69" st_id="5" stage="1" lat="1">
<core>AddSub</core>
<MemPortIdVec></MemPortIdVec>
<condition id="18">
<or_exp><and_exp><literal name="exitcond" val="0"/>
</and_exp></or_exp>
</condition>

<Node id="55" bw="11" op_0_bw="11" op_1_bw="11">
<![CDATA[
:3  %tmp_121 = add i11 %tmp_cast, %tmp_180_cast

]]></Node>
<StgValue><ssdm name="tmp_121"/></StgValue>
</operation>

<operation id="70" st_id="5" stage="1" lat="1">
<core>NULL</core>
<MemPortIdVec></MemPortIdVec>
<condition id="18">
<or_exp><and_exp><literal name="exitcond" val="0"/>
</and_exp></or_exp>
</condition>

<Node id="56" bw="16" op_0_bw="16" op_1_bw="11" op_2_bw="5">
<![CDATA[
:4  %tmp_183_cast = call i16 @_ssdm_op_BitConcatenate.i16.i11.i5(i11 %tmp_121, i5 0)

]]></Node>
<StgValue><ssdm name="tmp_183_cast"/></StgValue>
</operation>

<operation id="71" st_id="5" stage="1" lat="1">
<core>AddSub</core>
<MemPortIdVec></MemPortIdVec>
<condition id="18">
<or_exp><and_exp><literal name="exitcond" val="0"/>
</and_exp></or_exp>
</condition>

<Node id="57" bw="16" op_0_bw="16" op_1_bw="16">
<![CDATA[
:5  %tmp_122 = add i16 %tmp_88_cast, %tmp_183_cast

]]></Node>
<StgValue><ssdm name="tmp_122"/></StgValue>
</operation>

<operation id="72" st_id="5" stage="1" lat="1">
<core>NULL</core>
<MemPortIdVec></MemPortIdVec>
<condition id="18">
<or_exp><and_exp><literal name="exitcond" val="0"/>
</and_exp></or_exp>
</condition>

<Node id="58" bw="64" op_0_bw="16">
<![CDATA[
:6  %tmp_184_cast = zext i16 %tmp_122 to i64

]]></Node>
<StgValue><ssdm name="tmp_184_cast"/></StgValue>
</operation>

<operation id="73" st_id="5" stage="1" lat="1">
<core>NULL</core>
<MemPortIdVec></MemPortIdVec>
<condition id="18">
<or_exp><and_exp><literal name="exitcond" val="0"/>
</and_exp></or_exp>
</condition>

<Node id="59" bw="15" op_0_bw="32" op_1_bw="64" op_2_bw="64">
<![CDATA[
:7  %input_addr = getelementptr [24576 x float]* %input_r, i64 0, i64 %tmp_184_cast

]]></Node>
<StgValue><ssdm name="input_addr"/></StgValue>
</operation>

<operation id="74" st_id="5" stage="1" lat="1">
<core>AddSub</core>
<MemPortIdVec></MemPortIdVec>
<condition id="18">
<or_exp><and_exp><literal name="exitcond" val="0"/>
</and_exp></or_exp>
</condition>

<Node id="60" bw="11" op_0_bw="11" op_1_bw="11">
<![CDATA[
:8  %tmp_123 = add i11 %tmp_89_cast, %tmp_117

]]></Node>
<StgValue><ssdm name="tmp_123"/></StgValue>
</operation>

<operation id="75" st_id="5" stage="1" lat="1">
<core>NULL</core>
<MemPortIdVec></MemPortIdVec>
<condition id="18">
<or_exp><and_exp><literal name="exitcond" val="0"/>
</and_exp></or_exp>
</condition>

<Node id="61" bw="64" op_0_bw="11">
<![CDATA[
:9  %tmp_185_cast = sext i11 %tmp_123 to i64

]]></Node>
<StgValue><ssdm name="tmp_185_cast"/></StgValue>
</operation>

<operation id="76" st_id="5" stage="1" lat="1">
<core>NULL</core>
<MemPortIdVec></MemPortIdVec>
<condition id="18">
<or_exp><and_exp><literal name="exitcond" val="0"/>
</and_exp></or_exp>
</condition>

<Node id="62" bw="10" op_0_bw="32" op_1_bw="64" op_2_bw="64">
<![CDATA[
:10  %weight_addr = getelementptr [576 x float]* %weight, i64 0, i64 %tmp_185_cast

]]></Node>
<StgValue><ssdm name="weight_addr"/></StgValue>
</operation>

<operation id="77" st_id="5" stage="2" lat="2">
<core>RAM</core>
<MemPortIdVec>0 </MemPortIdVec>
<condition id="18">
<or_exp><and_exp><literal name="exitcond" val="0"/>
</and_exp></or_exp>
</condition>

<Node id="63" bw="32" op_0_bw="10">
<![CDATA[
:11  %weight_load = load float* %weight_addr, align 4

]]></Node>
<StgValue><ssdm name="weight_load"/></StgValue>
</operation>

<operation id="78" st_id="5" stage="2" lat="2">
<core>RAM</core>
<MemPortIdVec>0 </MemPortIdVec>
<condition id="18">
<or_exp><and_exp><literal name="exitcond" val="0"/>
</and_exp></or_exp>
</condition>

<Node id="64" bw="32" op_0_bw="15">
<![CDATA[
:12  %input_load = load float* %input_addr, align 4

]]></Node>
<StgValue><ssdm name="input_load"/></StgValue>
</operation>

<operation id="79" st_id="5" stage="2" lat="2">
<core>RAM</core>
<MemPortIdVec>0 </MemPortIdVec>
<condition id="20">
<or_exp><and_exp><literal name="exitcond" val="1"/>
</and_exp></or_exp>
</condition>

<Node id="69" bw="32" op_0_bw="5">
<![CDATA[
:0  %bias_load = load float* %bias_addr, align 4

]]></Node>
<StgValue><ssdm name="bias_load"/></StgValue>
</operation>
</state>

<state id="6" st_id="6">

<operation id="80" st_id="6" stage="1" lat="2">
<core>RAM</core>
<MemPortIdVec>0 </MemPortIdVec>
<condition id="21">
<or_exp><and_exp></and_exp></or_exp>
</condition>

<Node id="63" bw="32" op_0_bw="10">
<![CDATA[
:11  %weight_load = load float* %weight_addr, align 4

]]></Node>
<StgValue><ssdm name="weight_load"/></StgValue>
</operation>

<operation id="81" st_id="6" stage="1" lat="2">
<core>RAM</core>
<MemPortIdVec>0 </MemPortIdVec>
<condition id="21">
<or_exp><and_exp></and_exp></or_exp>
</condition>

<Node id="64" bw="32" op_0_bw="15">
<![CDATA[
:12  %input_load = load float* %input_addr, align 4

]]></Node>
<StgValue><ssdm name="input_load"/></StgValue>
</operation>
</state>

<state id="7" st_id="7">

<operation id="82" st_id="7" stage="4" lat="4">
<core>FMul</core>
<MemPortIdVec></MemPortIdVec>
<condition id="22">
<or_exp><and_exp></and_exp></or_exp>
</condition>

<Node id="65" bw="32" op_0_bw="32" op_1_bw="32">
<![CDATA[
:13  %tmp_90 = fmul float %weight_load, %input_load

]]></Node>
<StgValue><ssdm name="tmp_90"/></StgValue>
</operation>
</state>

<state id="8" st_id="8">

<operation id="83" st_id="8" stage="3" lat="4">
<core>FMul</core>
<MemPortIdVec></MemPortIdVec>
<condition id="23">
<or_exp><and_exp></and_exp></or_exp>
</condition>

<Node id="65" bw="32" op_0_bw="32" op_1_bw="32">
<![CDATA[
:13  %tmp_90 = fmul float %weight_load, %input_load

]]></Node>
<StgValue><ssdm name="tmp_90"/></StgValue>
</operation>
</state>

<state id="9" st_id="9">

<operation id="84" st_id="9" stage="2" lat="4">
<core>FMul</core>
<MemPortIdVec></MemPortIdVec>
<condition id="24">
<or_exp><and_exp></and_exp></or_exp>
</condition>

<Node id="65" bw="32" op_0_bw="32" op_1_bw="32">
<![CDATA[
:13  %tmp_90 = fmul float %weight_load, %input_load

]]></Node>
<StgValue><ssdm name="tmp_90"/></StgValue>
</operation>
</state>

<state id="10" st_id="10">

<operation id="85" st_id="10" stage="1" lat="4">
<core>FMul</core>
<MemPortIdVec></MemPortIdVec>
<condition id="25">
<or_exp><and_exp></and_exp></or_exp>
</condition>

<Node id="65" bw="32" op_0_bw="32" op_1_bw="32">
<![CDATA[
:13  %tmp_90 = fmul float %weight_load, %input_load

]]></Node>
<StgValue><ssdm name="tmp_90"/></StgValue>
</operation>
</state>

<state id="11" st_id="11">

<operation id="86" st_id="11" stage="5" lat="5">
<core>FAddSub</core>
<MemPortIdVec></MemPortIdVec>
<condition id="26">
<or_exp><and_exp></and_exp></or_exp>
</condition>

<Node id="66" bw="32" op_0_bw="32" op_1_bw="32">
<![CDATA[
:14  %sum_11 = fadd float %sum, %tmp_90

]]></Node>
<StgValue><ssdm name="sum_11"/></StgValue>
</operation>
</state>

<state id="12" st_id="12">

<operation id="87" st_id="12" stage="4" lat="5">
<core>FAddSub</core>
<MemPortIdVec></MemPortIdVec>
<condition id="27">
<or_exp><and_exp></and_exp></or_exp>
</condition>

<Node id="66" bw="32" op_0_bw="32" op_1_bw="32">
<![CDATA[
:14  %sum_11 = fadd float %sum, %tmp_90

]]></Node>
<StgValue><ssdm name="sum_11"/></StgValue>
</operation>
</state>

<state id="13" st_id="13">

<operation id="88" st_id="13" stage="3" lat="5">
<core>FAddSub</core>
<MemPortIdVec></MemPortIdVec>
<condition id="28">
<or_exp><and_exp></and_exp></or_exp>
</condition>

<Node id="66" bw="32" op_0_bw="32" op_1_bw="32">
<![CDATA[
:14  %sum_11 = fadd float %sum, %tmp_90

]]></Node>
<StgValue><ssdm name="sum_11"/></StgValue>
</operation>
</state>

<state id="14" st_id="14">

<operation id="89" st_id="14" stage="2" lat="5">
<core>FAddSub</core>
<MemPortIdVec></MemPortIdVec>
<condition id="29">
<or_exp><and_exp></and_exp></or_exp>
</condition>

<Node id="66" bw="32" op_0_bw="32" op_1_bw="32">
<![CDATA[
:14  %sum_11 = fadd float %sum, %tmp_90

]]></Node>
<StgValue><ssdm name="sum_11"/></StgValue>
</operation>
</state>

<state id="15" st_id="15">

<operation id="90" st_id="15" stage="1" lat="5">
<core>FAddSub</core>
<MemPortIdVec></MemPortIdVec>
<condition id="30">
<or_exp><and_exp></and_exp></or_exp>
</condition>

<Node id="66" bw="32" op_0_bw="32" op_1_bw="32">
<![CDATA[
:14  %sum_11 = fadd float %sum, %tmp_90

]]></Node>
<StgValue><ssdm name="sum_11"/></StgValue>
</operation>

<operation id="91" st_id="15" stage="1" lat="1">
<core>NULL</core>
<MemPortIdVec></MemPortIdVec>
<condition id="30">
<or_exp><and_exp></and_exp></or_exp>
</condition>

<Node id="67" bw="0" op_0_bw="0">
<![CDATA[
:15  br label %.preheader

]]></Node>
<StgValue><ssdm name=""/></StgValue>
</operation>
</state>

<state id="16" st_id="16">

<operation id="92" st_id="16" stage="1" lat="2">
<core>RAM</core>
<MemPortIdVec>0 </MemPortIdVec>
<condition id="31">
<or_exp><and_exp></and_exp></or_exp>
</condition>

<Node id="69" bw="32" op_0_bw="5">
<![CDATA[
:0  %bias_load = load float* %bias_addr, align 4

]]></Node>
<StgValue><ssdm name="bias_load"/></StgValue>
</operation>
</state>

<state id="17" st_id="17">

<operation id="93" st_id="17" stage="5" lat="5">
<core>FAddSub</core>
<MemPortIdVec></MemPortIdVec>
<condition id="32">
<or_exp><and_exp></and_exp></or_exp>
</condition>

<Node id="70" bw="32" op_0_bw="32" op_1_bw="32">
<![CDATA[
:1  %result = fadd float %sum, %bias_load

]]></Node>
<StgValue><ssdm name="result"/></StgValue>
</operation>
</state>

<state id="18" st_id="18">

<operation id="94" st_id="18" stage="4" lat="5">
<core>FAddSub</core>
<MemPortIdVec></MemPortIdVec>
<condition id="33">
<or_exp><and_exp></and_exp></or_exp>
</condition>

<Node id="70" bw="32" op_0_bw="32" op_1_bw="32">
<![CDATA[
:1  %result = fadd float %sum, %bias_load

]]></Node>
<StgValue><ssdm name="result"/></StgValue>
</operation>
</state>

<state id="19" st_id="19">

<operation id="95" st_id="19" stage="3" lat="5">
<core>FAddSub</core>
<MemPortIdVec></MemPortIdVec>
<condition id="34">
<or_exp><and_exp></and_exp></or_exp>
</condition>

<Node id="70" bw="32" op_0_bw="32" op_1_bw="32">
<![CDATA[
:1  %result = fadd float %sum, %bias_load

]]></Node>
<StgValue><ssdm name="result"/></StgValue>
</operation>
</state>

<state id="20" st_id="20">

<operation id="96" st_id="20" stage="2" lat="5">
<core>FAddSub</core>
<MemPortIdVec></MemPortIdVec>
<condition id="35">
<or_exp><and_exp></and_exp></or_exp>
</condition>

<Node id="70" bw="32" op_0_bw="32" op_1_bw="32">
<![CDATA[
:1  %result = fadd float %sum, %bias_load

]]></Node>
<StgValue><ssdm name="result"/></StgValue>
</operation>
</state>

<state id="21" st_id="21">

<operation id="97" st_id="21" stage="1" lat="5">
<core>FAddSub</core>
<MemPortIdVec></MemPortIdVec>
<condition id="36">
<or_exp><and_exp></and_exp></or_exp>
</condition>

<Node id="70" bw="32" op_0_bw="32" op_1_bw="32">
<![CDATA[
:1  %result = fadd float %sum, %bias_load

]]></Node>
<StgValue><ssdm name="result"/></StgValue>
</operation>
</state>

<state id="22" st_id="22">

<operation id="98" st_id="22" stage="1" lat="1">
<core>FCmp</core>
<MemPortIdVec></MemPortIdVec>
<condition id="37">
<or_exp><and_exp></and_exp></or_exp>
</condition>

<Node id="77" bw="1" op_0_bw="32" op_1_bw="32">
<![CDATA[
:8  %tmp_19 = fcmp ogt float %result, 0.000000e+00

]]></Node>
<StgValue><ssdm name="tmp_19"/></StgValue>
</operation>
</state>

<state id="23" st_id="23">

<operation id="99" st_id="23" stage="1" lat="1">
<core>NULL</core>
<MemPortIdVec></MemPortIdVec>
<condition id="38">
<or_exp><and_exp></and_exp></or_exp>
</condition>

<Node id="71" bw="32" op_0_bw="32">
<![CDATA[
:2  %result_to_int = bitcast float %result to i32

]]></Node>
<StgValue><ssdm name="result_to_int"/></StgValue>
</operation>

<operation id="100" st_id="23" stage="1" lat="1">
<core>NULL</core>
<MemPortIdVec></MemPortIdVec>
<condition id="38">
<or_exp><and_exp></and_exp></or_exp>
</condition>

<Node id="72" bw="8" op_0_bw="8" op_1_bw="32" op_2_bw="32" op_3_bw="32">
<![CDATA[
:3  %tmp_16 = call i8 @_ssdm_op_PartSelect.i8.i32.i32.i32(i32 %result_to_int, i32 23, i32 30)

]]></Node>
<StgValue><ssdm name="tmp_16"/></StgValue>
</operation>

<operation id="101" st_id="23" stage="1" lat="1">
<core>NULL</core>
<MemPortIdVec></MemPortIdVec>
<condition id="38">
<or_exp><and_exp></and_exp></or_exp>
</condition>

<Node id="73" bw="23" op_0_bw="32">
<![CDATA[
:4  %tmp_91 = trunc i32 %result_to_int to i23

]]></Node>
<StgValue><ssdm name="tmp_91"/></StgValue>
</operation>

<operation id="102" st_id="23" stage="1" lat="1">
<core>Cmp</core>
<MemPortIdVec></MemPortIdVec>
<condition id="38">
<or_exp><and_exp></and_exp></or_exp>
</condition>

<Node id="74" bw="1" op_0_bw="8" op_1_bw="8">
<![CDATA[
:5  %notlhs = icmp ne i8 %tmp_16, -1

]]></Node>
<StgValue><ssdm name="notlhs"/></StgValue>
</operation>

<operation id="103" st_id="23" stage="1" lat="1">
<core>Cmp</core>
<MemPortIdVec></MemPortIdVec>
<condition id="38">
<or_exp><and_exp></and_exp></or_exp>
</condition>

<Node id="75" bw="1" op_0_bw="23" op_1_bw="23">
<![CDATA[
:6  %notrhs = icmp eq i23 %tmp_91, 0

]]></Node>
<StgValue><ssdm name="notrhs"/></StgValue>
</operation>

<operation id="104" st_id="23" stage="1" lat="1">
<core>LogicGate</core>
<MemPortIdVec></MemPortIdVec>
<condition id="38">
<or_exp><and_exp></and_exp></or_exp>
</condition>

<Node id="76" bw="1" op_0_bw="1" op_1_bw="1">
<![CDATA[
:7  %tmp_18 = or i1 %notrhs, %notlhs

]]></Node>
<StgValue><ssdm name="tmp_18"/></StgValue>
</operation>

<operation id="105" st_id="23" stage="1" lat="1">
<core>LogicGate</core>
<MemPortIdVec></MemPortIdVec>
<condition id="38">
<or_exp><and_exp></and_exp></or_exp>
</condition>

<Node id="78" bw="1" op_0_bw="1" op_1_bw="1">
<![CDATA[
:9  %tmp_20 = and i1 %tmp_18, %tmp_19

]]></Node>
<StgValue><ssdm name="tmp_20"/></StgValue>
</operation>

<operation id="106" st_id="23" stage="1" lat="1">
<core>Sel</core>
<MemPortIdVec></MemPortIdVec>
<condition id="38">
<or_exp><and_exp></and_exp></or_exp>
</condition>

<Node id="79" bw="32" op_0_bw="1" op_1_bw="32" op_2_bw="32">
<![CDATA[
:10  %result_4 = select i1 %tmp_20, float %result, float 0.000000e+00

]]></Node>
<StgValue><ssdm name="result_4"/></StgValue>
</operation>

<operation id="107" st_id="23" stage="1" lat="1">
<core>RAM</core>
<MemPortIdVec>0 </MemPortIdVec>
<condition id="38">
<or_exp><and_exp></and_exp></or_exp>
</condition>

<Node id="80" bw="0" op_0_bw="32" op_1_bw="15">
<![CDATA[
:11  store float %result_4, float* %output_addr, align 4

]]></Node>
<StgValue><ssdm name=""/></StgValue>
</operation>

<operation id="108" st_id="23" stage="1" lat="1">
<core>NULL</core>
<MemPortIdVec></MemPortIdVec>
<condition id="38">
<or_exp><and_exp></and_exp></or_exp>
</condition>

<Node id="81" bw="0" op_0_bw="0">
<![CDATA[
:12  br label %.preheader4

]]></Node>
<StgValue><ssdm name=""/></StgValue>
</operation>
</state>
</state_list>


<ports>
<port id="137" name="input_r" dir="0" iftype="1">
<core>RAM</core><StgValue><ssdm name="input_r"/><MemPortTyVec>1 3 </MemPortTyVec>
</StgValue>
</port>
<port id="138" name="weight" dir="0" iftype="1">
<core>RAM</core><StgValue><ssdm name="weight"/><MemPortTyVec>1 3 </MemPortTyVec>
</StgValue>
</port>
<port id="139" name="bias" dir="0" iftype="1">
<core>RAM</core><StgValue><ssdm name="bias"/><MemPortTyVec>1 3 </MemPortTyVec>
</StgValue>
</port>
<port id="140" name="output_r" dir="1" iftype="1">
<core>RAM</core><StgValue><ssdm name="output_r"/><MemPortTyVec>0 3 </MemPortTyVec>
</StgValue>
</port>
</ports>


<dataflows>
<dataflow id="142" from="StgValue_141" to="co" fromId="141" toId="25">
<condition id="98">
<or_exp><and_exp></and_exp></or_exp>
</condition>
</dataflow>
<dataflow id="143" from="StgValue_24" to="co" fromId="24" toId="25">
</dataflow>
<dataflow id="144" from="co_10" to="co" fromId="28" toId="25">
<BackEdge/>
<condition id="99">
<or_exp><and_exp><literal name="exitcond2" val="1"/>
</and_exp></or_exp>
</condition>
</dataflow>
<dataflow id="145" from="StgValue_48" to="co" fromId="48" toId="25">
<BackEdge/>
</dataflow>
<dataflow id="146" from="co" to="exitcond3" fromId="25" toId="26">
</dataflow>
<dataflow id="148" from="StgValue_147" to="exitcond3" fromId="147" toId="26">
</dataflow>
<dataflow id="150" from="_ssdm_op_SpecLoopTripCount" to="empty" fromId="149" toId="27">
</dataflow>
<dataflow id="152" from="StgValue_151" to="empty" fromId="151" toId="27">
</dataflow>
<dataflow id="153" from="StgValue_151" to="empty" fromId="151" toId="27">
</dataflow>
<dataflow id="154" from="StgValue_151" to="empty" fromId="151" toId="27">
</dataflow>
<dataflow id="155" from="co" to="co_10" fromId="25" toId="28">
</dataflow>
<dataflow id="157" from="StgValue_156" to="co_10" fromId="156" toId="28">
</dataflow>
<dataflow id="158" from="exitcond3" to="StgValue_29" fromId="26" toId="29">
</dataflow>
<dataflow id="159" from="co" to="tmp" fromId="25" toId="30">
</dataflow>
<dataflow id="161" from="_ssdm_op_BitConcatenate.i10.i5.i5" to="tmp_s" fromId="160" toId="31">
</dataflow>
<dataflow id="162" from="co" to="tmp_s" fromId="25" toId="31">
</dataflow>
<dataflow id="163" from="StgValue_141" to="tmp_s" fromId="141" toId="31">
</dataflow>
<dataflow id="164" from="tmp_s" to="p_shl_cast" fromId="31" toId="32">
</dataflow>
<dataflow id="166" from="_ssdm_op_BitConcatenate.i8.i5.i3" to="tmp_116" fromId="165" toId="33">
</dataflow>
<dataflow id="167" from="co" to="tmp_116" fromId="25" toId="33">
</dataflow>
<dataflow id="169" from="StgValue_168" to="tmp_116" fromId="168" toId="33">
</dataflow>
<dataflow id="170" from="tmp_116" to="p_shl1_cast" fromId="33" toId="34">
</dataflow>
<dataflow id="171" from="p_shl_cast" to="tmp_117" fromId="32" toId="35">
</dataflow>
<dataflow id="172" from="p_shl1_cast" to="tmp_117" fromId="34" toId="35">
</dataflow>
<dataflow id="173" from="bias" to="bias_addr" fromId="139" toId="36">
</dataflow>
<dataflow id="175" from="StgValue_174" to="bias_addr" fromId="174" toId="36">
</dataflow>
<dataflow id="176" from="tmp" to="bias_addr" fromId="30" toId="36">
</dataflow>
<dataflow id="178" from="StgValue_177" to="h" fromId="177" toId="39">
<condition id="100">
<or_exp><and_exp><literal name="exitcond3" val="0"/>
</and_exp></or_exp>
</condition>
</dataflow>
<dataflow id="179" from="StgValue_37" to="h" fromId="37" toId="39">
</dataflow>
<dataflow id="180" from="h_10" to="h" fromId="42" toId="39">
<BackEdge/>
<condition id="101">
<or_exp><and_exp><literal name="exitcond1" val="1"/>
</and_exp></or_exp>
</condition>
</dataflow>
<dataflow id="181" from="StgValue_59" to="h" fromId="59" toId="39">
<BackEdge/>
</dataflow>
<dataflow id="182" from="h" to="exitcond2" fromId="39" toId="40">
</dataflow>
<dataflow id="184" from="StgValue_183" to="exitcond2" fromId="183" toId="40">
</dataflow>
<dataflow id="185" from="_ssdm_op_SpecLoopTripCount" to="empty_54" fromId="149" toId="41">
</dataflow>
<dataflow id="187" from="StgValue_186" to="empty_54" fromId="186" toId="41">
</dataflow>
<dataflow id="188" from="StgValue_186" to="empty_54" fromId="186" toId="41">
</dataflow>
<dataflow id="189" from="StgValue_186" to="empty_54" fromId="186" toId="41">
</dataflow>
<dataflow id="190" from="h" to="h_10" fromId="39" toId="42">
</dataflow>
<dataflow id="192" from="StgValue_191" to="h_10" fromId="191" toId="42">
</dataflow>
<dataflow id="193" from="exitcond2" to="StgValue_43" fromId="40" toId="43">
</dataflow>
<dataflow id="194" from="h" to="tmp_cast" fromId="39" toId="44">
</dataflow>
<dataflow id="195" from="tmp_cast" to="tmp_118" fromId="44" toId="45">
</dataflow>
<dataflow id="196" from="p_shl_cast" to="tmp_118" fromId="32" toId="45">
</dataflow>
<dataflow id="198" from="_ssdm_op_BitConcatenate.i16.i11.i5" to="tmp_177_cast" fromId="197" toId="46">
</dataflow>
<dataflow id="199" from="tmp_118" to="tmp_177_cast" fromId="45" toId="46">
</dataflow>
<dataflow id="200" from="StgValue_141" to="tmp_177_cast" fromId="141" toId="46">
</dataflow>
<dataflow id="201" from="w_10" to="w" fromId="52" toId="49">
<BackEdge/>
<condition id="102">
<or_exp><and_exp></and_exp></or_exp>
</condition>
</dataflow>
<dataflow id="202" from="StgValue_108" to="w" fromId="108" toId="49">
<BackEdge/>
</dataflow>
<dataflow id="203" from="StgValue_177" to="w" fromId="177" toId="49">
<condition id="103">
<or_exp><and_exp><literal name="exitcond2" val="0"/>
</and_exp></or_exp>
</condition>
</dataflow>
<dataflow id="204" from="StgValue_47" to="w" fromId="47" toId="49">
</dataflow>
<dataflow id="205" from="w" to="exitcond1" fromId="49" toId="50">
</dataflow>
<dataflow id="206" from="StgValue_183" to="exitcond1" fromId="183" toId="50">
</dataflow>
<dataflow id="207" from="_ssdm_op_SpecLoopTripCount" to="empty_55" fromId="149" toId="51">
</dataflow>
<dataflow id="208" from="StgValue_186" to="empty_55" fromId="186" toId="51">
</dataflow>
<dataflow id="209" from="StgValue_186" to="empty_55" fromId="186" toId="51">
</dataflow>
<dataflow id="210" from="StgValue_186" to="empty_55" fromId="186" toId="51">
</dataflow>
<dataflow id="211" from="w" to="w_10" fromId="49" toId="52">
</dataflow>
<dataflow id="212" from="StgValue_191" to="w_10" fromId="191" toId="52">
</dataflow>
<dataflow id="213" from="exitcond1" to="StgValue_53" fromId="50" toId="53">
</dataflow>
<dataflow id="214" from="w" to="tmp_88_cast" fromId="49" toId="54">
</dataflow>
<dataflow id="215" from="tmp_177_cast" to="tmp_119" fromId="46" toId="55">
</dataflow>
<dataflow id="216" from="tmp_88_cast" to="tmp_119" fromId="54" toId="55">
</dataflow>
<dataflow id="217" from="tmp_119" to="tmp_178_cast" fromId="55" toId="56">
</dataflow>
<dataflow id="218" from="output_r" to="output_addr" fromId="140" toId="57">
</dataflow>
<dataflow id="219" from="StgValue_174" to="output_addr" fromId="174" toId="57">
</dataflow>
<dataflow id="220" from="tmp_178_cast" to="output_addr" fromId="56" toId="57">
</dataflow>
<dataflow id="221" from="sum_11" to="sum" fromId="90" toId="60">
<BackEdge/>
<condition id="104">
<or_exp><and_exp></and_exp></or_exp>
</condition>
</dataflow>
<dataflow id="222" from="StgValue_91" to="sum" fromId="91" toId="60">
<BackEdge/>
</dataflow>
<dataflow id="224" from="StgValue_223" to="sum" fromId="223" toId="60">
<condition id="105">
<or_exp><and_exp><literal name="exitcond1" val="0"/>
</and_exp></or_exp>
</condition>
</dataflow>
<dataflow id="225" from="StgValue_58" to="sum" fromId="58" toId="60">
</dataflow>
<dataflow id="226" from="ci_4" to="ci" fromId="64" toId="61">
<BackEdge/>
<condition id="106">
<or_exp><and_exp></and_exp></or_exp>
</condition>
</dataflow>
<dataflow id="227" from="StgValue_91" to="ci" fromId="91" toId="61">
<BackEdge/>
</dataflow>
<dataflow id="228" from="StgValue_141" to="ci" fromId="141" toId="61">
<condition id="107">
<or_exp><and_exp><literal name="exitcond1" val="0"/>
</and_exp></or_exp>
</condition>
</dataflow>
<dataflow id="229" from="StgValue_58" to="ci" fromId="58" toId="61">
</dataflow>
<dataflow id="230" from="ci" to="exitcond" fromId="61" toId="62">
</dataflow>
<dataflow id="231" from="StgValue_147" to="exitcond" fromId="147" toId="62">
</dataflow>
<dataflow id="232" from="_ssdm_op_SpecLoopTripCount" to="empty_56" fromId="149" toId="63">
</dataflow>
<dataflow id="233" from="StgValue_151" to="empty_56" fromId="151" toId="63">
</dataflow>
<dataflow id="234" from="StgValue_151" to="empty_56" fromId="151" toId="63">
</dataflow>
<dataflow id="235" from="StgValue_151" to="empty_56" fromId="151" toId="63">
</dataflow>
<dataflow id="236" from="ci" to="ci_4" fromId="61" toId="64">
</dataflow>
<dataflow id="237" from="StgValue_156" to="ci_4" fromId="156" toId="64">
</dataflow>
<dataflow id="238" from="exitcond" to="StgValue_65" fromId="62" toId="65">
</dataflow>
<dataflow id="239" from="ci" to="tmp_89_cast" fromId="61" toId="66">
</dataflow>
<dataflow id="240" from="_ssdm_op_BitConcatenate.i10.i5.i5" to="tmp_120" fromId="160" toId="67">
</dataflow>
<dataflow id="241" from="ci" to="tmp_120" fromId="61" toId="67">
</dataflow>
<dataflow id="242" from="StgValue_141" to="tmp_120" fromId="141" toId="67">
</dataflow>
<dataflow id="243" from="tmp_120" to="tmp_180_cast" fromId="67" toId="68">
</dataflow>
<dataflow id="244" from="tmp_cast" to="tmp_121" fromId="44" toId="69">
</dataflow>
<dataflow id="245" from="tmp_180_cast" to="tmp_121" fromId="68" toId="69">
</dataflow>
<dataflow id="246" from="_ssdm_op_BitConcatenate.i16.i11.i5" to="tmp_183_cast" fromId="197" toId="70">
</dataflow>
<dataflow id="247" from="tmp_121" to="tmp_183_cast" fromId="69" toId="70">
</dataflow>
<dataflow id="248" from="StgValue_141" to="tmp_183_cast" fromId="141" toId="70">
</dataflow>
<dataflow id="249" from="tmp_88_cast" to="tmp_122" fromId="54" toId="71">
</dataflow>
<dataflow id="250" from="tmp_183_cast" to="tmp_122" fromId="70" toId="71">
</dataflow>
<dataflow id="251" from="tmp_122" to="tmp_184_cast" fromId="71" toId="72">
</dataflow>
<dataflow id="252" from="input_r" to="input_addr" fromId="137" toId="73">
</dataflow>
<dataflow id="253" from="StgValue_174" to="input_addr" fromId="174" toId="73">
</dataflow>
<dataflow id="254" from="tmp_184_cast" to="input_addr" fromId="72" toId="73">
</dataflow>
<dataflow id="255" from="tmp_89_cast" to="tmp_123" fromId="66" toId="74">
</dataflow>
<dataflow id="256" from="tmp_117" to="tmp_123" fromId="35" toId="74">
</dataflow>
<dataflow id="257" from="tmp_123" to="tmp_185_cast" fromId="74" toId="75">
</dataflow>
<dataflow id="258" from="weight" to="weight_addr" fromId="138" toId="76">
</dataflow>
<dataflow id="259" from="StgValue_174" to="weight_addr" fromId="174" toId="76">
</dataflow>
<dataflow id="260" from="tmp_185_cast" to="weight_addr" fromId="75" toId="76">
</dataflow>
<dataflow id="261" from="weight_addr" to="weight_load" fromId="76" toId="77">
</dataflow>
<dataflow id="262" from="input_addr" to="input_load" fromId="73" toId="78">
</dataflow>
<dataflow id="263" from="bias_addr" to="bias_load" fromId="36" toId="79">
</dataflow>
<dataflow id="264" from="weight_addr" to="weight_load" fromId="76" toId="80">
</dataflow>
<dataflow id="265" from="input_addr" to="input_load" fromId="73" toId="81">
</dataflow>
<dataflow id="266" from="weight_load" to="tmp_90" fromId="80" toId="82">
</dataflow>
<dataflow id="267" from="input_load" to="tmp_90" fromId="81" toId="82">
</dataflow>
<dataflow id="268" from="weight_load" to="tmp_90" fromId="80" toId="83">
</dataflow>
<dataflow id="269" from="input_load" to="tmp_90" fromId="81" toId="83">
</dataflow>
<dataflow id="270" from="weight_load" to="tmp_90" fromId="80" toId="84">
</dataflow>
<dataflow id="271" from="input_load" to="tmp_90" fromId="81" toId="84">
</dataflow>
<dataflow id="272" from="weight_load" to="tmp_90" fromId="80" toId="85">
</dataflow>
<dataflow id="273" from="input_load" to="tmp_90" fromId="81" toId="85">
</dataflow>
<dataflow id="274" from="sum" to="sum_11" fromId="60" toId="86">
</dataflow>
<dataflow id="275" from="tmp_90" to="sum_11" fromId="85" toId="86">
</dataflow>
<dataflow id="276" from="sum" to="sum_11" fromId="60" toId="87">
</dataflow>
<dataflow id="277" from="tmp_90" to="sum_11" fromId="85" toId="87">
</dataflow>
<dataflow id="278" from="sum" to="sum_11" fromId="60" toId="88">
</dataflow>
<dataflow id="279" from="tmp_90" to="sum_11" fromId="85" toId="88">
</dataflow>
<dataflow id="280" from="sum" to="sum_11" fromId="60" toId="89">
</dataflow>
<dataflow id="281" from="tmp_90" to="sum_11" fromId="85" toId="89">
</dataflow>
<dataflow id="282" from="sum" to="sum_11" fromId="60" toId="90">
</dataflow>
<dataflow id="283" from="tmp_90" to="sum_11" fromId="85" toId="90">
</dataflow>
<dataflow id="284" from="bias_addr" to="bias_load" fromId="36" toId="92">
</dataflow>
<dataflow id="285" from="sum" to="result" fromId="60" toId="93">
</dataflow>
<dataflow id="286" from="bias_load" to="result" fromId="92" toId="93">
</dataflow>
<dataflow id="287" from="sum" to="result" fromId="60" toId="94">
</dataflow>
<dataflow id="288" from="bias_load" to="result" fromId="92" toId="94">
</dataflow>
<dataflow id="289" from="sum" to="result" fromId="60" toId="95">
</dataflow>
<dataflow id="290" from="bias_load" to="result" fromId="92" toId="95">
</dataflow>
<dataflow id="291" from="sum" to="result" fromId="60" toId="96">
</dataflow>
<dataflow id="292" from="bias_load" to="result" fromId="92" toId="96">
</dataflow>
<dataflow id="293" from="sum" to="result" fromId="60" toId="97">
</dataflow>
<dataflow id="294" from="bias_load" to="result" fromId="92" toId="97">
</dataflow>
<dataflow id="295" from="result" to="tmp_19" fromId="97" toId="98">
</dataflow>
<dataflow id="296" from="StgValue_223" to="tmp_19" fromId="223" toId="98">
</dataflow>
<dataflow id="297" from="result" to="result_to_int" fromId="97" toId="99">
</dataflow>
<dataflow id="299" from="_ssdm_op_PartSelect.i8.i32.i32.i32" to="tmp_16" fromId="298" toId="100">
</dataflow>
<dataflow id="300" from="result_to_int" to="tmp_16" fromId="99" toId="100">
</dataflow>
<dataflow id="302" from="StgValue_301" to="tmp_16" fromId="301" toId="100">
</dataflow>
<dataflow id="304" from="StgValue_303" to="tmp_16" fromId="303" toId="100">
</dataflow>
<dataflow id="305" from="result_to_int" to="tmp_91" fromId="99" toId="101">
</dataflow>
<dataflow id="306" from="tmp_16" to="notlhs" fromId="100" toId="102">
</dataflow>
<dataflow id="308" from="StgValue_307" to="notlhs" fromId="307" toId="102">
</dataflow>
<dataflow id="309" from="tmp_91" to="notrhs" fromId="101" toId="103">
</dataflow>
<dataflow id="311" from="StgValue_310" to="notrhs" fromId="310" toId="103">
</dataflow>
<dataflow id="312" from="notrhs" to="tmp_18" fromId="103" toId="104">
</dataflow>
<dataflow id="313" from="notlhs" to="tmp_18" fromId="102" toId="104">
</dataflow>
<dataflow id="314" from="tmp_18" to="tmp_20" fromId="104" toId="105">
</dataflow>
<dataflow id="315" from="tmp_19" to="tmp_20" fromId="98" toId="105">
</dataflow>
<dataflow id="316" from="tmp_20" to="result_4" fromId="105" toId="106">
</dataflow>
<dataflow id="317" from="result" to="result_4" fromId="97" toId="106">
</dataflow>
<dataflow id="318" from="StgValue_223" to="result_4" fromId="223" toId="106">
</dataflow>
<dataflow id="319" from="result_4" to="StgValue_107" fromId="106" toId="107">
</dataflow>
<dataflow id="320" from="output_addr" to="StgValue_107" fromId="57" toId="107">
</dataflow>
<dataflow id="321" from="exitcond3" to="StgValue_2" fromId="26" toId="2">
</dataflow>
<dataflow id="322" from="exitcond2" to="StgValue_3" fromId="40" toId="3">
</dataflow>
<dataflow id="323" from="exitcond1" to="StgValue_4" fromId="50" toId="4">
</dataflow>
<dataflow id="324" from="exitcond" to="StgValue_5" fromId="62" toId="5">
</dataflow>
</dataflows>


</stg>
