<profile>

<section name = "Vivado HLS Report for 'subconv_3x3_8_no_rel'" level="0">
<item name = "Date">Mon Dec 10 14:57:23 2018
</item>
<item name = "Version">2017.2 (Build 1909853 on Thu Jun 15 18:55:24 MDT 2017)</item>
<item name = "Project">accelerator_hls</item>
<item name = "Solution">naive</item>
<item name = "Product family">zynq</item>
<item name = "Target device">xc7z020clg484-1</item>
</section>

<section name = "Performance Estimates" level="0">
<item name = "Timing (ns)">
<section name = "" level="1">
<item name = "Summary"><table name="" hasTotal="0">
<keys size="4">Clock, Target, Estimated, Uncertainty</keys>
<column name="ap_clk">10.00, 7.26, 1.25</column>
</table>
</item>
</section>
</item>
<item name = "Latency (clock cycles)">
<section name = "" level="1">
<item name = "Summary"><table name="" hasTotal="0">
<keys size="6">, min, max, min, max, Type</keys>
<column name="">378721, 378721, 378721, 378721, none</column>
</table>
</item>
<item name = "Detail">
<section name = "" level="1">
<item name = "Instance"><table name="" hasTotal="0">
<keys size="7">Instance, Module, min, max, min, max, Type</keys>
</table>
</item>
<item name = "Loop"><table name="" hasTotal="0">
<keys size="8">Loop Name, min, max, Latency, achieved, target, Count, Pipelined</keys>
<column name="- Loop 1">378720, 378720, 7890, -, -, 48, no</column>
<column name=" + Loop 1.1">7888, 7888, 986, -, -, 8, no</column>
<column name="  ++ Loop 1.1.1">984, 984, 123, -, -, 8, no</column>
<column name="   +++ Loop 1.1.1.1">114, 114, 38, -, -, 3, no</column>
<column name="    ++++ Loop 1.1.1.1.1">36, 36, 12, -, -, 3, no</column>
</table>
</item>
</section>
</item>
</section>
</item>
</section>

<section name = "Utilization Estimates" level="0">
<item name = "Summary"><table name="" hasTotal="1">
<keys size="5">Name, BRAM_18K, DSP48E, FF, LUT</keys>
<column name="DSP">-, -, -, -</column>
<column name="Expression">-, -, 467, 277</column>
<column name="FIFO">-, -, -, -</column>
<column name="Instance">-, 5, 348, 711</column>
<column name="Memory">-, -, -, -</column>
<column name="Multiplexer">-, -, -, 206</column>
<column name="Register">-, -, 394, -</column>
<specialColumn name="Available">280, 220, 106400, 53200</specialColumn>
<specialColumn name="Utilization (%)">0, 2, 1, 2</specialColumn>
</table>
</item>
<item name = "Detail">
<section name = "" level="1">
<item name = "Instance"><table name="" hasTotal="1">
<keys size="6">Instance, Module, BRAM_18K, DSP48E, FF, LUT</keys>
<column name="ShuffleNetV2_faddbkb_x_U96">ShuffleNetV2_faddbkb, 0, 2, 205, 390</column>
<column name="ShuffleNetV2_fmulcud_x_U97">ShuffleNetV2_fmulcud, 0, 3, 143, 321</column>
</table>
</item>
<item name = "DSP48"><table name="" hasTotal="0">
<keys size="3">Instance, Module, Expression</keys>
</table>
</item>
<item name = "Memory"><table name="" hasTotal="1">
<keys size="9">Memory, Module, BRAM_18K, FF, LUT, Words, Bits, Banks, W*Bits*Banks</keys>
</table>
</item>
<item name = "FIFO"><table name="" hasTotal="1">
<keys size="7">Name, BRAM_18K, FF, LUT, Depth, Bits, Size:D*B</keys>
</table>
</item>
<item name = "Expression"><table name="" hasTotal="1">
<keys size="7">Variable Name, Operation, DSP48E, FF, LUT, Bitwidth P0, Bitwidth P1</keys>
<column name="co_2_fu_198_p2">+, 0, 23, 11, 6, 1</column>
<column name="h_2_fu_261_p2">+, 0, 17, 9, 4, 1</column>
<column name="m_2_fu_316_p2">+, 0, 11, 8, 2, 1</column>
<column name="n_2_fu_426_p2">+, 0, 11, 8, 2, 1</column>
<column name="tmp4_fu_359_p2">+, 0, 11, 8, 2, 2</column>
<column name="tmp5_fu_441_p2">+, 0, 11, 8, 2, 2</column>
<column name="tmp_18_fu_369_p2">+, 0, 20, 10, 5, 5</column>
<column name="tmp_21_fu_451_p2">+, 0, 20, 10, 5, 5</column>
<column name="tmp_22_fu_271_p2">+, 0, 35, 15, 10, 10</column>
<column name="tmp_24_fu_411_p2">+, 0, 44, 18, 13, 13</column>
<column name="tmp_27_fu_326_p2">+, 0, 35, 15, 10, 10</column>
<column name="tmp_29_fu_378_p2">+, 0, 35, 15, 10, 10</column>
<column name="tmp_31_fu_436_p2">+, 0, 35, 15, 10, 10</column>
<column name="tmp_33_fu_476_p2">+, 0, 44, 18, 13, 13</column>
<column name="w_2_fu_294_p2">+, 0, 17, 9, 4, 1</column>
<column name="tmp_16_fu_343_p2">-, 0, 14, 9, 1, 3</column>
<column name="tmp_20_fu_241_p2">-, 0, 32, 14, 9, 9</column>
<column name="tmp_23_fu_300_p2">-, 0, 17, 9, 1, 4</column>
<column name="tmp_28_fu_337_p2">-, 0, 35, 15, 10, 10</column>
<column name="sel_tmp2_fu_502_p2">and, 0, 0, 2, 1, 1</column>
<column name="tmp6_fu_494_p2">and, 0, 0, 2, 1, 1</column>
<column name="tmp7_fu_498_p2">and, 0, 0, 2, 1, 1</column>
<column name="exitcond1_fu_310_p2">icmp, 0, 0, 1, 2, 2</column>
<column name="exitcond2_fu_288_p2">icmp, 0, 0, 2, 4, 5</column>
<column name="exitcond3_fu_255_p2">icmp, 0, 0, 2, 4, 5</column>
<column name="exitcond4_fu_192_p2">icmp, 0, 0, 3, 6, 6</column>
<column name="exitcond_fu_420_p2">icmp, 0, 0, 1, 2, 2</column>
<column name="icmp5_fu_466_p2">icmp, 0, 0, 1, 2, 1</column>
<column name="icmp_fu_401_p2">icmp, 0, 0, 1, 2, 1</column>
<column name="notlhs_fu_481_p2">icmp, 0, 0, 2, 4, 4</column>
<column name="tmp_17_fu_353_p2">icmp, 0, 0, 2, 4, 4</column>
<column name="tmp_25_fu_508_p3">select, 0, 0, 32, 1, 32</column>
</table>
</item>
<item name = "Multiplexer"><table name="" hasTotal="1">
<keys size="5">Name, LUT, Input Size, Bits, Total Bits</keys>
<column name="ap_NS_fsm">113, 25, 1, 25</column>
<column name="co_reg_101">9, 2, 6, 12</column>
<column name="grp_fu_182_p0">15, 3, 32, 96</column>
<column name="grp_fu_182_p1">15, 3, 32, 96</column>
<column name="h_reg_112">9, 2, 4, 8</column>
<column name="m_reg_148">9, 2, 2, 4</column>
<column name="n_reg_171">9, 2, 2, 4</column>
<column name="sum_1_reg_159">9, 2, 32, 64</column>
<column name="sum_reg_136">9, 2, 32, 64</column>
<column name="w_reg_124">9, 2, 4, 8</column>
</table>
</item>
<item name = "Register"><table name="" hasTotal="1">
<keys size="5">Name, FF, LUT, Bits, Const Bits</keys>
<column name="ap_CS_fsm">24, 0, 24, 0</column>
<column name="bias_addr_reg_543">6, 0, 6, 0</column>
<column name="bias_load_reg_675">32, 0, 32, 0</column>
<column name="co_2_reg_523">6, 0, 6, 0</column>
<column name="co_reg_101">6, 0, 6, 0</column>
<column name="h_2_reg_556">4, 0, 4, 0</column>
<column name="h_cast_reg_548">4, 0, 5, 1</column>
<column name="h_reg_112">4, 0, 4, 0</column>
<column name="icmp5_reg_630">1, 0, 1, 0</column>
<column name="icmp_reg_607">1, 0, 1, 0</column>
<column name="m_2_reg_587">2, 0, 2, 0</column>
<column name="m_reg_148">2, 0, 2, 0</column>
<column name="n_2_reg_620">2, 0, 2, 0</column>
<column name="n_reg_171">2, 0, 2, 0</column>
<column name="notlhs_reg_640">1, 0, 1, 0</column>
<column name="result_reg_680">32, 0, 32, 0</column>
<column name="sum_1_reg_159">32, 0, 32, 0</column>
<column name="sum_reg_136">32, 0, 32, 0</column>
<column name="tmp_17_reg_597">1, 0, 1, 0</column>
<column name="tmp_23_reg_579">4, 0, 4, 0</column>
<column name="tmp_24_reg_612">13, 0, 13, 0</column>
<column name="tmp_25_reg_660">32, 0, 32, 0</column>
<column name="tmp_26_reg_665">32, 0, 32, 0</column>
<column name="tmp_28_reg_592">10, 0, 10, 0</column>
<column name="tmp_31_reg_625">10, 0, 10, 0</column>
<column name="tmp_33_reg_635">13, 0, 13, 0</column>
<column name="tmp_35_cast2_reg_528">6, 0, 10, 4</column>
<column name="tmp_35_cast_reg_533">6, 0, 10, 4</column>
<column name="tmp_37_cast_reg_538">10, 0, 10, 0</column>
<column name="tmp_40_cast_reg_561">10, 0, 13, 3</column>
<column name="tmp_47_cast_reg_602">10, 0, 13, 3</column>
<column name="w_2_reg_574">4, 0, 4, 0</column>
<column name="w_cast_reg_566">4, 0, 5, 1</column>
<column name="w_reg_124">4, 0, 4, 0</column>
<column name="weight_load_reg_655">32, 0, 32, 0</column>
</table>
</item>
</section>
</item>
</section>

<section name = "Interface" level="0">
<item name = "Summary"><table name="" hasTotal="0">
<keys size="6">RTL Ports, Dir, Bits, Protocol, Source Object, C Type</keys>
<column name="ap_clk">in, 1, ap_ctrl_hs, subconv_3x3_8_no_rel, return value</column>
<column name="ap_rst">in, 1, ap_ctrl_hs, subconv_3x3_8_no_rel, return value</column>
<column name="ap_start">in, 1, ap_ctrl_hs, subconv_3x3_8_no_rel, return value</column>
<column name="ap_done">out, 1, ap_ctrl_hs, subconv_3x3_8_no_rel, return value</column>
<column name="ap_idle">out, 1, ap_ctrl_hs, subconv_3x3_8_no_rel, return value</column>
<column name="ap_ready">out, 1, ap_ctrl_hs, subconv_3x3_8_no_rel, return value</column>
<column name="input_0_address0">out, 12, ap_memory, input_0, array</column>
<column name="input_0_ce0">out, 1, ap_memory, input_0, array</column>
<column name="input_0_q0">in, 32, ap_memory, input_0, array</column>
<column name="weight_address0">out, 9, ap_memory, weight, array</column>
<column name="weight_ce0">out, 1, ap_memory, weight, array</column>
<column name="weight_q0">in, 32, ap_memory, weight, array</column>
<column name="bias_address0">out, 6, ap_memory, bias, array</column>
<column name="bias_ce0">out, 1, ap_memory, bias, array</column>
<column name="bias_q0">in, 32, ap_memory, bias, array</column>
<column name="output_0_address0">out, 12, ap_memory, output_0, array</column>
<column name="output_0_ce0">out, 1, ap_memory, output_0, array</column>
<column name="output_0_we0">out, 1, ap_memory, output_0, array</column>
<column name="output_0_d0">out, 32, ap_memory, output_0, array</column>
</table>
</item>
</section>
</profile>
