<profile>

<section name = "Vivado HLS Report for 'subconv_1x1_8p20'" level="0">
<item name = "Date">Mon Dec 10 14:57:23 2018
</item>
<item name = "Version">2017.2 (Build 1909853 on Thu Jun 15 18:55:24 MDT 2017)</item>
<item name = "Project">accelerator_hls</item>
<item name = "Solution">naive</item>
<item name = "Product family">zynq</item>
<item name = "Target device">xc7z020clg484-1</item>
</section>

<section name = "Performance Estimates" level="0">
<item name = "Timing (ns)">
<section name = "" level="1">
<item name = "Summary"><table name="" hasTotal="0">
<keys size="4">Clock, Target, Estimated, Uncertainty</keys>
<column name="ap_clk">10.00, 8.53, 1.25</column>
</table>
</item>
</section>
</item>
<item name = "Latency (clock cycles)">
<section name = "" level="1">
<item name = "Summary"><table name="" hasTotal="0">
<keys size="6">, min, max, min, max, Type</keys>
<column name="">6551233, 6551233, 6551233, 6551233, none</column>
</table>
</item>
<item name = "Detail">
<section name = "" level="1">
<item name = "Instance"><table name="" hasTotal="0">
<keys size="7">Instance, Module, min, max, min, max, Type</keys>
</table>
</item>
<item name = "Loop"><table name="" hasTotal="0">
<keys size="8">Loop Name, min, max, Latency, achieved, target, Count, Pipelined</keys>
<column name="- Loop 1">6551232, 6551232, 68242, -, -, 96, no</column>
<column name=" + Loop 1.1">68240, 68240, 8530, -, -, 8, no</column>
<column name="  ++ Loop 1.1.1">8528, 8528, 1066, -, -, 8, no</column>
<column name="   +++ Loop 1.1.1.1">1056, 1056, 11, -, -, 96, no</column>
</table>
</item>
</section>
</item>
</section>
</item>
</section>

<section name = "Utilization Estimates" level="0">
<item name = "Summary"><table name="" hasTotal="1">
<keys size="5">Name, BRAM_18K, DSP48E, FF, LUT</keys>
<column name="DSP">-, -, -, -</column>
<column name="Expression">-, -, 356, 217</column>
<column name="FIFO">-, -, -, -</column>
<column name="Instance">-, 5, 414, 950</column>
<column name="Memory">-, -, -, -</column>
<column name="Multiplexer">-, -, -, 173</column>
<column name="Register">-, -, 316, -</column>
<specialColumn name="Available">280, 220, 106400, 53200</specialColumn>
<specialColumn name="Utilization (%)">0, 2, 1, 2</specialColumn>
</table>
</item>
<item name = "Detail">
<section name = "" level="1">
<item name = "Instance"><table name="" hasTotal="1">
<keys size="6">Instance, Module, BRAM_18K, DSP48E, FF, LUT</keys>
<column name="ShuffleNetV2_faddbkb_x_U110">ShuffleNetV2_faddbkb, 0, 2, 205, 390</column>
<column name="ShuffleNetV2_fcmpdEe_x_U112">ShuffleNetV2_fcmpdEe, 0, 0, 66, 239</column>
<column name="ShuffleNetV2_fmulcud_x_U111">ShuffleNetV2_fmulcud, 0, 3, 143, 321</column>
</table>
</item>
<item name = "DSP48"><table name="" hasTotal="0">
<keys size="3">Instance, Module, Expression</keys>
</table>
</item>
<item name = "Memory"><table name="" hasTotal="1">
<keys size="9">Memory, Module, BRAM_18K, FF, LUT, Words, Bits, Banks, W*Bits*Banks</keys>
</table>
</item>
<item name = "FIFO"><table name="" hasTotal="1">
<keys size="7">Name, BRAM_18K, FF, LUT, Depth, Bits, Size:D*B</keys>
</table>
</item>
<item name = "Expression"><table name="" hasTotal="1">
<keys size="7">Variable Name, Operation, DSP48E, FF, LUT, Bitwidth P0, Bitwidth P1</keys>
<column name="ci_1_fu_288_p2">+, 0, 26, 12, 7, 1</column>
<column name="co_7_fu_174_p2">+, 0, 26, 12, 7, 1</column>
<column name="h_7_fu_233_p2">+, 0, 17, 9, 4, 1</column>
<column name="tmp_92_fu_243_p2">+, 0, 38, 16, 11, 11</column>
<column name="tmp_93_fu_272_p2">+, 0, 47, 19, 14, 14</column>
<column name="tmp_94_fu_298_p2">+, 0, 50, 20, 15, 15</column>
<column name="tmp_96_fu_320_p2">+, 0, 38, 16, 11, 11</column>
<column name="tmp_97_fu_333_p2">+, 0, 47, 19, 14, 14</column>
<column name="w_7_fu_262_p2">+, 0, 17, 9, 4, 1</column>
<column name="tmp_90_fu_209_p2">-, 0, 50, 20, 15, 15</column>
<column name="tmp_5_fu_378_p2">and, 0, 0, 2, 1, 1</column>
<column name="exitcond1_fu_256_p2">icmp, 0, 0, 2, 4, 5</column>
<column name="exitcond2_fu_227_p2">icmp, 0, 0, 2, 4, 5</column>
<column name="exitcond3_fu_168_p2">icmp, 0, 0, 4, 7, 7</column>
<column name="exitcond_fu_282_p2">icmp, 0, 0, 4, 7, 7</column>
<column name="notlhs_fu_360_p2">icmp, 0, 0, 4, 8, 2</column>
<column name="notrhs_fu_366_p2">icmp, 0, 0, 13, 23, 1</column>
<column name="tmp_3_fu_372_p2">or, 0, 0, 2, 1, 1</column>
<column name="output_r_d0">select, 0, 0, 32, 1, 32</column>
</table>
</item>
<item name = "Multiplexer"><table name="" hasTotal="1">
<keys size="5">Name, LUT, Input Size, Bits, Total Bits</keys>
<column name="ap_NS_fsm">113, 24, 1, 24</column>
<column name="ci_reg_143">9, 2, 7, 14</column>
<column name="co_reg_98">9, 2, 7, 14</column>
<column name="grp_fu_154_p1">15, 3, 32, 96</column>
<column name="h_reg_109">9, 2, 4, 8</column>
<column name="sum_reg_131">9, 2, 32, 64</column>
<column name="w_reg_120">9, 2, 4, 8</column>
</table>
</item>
<item name = "Register"><table name="" hasTotal="1">
<keys size="5">Name, FF, LUT, Bits, Const Bits</keys>
<column name="ap_CS_fsm">23, 0, 23, 0</column>
<column name="bias_addr_reg_409">7, 0, 7, 0</column>
<column name="bias_load_reg_488">32, 0, 32, 0</column>
<column name="ci_1_reg_453">7, 0, 7, 0</column>
<column name="ci_reg_143">7, 0, 7, 0</column>
<column name="co_7_reg_394">7, 0, 7, 0</column>
<column name="co_reg_98">7, 0, 7, 0</column>
<column name="h_7_reg_417">4, 0, 4, 0</column>
<column name="h_reg_109">4, 0, 4, 0</column>
<column name="output_addr_reg_445">13, 0, 13, 0</column>
<column name="result_reg_493">32, 0, 32, 0</column>
<column name="shuffleunit1_7_outpu_1_reg_473">32, 0, 32, 0</column>
<column name="sum_reg_131">32, 0, 32, 0</column>
<column name="tmp_126_cast_reg_404">7, 0, 11, 4</column>
<column name="tmp_129_cast_reg_427">11, 0, 14, 3</column>
<column name="tmp_4_reg_500">1, 0, 1, 0</column>
<column name="tmp_79_cast_reg_440">4, 0, 14, 10</column>
<column name="tmp_81_reg_478">32, 0, 32, 0</column>
<column name="tmp_90_reg_399">10, 0, 15, 5</column>
<column name="tmp_cast_reg_422">4, 0, 11, 7</column>
<column name="w_7_reg_435">4, 0, 4, 0</column>
<column name="w_reg_120">4, 0, 4, 0</column>
<column name="weight_load_reg_468">32, 0, 32, 0</column>
</table>
</item>
</section>
</item>
</section>

<section name = "Interface" level="0">
<item name = "Summary"><table name="" hasTotal="0">
<keys size="6">RTL Ports, Dir, Bits, Protocol, Source Object, C Type</keys>
<column name="ap_clk">in, 1, ap_ctrl_hs, subconv_1x1_8p20, return value</column>
<column name="ap_rst">in, 1, ap_ctrl_hs, subconv_1x1_8p20, return value</column>
<column name="ap_start">in, 1, ap_ctrl_hs, subconv_1x1_8p20, return value</column>
<column name="ap_done">out, 1, ap_ctrl_hs, subconv_1x1_8p20, return value</column>
<column name="ap_idle">out, 1, ap_ctrl_hs, subconv_1x1_8p20, return value</column>
<column name="ap_ready">out, 1, ap_ctrl_hs, subconv_1x1_8p20, return value</column>
<column name="weight_address0">out, 14, ap_memory, weight, array</column>
<column name="weight_ce0">out, 1, ap_memory, weight, array</column>
<column name="weight_q0">in, 32, ap_memory, weight, array</column>
<column name="bias_address0">out, 7, ap_memory, bias, array</column>
<column name="bias_ce0">out, 1, ap_memory, bias, array</column>
<column name="bias_q0">in, 32, ap_memory, bias, array</column>
<column name="output_r_address0">out, 13, ap_memory, output_r, array</column>
<column name="output_r_ce0">out, 1, ap_memory, output_r, array</column>
<column name="output_r_we0">out, 1, ap_memory, output_r, array</column>
<column name="output_r_d0">out, 32, ap_memory, output_r, array</column>
<column name="shuffleunit1_7_outpu_address0">out, 13, ap_memory, shuffleunit1_7_outpu, array</column>
<column name="shuffleunit1_7_outpu_ce0">out, 1, ap_memory, shuffleunit1_7_outpu, array</column>
<column name="shuffleunit1_7_outpu_q0">in, 32, ap_memory, shuffleunit1_7_outpu, array</column>
</table>
</item>
</section>
</profile>
