<?xml version="1.0" encoding="UTF-8"?>
<vivadoHLSLog:LogRoot xmlns:vivadoHLSLog="www.xilinx.com/vivadoHLSLog">
  <errorLogs>
    <logs>
      <synLog/>
      <simLog/>
      <mgLog/>
      <packageLog/>
      <csimLog>
        <logs message="ERROR: [SIM 211-100] 'csim_design' failed: compilation error(s)." projectName="accelerator_hls" solutionName="naive" date="2018-12-10T14:58:13.741-0600"/>
        <logs message="ERROR: [SIM 211-100] 'csim_design' failed: compilation error(s)." projectName="accelerator_hls" solutionName="naive" date="2018-12-10T14:57:46.216-0600"/>
      </csimLog>
    </logs>
  </errorLogs>
  <warningLogs>
    <logs>
      <synLog>
        <logs message="WARNING: [RTGEN 206-101] RTL name 'ShuffleNetV2_fmulcud' is changed to 'ShuffleNetV2_fmulcud_x' due to conflict." projectName="accelerator_hls" solutionName="naive" date="2018-12-10T14:57:26.635-0600" type="Warning"/>
        <logs message="WARNING: [RTGEN 206-101] RTL name 'ShuffleNetV2_faddbkb' is changed to 'ShuffleNetV2_faddbkb_x' due to conflict." projectName="accelerator_hls" solutionName="naive" date="2018-12-10T14:57:26.295-0600" type="Warning"/>
        <logs message="WARNING: [RTGEN 206-101] Global array 'avgpool_output' will not be exposed as RTL port." projectName="accelerator_hls" solutionName="naive" date="2018-12-10T14:57:26.206-0600" type="Warning"/>
        <logs message="WARNING: [RTGEN 206-101] Global array 'conv_last_output' will not be exposed as RTL port." projectName="accelerator_hls" solutionName="naive" date="2018-12-10T14:57:26.199-0600" type="Warning"/>
        <logs message="WARNING: [RTGEN 206-101] Global array 'shuffleunit2_2_outpu' will not be exposed as RTL port." projectName="accelerator_hls" solutionName="naive" date="2018-12-10T14:57:26.185-0600" type="Warning"/>
        <logs message="WARNING: [RTGEN 206-101] Global array 'shuffleunit2_1_outpu' will not be exposed as RTL port." projectName="accelerator_hls" solutionName="naive" date="2018-12-10T14:57:26.171-0600" type="Warning"/>
        <logs message="WARNING: [RTGEN 206-101] Global array 'shuffleunit2_0_outpu' will not be exposed as RTL port." projectName="accelerator_hls" solutionName="naive" date="2018-12-10T14:57:26.158-0600" type="Warning"/>
        <logs message="WARNING: [RTGEN 206-101] Global array 'downsampleunit2_outp' will not be exposed as RTL port." projectName="accelerator_hls" solutionName="naive" date="2018-12-10T14:57:26.148-0600" type="Warning"/>
        <logs message="WARNING: [RTGEN 206-101] Global array 'shuffleunit1_7_outpu' will not be exposed as RTL port." projectName="accelerator_hls" solutionName="naive" date="2018-12-10T14:57:26.134-0600" type="Warning"/>
        <logs message="WARNING: [RTGEN 206-101] Global array 'shuffleunit1_6_outpu' will not be exposed as RTL port." projectName="accelerator_hls" solutionName="naive" date="2018-12-10T14:57:26.121-0600" type="Warning"/>
        <logs message="WARNING: [RTGEN 206-101] Global array 'shuffleunit1_5_outpu' will not be exposed as RTL port." projectName="accelerator_hls" solutionName="naive" date="2018-12-10T14:57:26.112-0600" type="Warning"/>
        <logs message="WARNING: [RTGEN 206-101] Global array 'shuffleunit1_4_outpu' will not be exposed as RTL port." projectName="accelerator_hls" solutionName="naive" date="2018-12-10T14:57:26.103-0600" type="Warning"/>
        <logs message="WARNING: [RTGEN 206-101] Global array 'shuffleunit1_3_outpu' will not be exposed as RTL port." projectName="accelerator_hls" solutionName="naive" date="2018-12-10T14:57:26.090-0600" type="Warning"/>
        <logs message="WARNING: [RTGEN 206-101] Global array 'shuffleunit1_2_outpu' will not be exposed as RTL port." projectName="accelerator_hls" solutionName="naive" date="2018-12-10T14:57:26.080-0600" type="Warning"/>
        <logs message="WARNING: [RTGEN 206-101] Global array 'shuffleunit1_1_outpu' will not be exposed as RTL port." projectName="accelerator_hls" solutionName="naive" date="2018-12-10T14:57:26.071-0600" type="Warning"/>
        <logs message="WARNING: [RTGEN 206-101] Global array 'shuffleunit1_0_outpu' will not be exposed as RTL port." projectName="accelerator_hls" solutionName="naive" date="2018-12-10T14:57:26.061-0600" type="Warning"/>
        <logs message="WARNING: [RTGEN 206-101] Global array 'downsampleunit1_outp' will not be exposed as RTL port." projectName="accelerator_hls" solutionName="naive" date="2018-12-10T14:57:26.052-0600" type="Warning"/>
        <logs message="WARNING: [RTGEN 206-101] Global array 'shuffleunit0_2_outpu' will not be exposed as RTL port." projectName="accelerator_hls" solutionName="naive" date="2018-12-10T14:57:26.039-0600" type="Warning"/>
        <logs message="WARNING: [RTGEN 206-101] Global array 'shuffleunit0_1_outpu' will not be exposed as RTL port." projectName="accelerator_hls" solutionName="naive" date="2018-12-10T14:57:26.027-0600" type="Warning"/>
        <logs message="WARNING: [RTGEN 206-101] Global array 'shuffleunit0_0_outpu' will not be exposed as RTL port." projectName="accelerator_hls" solutionName="naive" date="2018-12-10T14:57:26.019-0600" type="Warning"/>
        <logs message="WARNING: [RTGEN 206-101] Global array 'downsampleunit0_outp' will not be exposed as RTL port." projectName="accelerator_hls" solutionName="naive" date="2018-12-10T14:57:26.010-0600" type="Warning"/>
        <logs message="WARNING: [RTGEN 206-101] Global array 'conv1_output' will not be exposed as RTL port." projectName="accelerator_hls" solutionName="naive" date="2018-12-10T14:57:25.999-0600" type="Warning"/>
        <logs message="WARNING: [RTGEN 206-101] Global array 'fc_bias' will not be exposed as RTL port." projectName="accelerator_hls" solutionName="naive" date="2018-12-10T14:57:25.989-0600" type="Warning"/>
        <logs message="WARNING: [RTGEN 206-101] Global array 'conv_last_bias' will not be exposed as RTL port." projectName="accelerator_hls" solutionName="naive" date="2018-12-10T14:57:25.979-0600" type="Warning"/>
        <logs message="WARNING: [RTGEN 206-101] Global array 'ShuffleConvs_2_Shuff' will not be exposed as RTL port." projectName="accelerator_hls" solutionName="naive" date="2018-12-10T14:57:25.968-0600" type="Warning"/>
        <logs message="WARNING: [RTGEN 206-101] Global array 'ShuffleConvs_2_Shuff_17' will not be exposed as RTL port." projectName="accelerator_hls" solutionName="naive" date="2018-12-10T14:57:25.962-0600" type="Warning"/>
        <logs message="WARNING: [RTGEN 206-101] Global array 'ShuffleConvs_2_Shuff_4' will not be exposed as RTL port." projectName="accelerator_hls" solutionName="naive" date="2018-12-10T14:57:25.959-0600" type="Warning"/>
        <logs message="WARNING: [RTGEN 206-101] Global array 'ShuffleConvs_2_Shuff_3' will not be exposed as RTL port." projectName="accelerator_hls" solutionName="naive" date="2018-12-10T14:57:25.956-0600" type="Warning"/>
        <logs message="WARNING: [RTGEN 206-101] Global array 'ShuffleConvs_2_Shuff_1' will not be exposed as RTL port." projectName="accelerator_hls" solutionName="naive" date="2018-12-10T14:57:25.953-0600" type="Warning"/>
        <logs message="WARNING: [RTGEN 206-101] Global array 'ShuffleConvs_2_Shuff_22' will not be exposed as RTL port." projectName="accelerator_hls" solutionName="naive" date="2018-12-10T14:57:25.950-0600" type="Warning"/>
        <logs message="WARNING: [RTGEN 206-101] Global array 'ShuffleConvs_2_Shuff_21' will not be exposed as RTL port." projectName="accelerator_hls" solutionName="naive" date="2018-12-10T14:57:25.947-0600" type="Warning"/>
        <logs message="WARNING: [RTGEN 206-101] Global array 'ShuffleConvs_2_Shuff_20' will not be exposed as RTL port." projectName="accelerator_hls" solutionName="naive" date="2018-12-10T14:57:25.944-0600" type="Warning"/>
        <logs message="WARNING: [RTGEN 206-101] Global array 'ShuffleConvs_2_Shuff_19' will not be exposed as RTL port." projectName="accelerator_hls" solutionName="naive" date="2018-12-10T14:57:25.941-0600" type="Warning"/>
        <logs message="WARNING: [RTGEN 206-101] Global array 'ShuffleConvs_2_Downs_4' will not be exposed as RTL port." projectName="accelerator_hls" solutionName="naive" date="2018-12-10T14:57:25.939-0600" type="Warning"/>
        <logs message="WARNING: [RTGEN 206-101] Global array 'ShuffleConvs_2_Downs_1' will not be exposed as RTL port." projectName="accelerator_hls" solutionName="naive" date="2018-12-10T14:57:25.935-0600" type="Warning"/>
        <logs message="WARNING: [RTGEN 206-101] Global array 'ShuffleConvs_2_Downs' will not be exposed as RTL port." projectName="accelerator_hls" solutionName="naive" date="2018-12-10T14:57:25.932-0600" type="Warning"/>
        <logs message="WARNING: [RTGEN 206-101] Global array 'ShuffleConvs_2_Downs_5' will not be exposed as RTL port." projectName="accelerator_hls" solutionName="naive" date="2018-12-10T14:57:25.928-0600" type="Warning"/>
        <logs message="WARNING: [RTGEN 206-101] Global array 'ShuffleConvs_2_Downs_3' will not be exposed as RTL port." projectName="accelerator_hls" solutionName="naive" date="2018-12-10T14:57:25.925-0600" type="Warning"/>
        <logs message="WARNING: [RTGEN 206-101] Global array 'ShuffleConvs_1_Shuff' will not be exposed as RTL port." projectName="accelerator_hls" solutionName="naive" date="2018-12-10T14:57:25.914-0600" type="Warning"/>
        <logs message="WARNING: [RTGEN 206-101] Global array 'ShuffleConvs_1_Shuff_66' will not be exposed as RTL port." projectName="accelerator_hls" solutionName="naive" date="2018-12-10T14:57:25.906-0600" type="Warning"/>
        <logs message="WARNING: [RTGEN 206-101] Global array 'ShuffleConvs_1_Shuff_55' will not be exposed as RTL port." projectName="accelerator_hls" solutionName="naive" date="2018-12-10T14:57:25.900-0600" type="Warning"/>
        <logs message="WARNING: [RTGEN 206-101] Global array 'ShuffleConvs_1_Shuff_39' will not be exposed as RTL port." projectName="accelerator_hls" solutionName="naive" date="2018-12-10T14:57:25.893-0600" type="Warning"/>
        <logs message="WARNING: [RTGEN 206-101] Global array 'ShuffleConvs_1_Shuff_17' will not be exposed as RTL port." projectName="accelerator_hls" solutionName="naive" date="2018-12-10T14:57:25.888-0600" type="Warning"/>
        <logs message="WARNING: [RTGEN 206-101] Global array 'ShuffleConvs_1_Shuff_71' will not be exposed as RTL port." projectName="accelerator_hls" solutionName="naive" date="2018-12-10T14:57:25.882-0600" type="Warning"/>
        <logs message="WARNING: [RTGEN 206-101] Global array 'ShuffleConvs_1_Shuff_70' will not be exposed as RTL port." projectName="accelerator_hls" solutionName="naive" date="2018-12-10T14:57:25.877-0600" type="Warning"/>
        <logs message="WARNING: [RTGEN 206-101] Global array 'ShuffleConvs_1_Shuff_69' will not be exposed as RTL port." projectName="accelerator_hls" solutionName="naive" date="2018-12-10T14:57:25.872-0600" type="Warning"/>
        <logs message="WARNING: [RTGEN 206-101] Global array 'ShuffleConvs_1_Shuff_68' will not be exposed as RTL port." projectName="accelerator_hls" solutionName="naive" date="2018-12-10T14:57:25.866-0600" type="Warning"/>
        <logs message="WARNING: [RTGEN 206-101] Global array 'ShuffleConvs_1_Shuff_67' will not be exposed as RTL port." projectName="accelerator_hls" solutionName="naive" date="2018-12-10T14:57:25.860-0600" type="Warning"/>
        <logs message="WARNING: [RTGEN 206-101] Global array 'ShuffleConvs_1_Shuff_65' will not be exposed as RTL port." projectName="accelerator_hls" solutionName="naive" date="2018-12-10T14:57:25.854-0600" type="Warning"/>
        <logs message="WARNING: [RTGEN 206-101] Global array 'ShuffleConvs_1_Shuff_64' will not be exposed as RTL port." projectName="accelerator_hls" solutionName="naive" date="2018-12-10T14:57:25.846-0600" type="Warning"/>
        <logs message="WARNING: [RTGEN 206-101] Global array 'ShuffleConvs_1_Shuff_63' will not be exposed as RTL port." projectName="accelerator_hls" solutionName="naive" date="2018-12-10T14:57:25.837-0600" type="Warning"/>
        <logs message="WARNING: [RTGEN 206-101] Global array 'ShuffleConvs_1_Shuff_62' will not be exposed as RTL port." projectName="accelerator_hls" solutionName="naive" date="2018-12-10T14:57:25.832-0600" type="Warning"/>
        <logs message="WARNING: [RTGEN 206-101] Global array 'ShuffleConvs_1_Shuff_61' will not be exposed as RTL port." projectName="accelerator_hls" solutionName="naive" date="2018-12-10T14:57:25.826-0600" type="Warning"/>
        <logs message="WARNING: [RTGEN 206-101] Global array 'ShuffleConvs_1_Shuff_60' will not be exposed as RTL port." projectName="accelerator_hls" solutionName="naive" date="2018-12-10T14:57:25.821-0600" type="Warning"/>
        <logs message="WARNING: [RTGEN 206-101] Global array 'ShuffleConvs_1_Shuff_59' will not be exposed as RTL port." projectName="accelerator_hls" solutionName="naive" date="2018-12-10T14:57:25.816-0600" type="Warning"/>
        <logs message="WARNING: [RTGEN 206-101] Global array 'ShuffleConvs_1_Shuff_58' will not be exposed as RTL port." projectName="accelerator_hls" solutionName="naive" date="2018-12-10T14:57:25.810-0600" type="Warning"/>
        <logs message="WARNING: [RTGEN 206-101] Global array 'ShuffleConvs_1_Shuff_57' will not be exposed as RTL port." projectName="accelerator_hls" solutionName="naive" date="2018-12-10T14:57:25.805-0600" type="Warning"/>
        <logs message="WARNING: [RTGEN 206-101] Global array 'ShuffleConvs_1_Shuff_56' will not be exposed as RTL port." projectName="accelerator_hls" solutionName="naive" date="2018-12-10T14:57:25.799-0600" type="Warning"/>
        <logs message="WARNING: [RTGEN 206-101] Global array 'ShuffleConvs_1_Shuff_54' will not be exposed as RTL port." projectName="accelerator_hls" solutionName="naive" date="2018-12-10T14:57:25.790-0600" type="Warning"/>
        <logs message="WARNING: [RTGEN 206-101] Global array 'ShuffleConvs_1_Shuff_53' will not be exposed as RTL port." projectName="accelerator_hls" solutionName="naive" date="2018-12-10T14:57:25.783-0600" type="Warning"/>
        <logs message="WARNING: [RTGEN 206-101] Global array 'ShuffleConvs_1_Shuff_52' will not be exposed as RTL port." projectName="accelerator_hls" solutionName="naive" date="2018-12-10T14:57:25.777-0600" type="Warning"/>
        <logs message="WARNING: [RTGEN 206-101] Global array 'ShuffleConvs_1_Shuff_51' will not be exposed as RTL port." projectName="accelerator_hls" solutionName="naive" date="2018-12-10T14:57:25.771-0600" type="Warning"/>
        <logs message="WARNING: [RTGEN 206-101] Global array 'ShuffleConvs_1_Downs_4' will not be exposed as RTL port." projectName="accelerator_hls" solutionName="naive" date="2018-12-10T14:57:25.766-0600" type="Warning"/>
        <logs message="WARNING: [RTGEN 206-101] Global array 'ShuffleConvs_1_Downs_1' will not be exposed as RTL port." projectName="accelerator_hls" solutionName="naive" date="2018-12-10T14:57:25.761-0600" type="Warning"/>
        <logs message="WARNING: [RTGEN 206-101] Global array 'ShuffleConvs_1_Downs' will not be exposed as RTL port." projectName="accelerator_hls" solutionName="naive" date="2018-12-10T14:57:25.756-0600" type="Warning"/>
        <logs message="WARNING: [RTGEN 206-101] Global array 'ShuffleConvs_1_Downs_5' will not be exposed as RTL port." projectName="accelerator_hls" solutionName="naive" date="2018-12-10T14:57:25.751-0600" type="Warning"/>
        <logs message="WARNING: [RTGEN 206-101] Global array 'ShuffleConvs_1_Downs_3' will not be exposed as RTL port." projectName="accelerator_hls" solutionName="naive" date="2018-12-10T14:57:25.745-0600" type="Warning"/>
        <logs message="WARNING: [RTGEN 206-101] Global array 'ShuffleConvs_0_Shuff' will not be exposed as RTL port." projectName="accelerator_hls" solutionName="naive" date="2018-12-10T14:57:25.738-0600" type="Warning"/>
        <logs message="WARNING: [RTGEN 206-101] Global array 'ShuffleConvs_0_Shuff_17' will not be exposed as RTL port." projectName="accelerator_hls" solutionName="naive" date="2018-12-10T14:57:25.733-0600" type="Warning"/>
        <logs message="WARNING: [RTGEN 206-101] Global array 'ShuffleConvs_0_Shuff_4' will not be exposed as RTL port." projectName="accelerator_hls" solutionName="naive" date="2018-12-10T14:57:25.728-0600" type="Warning"/>
        <logs message="WARNING: [RTGEN 206-101] Global array 'ShuffleConvs_0_Shuff_3' will not be exposed as RTL port." projectName="accelerator_hls" solutionName="naive" date="2018-12-10T14:57:25.721-0600" type="Warning"/>
        <logs message="WARNING: [RTGEN 206-101] Global array 'ShuffleConvs_0_Shuff_1' will not be exposed as RTL port." projectName="accelerator_hls" solutionName="naive" date="2018-12-10T14:57:25.715-0600" type="Warning"/>
        <logs message="WARNING: [RTGEN 206-101] Global array 'ShuffleConvs_0_Shuff_22' will not be exposed as RTL port." projectName="accelerator_hls" solutionName="naive" date="2018-12-10T14:57:25.709-0600" type="Warning"/>
        <logs message="WARNING: [RTGEN 206-101] Global array 'ShuffleConvs_0_Shuff_21' will not be exposed as RTL port." projectName="accelerator_hls" solutionName="naive" date="2018-12-10T14:57:25.703-0600" type="Warning"/>
        <logs message="WARNING: [RTGEN 206-101] Global array 'ShuffleConvs_0_Shuff_20' will not be exposed as RTL port." projectName="accelerator_hls" solutionName="naive" date="2018-12-10T14:57:25.697-0600" type="Warning"/>
        <logs message="WARNING: [RTGEN 206-101] Global array 'ShuffleConvs_0_Shuff_19' will not be exposed as RTL port." projectName="accelerator_hls" solutionName="naive" date="2018-12-10T14:57:25.692-0600" type="Warning"/>
        <logs message="WARNING: [RTGEN 206-101] Global array 'ShuffleConvs_0_Downs_4' will not be exposed as RTL port." projectName="accelerator_hls" solutionName="naive" date="2018-12-10T14:57:25.686-0600" type="Warning"/>
        <logs message="WARNING: [RTGEN 206-101] Global array 'ShuffleConvs_0_Downs_1' will not be exposed as RTL port." projectName="accelerator_hls" solutionName="naive" date="2018-12-10T14:57:25.679-0600" type="Warning"/>
        <logs message="WARNING: [RTGEN 206-101] Global array 'ShuffleConvs_0_Downs' will not be exposed as RTL port." projectName="accelerator_hls" solutionName="naive" date="2018-12-10T14:57:25.673-0600" type="Warning"/>
        <logs message="WARNING: [RTGEN 206-101] Global array 'ShuffleConvs_0_Downs_5' will not be exposed as RTL port." projectName="accelerator_hls" solutionName="naive" date="2018-12-10T14:57:25.666-0600" type="Warning"/>
        <logs message="WARNING: [RTGEN 206-101] Global array 'ShuffleConvs_0_Downs_3' will not be exposed as RTL port." projectName="accelerator_hls" solutionName="naive" date="2018-12-10T14:57:25.660-0600" type="Warning"/>
        <logs message="WARNING: [RTGEN 206-101] Global array 'conv1_bias' will not be exposed as RTL port." projectName="accelerator_hls" solutionName="naive" date="2018-12-10T14:57:25.655-0600" type="Warning"/>
        <logs message="WARNING: [RTGEN 206-101] Global array 'ShuffleConvs_2_Shuff_15' will not be exposed as RTL port." projectName="accelerator_hls" solutionName="naive" date="2018-12-10T14:57:25.648-0600" type="Warning"/>
        <logs message="WARNING: [RTGEN 206-101] Global array 'ShuffleConvs_2_Shuff_9' will not be exposed as RTL port." projectName="accelerator_hls" solutionName="naive" date="2018-12-10T14:57:25.644-0600" type="Warning"/>
        <logs message="WARNING: [RTGEN 206-101] Global array 'ShuffleConvs_2_Shuff_6' will not be exposed as RTL port." projectName="accelerator_hls" solutionName="naive" date="2018-12-10T14:57:25.638-0600" type="Warning"/>
        <logs message="WARNING: [RTGEN 206-101] Global array 'ShuffleConvs_2_Downs_6' will not be exposed as RTL port." projectName="accelerator_hls" solutionName="naive" date="2018-12-10T14:57:25.634-0600" type="Warning"/>
        <logs message="WARNING: [RTGEN 206-101] Global array 'ShuffleConvs_2_Downs_9' will not be exposed as RTL port." projectName="accelerator_hls" solutionName="naive" date="2018-12-10T14:57:25.630-0600" type="Warning"/>
        <logs message="WARNING: [RTGEN 206-101] Global array 'ShuffleConvs_1_Shuff_49' will not be exposed as RTL port." projectName="accelerator_hls" solutionName="naive" date="2018-12-10T14:57:25.621-0600" type="Warning"/>
        <logs message="WARNING: [RTGEN 206-101] Global array 'ShuffleConvs_1_Shuff_43' will not be exposed as RTL port." projectName="accelerator_hls" solutionName="naive" date="2018-12-10T14:57:25.616-0600" type="Warning"/>
        <logs message="WARNING: [RTGEN 206-101] Global array 'ShuffleConvs_1_Shuff_35' will not be exposed as RTL port." projectName="accelerator_hls" solutionName="naive" date="2018-12-10T14:57:25.611-0600" type="Warning"/>
        <logs message="WARNING: [RTGEN 206-101] Global array 'ShuffleConvs_1_Shuff_29' will not be exposed as RTL port." projectName="accelerator_hls" solutionName="naive" date="2018-12-10T14:57:25.606-0600" type="Warning"/>
        <logs message="WARNING: [RTGEN 206-101] Global array 'ShuffleConvs_1_Shuff_23' will not be exposed as RTL port." projectName="accelerator_hls" solutionName="naive" date="2018-12-10T14:57:25.601-0600" type="Warning"/>
        <logs message="WARNING: [RTGEN 206-101] Global array 'ShuffleConvs_1_Shuff_15' will not be exposed as RTL port." projectName="accelerator_hls" solutionName="naive" date="2018-12-10T14:57:25.598-0600" type="Warning"/>
        <logs message="WARNING: [RTGEN 206-101] Global array 'ShuffleConvs_1_Shuff_9' will not be exposed as RTL port." projectName="accelerator_hls" solutionName="naive" date="2018-12-10T14:57:25.593-0600" type="Warning"/>
        <logs message="WARNING: [RTGEN 206-101] Global array 'ShuffleConvs_1_Shuff_3' will not be exposed as RTL port." projectName="accelerator_hls" solutionName="naive" date="2018-12-10T14:57:25.587-0600" type="Warning"/>
        <logs message="WARNING: [RTGEN 206-101] Global array 'ShuffleConvs_1_Downs_6' will not be exposed as RTL port." projectName="accelerator_hls" solutionName="naive" date="2018-12-10T14:57:25.582-0600" type="Warning"/>
        <logs message="WARNING: [RTGEN 206-101] Global array 'ShuffleConvs_1_Downs_9' will not be exposed as RTL port." projectName="accelerator_hls" solutionName="naive" date="2018-12-10T14:57:25.577-0600" type="Warning"/>
        <logs message="WARNING: [RTGEN 206-101] Global array 'ShuffleConvs_0_Shuff_15' will not be exposed as RTL port." projectName="accelerator_hls" solutionName="naive" date="2018-12-10T14:57:25.573-0600" type="Warning"/>
        <logs message="WARNING: [RTGEN 206-101] Global array 'ShuffleConvs_0_Shuff_9' will not be exposed as RTL port." projectName="accelerator_hls" solutionName="naive" date="2018-12-10T14:57:25.570-0600" type="Warning"/>
        <logs message="WARNING: [RTGEN 206-101] Global array 'ShuffleConvs_0_Shuff_6' will not be exposed as RTL port." projectName="accelerator_hls" solutionName="naive" date="2018-12-10T14:57:25.566-0600" type="Warning"/>
        <logs message="WARNING: [RTGEN 206-101] Global array 'ShuffleConvs_0_Downs_6' will not be exposed as RTL port." projectName="accelerator_hls" solutionName="naive" date="2018-12-10T14:57:25.562-0600" type="Warning"/>
        <logs message="WARNING: [RTGEN 206-101] Global array 'ShuffleConvs_0_Downs_9' will not be exposed as RTL port." projectName="accelerator_hls" solutionName="naive" date="2018-12-10T14:57:25.558-0600" type="Warning"/>
        <logs message="WARNING: [RTGEN 206-101] Global array 'ShuffleConvs_2_Shuff_18' will not be exposed as RTL port." projectName="accelerator_hls" solutionName="naive" date="2018-12-10T14:57:25.553-0600" type="Warning"/>
        <logs message="WARNING: [RTGEN 206-101] Global array 'ShuffleConvs_2_Shuff_13' will not be exposed as RTL port." projectName="accelerator_hls" solutionName="naive" date="2018-12-10T14:57:25.549-0600" type="Warning"/>
        <logs message="WARNING: [RTGEN 206-101] Global array 'ShuffleConvs_2_Shuff_11' will not be exposed as RTL port." projectName="accelerator_hls" solutionName="naive" date="2018-12-10T14:57:25.545-0600" type="Warning"/>
        <logs message="WARNING: [RTGEN 206-101] Global array 'ShuffleConvs_2_Shuff_8' will not be exposed as RTL port." projectName="accelerator_hls" solutionName="naive" date="2018-12-10T14:57:25.542-0600" type="Warning"/>
        <logs message="WARNING: [RTGEN 206-101] Global array 'ShuffleConvs_2_Shuff_7' will not be exposed as RTL port." projectName="accelerator_hls" solutionName="naive" date="2018-12-10T14:57:25.539-0600" type="Warning"/>
        <logs message="WARNING: [RTGEN 206-101] Global array 'ShuffleConvs_2_Shuff_5' will not be exposed as RTL port." projectName="accelerator_hls" solutionName="naive" date="2018-12-10T14:57:25.535-0600" type="Warning"/>
        <logs message="WARNING: [RTGEN 206-101] Global array 'ShuffleConvs_2_Downs_8' will not be exposed as RTL port." projectName="accelerator_hls" solutionName="naive" date="2018-12-10T14:57:25.531-0600" type="Warning"/>
        <logs message="WARNING: [RTGEN 206-101] Global array 'ShuffleConvs_2_Downs_10' will not be exposed as RTL port." projectName="accelerator_hls" solutionName="naive" date="2018-12-10T14:57:25.529-0600" type="Warning"/>
        <logs message="WARNING: [RTGEN 206-101] Global array 'ShuffleConvs_2_Downs_7' will not be exposed as RTL port." projectName="accelerator_hls" solutionName="naive" date="2018-12-10T14:57:25.526-0600" type="Warning"/>
        <logs message="WARNING: [RTGEN 206-101] Global array 'ShuffleConvs_1_Shuff_50' will not be exposed as RTL port." projectName="accelerator_hls" solutionName="naive" date="2018-12-10T14:57:25.522-0600" type="Warning"/>
        <logs message="WARNING: [RTGEN 206-101] Global array 'ShuffleConvs_1_Shuff_47' will not be exposed as RTL port." projectName="accelerator_hls" solutionName="naive" date="2018-12-10T14:57:25.519-0600" type="Warning"/>
        <logs message="WARNING: [RTGEN 206-101] Global array 'ShuffleConvs_1_Shuff_45' will not be exposed as RTL port." projectName="accelerator_hls" solutionName="naive" date="2018-12-10T14:57:25.517-0600" type="Warning"/>
        <logs message="WARNING: [RTGEN 206-101] Global array 'ShuffleConvs_1_Shuff_41' will not be exposed as RTL port." projectName="accelerator_hls" solutionName="naive" date="2018-12-10T14:57:25.515-0600" type="Warning"/>
        <logs message="WARNING: [RTGEN 206-101] Global array 'ShuffleConvs_1_Shuff_37' will not be exposed as RTL port." projectName="accelerator_hls" solutionName="naive" date="2018-12-10T14:57:25.512-0600" type="Warning"/>
        <logs message="WARNING: [RTGEN 206-101] Global array 'ShuffleConvs_1_Shuff_33' will not be exposed as RTL port." projectName="accelerator_hls" solutionName="naive" date="2018-12-10T14:57:25.509-0600" type="Warning"/>
        <logs message="WARNING: [RTGEN 206-101] Global array 'ShuffleConvs_1_Shuff_31' will not be exposed as RTL port." projectName="accelerator_hls" solutionName="naive" date="2018-12-10T14:57:25.507-0600" type="Warning"/>
        <logs message="WARNING: [RTGEN 206-101] Global array 'ShuffleConvs_1_Shuff_27' will not be exposed as RTL port." projectName="accelerator_hls" solutionName="naive" date="2018-12-10T14:57:25.504-0600" type="Warning"/>
        <logs message="WARNING: [RTGEN 206-101] Global array 'ShuffleConvs_1_Shuff_25' will not be exposed as RTL port." projectName="accelerator_hls" solutionName="naive" date="2018-12-10T14:57:25.501-0600" type="Warning"/>
        <logs message="WARNING: [RTGEN 206-101] Global array 'ShuffleConvs_1_Shuff_21' will not be exposed as RTL port." projectName="accelerator_hls" solutionName="naive" date="2018-12-10T14:57:25.498-0600" type="Warning"/>
        <logs message="WARNING: [RTGEN 206-101] Global array 'ShuffleConvs_1_Shuff_19' will not be exposed as RTL port." projectName="accelerator_hls" solutionName="naive" date="2018-12-10T14:57:25.494-0600" type="Warning"/>
        <logs message="WARNING: [RTGEN 206-101] Global array 'ShuffleConvs_1_Shuff_13' will not be exposed as RTL port." projectName="accelerator_hls" solutionName="naive" date="2018-12-10T14:57:25.490-0600" type="Warning"/>
        <logs message="WARNING: [RTGEN 206-101] Global array 'ShuffleConvs_1_Shuff_11' will not be exposed as RTL port." projectName="accelerator_hls" solutionName="naive" date="2018-12-10T14:57:25.486-0600" type="Warning"/>
        <logs message="WARNING: [RTGEN 206-101] Global array 'ShuffleConvs_1_Shuff_7' will not be exposed as RTL port." projectName="accelerator_hls" solutionName="naive" date="2018-12-10T14:57:25.482-0600" type="Warning"/>
        <logs message="WARNING: [RTGEN 206-101] Global array 'ShuffleConvs_1_Shuff_5' will not be exposed as RTL port." projectName="accelerator_hls" solutionName="naive" date="2018-12-10T14:57:25.479-0600" type="Warning"/>
        <logs message="WARNING: [RTGEN 206-101] Global array 'ShuffleConvs_1_Shuff_1' will not be exposed as RTL port." projectName="accelerator_hls" solutionName="naive" date="2018-12-10T14:57:25.475-0600" type="Warning"/>
        <logs message="WARNING: [RTGEN 206-101] Global array 'ShuffleConvs_1_Downs_8' will not be exposed as RTL port." projectName="accelerator_hls" solutionName="naive" date="2018-12-10T14:57:25.472-0600" type="Warning"/>
        <logs message="WARNING: [RTGEN 206-101] Global array 'ShuffleConvs_1_Downs_10' will not be exposed as RTL port." projectName="accelerator_hls" solutionName="naive" date="2018-12-10T14:57:25.467-0600" type="Warning"/>
        <logs message="WARNING: [RTGEN 206-101] Global array 'ShuffleConvs_1_Downs_7' will not be exposed as RTL port." projectName="accelerator_hls" solutionName="naive" date="2018-12-10T14:57:25.465-0600" type="Warning"/>
        <logs message="WARNING: [RTGEN 206-101] Global array 'ShuffleConvs_0_Shuff_18' will not be exposed as RTL port." projectName="accelerator_hls" solutionName="naive" date="2018-12-10T14:57:25.462-0600" type="Warning"/>
        <logs message="WARNING: [RTGEN 206-101] Global array 'ShuffleConvs_0_Shuff_13' will not be exposed as RTL port." projectName="accelerator_hls" solutionName="naive" date="2018-12-10T14:57:25.460-0600" type="Warning"/>
        <logs message="WARNING: [RTGEN 206-101] Global array 'ShuffleConvs_0_Shuff_11' will not be exposed as RTL port." projectName="accelerator_hls" solutionName="naive" date="2018-12-10T14:57:25.458-0600" type="Warning"/>
        <logs message="WARNING: [RTGEN 206-101] Global array 'ShuffleConvs_0_Shuff_8' will not be exposed as RTL port." projectName="accelerator_hls" solutionName="naive" date="2018-12-10T14:57:25.456-0600" type="Warning"/>
        <logs message="WARNING: [RTGEN 206-101] Global array 'ShuffleConvs_0_Shuff_7' will not be exposed as RTL port." projectName="accelerator_hls" solutionName="naive" date="2018-12-10T14:57:25.454-0600" type="Warning"/>
        <logs message="WARNING: [RTGEN 206-101] Global array 'ShuffleConvs_0_Shuff_5' will not be exposed as RTL port." projectName="accelerator_hls" solutionName="naive" date="2018-12-10T14:57:25.452-0600" type="Warning"/>
        <logs message="WARNING: [RTGEN 206-101] Global array 'ShuffleConvs_0_Downs_8' will not be exposed as RTL port." projectName="accelerator_hls" solutionName="naive" date="2018-12-10T14:57:25.450-0600" type="Warning"/>
        <logs message="WARNING: [RTGEN 206-101] Global array 'ShuffleConvs_0_Downs_10' will not be exposed as RTL port." projectName="accelerator_hls" solutionName="naive" date="2018-12-10T14:57:25.448-0600" type="Warning"/>
        <logs message="WARNING: [RTGEN 206-101] Global array 'ShuffleConvs_0_Downs_7' will not be exposed as RTL port." projectName="accelerator_hls" solutionName="naive" date="2018-12-10T14:57:25.446-0600" type="Warning"/>
        <logs message="WARNING: [RTGEN 206-101] RTL name 'ShuffleNetV2_fmulcud' is changed to 'ShuffleNetV2_fmulcud_x' due to conflict." projectName="accelerator_hls" solutionName="naive" date="2018-12-10T14:57:25.362-0600" type="Warning"/>
        <logs message="WARNING: [RTGEN 206-101] RTL name 'ShuffleNetV2_faddbkb' is changed to 'ShuffleNetV2_faddbkb_x' due to conflict." projectName="accelerator_hls" solutionName="naive" date="2018-12-10T14:57:25.359-0600" type="Warning"/>
        <logs message="WARNING: [RTGEN 206-101] RTL name 'ShuffleNetV2_fcmpdEe' is changed to 'ShuffleNetV2_fcmpdEe_x' due to conflict." projectName="accelerator_hls" solutionName="naive" date="2018-12-10T14:57:25.221-0600" type="Warning"/>
        <logs message="WARNING: [RTGEN 206-101] RTL name 'ShuffleNetV2_fmulcud' is changed to 'ShuffleNetV2_fmulcud_x' due to conflict." projectName="accelerator_hls" solutionName="naive" date="2018-12-10T14:57:25.219-0600" type="Warning"/>
        <logs message="WARNING: [RTGEN 206-101] RTL name 'ShuffleNetV2_faddbkb' is changed to 'ShuffleNetV2_faddbkb_x' due to conflict." projectName="accelerator_hls" solutionName="naive" date="2018-12-10T14:57:25.216-0600" type="Warning"/>
        <logs message="WARNING: [RTGEN 206-101] RTL name 'ShuffleNetV2_fmulcud' is changed to 'ShuffleNetV2_fmulcud_x' due to conflict." projectName="accelerator_hls" solutionName="naive" date="2018-12-10T14:57:24.686-0600" type="Warning"/>
        <logs message="WARNING: [RTGEN 206-101] RTL name 'ShuffleNetV2_faddbkb' is changed to 'ShuffleNetV2_faddbkb_x' due to conflict." projectName="accelerator_hls" solutionName="naive" date="2018-12-10T14:57:24.681-0600" type="Warning"/>
        <logs message="WARNING: [RTGEN 206-101] RTL name 'ShuffleNetV2_fcmpdEe' is changed to 'ShuffleNetV2_fcmpdEe_x' due to conflict." projectName="accelerator_hls" solutionName="naive" date="2018-12-10T14:57:24.131-0600" type="Warning"/>
        <logs message="WARNING: [RTGEN 206-101] RTL name 'ShuffleNetV2_fmulcud' is changed to 'ShuffleNetV2_fmulcud_x' due to conflict." projectName="accelerator_hls" solutionName="naive" date="2018-12-10T14:57:24.130-0600" type="Warning"/>
        <logs message="WARNING: [RTGEN 206-101] RTL name 'ShuffleNetV2_faddbkb' is changed to 'ShuffleNetV2_faddbkb_x' due to conflict." projectName="accelerator_hls" solutionName="naive" date="2018-12-10T14:57:24.127-0600" type="Warning"/>
        <logs message="WARNING: [RTGEN 206-101] RTL name 'ShuffleNetV2_fmulcud' is changed to 'ShuffleNetV2_fmulcud_x' due to conflict." projectName="accelerator_hls" solutionName="naive" date="2018-12-10T14:57:23.958-0600" type="Warning"/>
        <logs message="WARNING: [RTGEN 206-101] RTL name 'ShuffleNetV2_faddbkb' is changed to 'ShuffleNetV2_faddbkb_x' due to conflict." projectName="accelerator_hls" solutionName="naive" date="2018-12-10T14:57:23.954-0600" type="Warning"/>
        <logs message="WARNING: [RTGEN 206-101] RTL name 'ShuffleNetV2_fcmpdEe' is changed to 'ShuffleNetV2_fcmpdEe_x' due to conflict." projectName="accelerator_hls" solutionName="naive" date="2018-12-10T14:57:23.815-0600" type="Warning"/>
        <logs message="WARNING: [RTGEN 206-101] RTL name 'ShuffleNetV2_fmulcud' is changed to 'ShuffleNetV2_fmulcud_x' due to conflict." projectName="accelerator_hls" solutionName="naive" date="2018-12-10T14:57:23.813-0600" type="Warning"/>
        <logs message="WARNING: [RTGEN 206-101] RTL name 'ShuffleNetV2_faddbkb' is changed to 'ShuffleNetV2_faddbkb_x' due to conflict." projectName="accelerator_hls" solutionName="naive" date="2018-12-10T14:57:23.811-0600" type="Warning"/>
        <logs message="WARNING: [RTGEN 206-101] RTL name 'ShuffleNetV2_fmulcud' is changed to 'ShuffleNetV2_fmulcud_x' due to conflict." projectName="accelerator_hls" solutionName="naive" date="2018-12-10T14:57:23.282-0600" type="Warning"/>
        <logs message="WARNING: [RTGEN 206-101] RTL name 'ShuffleNetV2_faddbkb' is changed to 'ShuffleNetV2_faddbkb_x' due to conflict." projectName="accelerator_hls" solutionName="naive" date="2018-12-10T14:57:23.277-0600" type="Warning"/>
        <logs message="WARNING: [RTGEN 206-101] RTL name 'ShuffleNetV2_fcmpdEe' is changed to 'ShuffleNetV2_fcmpdEe_x' due to conflict." projectName="accelerator_hls" solutionName="naive" date="2018-12-10T14:57:22.725-0600" type="Warning"/>
        <logs message="WARNING: [RTGEN 206-101] RTL name 'ShuffleNetV2_fmulcud' is changed to 'ShuffleNetV2_fmulcud_x' due to conflict." projectName="accelerator_hls" solutionName="naive" date="2018-12-10T14:57:22.723-0600" type="Warning"/>
        <logs message="WARNING: [RTGEN 206-101] RTL name 'ShuffleNetV2_faddbkb' is changed to 'ShuffleNetV2_faddbkb_x' due to conflict." projectName="accelerator_hls" solutionName="naive" date="2018-12-10T14:57:22.721-0600" type="Warning"/>
        <logs message="WARNING: [RTGEN 206-101] RTL name 'ShuffleNetV2_fmulcud' is changed to 'ShuffleNetV2_fmulcud_x' due to conflict." projectName="accelerator_hls" solutionName="naive" date="2018-12-10T14:57:22.558-0600" type="Warning"/>
        <logs message="WARNING: [RTGEN 206-101] RTL name 'ShuffleNetV2_faddbkb' is changed to 'ShuffleNetV2_faddbkb_x' due to conflict." projectName="accelerator_hls" solutionName="naive" date="2018-12-10T14:57:22.554-0600" type="Warning"/>
        <logs message="WARNING: [RTGEN 206-101] RTL name 'ShuffleNetV2_fcmpdEe' is changed to 'ShuffleNetV2_fcmpdEe_x' due to conflict." projectName="accelerator_hls" solutionName="naive" date="2018-12-10T14:57:22.419-0600" type="Warning"/>
        <logs message="WARNING: [RTGEN 206-101] RTL name 'ShuffleNetV2_fmulcud' is changed to 'ShuffleNetV2_fmulcud_x' due to conflict." projectName="accelerator_hls" solutionName="naive" date="2018-12-10T14:57:22.417-0600" type="Warning"/>
        <logs message="WARNING: [RTGEN 206-101] RTL name 'ShuffleNetV2_faddbkb' is changed to 'ShuffleNetV2_faddbkb_x' due to conflict." projectName="accelerator_hls" solutionName="naive" date="2018-12-10T14:57:22.415-0600" type="Warning"/>
        <logs message="WARNING: [RTGEN 206-101] RTL name 'ShuffleNetV2_fmulcud' is changed to 'ShuffleNetV2_fmulcud_x' due to conflict." projectName="accelerator_hls" solutionName="naive" date="2018-12-10T14:57:21.888-0600" type="Warning"/>
        <logs message="WARNING: [RTGEN 206-101] RTL name 'ShuffleNetV2_faddbkb' is changed to 'ShuffleNetV2_faddbkb_x' due to conflict." projectName="accelerator_hls" solutionName="naive" date="2018-12-10T14:57:21.883-0600" type="Warning"/>
        <logs message="WARNING: [RTGEN 206-101] RTL name 'ShuffleNetV2_fcmpdEe' is changed to 'ShuffleNetV2_fcmpdEe_x' due to conflict." projectName="accelerator_hls" solutionName="naive" date="2018-12-10T14:57:21.333-0600" type="Warning"/>
        <logs message="WARNING: [RTGEN 206-101] RTL name 'ShuffleNetV2_fmulcud' is changed to 'ShuffleNetV2_fmulcud_x' due to conflict." projectName="accelerator_hls" solutionName="naive" date="2018-12-10T14:57:21.331-0600" type="Warning"/>
        <logs message="WARNING: [RTGEN 206-101] RTL name 'ShuffleNetV2_faddbkb' is changed to 'ShuffleNetV2_faddbkb_x' due to conflict." projectName="accelerator_hls" solutionName="naive" date="2018-12-10T14:57:21.329-0600" type="Warning"/>
        <logs message="WARNING: [RTGEN 206-101] RTL name 'ShuffleNetV2_fmulcud' is changed to 'ShuffleNetV2_fmulcud_x' due to conflict." projectName="accelerator_hls" solutionName="naive" date="2018-12-10T14:57:21.163-0600" type="Warning"/>
        <logs message="WARNING: [RTGEN 206-101] RTL name 'ShuffleNetV2_faddbkb' is changed to 'ShuffleNetV2_faddbkb_x' due to conflict." projectName="accelerator_hls" solutionName="naive" date="2018-12-10T14:57:21.158-0600" type="Warning"/>
        <logs message="WARNING: [RTGEN 206-101] RTL name 'ShuffleNetV2_fcmpdEe' is changed to 'ShuffleNetV2_fcmpdEe_x' due to conflict." projectName="accelerator_hls" solutionName="naive" date="2018-12-10T14:57:21.021-0600" type="Warning"/>
        <logs message="WARNING: [RTGEN 206-101] RTL name 'ShuffleNetV2_fmulcud' is changed to 'ShuffleNetV2_fmulcud_x' due to conflict." projectName="accelerator_hls" solutionName="naive" date="2018-12-10T14:57:21.018-0600" type="Warning"/>
        <logs message="WARNING: [RTGEN 206-101] RTL name 'ShuffleNetV2_faddbkb' is changed to 'ShuffleNetV2_faddbkb_x' due to conflict." projectName="accelerator_hls" solutionName="naive" date="2018-12-10T14:57:21.014-0600" type="Warning"/>
        <logs message="WARNING: [SYN 201-107] Renaming port name 'ShuffleNetV2/image' to 'ShuffleNetV2/image_r' to avoid the conflict with HDL keywords or other object names." projectName="accelerator_hls" solutionName="naive" date="2018-12-10T14:57:09.450-0600" type="Warning"/>
        <logs message="WARNING: [XFORM 203-631] Renaming function 'subconv_3x3_4_no_relu23' (accelerator_hls/components.cpp:445:25) into subconv_3x3_4_no_rel." projectName="accelerator_hls" solutionName="naive" date="2018-12-10T14:57:09.410-0600" type="Warning"/>
        <logs message="WARNING: [XFORM 203-631] Renaming function 'subconv_3x3_8_stride_no_relu22' (accelerator_hls/components.cpp:423:25) into subconv_3x3_8_stride." projectName="accelerator_hls" solutionName="naive" date="2018-12-10T14:57:08.165-0600" type="Warning"/>
        <logs message="WARNING: [XFORM 203-631] Renaming function 'subconv_3x3_16_no_relu18' (accelerator_hls/components.cpp:104:25) into subconv_3x3_16_no_re." projectName="accelerator_hls" solutionName="naive" date="2018-12-10T14:57:08.164-0600" type="Warning"/>
        <logs message="WARNING: [XFORM 203-631] Renaming function 'subconv_3x3_16_stride_no_relu17' (accelerator_hls/components.cpp:254:25) into subconv_3x3_16_strid." projectName="accelerator_hls" solutionName="naive" date="2018-12-10T14:57:08.162-0600" type="Warning"/>
        <logs message="WARNING: [XFORM 203-631] Renaming function 'subconv_3x3_32_stride_no_relu13' (accelerator_hls/components.cpp:81:25) into subconv_3x3_32_strid." projectName="accelerator_hls" solutionName="naive" date="2018-12-10T14:57:08.160-0600" type="Warning"/>
        <logs message="WARNING: [XFORM 203-631] Renaming function 'subconv_3x3_8_no_relu10' (accelerator_hls/components.cpp:276:25) into subconv_3x3_8_no_rel." projectName="accelerator_hls" solutionName="naive" date="2018-12-10T14:57:08.157-0600" type="Warning"/>
      </synLog>
      <simLog/>
      <mgLog/>
      <packageLog/>
      <csimLog/>
    </logs>
  </warningLogs>
</vivadoHLSLog:LogRoot>
